{
  "clustering_coefficients": {
    "ADAL": 0.06541218637992832,
    "ADAR": 0.06280788177339902,
    "ADEL": 0.06262626262626263,
    "ADER": 0.04365079365079365,
    "ADFL": 0.0641025641025641,
    "ADFR": 0.05603448275862069,
    "ADLL": 0.06547619047619048,
    "ADLR": 0.05627705627705628,
    "AFDL": 0.05128205128205128,
    "AFDR": 0.09090909090909091,
    "AIAL": 0.0635673624288425,
    "AIAR": 0.060215053763440864,
    "AIBL": 0.035379369138959935,
    "AIBR": 0.05327342747111682,
    "AIML": 0.06324110671936758,
    "AIMR": 0.07142857142857142,
    "AINL": 0.05847953216374269,
    "AINR": 0.05714285714285714,
    "AIYL": 0.05555555555555555,
    "AIYR": 0.0625,
    "AIZL": 0.07384615384615385,
    "AIZR": 0.07971014492753623,
    "ALA": 0.018518518518518517,
    "ALML": 0.0868421052631579,
    "ALMR": 0.045454545454545456,
    "ALNL": 0.018518518518518517,
    "ALNR": 0.03571428571428571,
    "AQR": 0.065,
    "AS1": 0.025735294117647058,
    "AS10": 0.027777777777777776,
    "AS11": 0.015151515151515152,
    "AS2": 0.051470588235294115,
    "AS3": 0.075,
    "AS4": 0.08974358974358974,
    "AS5": 0.04395604395604396,
    "AS6": 0.04285714285714286,
    "AS7": 0.075,
    "AS8": 0.08333333333333333,
    "AS9": 0.06666666666666667,
    "ASEL": 0.08823529411764706,
    "ASER": 0.05253623188405797,
    "ASGL": 0.09433962264150944,
    "ASGR": 0.044444444444444446,
    "ASHL": 0.06307692307692307,
    "ASHR": 0.05064655172413793,
    "ASIL": 0.06060606060606061,
    "ASIR": 0.0641025641025641,
    "ASJL": 0.05128205128205128,
    "ASJR": 0.022727272727272728,
    "ASKL": 0.03216374269005848,
    "ASKR": 0.00909090909090909,
    "AUAL": 0.05714285714285714,
    "AUAR": 0.07894736842105263,
    "AVAL": 0.04404945904173107,
    "AVAR": 0.038472070098576124,
    "AVBL": 0.03446389496717724,
    "AVBR": 0.046153846153846156,
    "AVDL": 0.07446808510638298,
    "AVDR": 0.04701718907987867,
    "AVEL": 0.05890538033395176,
    "AVER": 0.058960074280408545,
    "AVFL": 0.06521739130434782,
    "AVFR": 0.07451403887688984,
    "AVG": 0.07065217391304347,
    "AVHL": 0.05555555555555555,
    "AVHR": 0.044444444444444446,
    "AVJL": 0.03939393939393939,
    "AVJR": 0.05857142857142857,
    "AVKL": 0.05838739573679333,
    "AVKR": 0.037037037037037035,
    "AVL": 0.06527093596059114,
    "AVM": 0.09126984126984126,
    "AWAL": 0.1076923076923077,
    "AWAR": 0.026455026455026454,
    "AWBL": 0.04285714285714286,
    "AWBR": 0.08496732026143791,
    "AWCL": 0.05714285714285714,
    "AWCR": 0.045454545454545456,
    "BAGL": 0.0625,
    "BAGR": 0.04583333333333333,
    "BDUL": 0.11818181818181818,
    "BDUR": 0.05952380952380952,
    "CANL": 0.0,
    "CANR": 0.0,
    "CEPDL": 0.05295566502463054,
    "CEPDR": 0.04827586206896552,
    "CEPVL": 0.06985294117647059,
    "CEPVR": 0.08167330677290836,
    "DA1": 0.043478260869565216,
    "DA2": 0.05263157894736842,
    "DA3": 0.05555555555555555,
    "DA4": 0.0457516339869281,
    "DA5": 0.05228758169934641,
    "DA6": 0.1111111111111111,
    "DA7": 0.16666666666666666,
    "DA8": 0.09090909090909091,
    "DA9": 0.05263157894736842,
    "DB1": 0.10344827586206896,
    "DB2": 0.046218487394957986,
    "DB3": 0.08850931677018634,
    "DB4": 0.05416666666666667,
    "DB5": 0.05555555555555555,
    "DB6": 0.08333333333333333,
    "DB7": 0.017857142857142856,
    "DD1": 0.0623342175066313,
    "DD2": 0.05476190476190476,
    "DD3": 0.03636363636363636,
    "DD4": 0.04285714285714286,
    "DD5": 0.05303030303030303,
    "DD6": 0.027777777777777776,
    "DVA": 0.03877551020408163,
    "DVB": 0.08095238095238096,
    "DVC": 0.06896551724137931,
    "FLPL": 0.059602649006622516,
    "FLPR": 0.04953560371517028,
    "HSNL": 0.061200923787528866,
    "HSNR": 0.039285714285714285,
    "I1L": 0.08333333333333333,
    "I1R": 0.07142857142857142,
    "I2L": 0.05303030303030303,
    "I2R": 0.05921052631578947,
    "I3": 0.06578947368421052,
    "I4": 0.07575757575757576,
    "I5": 0.06666666666666667,
    "I6": 0.09090909090909091,
    "IL1DL": 0.051470588235294115,
    "IL1DR": 0.03594771241830065,
    "IL1L": 0.04411764705882353,
    "IL1R": 0.04473684210526316,
    "IL1VL": 0.04276315789473684,
    "IL1VR": 0.09308510638297872,
    "IL2DL": 0.03571428571428571,
    "IL2DR": 0.125,
    "IL2L": 0.075,
    "IL2R": 0.06535947712418301,
    "IL2VL": 0.045454545454545456,
    "IL2VR": 0.027472527472527472,
    "LUAL": 0.03985507246376811,
    "LUAR": 0.06578947368421052,
    "M1": 0.03571428571428571,
    "M2L": 0.08421052631578947,
    "M2R": 0.04179566563467492,
    "M3L": 0.05555555555555555,
    "M3R": 0.04365079365079365,
    "M4": 0.0,
    "M5": 0.05,
    "MCL": 0.08496732026143791,
    "MCR": 0.058823529411764705,
    "MI": 0.05928853754940711,
    "NSML": 0.08333333333333333,
    "NSMR": 0.03636363636363636,
    "OLLL": 0.0787037037037037,
    "OLLR": 0.07512315270935961,
    "OLQDL": 0.06324110671936758,
    "OLQDR": 0.07166666666666667,
    "OLQVL": 0.052873563218390804,
    "OLQVR": 0.06181818181818182,
    "PDA": 0.07142857142857142,
    "PDB": 0.1,
    "PDEL": 0.006622516556291391,
    "PDER": 0.049783549783549784,
    "PHAL": 0.0641025641025641,
    "PHAR": 0.049707602339181284,
    "PHBL": 0.017857142857142856,
    "PHBR": 0.029661016949152543,
    "PHCL": 0.03333333333333333,
    "PHCR": 0.12307692307692308,
    "PLML": 0.05303030303030303,
    "PLMR": 0.04285714285714286,
    "PLNL": 0.0,
    "PLNR": 0.0,
    "PQR": 0.09090909090909091,
    "PVCL": 0.047053649956024624,
    "PVCR": 0.0459741550695825,
    "PVDL": 0.10714285714285714,
    "PVDR": 0.07142857142857142,
    "PVM": 0.06985294117647059,
    "PVNL": 0.06573275862068965,
    "PVNR": 0.0633903133903134,
    "PVPL": 0.039918809201623814,
    "PVPR": 0.05911680911680912,
    "PVQL": 0.07352941176470588,
    "PVQR": 0.06048387096774194,
    "PVR": 0.035940803382663845,
    "PVT": 0.05246422893481717,
    "PVWL": 0.07575757575757576,
    "PVWR": 0.125,
    "RIAL": 0.05855855855855856,
    "RIAR": 0.05507955936352509,
    "RIBL": 0.0488394584139265,
    "RIBR": 0.054514480408858604,
    "RICL": 0.046370967741935484,
    "RICR": 0.041666666666666664,
    "RID": 0.05852842809364549,
    "RIFL": 0.06,
    "RIFR": 0.07635467980295567,
    "RIGL": 0.054748062015503876,
    "RIGR": 0.054140127388535034,
    "RIH": 0.05323679727427598,
    "RIML": 0.059770114942528735,
    "RIMR": 0.06097560975609756,
    "RIPL": 0.06084656084656084,
    "RIPR": 0.04736842105263158,
    "RIR": 0.08528428093645485,
    "RIS": 0.04533152909336942,
    "RIVL": 0.037549407114624504,
    "RIVR": 0.03289473684210526,
    "RMDDL": 0.06140350877192982,
    "RMDDR": 0.0496031746031746,
    "RMDL": 0.05517241379310345,
    "RMDR": 0.06020066889632107,
    "RMDVL": 0.05194805194805195,
    "RMDVR": 0.04262672811059908,
    "RMED": 0.06593406593406594,
    "RMEL": 0.02564102564102564,
    "RMER": 0.07916666666666666,
    "RMEV": 0.058695652173913045,
    "RMFL": 0.08241758241758242,
    "RMFR": 0.07272727272727272,
    "RMGL": 0.06852409638554217,
    "RMGR": 0.06466512702078522,
    "RMHL": 0.07051282051282051,
    "RMHR": 0.016483516483516484,
    "SAADL": 0.04945054945054945,
    "SAADR": 0.07692307692307693,
    "SAAVL": 0.0847953216374269,
    "SAAVR": 0.05588235294117647,
    "SABD": 0.058823529411764705,
    "SABVL": 0.057692307692307696,
    "SABVR": 0.06818181818181818,
    "SDQL": 0.05555555555555555,
    "SDQR": 0.06307692307692307,
    "SIADL": 0.1,
    "SIADR": 0.3,
    "SIAVL": 0.03333333333333333,
    "SIAVR": 0.05555555555555555,
    "SIBDL": 0.0,
    "SIBDR": 0.047619047619047616,
    "SIBVL": 0.033112582781456956,
    "SIBVR": 0.019230769230769232,
    "SMBDL": 0.04395604395604396,
    "SMBDR": 0.0654320987654321,
    "SMBVL": 0.06060606060606061,
    "SMBVR": 0.08518518518518518,
    "SMDDL": 0.045454545454545456,
    "SMDDR": 0.05172413793103448,
    "SMDVL": 0.05846153846153846,
    "SMDVR": 0.0480295566502463,
    "URADL": 0.09722222222222222,