{
  "clustering_coefficients": {
    "ADAL": 0.059821428571428574,
    "ADAR": 0.05414746543778802,
    "ADEL": 0.060810810810810814,
    "ADER": 0.08383838383838384,
    "ADFL": 0.04716981132075472,
    "ADFR": 0.06944444444444445,
    "ADLL": 0.05128205128205128,
    "ADLR": 0.04473684210526316,
    "AFDL": 0.06593406593406594,
    "AFDR": 0.1,
    "AIAL": 0.05802469135802469,
    "AIAR": 0.08366533864541832,
    "AIBL": 0.061746987951807226,
    "AIBR": 0.06041335453100159,
    "AIML": 0.047619047619047616,
    "AIMR": 0.037815126050420166,
    "AINL": 0.04945054945054945,
    "AINR": 0.0380952380952381,
    "AIYL": 0.06944444444444445,
    "AIYR": 0.037037037037037035,
    "AIZL": 0.05572755417956656,
    "AIZR": 0.06515957446808511,
    "ALA": 0.03076923076923077,
    "ALML": 0.04201680672268908,
    "ALMR": 0.1111111111111111,
    "ALNL": 0.05,
    "ALNR": 0.07142857142857142,
    "AQR": 0.05692307692307692,
    "AS1": 0.11437908496732026,
    "AS10": 0.08928571428571429,
    "AS11": 0.02857142857142857,
    "AS2": 0.06190476190476191,
    "AS3": 0.03571428571428571,
    "AS4": 0.06363636363636363,
    "AS5": 0.06296296296296296,
    "AS6": 0.045454545454545456,
    "AS7": 0.041666666666666664,
    "AS8": 0.11818181818181818,
    "AS9": 0.047619047619047616,
    "ASEL": 0.06140350877192982,
    "ASER": 0.05476190476190476,
    "ASGL": 0.05555555555555555,
    "ASGR": 0.043478260869565216,
    "ASHL": 0.0496031746031746,
    "ASHR": 0.043434343434343436,
    "ASIL": 0.03636363636363636,
    "ASIR": 0.045454545454545456,
    "ASJL": 0.13333333333333333,
    "ASJR": 0.0,
    "ASKL": 0.041666666666666664,
    "ASKR": 0.05,
    "AUAL": 0.05263157894736842,
    "AUAR": 0.10197368421052631,
    "AVAL": 0.0320048309178744,
    "AVAR": 0.03582139286904365,
    "AVBL": 0.04285714285714286,
    "AVBR": 0.04879120879120879,
    "AVDL": 0.05481283422459893,
    "AVDR": 0.04987452948557089,
    "AVEL": 0.047619047619047616,
    "AVER": 0.04009661835748792,
    "AVFL": 0.08695652173913043,
    "AVFR": 0.06064356435643564,
    "AVG": 0.054187192118226604,
    "AVHL": 0.0683111954459203,
    "AVHR": 0.05846153846153846,
    "AVJL": 0.06084656084656084,
    "AVJR": 0.06896551724137931,
    "AVKL": 0.03675400291120815,
    "AVKR": 0.041005291005291,
    "AVL": 0.05185185185185185,
    "AVM": 0.06159420289855073,
    "AWAL": 0.045454545454545456,
    "AWAR": 0.0380952380952381,
    "AWBL": 0.07051282051282051,
    "AWBR": 0.039473684210526314,
    "AWCL": 0.0661764705882353,
    "AWCR": 0.0673076923076923,
    "BAGL": 0.058823529411764705,
    "BAGR": 0.052941176470588235,
    "BDUL": 0.11538461538461539,
    "BDUR": 0.07166666666666667,
    "CANL": 0.0,
    "CANR": 0.0,
    "CEPDL": 0.03636363636363636,
    "CEPDR": 0.04857142857142857,
    "CEPVL": 0.05026455026455026,
    "CEPVR": 0.07859531772575251,
    "DA1": 0.04411764705882353,
    "DA2": 0.05588235294117647,
    "DA3": 0.055384615384615386,
    "DA4": 0.03594771241830065,
    "DA5": 0.058823529411764705,
    "DA6": 0.05555555555555555,
    "DA7": 0.03333333333333333,
    "DA8": 0.029239766081871343,
    "DA9": 0.051839464882943144,
    "DB1": 0.04923076923076923,
    "DB2": 0.07142857142857142,
    "DB3": 0.0480295566502463,
    "DB4": 0.07142857142857142,
    "DB5": 0.0761904761904762,
    "DB6": 0.07720588235294118,
    "DB7": 0.14772727272727273,
    "DD1": 0.05138339920948617,
    "DD2": 0.06140350877192982,
    "DD3": 0.05416666666666667,
    "DD4": 0.05847953216374269,
    "DD5": 0.030303030303030304,
    "DD6": 0.05357142857142857,
    "DVA": 0.05754226267880364,
    "DVB": 0.08333333333333333,
    "DVC": 0.050955414012738856,
    "FLPL": 0.04697986577181208,
    "FLPR": 0.07666666666666666,
    "HSNL": 0.0641025641025641,
    "HSNR": 0.061046511627906974,
    "I1L": 0.05692307692307692,
    "I1R": 0.06142857142857143,
    "I2L": 0.10909090909090909,
    "I2R": 0.045454545454545456,
    "I3": 0.07253086419753087,
    "I4": 0.05555555555555555,
    "I5": 0.0875,
    "I6": 0.06190476190476191,
    "IL1DL": 0.05555555555555555,
    "IL1DR": 0.07083333333333333,
    "IL1L": 0.05128205128205128,
    "IL1R": 0.075,
    "IL1VL": 0.05,
    "IL1VR": 0.08157894736842106,
    "IL2DL": 0.07142857142857142,
    "IL2DR": 0.013888888888888888,
    "IL2L": 0.04782608695652174,
    "IL2R": 0.06060606060606061,
    "IL2VL": 0.05128205128205128,
    "IL2VR": 0.08181818181818182,
    "LUAL": 0.038011695906432746,
    "LUAR": 0.08241758241758242,
    "M1": 0.07407407407407407,
    "M2L": 0.08088235294117647,
    "M2R": 0.06140350877192982,
    "M3L": 0.042105263157894736,
    "M3R": 0.06565656565656566,
    "M4": 0.06179775280898876,
    "M5": 0.05263157894736842,
    "MCL": 0.08333333333333333,
    "MCR": 0.07792207792207792,
    "MI": 0.05246913580246913,
    "NSML": 0.054945054945054944,
    "NSMR": 0.06818181818181818,
    "OLLL": 0.06904761904761905,
    "OLLR": 0.07427055702917772,
    "OLQDL": 0.10989010989010989,
    "OLQDR": 0.04112554112554113,
    "OLQVL": 0.05627705627705628,
    "OLQVR": 0.06727272727272728,
    "PDA": 0.06944444444444445,
    "PDB": 0.1,
    "PDEL": 0.04779411764705882,
    "PDER": 0.03618421052631579,
    "PHAL": 0.11538461538461539,
    "PHAR": 0.015384615384615385,
    "PHBL": 0.02727272727272727,
    "PHBR": 0.07142857142857142,
    "PHCL": 0.05384615384615385,
    "PHCR": 0.05357142857142857,
    "PLML": 0.1111111111111111,
    "PLMR": 0.06571428571428571,
    "PLNL": 0.0,
    "PLNR": 0.0,
    "PQR": 0.07692307692307693,
    "PVCL": 0.04116059379217274,
    "PVCR": 0.04694485842026826,
    "PVDL": 0.08928571428571429,
    "PVDR": 0.047619047619047616,
    "PVM": 0.03508771929824561,
    "PVNL": 0.04894179894179894,
    "PVNR": 0.043010752688172046,
    "PVPL": 0.05,
    "PVPR": 0.05089285714285714,
    "PVQL": 0.07692307692307693,
    "PVQR": 0.06368821292775666,
    "PVR": 0.06797853309481217,
    "PVT": 0.04378980891719745,
    "PVWL": 0.05555555555555555,
    "PVWR": 0.05454545454545454,
    "RIAL": 0.054838709677419356,
    "RIAR": 0.0456490727532097,
    "RIBL": 0.03608247422680412,
    "RIBR": 0.04642166344294004,
    "RICL": 0.04365079365079365,
    "RICR": 0.03686635944700461,
    "RID": 0.06739130434782609,
    "RIFL": 0.04285714285714286,
    "RIFR": 0.058355437665782495,
    "RIGL": 0.05161943319838057,
    "RIGR": 0.0625,
    "RIH": 0.03972457627118644,
    "RIML": 0.048412698412698414,
    "RIMR": 0.04751131221719457,
    "RIPL": 0.05592105263157895,
    "RIPR": 0.05303030303030303,
    "RIR": 0.05157593123209169,
    "RIS": 0.05055611729019211,
    "RIVL": 0.04774535809018567,
    "RIVR": 0.050590219224283306,
    "RMDDL": 0.038580246913580245,
    "RMDDR": 0.06666666666666667,
    "RMDL": 0.07957559681697612,
    "RMDR": 0.04207920792079208,
    "RMDVL": 0.04953917050691244,
    "RMDVR": 0.05652173913043478,
    "RMED": 0.06190476190476191,
    "RMEL": 0.08095238095238096,
    "RMER": 0.04583333333333333,
    "RMEV": 0.07977207977207977,
    "RMFL": 0.03594771241830065,
    "RMFR": 0.06111111111111111,
    "RMGL": 0.048798798798798795,
    "RMGR": 0.04285714285714286,
    "RMHL": 0.16071428571428573,
    "RMHR": 0.0962962962962963,
    "SAADL": 0.05238095238095238,
    "SAADR": 0.034545454545454546,
    "SAAVL": 0.08514492753623189,
    "SAAVR": 0.0718954248366013,
    "SABD": 0.03676470588235294,
    "SABVL": 0.022058823529411766,
    "SABVR": 0.09090909090909091,
    "SDQL": 0.06363636363636363,
    "SDQR": 0.05844155844155844,
    "SIADL": 0.08888888888888889,
    "SIADR": 0.0,
    "SIAVL": 0.06666666666666667,
    "SIAVR": 0.06666666666666667,
    "SIBDL": 0.041666666666666664,
    "SIBDR": 0.045454545454545456,
    "SIBVL": 0.05476190476190476,
    "SIBVR": 0.038461538461538464,
    "SMBDL": 0.03333333333333333,
    "SMBDR": 0.04940711462450593,
    "SMBVL": 0.04285714285714286,
    "SMBVR": 0.04112554112554113,
    "SMDDL": 0.04891304347826087,
    "SMDDR": 0.0735930735930736,
    "SMDVL": 0.05652173913043478,
    "SMDVR": 0.05776515151515151,
    "URADL": 0.1,