{
  "clustering_coefficients": {
    "ADAL": 0.055443548387096774,
    "ADAR": 0.03571428571428571,
    "ADEL": 0.06134453781512605,
    "ADER": 0.056818181818181816,
    "ADFL": 0.05357142857142857,
    "ADFR": 0.04938271604938271,
    "ADLL": 0.045,
    "ADLR": 0.07142857142857142,
    "AFDL": 0.017857142857142856,
    "AFDR": 0.09615384615384616,
    "AIAL": 0.047126436781609195,
    "AIAR": 0.04710144927536232,
    "AIBL": 0.04129129129129129,
    "AIBR": 0.039918809201623814,
    "AIML": 0.07142857142857142,
    "AIMR": 0.07083333333333333,
    "AINL": 0.06481481481481481,
    "AINR": 0.04782608695652174,
    "AIYL": 0.08421052631578947,
    "AIYR": 0.06842105263157895,
    "AIZL": 0.05387931034482758,
    "AIZR": 0.046798029556650245,
    "ALA": 0.125,
    "ALML": 0.05291005291005291,
    "ALMR": 0.05555555555555555,
    "ALNL": 0.09941520467836257,
    "ALNR": 0.03636363636363636,
    "AQR": 0.05555555555555555,
    "AS1": 0.047619047619047616,
    "AS10": 0.06944444444444445,
    "AS11": 0.09523809523809523,
    "AS2": 0.051470588235294115,
    "AS3": 0.05714285714285714,
    "AS4": 0.041666666666666664,
    "AS5": 0.06461538461538462,
    "AS6": 0.05873925501432665,
    "AS7": 0.0,
    "AS8": 0.16666666666666666,
    "AS9": 0.1,
    "ASEL": 0.07561728395061729,
    "ASER": 0.04927007299270073,
    "ASGL": 0.03333333333333333,
    "ASGR": 0.041666666666666664,
    "ASHL": 0.04743083003952569,
    "ASHR": 0.08166666666666667,
    "ASIL": 0.08461538461538462,
    "ASIR": 0.08333333333333333,
    "ASJL": 0.03333333333333333,
    "ASJR": 0.05555555555555555,
    "ASKL": 0.09649122807017543,
    "ASKR": 0.03684210526315789,
    "AUAL": 0.039473684210526314,
    "AUAR": 0.0291005291005291,
    "AVAL": 0.037988581466842336,
    "AVAR": 0.04036203522504892,
    "AVBL": 0.04096385542168675,
    "AVBR": 0.032821824381926684,
    "AVDL": 0.03159645232815964,
    "AVDR": 0.0609284332688588,
    "AVEL": 0.040213178294573645,
    "AVER": 0.032432432432432434,
    "AVFL": 0.051587301587301584,
    "AVFR": 0.04047619047619048,
    "AVG": 0.05270655270655271,
    "AVHL": 0.03183023872679045,
    "AVHR": 0.04700854700854701,
    "AVJL": 0.03795066413662239,
    "AVJR": 0.05846774193548387,
    "AVKL": 0.04830917874396135,
    "AVKR": 0.040106951871657755,
    "AVL": 0.05818965517241379,
    "AVM": 0.06944444444444445,
    "AWAL": 0.0641025641025641,
    "AWAR": 0.04,
    "AWBL": 0.05789473684210526,
    "AWBR": 0.07368421052631578,
    "AWCL": 0.05714285714285714,
    "AWCR": 0.07246376811594203,
    "BAGL": 0.06666666666666667,
    "BAGR": 0.058333333333333334,
    "BDUL": 0.04779411764705882,
    "BDUR": 0.05128205128205128,
    "CANL": 0.0,
    "CANR": 0.0,
    "CEPDL": 0.047872340425531915,
    "CEPDR": 0.06788793103448276,
    "CEPVL": 0.08478260869565217,
    "CEPVR": 0.07575757575757576,
    "DA1": 0.08296943231441048,
    "DA2": 0.06896551724137931,
    "DA3": 0.06725146198830409,
    "DA4": 0.037037037037037035,
    "DA5": 0.043333333333333335,
    "DA6": 0.06363636363636363,
    "DA7": 0.0,
    "DA8": 0.057692307692307696,
    "DA9": 0.09210526315789473,
    "DB1": 0.05184331797235023,
    "DB2": 0.05238095238095238,
    "DB3": 0.06419753086419754,
    "DB4": 0.03594771241830065,
    "DB5": 0.038461538461538464,
    "DB6": 0.023809523809523808,
    "DB7": 0.13333333333333333,
    "DD1": 0.05928853754940711,
    "DD2": 0.04736842105263158,
    "DD3": 0.042483660130718956,
    "DD4": 0.06818181818181818,
    "DD5": 0.03333333333333333,
    "DD6": 0.05416666666666667,
    "DVA": 0.043787629994526546,
    "DVB": 0.06593406593406594,
    "DVC": 0.04523809523809524,
    "FLPL": 0.06277056277056277,
    "FLPR": 0.05434782608695652,
    "HSNL": 0.05423280423280423,
    "HSNR": 0.05752753977968176,
    "I1L": 0.06340579710144928,
    "I1R": 0.05305039787798409,
    "I2L": 0.09090909090909091,
    "I2R": 0.11688311688311688,
    "I3": 0.051470588235294115,
    "I4": 0.03787878787878788,
    "I5": 0.041666666666666664,
    "I6": 0.05714285714285714,
    "IL1DL": 0.05585106382978723,
    "IL1DR": 0.0367965367965368,
    "IL1L": 0.05128205128205128,
    "IL1R": 0.05541871921182266,
    "IL1VL": 0.0457516339869281,
    "IL1VR": 0.03684210526315789,
    "IL2DL": 0.07142857142857142,
    "IL2DR": 0.06944444444444445,
    "IL2L": 0.05416666666666667,
    "IL2R": 0.039473684210526314,
    "IL2VL": 0.030303030303030304,
    "IL2VR": 0.07272727272727272,
    "LUAL": 0.10294117647058823,
    "LUAR": 0.04201680672268908,
    "M1": 0.06937799043062201,
    "M2L": 0.08223684210526316,
    "M2R": 0.06986899563318777,
    "M3L": 0.06725146198830409,
    "M3R": 0.07692307692307693,
    "M4": 0.07142857142857142,
    "M5": 0.07516339869281045,
    "MCL": 0.03888888888888889,
    "MCR": 0.04473684210526316,
    "MI": 0.06084656084656084,
    "NSML": 0.06926406926406926,
    "NSMR": 0.05238095238095238,
    "OLLL": 0.05555555555555555,
    "OLLR": 0.04133064516129032,
    "OLQDL": 0.038461538461538464,
    "OLQDR": 0.058823529411764705,
    "OLQVL": 0.08666666666666667,
    "OLQVR": 0.05789473684210526,
    "PDA": 0.02403846153846154,
    "PDB": 0.0,
    "PDEL": 0.05053191489361702,
    "PDER": 0.0625,
    "PHAL": 0.06470588235294118,
    "PHAR": 0.045454545454545456,
    "PHBL": 0.09243697478991597,
    "PHBR": 0.045454545454545456,
    "PHCL": 0.07692307692307693,
    "PHCR": 0.0,
    "PLML": 0.03333333333333333,
    "PLMR": 0.05514705882352941,
    "PLNL": 0.1,
    "PLNR": 0.0,
    "PQR": 0.06190476190476191,
    "PVCL": 0.04425531914893617,
    "PVCR": 0.05614805520702635,
    "PVDL": 0.07692307692307693,
    "PVDR": 0.07142857142857142,
    "PVM": 0.0989010989010989,
    "PVNL": 0.0576036866359447,
    "PVNR": 0.05757575757575758,
    "PVPL": 0.05507868383404864,
    "PVPR": 0.04277566539923954,
    "PVQL": 0.06432748538011696,
    "PVQR": 0.058355437665782495,
    "PVR": 0.06108597285067873,
    "PVT": 0.04967602591792657,
    "PVWL": 0.038461538461538464,
    "PVWR": 0.02727272727272727,
    "RIAL": 0.04952510176390773,
    "RIAR": 0.048484848484848485,
    "RIBL": 0.038539553752535496,
    "RIBR": 0.05333951762523191,
    "RICL": 0.037549407114624504,
    "RICR": 0.06324110671936758,
    "RID": 0.051666666666666666,
    "RIFL": 0.06926406926406926,
    "RIFR": 0.05194805194805195,
    "RIGL": 0.03914590747330961,
    "RIGR": 0.0558408215661104,
    "RIH": 0.05398110661268556,
    "RIML": 0.04953917050691244,
    "RIMR": 0.03774928774928775,
    "RIPL": 0.06622516556291391,
    "RIPR": 0.06349206349206349,
    "RIR": 0.061200923787528866,
    "RIS": 0.04954954954954955,
    "RIVL": 0.052941176470588235,
    "RIVR": 0.08576642335766424,
    "RMDDL": 0.026436781609195402,
    "RMDDR": 0.04734848484848485,
    "RMDL": 0.06878306878306878,
    "RMDR": 0.041666666666666664,
    "RMDVL": 0.06149193548387097,
    "RMDVR": 0.067816091954023,
    "RMED": 0.05238095238095238,
    "RMEL": 0.08791208791208792,
    "RMER": 0.0625,
    "RMEV": 0.05128205128205128,
    "RMFL": 0.09615384615384616,
    "RMFR": 0.06666666666666667,
    "RMGL": 0.038953488372093024,
    "RMGR": 0.03744939271255061,
    "RMHL": 0.045454545454545456,
    "RMHR": 0.05238095238095238,
    "SAADL": 0.029411764705882353,
    "SAADR": 0.06493506493506493,
    "SAAVL": 0.10946745562130178,
    "SAAVR": 0.07083333333333333,
    "SABD": 0.10740740740740741,
    "SABVL": 0.08173076923076923,
    "SABVR": 0.07309941520467836,
    "SDQL": 0.038461538461538464,
    "SDQR": 0.06937799043062201,
    "SIADL": 0.08928571428571429,
    "SIADR": 0.08333333333333333,
    "SIAVL": 0.07777777777777778,
    "SIAVR": 0.08181818181818182,
    "SIBDL": 0.0,
    "SIBDR": 0.023809523809523808,
    "SIBVL": 0.09090909090909091,
    "SIBVR": 0.075,
    "SMBDL": 0.04926108374384237,
    "SMBDR": 0.04285714285714286,
    "SMBVL": 0.045454545454545456,
    "SMBVR": 0.05555555555555555,
    "SMDDL": 0.05846153846153846,
    "SMDDR": 0.05263157894736842,
    "SMDVL": 0.06333333333333334,
    "SMDVR": 0.06527093596059114,