{
  "clustering_coefficients": {
    "ADAL": 0.04723707664884135,
    "ADAR": 0.04032258064516129,
    "ADEL": 0.06481481481481481,
    "ADER": 0.04531001589825119,
    "ADFL": 0.06818181818181818,
    "ADFR": 0.07116788321167883,
    "ADLL": 0.041428571428571426,
    "ADLR": 0.07391304347826087,
    "AFDL": 0.1111111111111111,
    "AFDR": 0.03571428571428571,
    "AIAL": 0.0670995670995671,
    "AIAR": 0.05846153846153846,
    "AIBL": 0.03911806543385491,
    "AIBR": 0.03663003663003663,
    "AIML": 0.03529411764705882,
    "AIMR": 0.06043956043956044,
    "AINL": 0.05185185185185185,
    "AINR": 0.07777777777777778,
    "AIYL": 0.04093567251461988,
    "AIYR": 0.05416666666666667,
    "AIZL": 0.08198614318706697,
    "AIZR": 0.04242424242424243,
    "ALA": 0.09090909090909091,
    "ALML": 0.05,
    "ALMR": 0.027777777777777776,
    "ALNL": 0.06666666666666667,
    "ALNR": 0.046296296296296294,
    "AQR": 0.07180851063829788,
    "AS1": 0.05555555555555555,
    "AS10": 0.03333333333333333,
    "AS11": 0.04285714285714286,
    "AS2": 0.05714285714285714,
    "AS3": 0.06111111111111111,
    "AS4": 0.07083333333333333,
    "AS5": 0.06302521008403361,
    "AS6": 0.07894736842105263,
    "AS7": 0.04395604395604396,
    "AS8": 0.0,
    "AS9": 0.07051282051282051,
    "ASEL": 0.06722689075630252,
    "ASER": 0.02631578947368421,
    "ASGL": 0.05303030303030303,
    "ASGR": 0.0380952380952381,
    "ASHL": 0.07525083612040134,
    "ASHR": 0.051490514905149054,
    "ASIL": 0.06818181818181818,
    "ASIR": 0.03787878787878788,
    "ASJL": 0.06363636363636363,
    "ASJR": 0.05,
    "ASKL": 0.0661764705882353,
    "ASKR": 0.0375,
    "AUAL": 0.0625,
    "AUAR": 0.055,
    "AVAL": 0.03431008902077151,
    "AVAR": 0.036986301369863014,
    "AVBL": 0.04302670623145401,
    "AVBR": 0.03170327393286366,
    "AVDL": 0.041280148423005564,
    "AVDR": 0.04490566037735849,
    "AVEL": 0.03194726166328601,
    "AVER": 0.04760174418604651,
    "AVFL": 0.05603448275862069,
    "AVFR": 0.06159420289855073,
    "AVG": 0.05692307692307692,
    "AVHL": 0.05648267008985879,
    "AVHR": 0.06040268456375839,
    "AVJL": 0.041176470588235294,
    "AVJR": 0.03125,
    "AVKL": 0.052072800808897875,
    "AVKR": 0.05227655986509275,
    "AVL": 0.0735930735930736,
    "AVM": 0.05857142857142857,
    "AWAL": 0.09090909090909091,
    "AWAR": 0.0430622009569378,
    "AWBL": 0.06926406926406926,
    "AWBR": 0.04744525547445255,
    "AWCL": 0.06666666666666667,
    "AWCR": 0.058823529411764705,
    "BAGL": 0.08455882352941177,
    "BAGR": 0.05185185185185185,
    "BDUL": 0.05714285714285714,
    "BDUR": 0.075,
    "CANL": 0.0,
    "CANR": 0.0,
    "CEPDL": 0.06018518518518518,
    "CEPDR": 0.06490872210953347,
    "CEPVL": 0.058333333333333334,
    "CEPVR": 0.058922558922558925,
    "DA1": 0.04563492063492063,
    "DA2": 0.05196304849884527,
    "DA3": 0.05847953216374269,
    "DA4": 0.05555555555555555,
    "DA5": 0.02894736842105263,
    "DA6": 0.05303030303030303,
    "DA7": 0.08333333333333333,
    "DA8": 0.0375,
    "DA9": 0.06190476190476191,
    "DB1": 0.049107142857142856,
    "DB2": 0.04201680672268908,
    "DB3": 0.04882154882154882,
    "DB4": 0.06403940886699508,
    "DB5": 0.0,
    "DB6": 0.08888888888888889,
    "DB7": 0.07272727272727272,
    "DD1": 0.06140350877192982,
    "DD2": 0.04736842105263158,
    "DD3": 0.075,
    "DD4": 0.03296703296703297,
    "DD5": 0.06944444444444445,
    "DD6": 0.08333333333333333,
    "DVA": 0.055891238670694864,
    "DVB": 0.08571428571428572,
    "DVC": 0.054285714285714284,
    "FLPL": 0.059770114942528735,
    "FLPR": 0.04736842105263158,
    "HSNL": 0.052873563218390804,
    "HSNR": 0.05873015873015873,
    "I1L": 0.05533596837944664,
    "I1R": 0.04,
    "I2L": 0.05454545454545454,
    "I2R": 0.038461538461538464,
    "I3": 0.03676470588235294,
    "I4": 0.10227272727272728,
    "I5": 0.042328042328042326,
    "I6": 0.07575757575757576,
    "IL1DL": 0.02857142857142857,
    "IL1DR": 0.05238095238095238,
    "IL1L": 0.08333333333333333,
    "IL1R": 0.03896103896103896,
    "IL1VL": 0.046052631578947366,
    "IL1VR": 0.06862745098039216,
    "IL2DL": 0.017857142857142856,
    "IL2DR": 0.09722222222222222,
    "IL2L": 0.07236842105263158,
    "IL2R": 0.01098901098901099,
    "IL2VL": 0.038461538461538464,
    "IL2VR": 0.06060606060606061,
    "LUAL": 0.05411255411255411,
    "LUAR": 0.04285714285714286,
    "M1": 0.06126482213438735,
    "M2L": 0.05,
    "M2R": 0.05928853754940711,
    "M3L": 0.06842105263157895,
    "M3R": 0.06698564593301436,
    "M4": 0.08241758241758242,
    "M5": 0.05,
    "MCL": 0.08284023668639054,
    "MCR": 0.02631578947368421,
    "MI": 0.043478260869565216,
    "NSML": 0.03333333333333333,
    "NSMR": 0.05454545454545454,
    "OLLL": 0.07142857142857142,
    "OLLR": 0.03418803418803419,
    "OLQDL": 0.06862745098039216,
    "OLQDR": 0.057539682539682536,
    "OLQVL": 0.049707602339181284,
    "OLQVR": 0.0691358024691358,
    "PDA": 0.044444444444444446,
    "PDB": 0.10714285714285714,
    "PDEL": 0.06725146198830409,
    "PDER": 0.05627705627705628,
    "PHAL": 0.07575757575757576,
    "PHAR": 0.04782608695652174,
    "PHBL": 0.04945054945054945,
    "PHBR": 0.05588235294117647,
    "PHCL": 0.07142857142857142,
    "PHCR": 0.08333333333333333,
    "PLML": 0.2,
    "PLMR": 0.06862745098039216,
    "PLNL": 0.10714285714285714,
    "PLNR": 0.0,
    "PQR": 0.09523809523809523,
    "PVCL": 0.04421768707482993,
    "PVCR": 0.045577312626603646,
    "PVDL": 0.02564102564102564,
    "PVDR": 0.0,
    "PVM": 0.07575757575757576,
    "PVNL": 0.05858585858585859,
    "PVNR": 0.043243243243243246,
    "PVPL": 0.04032258064516129,
    "PVPR": 0.047474747474747475,
    "PVQL": 0.06140350877192982,
    "PVQR": 0.03771551724137931,
    "PVR": 0.03856382978723404,
    "PVT": 0.0707070707070707,
    "PVWL": 0.1,
    "PVWR": 0.023809523809523808,
    "RIAL": 0.04418103448275862,
    "RIAR": 0.04531001589825119,
    "RIBL": 0.04107505070993915,
    "RIBR": 0.04220779220779221,
    "RICL": 0.07142857142857142,
    "RICR": 0.06363636363636363,
    "RID": 0.069164265129683,
    "RIFL": 0.09477124183006536,
    "RIFR": 0.07671957671957672,
    "RIGL": 0.050497866287339974,
    "RIGR": 0.04882154882154882,
    "RIH": 0.04947613504074505,
    "RIML": 0.04453781512605042,
    "RIMR": 0.044489383215369056,
    "RIPL": 0.06725146198830409,
    "RIPR": 0.03588516746411483,
    "RIR": 0.03042328042328042,
    "RIS": 0.054140127388535034,
    "RIVL": 0.06944444444444445,
    "RIVR": 0.06904761904761905,
    "RMDDL": 0.05928853754940711,
    "RMDDR": 0.039525691699604744,
    "RMDL": 0.056878306878306875,
    "RMDR": 0.046236559139784944,
    "RMDVL": 0.06428571428571428,
    "RMDVR": 0.03985507246376811,
    "RMED": 0.04395604395604396,
    "RMEL": 0.11904761904761904,
    "RMER": 0.051666666666666666,
    "RMEV": 0.051587301587301584,
    "RMFL": 0.02100840336134454,
    "RMFR": 0.05714285714285714,
    "RMGL": 0.051407588739290085,
    "RMGR": 0.05913978494623656,
    "RMHL": 0.05303030303030303,
    "RMHR": 0.09090909090909091,
    "SAADL": 0.05,
    "SAADR": 0.029166666666666667,
    "SAAVL": 0.05339805825242718,
    "SAAVR": 0.05555555555555555,
    "SABD": 0.03333333333333333,
    "SABVL": 0.02727272727272727,
    "SABVR": 0.045454545454545456,
    "SDQL": 0.09848484848484848,
    "SDQR": 0.03676470588235294,
    "SIADL": 0.05128205128205128,
    "SIADR": 0.05555555555555555,
    "SIAVL": 0.1,
    "SIAVR": 0.08181818181818182,
    "SIBDL": 0.08928571428571429,
    "SIBDR": 0.05555555555555555,
    "SIBVL": 0.06666666666666667,
    "SIBVR": 0.0641025641025641,
    "SMBDL": 0.04329004329004329,
    "SMBDR": 0.0582010582010582,
    "SMBVL": 0.06666666666666667,
    "SMBVR": 0.07446808510638298,
    "SMDDL": 0.04528985507246377,
    "SMDDR": 0.09881422924901186,
    "SMDVL": 0.05476190476190476,
    "SMDVR": 0.038181818181818185,
    "URADL": 0.09722222222222222,
    "URADR": 0.03787878787878788,
    "URAVL": 0.1,