{
  "clustering_coefficients": {
    "ADAL": 0.06769230769230769,
    "ADAR": 0.0587557603686636,
    "ADEL": 0.040998217468805706,
    "ADER": 0.05668016194331984,
    "ADFL": 0.05128205128205128,
    "ADFR": 0.07525083612040134,
    "ADLL": 0.038580246913580245,
    "ADLR": 0.06842105263157895,
    "AFDL": 0.03571428571428571,
    "AFDR": 0.06363636363636363,
    "AIAL": 0.08643617021276596,
    "AIAR": 0.05028462998102467,
    "AIBL": 0.03924221921515562,
    "AIBR": 0.06490872210953347,
    "AIML": 0.058823529411764705,
    "AIMR": 0.05454545454545454,
    "AINL": 0.03333333333333333,
    "AINR": 0.07142857142857142,
    "AIYL": 0.043478260869565216,
    "AIYR": 0.07142857142857142,
    "AIZL": 0.06578947368421052,
    "AIZR": 0.05555555555555555,
    "ALA": 0.03333333333333333,
    "ALML": 0.04411764705882353,
    "ALMR": 0.022222222222222223,
    "ALNL": 0.06578947368421052,
    "ALNR": 0.023809523809523808,
    "AQR": 0.06551724137931035,
    "AS1": 0.11483253588516747,
    "AS10": 0.0,
    "AS11": 0.10714285714285714,
    "AS2": 0.0625,
    "AS3": 0.07083333333333333,
    "AS4": 0.04285714285714286,
    "AS5": 0.04395604395604396,
    "AS6": 0.045454545454545456,
    "AS7": 0.06944444444444445,
    "AS8": 0.16666666666666666,
    "AS9": 0.022222222222222223,
    "ASEL": 0.05844155844155844,
    "ASER": 0.06153846153846154,
    "ASGL": 0.07575757575757576,
    "ASGR": 0.09444444444444444,
    "ASHL": 0.043434343434343436,
    "ASHR": 0.06551724137931035,
    "ASIL": 0.029411764705882353,
    "ASIR": 0.05454545454545454,
    "ASJL": 0.05357142857142857,
    "ASJR": 0.03636363636363636,
    "ASKL": 0.1037037037037037,
    "ASKR": 0.07692307692307693,
    "AUAL": 0.046052631578947366,
    "AUAR": 0.058823529411764705,
    "AVAL": 0.04091341579448145,
    "AVAR": 0.036839222130923034,
    "AVBL": 0.045493378897906875,
    "AVBR": 0.043282412847630236,
    "AVDL": 0.04540420819490587,
    "AVDR": 0.03184044786564031,
    "AVEL": 0.0418552036199095,
    "AVER": 0.05022658610271903,
    "AVFL": 0.059782608695652176,
    "AVFR": 0.06725146198830409,
    "AVG": 0.056878306878306875,
    "AVHL": 0.046489563567362426,
    "AVHR": 0.05803571428571429,
    "AVJL": 0.06050420168067227,
    "AVJR": 0.04086021505376344,
    "AVKL": 0.055232558139534885,
    "AVKR": 0.0603448275862069,
    "AVL": 0.06587473002159827,
    "AVM": 0.07384615384615385,
    "AWAL": 0.06818181818181818,
    "AWAR": 0.07602339181286549,
    "AWBL": 0.06725146198830409,
    "AWBR": 0.061200923787528866,
    "AWCL": 0.057692307692307696,
    "AWCR": 0.0661764705882353,
    "BAGL": 0.06470588235294118,
    "BAGR": 0.061507936507936505,
    "BDUL": 0.04487179487179487,
    "BDUR": 0.07818181818181819,
    "CANL": 0.0,
    "CANR": 0.0,
    "CEPDL": 0.04334677419354839,
    "CEPDR": 0.04310344827586207,
    "CEPVL": 0.06613756613756613,
    "CEPVR": 0.07090909090909091,
    "DA1": 0.06153846153846154,
    "DA2": 0.05533596837944664,
    "DA3": 0.051470588235294115,
    "DA4": 0.058695652173913045,
    "DA5": 0.08333333333333333,
    "DA6": 0.045454545454545456,
    "DA7": 0.0,
    "DA8": 0.03787878787878788,
    "DA9": 0.0625,
    "DB1": 0.03978779840848806,
    "DB2": 0.07083333333333333,
    "DB3": 0.06,
    "DB4": 0.07857142857142857,
    "DB5": 0.05714285714285714,
    "DB6": 0.07272727272727272,
    "DB7": 0.05128205128205128,
    "DD1": 0.0718954248366013,
    "DD2": 0.05416666666666667,
    "DD3": 0.05714285714285714,
    "DD4": 0.06363636363636363,
    "DD5": 0.08974358974358974,
    "DD6": 0.08888888888888889,
    "DVA": 0.050545454545454546,
    "DVB": 0.08888888888888889,
    "DVC": 0.05071428571428571,
    "FLPL": 0.05,
    "FLPR": 0.052941176470588235,
    "HSNL": 0.05432098765432099,
    "HSNR": 0.04915433403805497,
    "I1L": 0.05319148936170213,
    "I1R": 0.08157894736842106,
    "I2L": 0.020833333333333332,
    "I2R": 0.051470588235294115,
    "I3": 0.049019607843137254,
    "I4": 0.08571428571428572,
    "I5": 0.05526315789473684,
    "I6": 0.030303030303030304,
    "IL1DL": 0.09583333333333334,
    "IL1DR": 0.05555555555555555,
    "IL1L": 0.11538461538461539,
    "IL1R": 0.05555555555555555,
    "IL1VL": 0.075,
    "IL1VR": 0.06578947368421052,
    "IL2DL": 0.05357142857142857,
    "IL2DR": 0.125,
    "IL2L": 0.06985294117647059,
    "IL2R": 0.07738095238095238,
    "IL2VL": 0.09340659340659341,
    "IL2VR": 0.06190476190476191,
    "LUAL": 0.025362318840579712,
    "LUAR": 0.0457516339869281,
    "M1": 0.05952380952380952,
    "M2L": 0.04583333333333333,
    "M2R": 0.058823529411764705,
    "M3L": 0.04784688995215311,
    "M3R": 0.037037037037037035,
    "M4": 0.05228758169934641,
    "M5": 0.07692307692307693,
    "MCL": 0.11038961038961038,
    "MCR": 0.06043956043956044,
    "MI": 0.06926406926406926,
    "NSML": 0.06818181818181818,
    "NSMR": 0.08148148148148149,
    "OLLL": 0.06018518518518518,
    "OLLR": 0.05757575757575758,
    "OLQDL": 0.07236842105263158,
    "OLQDR": 0.039473684210526314,
    "OLQVL": 0.07341269841269842,
    "OLQVR": 0.050724637681159424,
    "PDA": 0.07777777777777778,
    "PDB": 0.04395604395604396,
    "PDEL": 0.07272727272727272,
    "PDER": 0.06084656084656084,
    "PHAL": 0.08888888888888889,
    "PHAR": 0.04487179487179487,
    "PHBL": 0.08181818181818182,
    "PHBR": 0.07692307692307693,
    "PHCL": 0.03676470588235294,
    "PHCR": 0.0,
    "PLML": 0.06666666666666667,
    "PLMR": 0.04779411764705882,
    "PLNL": 0.16666666666666666,
    "PLNR": 0.0,
    "PQR": 0.057692307692307696,
    "PVCL": 0.0343108504398827,
    "PVCR": 0.05394470667565745,
    "PVDL": 0.09523809523809523,
    "PVDR": 0.023809523809523808,
    "PVM": 0.03333333333333333,
    "PVNL": 0.05185185185185185,
    "PVNR": 0.058823529411764705,
    "PVPL": 0.07029177718832891,
    "PVPR": 0.06847133757961783,
    "PVQL": 0.07105263157894737,
    "PVQR": 0.06571428571428571,
    "PVR": 0.05134474327628362,
    "PVT": 0.06554621848739496,
    "PVWL": 0.06818181818181818,
    "PVWR": 0.08928571428571429,
    "RIAL": 0.04939516129032258,
    "RIAR": 0.05105105105105105,
    "RIBL": 0.05738278516445067,
    "RIBR": 0.051322751322751325,
    "RICL": 0.038461538461538464,
    "RICR": 0.04365079365079365,
    "RID": 0.045,
    "RIFL": 0.07407407407407407,
    "RIFR": 0.051839464882943144,
    "RIGL": 0.05338078291814947,
    "RIGR": 0.07471264367816093,
    "RIH": 0.07006369426751592,
    "RIML": 0.046104928457869634,
    "RIMR": 0.043706293706293704,
    "RIPL": 0.07905138339920949,
    "RIPR": 0.05,
    "RIR": 0.047619047619047616,
    "RIS": 0.06313131313131314,
    "RIVL": 0.06862745098039216,
    "RIVR": 0.04044117647058824,
    "RMDDL": 0.052801724137931036,
    "RMDDR": 0.047619047619047616,
    "RMDL": 0.07230769230769231,
    "RMDR": 0.06060606060606061,
    "RMDVL": 0.06153846153846154,
    "RMDVR": 0.04814814814814815,
    "RMED": 0.06666666666666667,
    "RMEL": 0.09615384615384616,
    "RMER": 0.029166666666666667,
    "RMEV": 0.057971014492753624,
    "RMFL": 0.08823529411764706,
    "RMFR": 0.06666666666666667,
    "RMGL": 0.05038022813688213,
    "RMGR": 0.057245080500894455,
    "RMHL": 0.06985294117647059,
    "RMHR": 0.02197802197802198,
    "SAADL": 0.08531746031746032,
    "SAADR": 0.1134453781512605,
    "SAAVL": 0.0962962962962963,
    "SAAVR": 0.034210526315789476,
    "SABD": 0.037037037037037035,
    "SABVL": 0.08653846153846154,
    "SABVR": 0.03787878787878788,
    "SDQL": 0.04487179487179487,
    "SDQR": 0.05217391304347826,
    "SIADL": 0.05357142857142857,
    "SIADR": 0.16666666666666666,
    "SIAVL": 0.019230769230769232,
    "SIAVR": 0.03571428571428571,
    "SIBDL": 0.25,
    "SIBDR": 0.047619047619047616,
    "SIBVL": 0.046153846153846156,
    "SIBVR": 0.06363636363636363,
    "SMBDL": 0.05592105263157895,
    "SMBDR": 0.046052631578947366,
    "SMBVL": 0.06043956043956044,
    "SMBVR": 0.02727272727272727,
    "SMDDL": 0.043333333333333335,
    "SMDDR": 0.04086021505376344,
    "SMDVL": 0.06451612903225806,