{
  "clustering_coefficients": {
    "ADAL": 0.053463855421686746,
    "ADAR": 0.05185185185185185,
    "ADEL": 0.08585858585858586,
    "ADER": 0.045,
    "ADFL": 0.06986899563318777,
    "ADFR": 0.07312252964426877,
    "ADLL": 0.07380952380952381,
    "ADLR": 0.0582010582010582,
    "AFDL": 0.044444444444444446,
    "AFDR": 0.054945054945054944,
    "AIAL": 0.046370967741935484,
    "AIAR": 0.08008658008658008,
    "AIBL": 0.051669316375198726,
    "AIBR": 0.06342592592592593,
    "AIML": 0.05238095238095238,
    "AIMR": 0.07142857142857142,
    "AINL": 0.0661764705882353,
    "AINR": 0.06985294117647059,
    "AIYL": 0.04567307692307692,
    "AIYR": 0.045454545454545456,
    "AIZL": 0.08739255014326648,
    "AIZR": 0.05555555555555555,
    "ALA": 0.07777777777777778,
    "ALML": 0.04131054131054131,
    "ALMR": 0.06944444444444445,
    "ALNL": 0.1,
    "ALNR": 0.022727272727272728,
    "AQR": 0.051209103840682786,
    "AS1": 0.038461538461538464,
    "AS10": 0.06944444444444445,
    "AS11": 0.1111111111111111,
    "AS2": 0.06666666666666667,
    "AS3": 0.042483660130718956,
    "AS4": 0.06666666666666667,
    "AS5": 0.08498023715415019,
    "AS6": 0.04966887417218543,
    "AS7": 0.06944444444444445,
    "AS8": 0.0,
    "AS9": 0.06363636363636363,
    "ASEL": 0.06533333333333333,
    "ASER": 0.0718954248366013,
    "ASGL": 0.038461538461538464,
    "ASGR": 0.06666666666666667,
    "ASHL": 0.04461538461538461,
    "ASHR": 0.04923076923076923,
    "ASIL": 0.05454545454545454,
    "ASIR": 0.08333333333333333,
    "ASJL": 0.07142857142857142,
    "ASJR": 0.023809523809523808,
    "ASKL": 0.11702127659574468,
    "ASKR": 0.10476190476190476,
    "AUAL": 0.04473684210526316,
    "AUAR": 0.05334987593052109,
    "AVAL": 0.04635642135642136,
    "AVAR": 0.03633986928104575,
    "AVBL": 0.03903491565319733,
    "AVBR": 0.042838312829525486,
    "AVDL": 0.05981416957026713,
    "AVDR": 0.05138888888888889,
    "AVEL": 0.04216867469879518,
    "AVER": 0.04230769230769231,
    "AVFL": 0.07777777777777778,
    "AVFR": 0.051666666666666666,
    "AVG": 0.06125356125356125,
    "AVHL": 0.0677361853832442,
    "AVHR": 0.056666666666666664,
    "AVJL": 0.05456171735241502,
    "AVJR": 0.04857142857142857,
    "AVKL": 0.04756871035940803,
    "AVKR": 0.046370967741935484,
    "AVL": 0.053475935828877004,
    "AVM": 0.06613756613756613,
    "AWAL": 0.03823529411764706,
    "AWAR": 0.05263157894736842,
    "AWBL": 0.07602339181286549,
    "AWBR": 0.045454545454545456,
    "AWCL": 0.05238095238095238,
    "AWCR": 0.04487179487179487,
    "BAGL": 0.037698412698412696,
    "BAGR": 0.07720588235294118,
    "BDUL": 0.05029585798816568,
    "BDUR": 0.06277056277056277,
    "CANL": 0.0,
    "CANR": 0.0,
    "CEPDL": 0.03896103896103896,
    "CEPDR": 0.08666666666666667,
    "CEPVL": 0.08571428571428572,
    "CEPVR": 0.04727272727272727,
    "DA1": 0.05714285714285714,
    "DA2": 0.0691699604743083,
    "DA3": 0.08169934640522876,
    "DA4": 0.07627118644067797,
    "DA5": 0.043689320388349516,
    "DA6": 0.04411764705882353,
    "DA7": 0.0,
    "DA8": 0.03636363636363636,
    "DA9": 0.08403361344537816,
    "DB1": 0.059907834101382486,
    "DB2": 0.08300395256916997,
    "DB3": 0.053784860557768925,
    "DB4": 0.058355437665782495,
    "DB5": 0.08333333333333333,
    "DB6": 0.10714285714285714,
    "DB7": 0.023809523809523808,
    "DD1": 0.05270655270655271,
    "DD2": 0.06349206349206349,
    "DD3": 0.06944444444444445,
    "DD4": 0.05555555555555555,
    "DD5": 0.05555555555555555,
    "DD6": 0.023809523809523808,
    "DVA": 0.035633484162895926,
    "DVB": 0.038461538461538464,
    "DVC": 0.05731707317073171,
    "FLPL": 0.06926406926406926,
    "FLPR": 0.08571428571428572,
    "HSNL": 0.036931818181818184,
    "HSNR": 0.04006968641114982,
    "I1L": 0.07341269841269842,
    "I1R": 0.05387931034482758,
    "I2L": 0.08333333333333333,
    "I2R": 0.06363636363636363,
    "I3": 0.07380952380952381,
    "I4": 0.05789473684210526,
    "I5": 0.06521739130434782,
    "I6": 0.05454545454545454,
    "IL1DL": 0.07707509881422925,
    "IL1DR": 0.05555555555555555,
    "IL1L": 0.06277056277056277,
    "IL1R": 0.07017543859649122,
    "IL1VL": 0.04285714285714286,
    "IL1VR": 0.042483660130718956,
    "IL2DL": 0.07142857142857142,
    "IL2DR": 0.05555555555555555,
    "IL2L": 0.058333333333333334,
    "IL2R": 0.07569721115537849,
    "IL2VL": 0.022727272727272728,
    "IL2VR": 0.045454545454545456,
    "LUAL": 0.0380952380952381,
    "LUAR": 0.07272727272727272,
    "M1": 0.07720588235294118,
    "M2L": 0.11397058823529412,
    "M2R": 0.051587301587301584,
    "M3L": 0.04523809523809524,
    "M3R": 0.09558823529411764,
    "M4": 0.047692307692307694,
    "M5": 0.05238095238095238,
    "MCL": 0.042483660130718956,
    "MCR": 0.04285714285714286,
    "MI": 0.03694581280788178,
    "NSML": 0.07692307692307693,
    "NSMR": 0.0847953216374269,
    "OLLL": 0.06018518518518518,
    "OLLR": 0.053763440860215055,
    "OLQDL": 0.05555555555555555,
    "OLQDR": 0.06746031746031746,
    "OLQVL": 0.052873563218390804,
    "OLQVR": 0.041304347826086954,
    "PDA": 0.09722222222222222,
    "PDB": 0.1,
    "PDEL": 0.06862745098039216,
    "PDER": 0.06315789473684211,
    "PHAL": 0.08095238095238096,
    "PHAR": 0.044444444444444446,
    "PHBL": 0.04945054945054945,
    "PHBR": 0.05714285714285714,
    "PHCL": 0.07692307692307693,
    "PHCR": 0.08928571428571429,
    "PLML": 0.06666666666666667,
    "PLMR": 0.026143790849673203,
    "PLNL": 0.10714285714285714,
    "PLNR": 0.0,
    "PQR": 0.07051282051282051,
    "PVCL": 0.04188679245283019,
    "PVCR": 0.056363636363636366,
    "PVDL": 0.09523809523809523,
    "PVDR": 0.07142857142857142,
    "PVM": 0.07692307692307693,
    "PVNL": 0.06506238859180036,
    "PVNR": 0.052941176470588235,
    "PVPL": 0.037037037037037035,
    "PVPR": 0.05798319327731093,
    "PVQL": 0.04285714285714286,
    "PVQR": 0.06631299734748011,
    "PVR": 0.043010752688172046,
    "PVT": 0.04201680672268908,
    "PVWL": 0.01818181818181818,
    "PVWR": 0.0,
    "RIAL": 0.047979797979797977,
    "RIAR": 0.048424737456242706,
    "RIBL": 0.03866525423728814,
    "RIBR": 0.0582039911308204,
    "RICL": 0.05357142857142857,
    "RICR": 0.07054455445544554,
    "RID": 0.05572755417956656,
    "RIFL": 0.08974358974358974,
    "RIFR": 0.05128205128205128,
    "RIGL": 0.04024390243902439,
    "RIGR": 0.05639097744360902,
    "RIH": 0.03667481662591687,
    "RIML": 0.07688229056203605,
    "RIMR": 0.05495689655172414,
    "RIPL": 0.05238095238095238,
    "RIPR": 0.05,
    "RIR": 0.06236559139784946,
    "RIS": 0.06633380884450785,
    "RIVL": 0.05416666666666667,
    "RIVR": 0.029411764705882353,
    "RMDDL": 0.05555555555555555,
    "RMDDR": 0.06842105263157895,
    "RMDL": 0.06833333333333333,
    "RMDR": 0.037549407114624504,
    "RMDVL": 0.07560483870967742,
    "RMDVR": 0.05268817204301075,
    "RMED": 0.04285714285714286,
    "RMEL": 0.04779411764705882,
    "RMER": 0.022727272727272728,
    "RMEV": 0.06236559139784946,
    "RMFL": 0.058823529411764705,
    "RMFR": 0.06818181818181818,
    "RMGL": 0.055232558139534885,
    "RMGR": 0.04694167852062589,
    "RMHL": 0.0641025641025641,
    "RMHR": 0.02727272727272727,
    "SAADL": 0.04326923076923077,
    "SAADR": 0.025,
    "SAAVL": 0.07916666666666666,
    "SAAVR": 0.038461538461538464,
    "SABD": 0.045,
    "SABVL": 0.11176470588235295,
    "SABVR": 0.07272727272727272,
    "SDQL": 0.03076923076923077,
    "SDQR": 0.03216374269005848,
    "SIADL": 0.08333333333333333,
    "SIADR": 0.07142857142857142,
    "SIAVL": 0.06944444444444445,
    "SIAVR": 0.11818181818181818,
    "SIBDL": 0.1,
    "SIBDR": 0.06666666666666667,
    "SIBVL": 0.09340659340659341,
    "SIBVR": 0.07142857142857142,
    "SMBDL": 0.08235294117647059,
    "SMBDR": 0.10476190476190476,
    "SMBVL": 0.09047619047619047,
    "SMBVR": 0.05128205128205128,
    "SMDDL": 0.06159420289855073,
    "SMDDR": 0.03508771929824561,
    "SMDVL": 0.05570291777188329,