{
  "clustering_coefficients": {
    "ADAL": 0.06696428571428571,
    "ADAR": 0.045845272206303724,
    "ADEL": 0.05056980056980057,
    "ADER": 0.044534412955465584,
    "ADFL": 0.014423076923076924,
    "ADFR": 0.07264957264957266,
    "ADLL": 0.06461538461538462,
    "ADLR": 0.06862745098039216,
    "AFDL": 0.08928571428571429,
    "AFDR": 0.08791208791208792,
    "AIAL": 0.045454545454545456,
    "AIAR": 0.046464646464646465,
    "AIBL": 0.05400696864111498,
    "AIBR": 0.061866125760649086,
    "AIML": 0.04666666666666667,
    "AIMR": 0.07142857142857142,
    "AINL": 0.015151515151515152,
    "AINR": 0.06907894736842106,
    "AIYL": 0.08260869565217391,
    "AIYR": 0.05928853754940711,
    "AIZL": 0.07446808510638298,
    "AIZR": 0.0297029702970297,
    "ALA": 0.07173913043478261,
    "ALML": 0.07142857142857142,
    "ALMR": 0.08241758241758242,
    "ALNL": 0.0,
    "ALNR": 0.07142857142857142,
    "AQR": 0.037037037037037035,
    "AS1": 0.042483660130718956,
    "AS10": 0.125,
    "AS11": 0.047619047619047616,
    "AS2": 0.09243697478991597,
    "AS3": 0.05238095238095238,
    "AS4": 0.05,
    "AS5": 0.05714285714285714,
    "AS6": 0.07017543859649122,
    "AS7": 0.05514705882352941,
    "AS8": 0.1,
    "AS9": 0.25,
    "ASEL": 0.05789473684210526,
    "ASER": 0.03110047846889952,
    "ASGL": 0.05454545454545454,
    "ASGR": 0.06593406593406594,
    "ASHL": 0.03978494623655914,
    "ASHR": 0.05414746543778802,
    "ASIL": 0.1,
    "ASIR": 0.02727272727272727,
    "ASJL": 0.0,
    "ASJR": 0.1,
    "ASKL": 0.08008658008658008,
    "ASKR": 0.05847953216374269,
    "AUAL": 0.061764705882352944,
    "AUAR": 0.037037037037037035,
    "AVAL": 0.03951419774204584,
    "AVAR": 0.041693088142041854,
    "AVBL": 0.04291204099060632,
    "AVBR": 0.042870905587668595,
    "AVDL": 0.056218057921635436,
    "AVDR": 0.0455026455026455,
    "AVEL": 0.0417989417989418,
    "AVER": 0.042163543441226574,
    "AVFL": 0.09770114942528736,
    "AVFR": 0.04942528735632184,
    "AVG": 0.04985754985754986,
    "AVHL": 0.06465517241379311,
    "AVHR": 0.0641025641025641,
    "AVJL": 0.05263157894736842,
    "AVJR": 0.04830053667262969,
    "AVKL": 0.04916512059369202,
    "AVKR": 0.05862068965517241,
    "AVL": 0.04833333333333333,
    "AVM": 0.04528985507246377,
    "AWAL": 0.04583333333333333,
    "AWAR": 0.04523809523809524,
    "AWBL": 0.05303030303030303,
    "AWBR": 0.06837606837606838,
    "AWCL": 0.0367965367965368,
    "AWCR": 0.042483660130718956,
    "BAGL": 0.06296296296296296,
    "BAGR": 0.040740740740740744,
    "BDUL": 0.023809523809523808,
    "BDUR": 0.06985294117647059,
    "CANL": 0.0,
    "CANR": 0.0,
    "CEPDL": 0.06727272727272728,
    "CEPDR": 0.0673352435530086,
    "CEPVL": 0.07309941520467836,
    "CEPVR": 0.06277056277056277,
    "DA1": 0.058695652173913045,
    "DA2": 0.0584045584045584,
    "DA3": 0.039473684210526314,
    "DA4": 0.06060606060606061,
    "DA5": 0.07916666666666666,
    "DA6": 0.045454545454545456,
    "DA7": 0.11904761904761904,
    "DA8": 0.08333333333333333,
    "DA9": 0.06666666666666667,
    "DB1": 0.05541871921182266,
    "DB2": 0.07916666666666666,
    "DB3": 0.07272727272727272,
    "DB4": 0.042328042328042326,
    "DB5": 0.10909090909090909,
    "DB6": 0.08333333333333333,
    "DB7": 0.047619047619047616,
    "DD1": 0.07177033492822966,
    "DD2": 0.04743083003952569,
    "DD3": 0.04736842105263158,
    "DD4": 0.06818181818181818,
    "DD5": 0.07142857142857142,
    "DD6": 0.08974358974358974,
    "DVA": 0.054125219426565244,
    "DVB": 0.07352941176470588,
    "DVC": 0.05928571428571429,
    "FLPL": 0.026153846153846153,
    "FLPR": 0.03463203463203463,
    "HSNL": 0.05253623188405797,
    "HSNR": 0.043509272467902996,
    "I1L": 0.06803455723542116,
    "I1R": 0.045714285714285714,
    "I2L": 0.07051282051282051,
    "I2R": 0.05555555555555555,
    "I3": 0.08421052631578947,
    "I4": 0.05238095238095238,
    "I5": 0.05789473684210526,
    "I6": 0.05555555555555555,
    "IL1DL": 0.060526315789473685,
    "IL1DR": 0.06764705882352941,
    "IL1L": 0.05952380952380952,
    "IL1R": 0.06140350877192982,
    "IL1VL": 0.05514705882352941,
    "IL1VR": 0.08095238095238096,
    "IL2DL": 0.05357142857142857,
    "IL2DR": 0.027777777777777776,
    "IL2L": 0.06666666666666667,
    "IL2R": 0.08658008658008658,
    "IL2VL": 0.11818181818181818,
    "IL2VR": 0.12179487179487179,
    "LUAL": 0.06307692307692307,
    "LUAR": 0.08496732026143791,
    "M1": 0.04112554112554113,
    "M2L": 0.06190476190476191,
    "M2R": 0.1259259259259259,
    "M3L": 0.06904761904761905,
    "M3R": 0.04583333333333333,
    "M4": 0.0546218487394958,
    "M5": 0.03636363636363636,
    "MCL": 0.05228758169934641,
    "MCR": 0.08461538461538462,
    "MI": 0.021164021164021163,
    "NSML": 0.047619047619047616,
    "NSMR": 0.06111111111111111,
    "OLLL": 0.04415954415954416,
    "OLLR": 0.05351170568561873,
    "OLQDL": 0.05454545454545454,
    "OLQDR": 0.06698564593301436,
    "OLQVL": 0.05658198614318707,
    "OLQVR": 0.06140350877192982,
    "PDA": 0.05128205128205128,
    "PDB": 0.0,
    "PDEL": 0.0380952380952381,
    "PDER": 0.07712765957446809,
    "PHAL": 0.05714285714285714,
    "PHAR": 0.05454545454545454,
    "PHBL": 0.08181818181818182,
    "PHBR": 0.049783549783549784,
    "PHCL": 0.06220095693779904,
    "PHCR": 0.1,
    "PLML": 0.06666666666666667,
    "PLMR": 0.09243697478991597,
    "PLNL": 0.0,
    "PLNR": 0.0,
    "PQR": 0.05303030303030303,
    "PVCL": 0.04030501089324619,
    "PVCR": 0.04300423985463356,
    "PVDL": 0.16666666666666666,
    "PVDR": 0.16666666666666666,
    "PVM": 0.06593406593406594,
    "PVNL": 0.05196304849884527,
    "PVNR": 0.044929396662387676,
    "PVPL": 0.03619909502262444,
    "PVPR": 0.06451612903225806,
    "PVQL": 0.0625,
    "PVQR": 0.06172839506172839,
    "PVR": 0.03716608594657375,
    "PVT": 0.04849137931034483,
    "PVWL": 0.10714285714285714,
    "PVWR": 0.045454545454545456,
    "RIAL": 0.04640151515151515,
    "RIAR": 0.04536290322580645,
    "RIBL": 0.0445619335347432,
    "RIBR": 0.05012853470437018,
    "RICL": 0.04065040650406504,
    "RICR": 0.055299539170506916,
    "RID": 0.05731225296442688,
    "RIFL": 0.04285714285714286,
    "RIFR": 0.047619047619047616,
    "RIGL": 0.05065856129685917,
    "RIGR": 0.057057057057057055,
    "RIH": 0.04524886877828054,
    "RIML": 0.04450757575757576,
    "RIMR": 0.04212454212454213,
    "RIPL": 0.06666666666666667,
    "RIPR": 0.049342105263157895,
    "RIR": 0.046370967741935484,
    "RIS": 0.05745721271393643,
    "RIVL": 0.08421052631578947,
    "RIVR": 0.051839464882943144,
    "RMDDL": 0.0533596837944664,
    "RMDDR": 0.047619047619047616,
    "RMDL": 0.06461538461538462,
    "RMDR": 0.056363636363636366,
    "RMDVL": 0.05536912751677853,
    "RMDVR": 0.037037037037037035,
    "RMED": 0.04678362573099415,
    "RMEL": 0.05042016806722689,
    "RMER": 0.05665024630541872,
    "RMEV": 0.06365740740740741,
    "RMFL": 0.05928853754940711,
    "RMFR": 0.06944444444444445,
    "RMGL": 0.052142857142857144,
    "RMGR": 0.054376657824933686,
    "RMHL": 0.07083333333333333,
    "RMHR": 0.08333333333333333,
    "SAADL": 0.09926470588235294,
    "SAADR": 0.0645933014354067,
    "SAAVL": 0.07720588235294118,
    "SAAVR": 0.045454545454545456,
    "SABD": 0.04854368932038835,
    "SABVL": 0.06593406593406594,
    "SABVR": 0.09166666666666666,
    "SDQL": 0.057692307692307696,
    "SDQR": 0.07894736842105263,
    "SIADL": 0.05303030303030303,
    "SIADR": 0.16666666666666666,
    "SIAVL": 0.0,
    "SIAVR": 0.1,
    "SIBDL": 0.07142857142857142,
    "SIBDR": 0.05555555555555555,
    "SIBVL": 0.06324110671936758,
    "SIBVR": 0.06818181818181818,
    "SMBDL": 0.07037037037037037,
    "SMBDR": 0.06,
    "SMBVL": 0.07602339181286549,
    "SMBVR": 0.06666666666666667,
    "SMDDL": 0.06923076923076923,
    "SMDDR": 0.05741626794258373,
    "SMDVL": 0.04523809523809524,
    "SMDVR": 0.06349206349206349,
    "URADL": 0.1,
    "URADR": 0.058823529411764705,