{
  "clustering_coefficients": {
    "ADAL": 0.05961844197138315,
    "ADAR": 0.04894179894179894,
    "ADEL": 0.06696428571428571,
    "ADER": 0.05857142857142857,
    "ADFL": 0.01818181818181818,
    "ADFR": 0.06493506493506493,
    "ADLL": 0.03666666666666667,
    "ADLR": 0.06060606060606061,
    "AFDL": 0.041666666666666664,
    "AFDR": 0.1111111111111111,
    "AIAL": 0.05401234567901234,
    "AIAR": 0.03985507246376811,
    "AIBL": 0.05472972972972973,
    "AIBR": 0.0463980463980464,
    "AIML": 0.06315789473684211,
    "AIMR": 0.07368421052631578,
    "AINL": 0.07575757575757576,
    "AINR": 0.058823529411764705,
    "AIYL": 0.057539682539682536,
    "AIYR": 0.09926470588235294,
    "AIZL": 0.04587688734030197,
    "AIZR": 0.06084656084656084,
    "ALA": 0.022727272727272728,
    "ALML": 0.07655502392344497,
    "ALMR": 0.125,
    "ALNL": 0.09523809523809523,
    "ALNR": 0.1111111111111111,
    "AQR": 0.06896551724137931,
    "AS1": 0.07352941176470588,
    "AS10": 0.03636363636363636,
    "AS11": 0.13333333333333333,
    "AS2": 0.02727272727272727,
    "AS3": 0.027472527472527472,
    "AS4": 0.038461538461538464,
    "AS5": 0.1,
    "AS6": 0.04329004329004329,
    "AS7": 0.09523809523809523,
    "AS8": 0.125,
    "AS9": 0.03296703296703297,
    "ASEL": 0.04411764705882353,
    "ASER": 0.09663865546218488,
    "ASGL": 0.09444444444444444,
    "ASGR": 0.07272727272727272,
    "ASHL": 0.05566801619433198,
    "ASHR": 0.04926108374384237,
    "ASIL": 0.09166666666666666,
    "ASIR": 0.06666666666666667,
    "ASJL": 0.125,
    "ASJR": 0.0,
    "ASKL": 0.043859649122807015,
    "ASKR": 0.04945054945054945,
    "AUAL": 0.08465608465608465,
    "AUAR": 0.049019607843137254,
    "AVAL": 0.04069942719324691,
    "AVAR": 0.04067321178120617,
    "AVBL": 0.041809458533241944,
    "AVBR": 0.04145299145299145,
    "AVDL": 0.053463855421686746,
    "AVDR": 0.035849056603773584,
    "AVEL": 0.04685990338164251,
    "AVER": 0.054497354497354496,
    "AVFL": 0.07232142857142858,
    "AVFR": 0.04743083003952569,
    "AVG": 0.06157635467980296,
    "AVHL": 0.06479481641468683,
    "AVHR": 0.04,
    "AVJL": 0.0457957957957958,
    "AVJR": 0.07241379310344828,
    "AVKL": 0.04390451832907076,
    "AVKR": 0.05656565656565657,
    "AVL": 0.05185185185185185,
    "AVM": 0.07380952380952381,
    "AWAL": 0.038461538461538464,
    "AWAR": 0.049783549783549784,
    "AWBL": 0.07211538461538461,
    "AWBR": 0.04678362573099415,
    "AWCL": 0.05555555555555555,
    "AWCR": 0.04583333333333333,
    "BAGL": 0.07341269841269842,
    "BAGR": 0.04201680672268908,
    "BDUL": 0.06666666666666667,
    "BDUR": 0.08173076923076923,
    "CANL": 0.0,
    "CANR": 0.0,
    "CEPDL": 0.051515151515151514,
    "CEPDR": 0.05517241379310345,
    "CEPVL": 0.06666666666666667,
    "CEPVR": 0.06315789473684211,
    "DA1": 0.04894179894179894,
    "DA2": 0.04523809523809524,
    "DA3": 0.05263157894736842,
    "DA4": 0.03333333333333333,
    "DA5": 0.042105263157894736,
    "DA6": 0.1,
    "DA7": 0.0,
    "DA8": 0.047619047619047616,
    "DA9": 0.054945054945054944,
    "DB1": 0.05,
    "DB2": 0.05263157894736842,
    "DB3": 0.03859060402684564,
    "DB4": 0.06331877729257641,
    "DB5": 0.054945054945054944,
    "DB6": 0.07083333333333333,
    "DB7": 0.027777777777777776,
    "DD1": 0.04131054131054131,
    "DD2": 0.026143790849673203,
    "DD3": 0.08133971291866028,
    "DD4": 0.03888888888888889,
    "DD5": 0.09523809523809523,
    "DD6": 0.03571428571428571,
    "DVA": 0.0428921568627451,
    "DVB": 0.0718954248366013,
    "DVC": 0.07142857142857142,
    "FLPL": 0.045454545454545456,
    "FLPR": 0.07738095238095238,
    "HSNL": 0.06446991404011461,
    "HSNR": 0.03968253968253968,
    "I1L": 0.045714285714285714,
    "I1R": 0.07692307692307693,
    "I2L": 0.10909090909090909,
    "I2R": 0.06363636363636363,
    "I3": 0.05,
    "I4": 0.03333333333333333,
    "I5": 0.08241758241758242,
    "I6": 0.02857142857142857,
    "IL1DL": 0.06764705882352941,
    "IL1DR": 0.06862745098039216,
    "IL1L": 0.06666666666666667,
    "IL1R": 0.07023411371237458,
    "IL1VL": 0.058823529411764705,
    "IL1VR": 0.021052631578947368,
    "IL2DL": 0.03571428571428571,
    "IL2DR": 0.06944444444444445,
    "IL2L": 0.1,
    "IL2R": 0.06578947368421052,
    "IL2VL": 0.08333333333333333,
    "IL2VR": 0.06363636363636363,
    "LUAL": 0.05652173913043478,
    "LUAR": 0.05228758169934641,
    "M1": 0.03571428571428571,
    "M2L": 0.08241758241758242,
    "M2R": 0.07352941176470588,
    "M3L": 0.05454545454545454,
    "M3R": 0.04487179487179487,
    "M4": 0.04112554112554113,
    "M5": 0.045454545454545456,
    "MCL": 0.034210526315789476,
    "MCR": 0.07777777777777778,
    "MI": 0.07894736842105263,
    "NSML": 0.04487179487179487,
    "NSMR": 0.05555555555555555,
    "OLLL": 0.06856187290969899,
    "OLLR": 0.08090185676392574,
    "OLQDL": 0.05585106382978723,
    "OLQDR": 0.0654320987654321,
    "OLQVL": 0.025974025974025976,
    "OLQVR": 0.06628787878787878,
    "PDA": 0.13333333333333333,
    "PDB": 0.0,
    "PDEL": 0.04779411764705882,
    "PDER": 0.05185185185185185,
    "PHAL": 0.08333333333333333,
    "PHAR": 0.011111111111111112,
    "PHBL": 0.051470588235294115,
    "PHBR": 0.06,
    "PHCL": 0.07983193277310924,
    "PHCR": 0.08333333333333333,
    "PLML": 0.023809523809523808,
    "PLMR": 0.0661764705882353,
    "PLNL": 0.0,
    "PLNR": 0.5,
    "PQR": 0.06060606060606061,
    "PVCL": 0.053048065650644786,
    "PVCR": 0.05152224824355972,
    "PVDL": 0.07083333333333333,
    "PVDR": 0.047619047619047616,
    "PVM": 0.06060606060606061,
    "PVNL": 0.02586206896551724,
    "PVNR": 0.057459677419354836,
    "PVPL": 0.03662420382165605,
    "PVPR": 0.0659536541889483,
    "PVQL": 0.075,
    "PVQR": 0.035483870967741936,
    "PVR": 0.050793650793650794,
    "PVT": 0.04654255319148936,
    "PVWL": 0.06060606060606061,
    "PVWR": 0.06666666666666667,
    "RIAL": 0.0570409982174688,
    "RIAR": 0.06218487394957983,
    "RIBL": 0.05236363636363636,
    "RIBR": 0.0350140056022409,
    "RICL": 0.0715725806451613,
    "RICR": 0.0811965811965812,
    "RID": 0.06746031746031746,
    "RIFL": 0.11016949152542373,
    "RIFR": 0.045454545454545456,
    "RIGL": 0.0443307757885763,
    "RIGR": 0.03949579831932773,
    "RIH": 0.045584045584045586,
    "RIML": 0.05980861244019139,
    "RIMR": 0.04704016913319239,
    "RIPL": 0.03594771241830065,
    "RIPR": 0.06307692307692307,
    "RIR": 0.06896551724137931,
    "RIS": 0.06428571428571428,
    "RIVL": 0.0625,
    "RIVR": 0.09090909090909091,
    "RMDDL": 0.04047619047619048,
    "RMDDR": 0.05401234567901234,
    "RMDL": 0.05518394648829431,
    "RMDR": 0.05982905982905983,
    "RMDVL": 0.05185185185185185,
    "RMDVR": 0.03110599078341014,
    "RMED": 0.10059171597633136,
    "RMEL": 0.047619047619047616,
    "RMER": 0.058823529411764705,
    "RMEV": 0.054022988505747126,
    "RMFL": 0.06432748538011696,
    "RMFR": 0.05847953216374269,
    "RMGL": 0.05555555555555555,
    "RMGR": 0.0332512315270936,
    "RMHL": 0.05303030303030303,
    "RMHR": 0.07051282051282051,
    "SAADL": 0.03676470588235294,
    "SAADR": 0.04945054945054945,
    "SAAVL": 0.08851674641148326,
    "SAAVR": 0.05952380952380952,
    "SABD": 0.042483660130718956,
    "SABVL": 0.07692307692307693,
    "SABVR": 0.06725146198830409,
    "SDQL": 0.082010582010582,
    "SDQR": 0.06666666666666667,
    "SIADL": 0.08333333333333333,
    "SIADR": 0.09722222222222222,
    "SIAVL": 0.022222222222222223,
    "SIAVR": 0.0,
    "SIBDL": 0.08181818181818182,
    "SIBDR": 0.08333333333333333,
    "SIBVL": 0.07272727272727272,
    "SIBVR": 0.03618421052631579,
    "SMBDL": 0.06535947712418301,
    "SMBDR": 0.038461538461538464,
    "SMBVL": 0.14545454545454545,
    "SMBVR": 0.04678362573099415,
    "SMDDL": 0.058333333333333334,
    "SMDDR": 0.04329004329004329,
    "SMDVL": 0.04562043795620438,
    "SMDVR": 0.06666666666666667,
    "URADL": 0.0,
    "URADR": 0.03787878787878788,
    "URAVL": 0.0,
    "URAVR": 0.0,