{
  "clustering_coefficients": {
    "ADAL": 0.047474747474747475,
    "ADAR": 0.06099397590361446,
    "ADEL": 0.0683111954459203,
    "ADER": 0.05178571428571429,
    "ADFL": 0.04285714285714286,
    "ADFR": 0.053691275167785234,
    "ADLL": 0.05026455026455026,
    "ADLR": 0.07142857142857142,
    "AFDL": 0.03333333333333333,
    "AFDR": 0.0784313725490196,
    "AIAL": 0.07692307692307693,
    "AIAR": 0.08498023715415019,
    "AIBL": 0.04825581395348837,
    "AIBR": 0.041353383458646614,
    "AIML": 0.07539682539682539,
    "AIMR": 0.09047619047619047,
    "AINL": 0.07142857142857142,
    "AINR": 0.09064327485380116,
    "AIYL": 0.04907161803713528,
    "AIYR": 0.043859649122807015,
    "AIZL": 0.06944444444444445,
    "AIZR": 0.05270655270655271,
    "ALA": 0.07272727272727272,
    "ALML": 0.05925925925925926,
    "ALMR": 0.1111111111111111,
    "ALNL": 0.0,
    "ALNR": 0.09523809523809523,
    "AQR": 0.073109243697479,
    "AS1": 0.05555555555555555,
    "AS10": 0.03571428571428571,
    "AS11": 0.030303030303030304,
    "AS2": 0.038461538461538464,
    "AS3": 0.04891304347826087,
    "AS4": 0.02564102564102564,
    "AS5": 0.03333333333333333,
    "AS6": 0.045454545454545456,
    "AS7": 0.03571428571428571,
    "AS8": 0.25,
    "AS9": 0.0,
    "ASEL": 0.0661764705882353,
    "ASER": 0.05138339920948617,
    "ASGL": 0.1111111111111111,
    "ASGR": 0.10714285714285714,
    "ASHL": 0.04882154882154882,
    "ASHR": 0.05904761904761905,
    "ASIL": 0.06818181818181818,
    "ASIR": 0.06666666666666667,
    "ASJL": 0.045454545454545456,
    "ASJR": 0.0,
    "ASKL": 0.05844155844155844,
    "ASKR": 0.05555555555555555,
    "AUAL": 0.03333333333333333,
    "AUAR": 0.04112554112554113,
    "AVAL": 0.05271020059752454,
    "AVAR": 0.04027372672201032,
    "AVBL": 0.05376588021778585,
    "AVBR": 0.04953271028037383,
    "AVDL": 0.050505050505050504,
    "AVDR": 0.0722495894909688,
    "AVEL": 0.04088307440719542,
    "AVER": 0.06231117824773414,
    "AVFL": 0.07530864197530865,
    "AVFR": 0.06566820276497695,
    "AVG": 0.04567901234567901,
    "AVHL": 0.08680555555555555,
    "AVHR": 0.05928853754940711,
    "AVJL": 0.03840682788051209,
    "AVJR": 0.059475806451612906,
    "AVKL": 0.04303460514640639,
    "AVKR": 0.049019607843137254,
    "AVL": 0.04723502304147465,
    "AVM": 0.06666666666666667,
    "AWAL": 0.05303030303030303,
    "AWAR": 0.04304635761589404,
    "AWBL": 0.042483660130718956,
    "AWBR": 0.05847953216374269,
    "AWCL": 0.06666666666666667,
    "AWCR": 0.07368421052631578,
    "BAGL": 0.09523809523809523,
    "BAGR": 0.07051282051282051,
    "BDUL": 0.04784688995215311,
    "BDUR": 0.08831908831908832,
    "CANL": 0.0,
    "CANR": 0.0,
    "CEPDL": 0.055714285714285716,
    "CEPDR": 0.07993966817496229,
    "CEPVL": 0.07312252964426877,
    "CEPVR": 0.07707509881422925,
    "DA1": 0.05454545454545454,
    "DA2": 0.05656565656565657,
    "DA3": 0.06190476190476191,
    "DA4": 0.06985294117647059,
    "DA5": 0.0625,
    "DA6": 0.05714285714285714,
    "DA7": 0.0,
    "DA8": 0.03571428571428571,
    "DA9": 0.04583333333333333,
    "DB1": 0.06559139784946237,
    "DB2": 0.08333333333333333,
    "DB3": 0.07333333333333333,
    "DB4": 0.09558823529411764,
    "DB5": 0.044444444444444446,
    "DB6": 0.05714285714285714,
    "DB7": 0.09259259259259259,
    "DD1": 0.05555555555555555,
    "DD2": 0.1007905138339921,
    "DD3": 0.051470588235294115,
    "DD4": 0.07142857142857142,
    "DD5": 0.09523809523809523,
    "DD6": 0.09523809523809523,
    "DVA": 0.05182160804020101,
    "DVB": 0.07692307692307693,
    "DVC": 0.08263069139966273,
    "FLPL": 0.07190635451505016,
    "FLPR": 0.05,
    "HSNL": 0.09151193633952255,
    "HSNR": 0.049910873440285206,
    "I1L": 0.04376657824933687,
    "I1R": 0.05142857142857143,
    "I2L": 0.05303030303030303,
    "I2R": 0.013888888888888888,
    "I3": 0.06944444444444445,
    "I4": 0.06363636363636363,
    "I5": 0.06666666666666667,
    "I6": 0.07380952380952381,
    "IL1DL": 0.04047619047619048,
    "IL1DR": 0.09090909090909091,
    "IL1L": 0.05714285714285714,
    "IL1R": 0.06552706552706553,
    "IL1VL": 0.03103448275862069,
    "IL1VR": 0.041666666666666664,
    "IL2DL": 0.017857142857142856,
    "IL2DR": 0.05555555555555555,
    "IL2L": 0.075,
    "IL2R": 0.051470588235294115,
    "IL2VL": 0.06363636363636363,
    "IL2VR": 0.0641025641025641,
    "LUAL": 0.05555555555555555,
    "LUAR": 0.06956521739130435,
    "M1": 0.042328042328042326,
    "M2L": 0.04940711462450593,
    "M2R": 0.07530864197530865,
    "M3L": 0.06593406593406594,
    "M3R": 0.05228758169934641,
    "M4": 0.0661764705882353,
    "M5": 0.06060606060606061,
    "MCL": 0.022058823529411766,
    "MCR": 0.04678362573099415,
    "MI": 0.04411764705882353,
    "NSML": 0.03571428571428571,
    "NSMR": 0.11538461538461539,
    "OLLL": 0.05194805194805195,
    "OLLR": 0.05333333333333334,
    "OLQDL": 0.05555555555555555,
    "OLQDR": 0.08008658008658008,
    "OLQVL": 0.04865771812080537,
    "OLQVR": 0.054187192118226604,
    "PDA": 0.07407407407407407,
    "PDB": 0.0,
    "PDEL": 0.07142857142857142,
    "PDER": 0.0851063829787234,
    "PHAL": 0.07692307692307693,
    "PHAR": 0.037037037037037035,
    "PHBL": 0.075,
    "PHBR": 0.06666666666666667,
    "PHCL": 0.05303030303030303,
    "PHCR": 0.0625,
    "PLML": 0.06666666666666667,
    "PLMR": 0.04523809523809524,
    "PLNL": 0.0,
    "PLNR": 0.0,
    "PQR": 0.05128205128205128,
    "PVCL": 0.048582995951417005,
    "PVCR": 0.0479020979020979,
    "PVDL": 0.07142857142857142,
    "PVDR": 0.023809523809523808,
    "PVM": 0.10294117647058823,
    "PVNL": 0.06072874493927125,
    "PVNR": 0.04435483870967742,
    "PVPL": 0.05087440381558029,
    "PVPR": 0.06714285714285714,
    "PVQL": 0.0625,
    "PVQR": 0.07389162561576355,
    "PVR": 0.05263157894736842,
    "PVT": 0.04907161803713528,
    "PVWL": 0.12962962962962962,
    "PVWR": 0.09166666666666666,
    "RIAL": 0.047126436781609195,
    "RIAR": 0.06474358974358975,
    "RIBL": 0.053556827473426,
    "RIBR": 0.03883892068683565,
    "RICL": 0.06518282988871224,
    "RICR": 0.06856187290969899,
    "RID": 0.056666666666666664,
    "RIFL": 0.04523809523809524,
    "RIFR": 0.05727554179566564,
    "RIGL": 0.06541019955654102,
    "RIGR": 0.038825757575757576,
    "RIH": 0.065,
    "RIML": 0.047979797979797977,
    "RIMR": 0.041182170542635656,
    "RIPL": 0.030864197530864196,
    "RIPR": 0.04833333333333333,
    "RIR": 0.05889145496535797,
    "RIS": 0.065,
    "RIVL": 0.06432748538011696,
    "RIVR": 0.06535947712418301,
    "RMDDL": 0.030952380952380953,
    "RMDDR": 0.07105263157894737,
    "RMDL": 0.0533596837944664,
    "RMDR": 0.05333333333333334,
    "RMDVL": 0.04942528735632184,
    "RMDVR": 0.04377104377104377,
    "RMED": 0.12087912087912088,
    "RMEL": 0.06818181818181818,
    "RMER": 0.07352941176470588,
    "RMEV": 0.05698005698005698,
    "RMFL": 0.05228758169934641,
    "RMFR": 0.0,
    "RMGL": 0.05195681511470985,
    "RMGR": 0.06683168316831684,
    "RMHL": 0.1111111111111111,
    "RMHR": 0.07142857142857142,
    "SAADL": 0.06593406593406594,
    "SAADR": 0.05454545454545454,
    "SAAVL": 0.06842105263157895,
    "SAAVR": 0.08241758241758242,
    "SABD": 0.057692307692307696,
    "SABVL": 0.06593406593406594,
    "SABVR": 0.05514705882352941,
    "SDQL": 0.07575757575757576,
    "SDQR": 0.05731225296442688,
    "SIADL": 0.10714285714285714,
    "SIADR": 0.03571428571428571,
    "SIAVL": 0.03636363636363636,
    "SIAVR": 0.0,
    "SIBDL": 0.0,
    "SIBDR": 0.05303030303030303,
    "SIBVL": 0.05,
    "SIBVR": 0.04583333333333333,
    "SMBDL": 0.05092592592592592,
    "SMBDR": 0.08102766798418973,
    "SMBVL": 0.07692307692307693,
    "SMBVR": 0.10476190476190476,
    "SMDDL": 0.054022988505747126,
    "SMDDR": 0.03985507246376811,
    "SMDVL": 0.05,
    "SMDVR": 0.08333333333333333,
    "URADL": 0.0,
    "URADR": 0.027777777777777776,
    "URAVL": 0.1,
    "URAVR": 0.047619047619047616,
    "URBL": 0.06666666666666667,