{
  "clustering_coefficients": {
    "ADAL": 0.05523809523809524,
    "ADAR": 0.04957983193277311,
    "ADEL": 0.06736242884250475,
    "ADER": 0.05886332882273342,
    "ADFL": 0.05303030303030303,
    "ADFR": 0.05454545454545454,
    "ADLL": 0.041501976284584984,
    "ADLR": 0.07602339181286549,
    "AFDL": 0.06666666666666667,
    "AFDR": 0.05454545454545454,
    "AIAL": 0.04461279461279461,
    "AIAR": 0.04411764705882353,
    "AIBL": 0.057245080500894455,
    "AIBR": 0.045454545454545456,
    "AIML": 0.050239234449760764,
    "AIMR": 0.06043956043956044,
    "AINL": 0.11538461538461539,
    "AINR": 0.04497354497354497,
    "AIYL": 0.06716417910447761,
    "AIYR": 0.08169934640522876,
    "AIZL": 0.055,
    "AIZR": 0.058823529411764705,
    "ALA": 0.125,
    "ALML": 0.09090909090909091,
    "ALMR": 0.044444444444444446,
    "ALNL": 0.1,
    "ALNR": 0.027777777777777776,
    "AQR": 0.053763440860215055,
    "AS1": 0.07407407407407407,
    "AS10": 0.011363636363636364,
    "AS11": 0.03571428571428571,
    "AS2": 0.037815126050420166,
    "AS3": 0.05714285714285714,
    "AS4": 0.03636363636363636,
    "AS5": 0.029166666666666667,
    "AS6": 0.05514705882352941,
    "AS7": 0.06666666666666667,
    "AS8": 0.1,
    "AS9": 0.023809523809523808,
    "ASEL": 0.05238095238095238,
    "ASER": 0.05928853754940711,
    "ASGL": 0.02727272727272727,
    "ASGR": 0.051470588235294115,
    "ASHL": 0.06166666666666667,
    "ASHR": 0.043209876543209874,
    "ASIL": 0.03333333333333333,
    "ASIR": 0.06481481481481481,
    "ASJL": 0.03333333333333333,
    "ASJR": 0.11904761904761904,
    "ASKL": 0.0380952380952381,
    "ASKR": 0.04285714285714286,
    "AUAL": 0.10588235294117647,
    "AUAR": 0.02962962962962963,
    "AVAL": 0.041423001949317736,
    "AVAR": 0.03884992987377279,
    "AVBL": 0.036358665937670856,
    "AVBR": 0.030243075183719617,
    "AVDL": 0.03594351732991014,
    "AVDR": 0.05656108597285068,
    "AVEL": 0.056081081081081084,
    "AVER": 0.04833647206528562,
    "AVFL": 0.05040322580645161,
    "AVFR": 0.07416267942583732,
    "AVG": 0.07163323782234957,
    "AVHL": 0.031092436974789917,
    "AVHR": 0.04923076923076923,
    "AVJL": 0.04848966613672496,
    "AVJR": 0.058935361216730035,
    "AVKL": 0.0498371335504886,
    "AVKR": 0.04377880184331797,
    "AVL": 0.06365740740740741,
    "AVM": 0.08941605839416059,
    "AWAL": 0.07142857142857142,
    "AWAR": 0.08169934640522876,
    "AWBL": 0.08333333333333333,
    "AWBR": 0.0582010582010582,
    "AWCL": 0.05413105413105413,
    "AWCR": 0.03205128205128205,
    "BAGL": 0.04148471615720524,
    "BAGR": 0.050239234449760764,
    "BDUL": 0.045454545454545456,
    "BDUR": 0.0621301775147929,
    "CANL": 0.0,
    "CANR": 0.0,
    "CEPDL": 0.05263157894736842,
    "CEPDR": 0.06296296296296296,
    "CEPVL": 0.032679738562091505,
    "CEPVR": 0.055384615384615386,
    "DA1": 0.03557312252964427,
    "DA2": 0.04228855721393035,
    "DA3": 0.06140350877192982,
    "DA4": 0.05731225296442688,
    "DA5": 0.05514705882352941,
    "DA6": 0.044444444444444446,
    "DA7": 0.05,
    "DA8": 0.012987012987012988,
    "DA9": 0.05416666666666667,
    "DB1": 0.052873563218390804,
    "DB2": 0.0873015873015873,
    "DB3": 0.06340579710144928,
    "DB4": 0.09705882352941177,
    "DB5": 0.08333333333333333,
    "DB6": 0.07051282051282051,
    "DB7": 0.051470588235294115,
    "DD1": 0.03588516746411483,
    "DD2": 0.05533596837944664,
    "DD3": 0.0784313725490196,
    "DD4": 0.07142857142857142,
    "DD5": 0.09090909090909091,
    "DD6": 0.047619047619047616,
    "DVA": 0.05393939393939394,
    "DVB": 0.06060606060606061,
    "DVC": 0.03383458646616541,
    "FLPL": 0.07602339181286549,
    "FLPR": 0.06267806267806268,
    "HSNL": 0.03632478632478633,
    "HSNR": 0.03995560488346282,
    "I1L": 0.08918406072106262,
    "I1R": 0.05128205128205128,
    "I2L": 0.05555555555555555,
    "I2R": 0.1111111111111111,
    "I3": 0.06209150326797386,
    "I4": 0.06818181818181818,
    "I5": 0.06593406593406594,
    "I6": 0.07272727272727272,
    "IL1DL": 0.04497354497354497,
    "IL1DR": 0.03296703296703297,
    "IL1L": 0.04487179487179487,
    "IL1R": 0.051470588235294115,
    "IL1VL": 0.04678362573099415,
    "IL1VR": 0.04743083003952569,
    "IL2DL": 0.10714285714285714,
    "IL2DR": 0.05555555555555555,
    "IL2L": 0.05185185185185185,
    "IL2R": 0.041666666666666664,
    "IL2VL": 0.057692307692307696,
    "IL2VR": 0.06818181818181818,
    "LUAL": 0.045454545454545456,
    "LUAR": 0.07692307692307693,
    "M1": 0.07516339869281045,
    "M2L": 0.0962962962962963,
    "M2R": 0.0425531914893617,
    "M3L": 0.09539473684210527,
    "M3R": 0.055,
    "M4": 0.038461538461538464,
    "M5": 0.07777777777777778,
    "MCL": 0.05,
    "MCR": 0.044444444444444446,
    "MI": 0.046798029556650245,
    "NSML": 0.07142857142857142,
    "NSMR": 0.05454545454545454,
    "OLLL": 0.052307692307692305,
    "OLLR": 0.07047872340425532,
    "OLQDL": 0.05928853754940711,
    "OLQDR": 0.10130718954248366,
    "OLQVL": 0.05476190476190476,
    "OLQVR": 0.05,
    "PDA": 0.022222222222222223,
    "PDB": 0.2,
    "PDEL": 0.0380952380952381,
    "PDER": 0.05615942028985507,
    "PHAL": 0.047619047619047616,
    "PHAR": 0.03076923076923077,
    "PHBL": 0.03205128205128205,
    "PHBR": 0.08187134502923976,
    "PHCL": 0.07894736842105263,
    "PHCR": 0.10256410256410256,
    "PLML": 0.05555555555555555,
    "PLMR": 0.023809523809523808,
    "PLNL": 0.0,
    "PLNR": 1.0,
    "PQR": 0.0641025641025641,
    "PVCL": 0.053306342780026994,
    "PVCR": 0.056666666666666664,
    "PVDL": 0.057692307692307696,
    "PVDR": 0.09523809523809523,
    "PVM": 0.03787878787878788,
    "PVNL": 0.048295454545454544,
    "PVNR": 0.05911680911680912,
    "PVPL": 0.046546546546546545,
    "PVPR": 0.03815580286168521,
    "PVQL": 0.037037037037037035,
    "PVQR": 0.05134680134680135,
    "PVR": 0.056686046511627904,
    "PVT": 0.055714285714285716,
    "PVWL": 0.08333333333333333,
    "PVWR": 0.023809523809523808,
    "RIAL": 0.041474654377880185,
    "RIAR": 0.036317567567567564,
    "RIBL": 0.035333978702807356,
    "RIBR": 0.03911806543385491,
    "RICL": 0.05693069306930693,
    "RICR": 0.04467680608365019,
    "RID": 0.05,
    "RIFL": 0.07602339181286549,
    "RIFR": 0.04047619047619048,
    "RIGL": 0.026647286821705425,
    "RIGR": 0.059267241379310345,
    "RIH": 0.0405982905982906,
    "RIML": 0.07889733840304182,
    "RIMR": 0.07374830852503383,
    "RIPL": 0.05847953216374269,
    "RIPR": 0.1,
    "RIR": 0.054187192118226604,
    "RIS": 0.05827505827505827,
    "RIVL": 0.020833333333333332,
    "RIVR": 0.06086956521739131,
    "RMDDL": 0.07190635451505016,
    "RMDDR": 0.08187134502923976,
    "RMDL": 0.059267241379310345,
    "RMDR": 0.04111405835543767,
    "RMDVL": 0.05665024630541872,
    "RMDVR": 0.052801724137931036,
    "RMED": 0.06190476190476191,
    "RMEL": 0.05,
    "RMER": 0.04945054945054945,
    "RMEV": 0.05555555555555555,
    "RMFL": 0.0847953216374269,
    "RMFR": 0.0,
    "RMGL": 0.06120826709062003,
    "RMGR": 0.06339285714285714,
    "RMHL": 0.10130718954248366,
    "RMHR": 0.08571428571428572,
    "SAADL": 0.04411764705882353,
    "SAADR": 0.009615384615384616,
    "SAAVL": 0.08851674641148326,
    "SAAVR": 0.0625,
    "SABD": 0.09523809523809523,
    "SABVL": 0.07916666666666666,
    "SABVR": 0.045454545454545456,
    "SDQL": 0.08333333333333333,
    "SDQR": 0.038011695906432746,
    "SIADL": 0.03333333333333333,
    "SIADR": 0.0,
    "SIAVL": 0.12222222222222222,
    "SIAVR": 0.1,
    "SIBDL": 0.25,
    "SIBDR": 0.08928571428571429,
    "SIBVL": 0.04583333333333333,
    "SIBVR": 0.07065217391304347,
    "SMBDL": 0.10526315789473684,
    "SMBDR": 0.05411255411255411,
    "SMBVL": 0.04395604395604396,
    "SMBVR": 0.13942307692307693,
    "SMDDL": 0.057971014492753624,
    "SMDDR": 0.0661764705882353,
    "SMDVL": 0.05172413793103448,
    "SMDVR": 0.05238095238095238,
    "URADL": 0.0,
    "URADR": 0.08461538461538462,
    "URAVL": 0.0,