{
  "clustering_coefficients": {
    "ADAL": 0.029914529914529916,
    "ADAR": 0.04521276595744681,
    "ADEL": 0.05587121212121212,
    "ADER": 0.05702917771883289,
    "ADFL": 0.06493506493506493,
    "ADFR": 0.06461538461538462,
    "ADLL": 0.07275132275132275,
    "ADLR": 0.045454545454545456,
    "AFDL": 0.057692307692307696,
    "AFDR": 0.1201923076923077,
    "AIAL": 0.05789473684210526,
    "AIAR": 0.035637149028077755,
    "AIBL": 0.04594594594594595,
    "AIBR": 0.07061340941512126,
    "AIML": 0.06923076923076923,
    "AIMR": 0.07142857142857142,
    "AINL": 0.04487179487179487,
    "AINR": 0.08333333333333333,
    "AIYL": 0.10264900662251655,
    "AIYR": 0.0695970695970696,
    "AIZL": 0.057971014492753624,
    "AIZR": 0.051587301587301584,
    "ALA": 0.027777777777777776,
    "ALML": 0.04700854700854701,
    "ALMR": 0.07142857142857142,
    "ALNL": 0.15,
    "ALNR": 0.09090909090909091,
    "AQR": 0.043209876543209874,
    "AS1": 0.04473684210526316,
    "AS10": 0.07051282051282051,
    "AS11": 0.125,
    "AS2": 0.07037037037037037,
    "AS3": 0.0625,
    "AS4": 0.11029411764705882,
    "AS5": 0.058823529411764705,
    "AS6": 0.058823529411764705,
    "AS7": 0.08333333333333333,
    "AS8": 0.06666666666666667,
    "AS9": 0.03571428571428571,
    "ASEL": 0.049019607843137254,
    "ASER": 0.04363636363636364,
    "ASGL": 0.12222222222222222,
    "ASGR": 0.07692307692307693,
    "ASHL": 0.054376657824933686,
    "ASHR": 0.06571428571428571,
    "ASIL": 0.06818181818181818,
    "ASIR": 0.09243697478991597,
    "ASJL": 0.08181818181818182,
    "ASJR": 0.14285714285714285,
    "ASKL": 0.05228758169934641,
    "ASKR": 0.07692307692307693,
    "AUAL": 0.03254437869822485,
    "AUAR": 0.05789473684210526,
    "AVAL": 0.04346446700507614,
    "AVAR": 0.040092267135325134,
    "AVBL": 0.045008532423208195,
    "AVBR": 0.033660589060308554,
    "AVDL": 0.04212454212454213,
    "AVDR": 0.044256120527306965,
    "AVEL": 0.04883720930232558,
    "AVER": 0.04188759278897137,
    "AVFL": 0.06909090909090909,
    "AVFR": 0.03663003663003663,
    "AVG": 0.08244680851063829,
    "AVHL": 0.06885456885456885,
    "AVHR": 0.04666666666666667,
    "AVJL": 0.04213036565977742,
    "AVJR": 0.05658198614318707,
    "AVKL": 0.031096563011456628,
    "AVKR": 0.05555555555555555,
    "AVL": 0.04843304843304843,
    "AVM": 0.0777027027027027,
    "AWAL": 0.10606060606060606,
    "AWAR": 0.07312252964426877,
    "AWBL": 0.05656934306569343,
    "AWBR": 0.06084656084656084,
    "AWCL": 0.07142857142857142,
    "AWCR": 0.05592105263157895,
    "BAGL": 0.03827751196172249,
    "BAGR": 0.06622516556291391,
    "BDUL": 0.09090909090909091,
    "BDUR": 0.03571428571428571,
    "CANL": 0.0,
    "CANR": 0.0,
    "CEPDL": 0.06666666666666667,
    "CEPDR": 0.06350626118067978,
    "CEPVL": 0.04736842105263158,
    "CEPVR": 0.05179282868525897,
    "DA1": 0.029411764705882353,
    "DA2": 0.06653225806451613,
    "DA3": 0.04779411764705882,
    "DA4": 0.04523809523809524,
    "DA5": 0.04276315789473684,
    "DA6": 0.08928571428571429,
    "DA7": 0.0,
    "DA8": 0.0641025641025641,
    "DA9": 0.04487179487179487,
    "DB1": 0.05172413793103448,
    "DB2": 0.12637362637362637,
    "DB3": 0.07264957264957266,
    "DB4": 0.05,
    "DB5": 0.03787878787878788,
    "DB6": 0.05555555555555555,
    "DB7": 0.045454545454545456,
    "DD1": 0.03110047846889952,
    "DD2": 0.05844155844155844,
    "DD3": 0.038011695906432746,
    "DD4": 0.037815126050420166,
    "DD5": 0.023809523809523808,
    "DD6": 0.07142857142857142,
    "DVA": 0.05284191829484902,
    "DVB": 0.075,
    "DVC": 0.060825892857142856,
    "FLPL": 0.056790123456790124,
    "FLPR": 0.04723502304147465,
    "HSNL": 0.08753315649867374,
    "HSNR": 0.050955414012738856,
    "I1L": 0.06172839506172839,
    "I1R": 0.06060606060606061,
    "I2L": 0.05555555555555555,
    "I2R": 0.06363636363636363,
    "I3": 0.07309941520467836,
    "I4": 0.06666666666666667,
    "I5": 0.057692307692307696,
    "I6": 0.046296296296296294,
    "IL1DL": 0.08496732026143791,
    "IL1DR": 0.09444444444444444,
    "IL1L": 0.0380952380952381,
    "IL1R": 0.06315789473684211,
    "IL1VL": 0.11057692307692307,
    "IL1VR": 0.0661764705882353,
    "IL2DL": 0.10714285714285714,
    "IL2DR": 0.1111111111111111,
    "IL2L": 0.027472527472527472,
    "IL2R": 0.08874458874458875,
    "IL2VL": 0.045454545454545456,
    "IL2VR": 0.04395604395604396,
    "LUAL": 0.05,
    "LUAR": 0.06084656084656084,
    "M1": 0.0650887573964497,
    "M2L": 0.07083333333333333,
    "M2R": 0.039473684210526314,
    "M3L": 0.07707509881422925,
    "M3R": 0.05217391304347826,
    "M4": 0.05,
    "M5": 0.05042016806722689,
    "MCL": 0.04326923076923077,
    "MCR": 0.054945054945054944,
    "MI": 0.07777777777777778,
    "NSML": 0.045454545454545456,
    "NSMR": 0.09649122807017543,
    "OLLL": 0.03373015873015873,
    "OLLR": 0.04563492063492063,
    "OLQDL": 0.037037037037037035,
    "OLQDR": 0.06702898550724638,
    "OLQVL": 0.056363636363636366,
    "OLQVR": 0.041970802919708027,
    "PDA": 0.14285714285714285,
    "PDB": 0.06818181818181818,
    "PDEL": 0.05925925925925926,
    "PDER": 0.05228758169934641,
    "PHAL": 0.022222222222222223,
    "PHAR": 0.08181818181818182,
    "PHBL": 0.038461538461538464,
    "PHBR": 0.09628378378378379,
    "PHCL": 0.07272727272727272,
    "PHCR": 0.06944444444444445,
    "PLML": 0.05,
    "PLMR": 0.0625,
    "PLNL": 0.16666666666666666,
    "PLNR": 0.0,
    "PQR": 0.01282051282051282,
    "PVCL": 0.04796238244514107,
    "PVCR": 0.05730994152046784,
    "PVDL": 0.07142857142857142,
    "PVDR": 0.023809523809523808,
    "PVM": 0.016666666666666666,
    "PVNL": 0.05692307692307692,
    "PVNR": 0.08602150537634409,
    "PVPL": 0.03802281368821293,
    "PVPR": 0.0603448275862069,
    "PVQL": 0.06304347826086956,
    "PVQR": 0.07957559681697612,
    "PVR": 0.06089309878213803,
    "PVT": 0.04740608228980322,
    "PVWL": 0.12307692307692308,
    "PVWR": 0.0,
    "RIAL": 0.0459837019790454,
    "RIAR": 0.07019438444924406,
    "RIBL": 0.030222222222222223,
    "RIBR": 0.050522648083623695,
    "RICL": 0.05291005291005291,
    "RICR": 0.06857142857142857,
    "RID": 0.06428571428571428,
    "RIFL": 0.043859649122807015,
    "RIFR": 0.041666666666666664,
    "RIGL": 0.05296610169491525,
    "RIGR": 0.061553030303030304,
    "RIH": 0.06072874493927125,
    "RIML": 0.05820610687022901,
    "RIMR": 0.042682926829268296,
    "RIPL": 0.06719367588932806,
    "RIPR": 0.04700854700854701,
    "RIR": 0.05698005698005698,
    "RIS": 0.07089898053753475,
    "RIVL": 0.05536912751677853,
    "RIVR": 0.06280788177339902,
    "RMDDL": 0.07114624505928854,
    "RMDDR": 0.04523809523809524,
    "RMDL": 0.06126482213438735,
    "RMDR": 0.03439153439153439,
    "RMDVL": 0.06235565819861432,
    "RMDVR": 0.05452127659574468,
    "RMED": 0.09340659340659341,
    "RMEL": 0.06153846153846154,
    "RMER": 0.02962962962962963,
    "RMEV": 0.03571428571428571,
    "RMFL": 0.05714285714285714,
    "RMFR": 0.04945054945054945,
    "RMGL": 0.05961844197138315,
    "RMGR": 0.0572289156626506,
    "RMHL": 0.06363636363636363,
    "RMHR": 0.030303030303030304,
    "SAADL": 0.05128205128205128,
    "SAADR": 0.042105263157894736,
    "SAAVL": 0.03333333333333333,
    "SAAVR": 0.09134615384615384,
    "SABD": 0.07833333333333334,
    "SABVL": 0.1388888888888889,
    "SABVR": 0.022222222222222223,
    "SDQL": 0.07352941176470588,
    "SDQR": 0.058333333333333334,
    "SIADL": 0.06666666666666667,
    "SIADR": 0.16666666666666666,
    "SIAVL": 0.06666666666666667,
    "SIAVR": 0.07142857142857142,
    "SIBDL": 0.06666666666666667,
    "SIBDR": 0.09615384615384616,
    "SIBVL": 0.045454545454545456,
    "SIBVR": 0.09705882352941177,
    "SMBDL": 0.06084656084656084,
    "SMBDR": 0.04940711462450593,
    "SMBVL": 0.09926470588235294,
    "SMBVR": 0.0761904761904762,
    "SMDDL": 0.05846153846153846,
    "SMDDR": 0.04528985507246377,
    "SMDVL": 0.05,
    "SMDVR": 0.08333333333333333,