{
  "clustering_coefficients": {
    "ADAL": 0.06976744186046512,
    "ADAR": 0.057692307692307696,
    "ADEL": 0.03949579831932773,
    "ADER": 0.07122507122507123,
    "ADFL": 0.09090909090909091,
    "ADFR": 0.05272727272727273,
    "ADLL": 0.07579787234042554,
    "ADLR": 0.06084656084656084,
    "AFDL": 0.023809523809523808,
    "AFDR": 0.09090909090909091,
    "AIAL": 0.04865771812080537,
    "AIAR": 0.06389452332657201,
    "AIBL": 0.05988593155893536,
    "AIBR": 0.04214285714285714,
    "AIML": 0.06296296296296296,
    "AIMR": 0.0673076923076923,
    "AINL": 0.0873015873015873,
    "AINR": 0.05238095238095238,
    "AIYL": 0.06296296296296296,
    "AIYR": 0.06904761904761905,
    "AIZL": 0.05169340463458111,
    "AIZR": 0.07160493827160494,
    "ALA": 0.05357142857142857,
    "ALML": 0.049019607843137254,
    "ALMR": 0.08181818181818182,
    "ALNL": 0.047619047619047616,
    "ALNR": 0.047619047619047616,
    "AQR": 0.058666666666666666,
    "AS1": 0.03571428571428571,
    "AS10": 0.03333333333333333,
    "AS11": 0.07894736842105263,
    "AS2": 0.06060606060606061,
    "AS3": 0.07647058823529412,
    "AS4": 0.06043956043956044,
    "AS5": 0.09047619047619047,
    "AS6": 0.06043956043956044,
    "AS7": 0.08333333333333333,
    "AS8": 0.0,
    "AS9": 0.03333333333333333,
    "ASEL": 0.05,
    "ASER": 0.07391304347826087,
    "ASGL": 0.027777777777777776,
    "ASGR": 0.06725146198830409,
    "ASHL": 0.07047872340425532,
    "ASHR": 0.051587301587301584,
    "ASIL": 0.08455882352941177,
    "ASIR": 0.1,
    "ASJL": 0.04487179487179487,
    "ASJR": 0.06666666666666667,
    "ASKL": 0.054945054945054944,
    "ASKR": 0.04285714285714286,
    "AUAL": 0.08421052631578947,
    "AUAR": 0.06304347826086956,
    "AVAL": 0.033868441660140955,
    "AVAR": 0.03451109285127362,
    "AVBL": 0.03284982935153584,
    "AVBR": 0.05266579973992198,
    "AVDL": 0.03839869281045752,
    "AVDR": 0.04990583804143126,
    "AVEL": 0.046218487394957986,
    "AVER": 0.04129190515126738,
    "AVFL": 0.06774193548387097,
    "AVFR": 0.04013377926421405,
    "AVG": 0.05397727272727273,
    "AVHL": 0.04203935599284436,
    "AVHR": 0.04933586337760911,
    "AVJL": 0.05279034690799397,
    "AVJR": 0.046419098143236075,
    "AVKL": 0.04915433403805497,
    "AVKR": 0.05787476280834915,
    "AVL": 0.055639097744360905,
    "AVM": 0.03456221198156682,
    "AWAL": 0.06666666666666667,
    "AWAR": 0.05,
    "AWBL": 0.04473684210526316,
    "AWBR": 0.07058823529411765,
    "AWCL": 0.0625,
    "AWCR": 0.058333333333333334,
    "BAGL": 0.06331877729257641,
    "BAGR": 0.0761904761904762,
    "BDUL": 0.07720588235294118,
    "BDUR": 0.038461538461538464,
    "CANL": 0.0,
    "CANR": 0.0,
    "CEPDL": 0.08225108225108226,
    "CEPDR": 0.04700854700854701,
    "CEPVL": 0.0625,
    "CEPVR": 0.07655502392344497,
    "DA1": 0.0673076923076923,
    "DA2": 0.059113300492610835,
    "DA3": 0.09259259259259259,
    "DA4": 0.025,
    "DA5": 0.07142857142857142,
    "DA6": 0.0,
    "DA7": 0.0,
    "DA8": 0.0641025641025641,
    "DA9": 0.07720588235294118,
    "DB1": 0.03333333333333333,
    "DB2": 0.04528985507246377,
    "DB3": 0.05714285714285714,
    "DB4": 0.032679738562091505,
    "DB5": 0.08241758241758242,
    "DB6": 0.12727272727272726,
    "DB7": 0.05,
    "DD1": 0.03684210526315789,
    "DD2": 0.02894736842105263,
    "DD3": 0.07083333333333333,
    "DD4": 0.05555555555555555,
    "DD5": 0.022222222222222223,
    "DD6": 0.041666666666666664,
    "DVA": 0.041061046511627904,
    "DVB": 0.06666666666666667,
    "DVC": 0.03282828282828283,
    "FLPL": 0.07246376811594203,
    "FLPR": 0.07712765957446809,
    "HSNL": 0.051587301587301584,
    "HSNR": 0.06111111111111111,
    "I1L": 0.07178217821782178,
    "I1R": 0.06086956521739131,
    "I2L": 0.08552631578947369,
    "I2R": 0.08333333333333333,
    "I3": 0.03676470588235294,
    "I4": 0.06111111111111111,
    "I5": 0.04736842105263158,
    "I6": 0.07692307692307693,
    "IL1DL": 0.07017543859649122,
    "IL1DR": 0.07142857142857142,
    "IL1L": 0.07983193277310924,
    "IL1R": 0.04411764705882353,
    "IL1VL": 0.09705882352941177,
    "IL1VR": 0.0784313725490196,
    "IL2DL": 0.07142857142857142,
    "IL2DR": 0.041666666666666664,
    "IL2L": 0.08888888888888889,
    "IL2R": 0.08727272727272728,
    "IL2VL": 0.05454545454545454,
    "IL2VR": 0.027777777777777776,
    "LUAL": 0.05384615384615385,
    "LUAR": 0.05416666666666667,
    "M1": 0.036231884057971016,
    "M2L": 0.06985294117647059,
    "M2R": 0.040145985401459854,
    "M3L": 0.05,
    "M3R": 0.05,
    "M4": 0.05555555555555555,
    "M5": 0.09322033898305085,
    "MCL": 0.06842105263157895,
    "MCR": 0.0756578947368421,
    "MI": 0.05053191489361702,
    "NSML": 0.09090909090909091,
    "NSMR": 0.038461538461538464,
    "OLLL": 0.06172839506172839,
    "OLLR": 0.05714285714285714,
    "OLQDL": 0.06432748538011696,
    "OLQDR": 0.04666666666666667,
    "OLQVL": 0.04450757575757576,
    "OLQVR": 0.058333333333333334,
    "PDA": 0.03571428571428571,
    "PDB": 0.047619047619047616,
    "PDEL": 0.04784688995215311,
    "PDER": 0.05847953216374269,
    "PHAL": 0.07370517928286853,
    "PHAR": 0.08455882352941177,
    "PHBL": 0.06944444444444445,
    "PHBR": 0.051470588235294115,
    "PHCL": 0.12179487179487179,
    "PHCR": 0.06363636363636363,
    "PLML": 0.023809523809523808,
    "PLMR": 0.042105263157894736,
    "PLNL": 0.0,
    "PLNR": 0.0,
    "PQR": 0.07142857142857142,
    "PVCL": 0.044184535412605586,
    "PVCR": 0.04408543263964951,
    "PVDL": 0.07692307692307693,
    "PVDR": 0.14285714285714285,
    "PVM": 0.06296296296296296,
    "PVNL": 0.047619047619047616,
    "PVNR": 0.05268817204301075,
    "PVPL": 0.03978494623655914,
    "PVPR": 0.05745721271393643,
    "PVQL": 0.05555555555555555,
    "PVQR": 0.08428571428571428,
    "PVR": 0.047619047619047616,
    "PVT": 0.054945054945054944,
    "PVWL": 0.08181818181818182,
    "PVWR": 0.1,
    "RIAL": 0.03763440860215054,
    "RIAR": 0.06263858093126386,
    "RIBL": 0.036564625850340135,
    "RIBR": 0.05116279069767442,
    "RICL": 0.058823529411764705,
    "RICR": 0.04562043795620438,
    "RID": 0.07017543859649122,
    "RIFL": 0.04411764705882353,
    "RIFR": 0.06923076923076923,
    "RIGL": 0.05405405405405406,
    "RIGR": 0.05603448275862069,
    "RIH": 0.03783469150174622,
    "RIML": 0.047311827956989246,
    "RIMR": 0.0546218487394958,
    "RIPL": 0.07516339869281045,
    "RIPR": 0.05588235294117647,
    "RIR": 0.08134920634920635,
    "RIS": 0.04453781512605042,
    "RIVL": 0.0546218487394958,
    "RIVR": 0.07481751824817519,
    "RMDDL": 0.056363636363636366,
    "RMDDR": 0.041666666666666664,
    "RMDL": 0.06521739130434782,
    "RMDR": 0.044753086419753084,
    "RMDVL": 0.04736842105263158,
    "RMDVR": 0.059770114942528735,
    "RMED": 0.06060606060606061,
    "RMEL": 0.057692307692307696,
    "RMER": 0.06432748538011696,
    "RMEV": 0.05333333333333334,
    "RMFL": 0.01644736842105263,
    "RMFR": 0.02727272727272727,
    "RMGL": 0.046031746031746035,
    "RMGR": 0.07901234567901234,
    "RMHL": 0.047619047619047616,
    "RMHR": 0.05476190476190476,
    "SAADL": 0.052884615384615384,
    "SAADR": 0.05476190476190476,
    "SAAVL": 0.06666666666666667,
    "SAAVR": 0.08333333333333333,
    "SABD": 0.059770114942528735,
    "SABVL": 0.06725146198830409,
    "SABVR": 0.029411764705882353,
    "SDQL": 0.09340659340659341,
    "SDQR": 0.06521739130434782,
    "SIADL": 0.2,
    "SIADR": 0.1,
    "SIAVL": 0.05357142857142857,
    "SIAVR": 0.06428571428571428,
    "SIBDL": 0.0,
    "SIBDR": 0.1,
    "SIBVL": 0.06363636363636363,
    "SIBVR": 0.08241758241758242,
    "SMBDL": 0.0625,
    "SMBDR": 0.049019607843137254,
    "SMBVL": 0.08441558441558442,
    "SMBVR": 0.05076923076923077,
    "SMDDL": 0.04112554112554113,
    "SMDDR": 0.06285714285714286,
    "SMDVL": 0.07017543859649122,
    "SMDVR": 0.0645933014354067,
    "URADL": 0.05555555555555555,
    "URADR": 0.09090909090909091,
    "URAVL": 0.05,
    "URAVR": 0.0,