{
  "clustering_coefficients": {
    "ADAL": 0.0654320987654321,
    "ADAR": 0.048484848484848485,
    "ADEL": 0.041245791245791245,
    "ADER": 0.05270655270655271,
    "ADFL": 0.041666666666666664,
    "ADFR": 0.06926406926406926,
    "ADLL": 0.05857142857142857,
    "ADLR": 0.0457516339869281,
    "AFDL": 0.054945054945054944,
    "AFDR": 0.0641025641025641,
    "AIAL": 0.05824372759856631,
    "AIAR": 0.04428571428571428,
    "AIBL": 0.06228956228956229,
    "AIBR": 0.06279809220985691,
    "AIML": 0.04093567251461988,
    "AIMR": 0.06043956043956044,
    "AINL": 0.04395604395604396,
    "AINR": 0.075,
    "AIYL": 0.042105263157894736,
    "AIYR": 0.02287581699346405,
    "AIZL": 0.045454545454545456,
    "AIZR": 0.04377880184331797,
    "ALA": 0.06944444444444445,
    "ALML": 0.06084656084656084,
    "ALMR": 0.1118421052631579,
    "ALNL": 0.06666666666666667,
    "ALNR": 0.045454545454545456,
    "AQR": 0.05844155844155844,
    "AS1": 0.07516339869281045,
    "AS10": 0.03333333333333333,
    "AS11": 0.04945054945054945,
    "AS2": 0.05844155844155844,
    "AS3": 0.058823529411764705,
    "AS4": 0.05555555555555555,
    "AS5": 0.08823529411764706,
    "AS6": 0.03636363636363636,
    "AS7": 0.08928571428571429,
    "AS8": 0.0,
    "AS9": 0.03571428571428571,
    "ASEL": 0.04567901234567901,
    "ASER": 0.04408602150537634,
    "ASGL": 0.03333333333333333,
    "ASGR": 0.1282051282051282,
    "ASHL": 0.04377880184331797,
    "ASHR": 0.08787128712871287,
    "ASIL": 0.05454545454545454,
    "ASIR": 0.05555555555555555,
    "ASJL": 0.023809523809523808,
    "ASJR": 0.027777777777777776,
    "ASKL": 0.07211538461538461,
    "ASKR": 0.0718954248366013,
    "AUAL": 0.06060606060606061,
    "AUAR": 0.07333333333333333,
    "AVAL": 0.03948683772075975,
    "AVAR": 0.03557219751930728,
    "AVBL": 0.04893194237456532,
    "AVBR": 0.04579439252336449,
    "AVDL": 0.03175675675675676,
    "AVDR": 0.041442048517520216,
    "AVEL": 0.04077849860982391,
    "AVER": 0.045177045177045176,
    "AVFL": 0.06072874493927125,
    "AVFR": 0.05502392344497608,
    "AVG": 0.04833333333333333,
    "AVHL": 0.0374331550802139,
    "AVHR": 0.027692307692307693,
    "AVJL": 0.05052790346907994,
    "AVJR": 0.055,
    "AVKL": 0.043237250554323724,
    "AVKR": 0.062162162162162166,
    "AVL": 0.05443548387096774,
    "AVM": 0.023636363636363636,
    "AWAL": 0.075,
    "AWAR": 0.051839464882943144,
    "AWBL": 0.06296296296296296,
    "AWBR": 0.05076923076923077,
    "AWCL": 0.029411764705882353,
    "AWCR": 0.07391304347826087,
    "BAGL": 0.0398936170212766,
    "BAGR": 0.054945054945054944,
    "BDUL": 0.0989010989010989,
    "BDUR": 0.0380952380952381,
    "CANL": 0.0,
    "CANR": 0.0,
    "CEPDL": 0.06363636363636363,
    "CEPDR": 0.06049382716049383,
    "CEPVL": 0.0847953216374269,
    "CEPVR": 0.07312252964426877,
    "DA1": 0.05,
    "DA2": 0.06909090909090909,
    "DA3": 0.037549407114624504,
    "DA4": 0.07341269841269842,
    "DA5": 0.06666666666666667,
    "DA6": 0.057692307692307696,
    "DA7": 0.0,
    "DA8": 0.08333333333333333,
    "DA9": 0.05555555555555555,
    "DB1": 0.04153846153846154,
    "DB2": 0.05952380952380952,
    "DB3": 0.06004618937644342,
    "DB4": 0.0625,
    "DB5": 0.057692307692307696,
    "DB6": 0.09523809523809523,
    "DB7": 0.04395604395604396,
    "DD1": 0.05533596837944664,
    "DD2": 0.05434782608695652,
    "DD3": 0.045454545454545456,
    "DD4": 0.06140350877192982,
    "DD5": 0.09523809523809523,
    "DD6": 0.09523809523809523,
    "DVA": 0.04779411764705882,
    "DVB": 0.07142857142857142,
    "DVC": 0.040948275862068964,
    "FLPL": 0.03580246913580247,
    "FLPR": 0.09736842105263158,
    "HSNL": 0.03917050691244239,
    "HSNR": 0.05058139534883721,
    "I1L": 0.09047619047619047,
    "I1R": 0.055714285714285716,
    "I2L": 0.05357142857142857,
    "I2R": 0.058333333333333334,
    "I3": 0.060526315789473685,
    "I4": 0.06593406593406594,
    "I5": 0.0625,
    "I6": 0.041666666666666664,
    "IL1DL": 0.058823529411764705,
    "IL1DR": 0.054945054945054944,
    "IL1L": 0.028846153846153848,
    "IL1R": 0.10882352941176471,
    "IL1VL": 0.07065217391304347,
    "IL1VR": 0.042735042735042736,
    "IL2DL": 0.10714285714285714,
    "IL2DR": 0.027777777777777776,
    "IL2L": 0.05789473684210526,
    "IL2R": 0.07090909090909091,
    "IL2VL": 0.05303030303030303,
    "IL2VR": 0.06363636363636363,
    "LUAL": 0.06666666666666667,
    "LUAR": 0.04985754985754986,
    "M1": 0.045454545454545456,
    "M2L": 0.05,
    "M2R": 0.04395604395604396,
    "M3L": 0.07941176470588235,
    "M3R": 0.058823529411764705,
    "M4": 0.04044117647058824,
    "M5": 0.05128205128205128,
    "MCL": 0.06060606060606061,
    "MCR": 0.08928571428571429,
    "MI": 0.06221198156682028,
    "NSML": 0.07142857142857142,
    "NSMR": 0.05454545454545454,
    "OLLL": 0.030952380952380953,
    "OLLR": 0.047839506172839504,
    "OLQDL": 0.05980861244019139,
    "OLQDR": 0.04736842105263158,
    "OLQVL": 0.045584045584045586,
    "OLQVR": 0.05714285714285714,
    "PDA": 0.05555555555555555,
    "PDB": 0.05,
    "PDEL": 0.049019607843137254,
    "PDER": 0.05844155844155844,
    "PHAL": 0.08552631578947369,
    "PHAR": 0.11818181818181818,
    "PHBL": 0.05555555555555555,
    "PHBR": 0.06904761904761905,
    "PHCL": 0.12121212121212122,
    "PHCR": 0.07017543859649122,
    "PLML": 0.08928571428571429,
    "PLMR": 0.04583333333333333,
    "PLNL": 0.16666666666666666,
    "PLNR": 0.0,
    "PQR": 0.0989010989010989,
    "PVCL": 0.034080298786181136,
    "PVCR": 0.04411764705882353,
    "PVDL": 0.10714285714285714,
    "PVDR": 0.047619047619047616,
    "PVM": 0.09848484848484848,
    "PVNL": 0.0797872340425532,
    "PVNR": 0.06795131845841786,
    "PVPL": 0.056084656084656084,
    "PVPR": 0.0696969696969697,
    "PVQL": 0.03676470588235294,
    "PVQR": 0.06435643564356436,
    "PVR": 0.057997557997558,
    "PVT": 0.06436781609195402,
    "PVWL": 0.03787878787878788,
    "PVWR": 0.0,
    "RIAL": 0.041379310344827586,
    "RIAR": 0.054400977995110025,
    "RIBL": 0.05143651529193698,
    "RIBR": 0.038845726970033294,
    "RICL": 0.046296296296296294,
    "RICR": 0.03684210526315789,
    "RID": 0.04376657824933687,
    "RIFL": 0.06220095693779904,
    "RIFR": 0.043478260869565216,
    "RIGL": 0.049944506104328525,
    "RIGR": 0.051923076923076926,
    "RIH": 0.06290115532734275,
    "RIML": 0.06288032454361055,
    "RIMR": 0.039766702014846236,
    "RIPL": 0.041666666666666664,
    "RIPR": 0.07936507936507936,
    "RIR": 0.06569343065693431,
    "RIS": 0.05405405405405406,
    "RIVL": 0.07352941176470588,
    "RIVR": 0.05240174672489083,
    "RMDDL": 0.04,
    "RMDDR": 0.05702917771883289,
    "RMDL": 0.05714285714285714,
    "RMDR": 0.054285714285714284,
    "RMDVL": 0.043478260869565216,
    "RMDVR": 0.06428571428571428,
    "RMED": 0.08333333333333333,
    "RMEL": 0.05,
    "RMER": 0.05,
    "RMEV": 0.04597701149425287,
    "RMFL": 0.04487179487179487,
    "RMFR": 0.08791208791208792,
    "RMGL": 0.044654939106901215,
    "RMGR": 0.06157635467980296,
    "RMHL": 0.06944444444444445,
    "RMHR": 0.045454545454545456,
    "SAADL": 0.07037037037037037,
    "SAADR": 0.0665024630541872,
    "SAAVL": 0.042105263157894736,
    "SAAVR": 0.0641025641025641,
    "SABD": 0.04583333333333333,
    "SABVL": 0.05263157894736842,
    "SABVR": 0.027472527472527472,
    "SDQL": 0.06818181818181818,
    "SDQR": 0.04411764705882353,
    "SIADL": 0.06944444444444445,
    "SIADR": 0.0,
    "SIAVL": 0.03571428571428571,
    "SIAVR": 0.041666666666666664,
    "SIBDL": 0.03333333333333333,
    "SIBDR": 0.05416666666666667,
    "SIBVL": 0.045454545454545456,
    "SIBVR": 0.05514705882352941,
    "SMBDL": 0.06545454545454546,
    "SMBDR": 0.06862745098039216,
    "SMBVL": 0.05303030303030303,
    "SMBVR": 0.05476190476190476,
    "SMDDL": 0.05357142857142857,
    "SMDDR": 0.06613756613756613,
    "SMDVL": 0.045454545454545456,
    "SMDVR": 0.05,
    "URADL": 0.025,
    "URADR": 0.03333333333333333,