{
  "clustering_coefficients": {
    "ADAL": 0.0582010582010582,
    "ADAR": 0.08314087759815242,
    "ADEL": 0.07313195548489666,
    "ADER": 0.060215053763440864,
    "ADFL": 0.06944444444444445,
    "ADFR": 0.056878306878306875,
    "ADLL": 0.03272727272727273,
    "ADLR": 0.06060606060606061,
    "AFDL": 0.05128205128205128,
    "AFDR": 0.058823529411764705,
    "AIAL": 0.03795066413662239,
    "AIAR": 0.06327160493827161,
    "AIBL": 0.045571245186136075,
    "AIBR": 0.048625792811839326,
    "AIML": 0.06432748538011696,
    "AIMR": 0.05714285714285714,
    "AINL": 0.03684210526315789,
    "AINR": 0.03676470588235294,
    "AIYL": 0.0625,
    "AIYR": 0.06190476190476191,
    "AIZL": 0.05,
    "AIZR": 0.05028462998102467,
    "ALA": 0.06944444444444445,
    "ALML": 0.056856187290969896,
    "ALMR": 0.05555555555555555,
    "ALNL": 0.05555555555555555,
    "ALNR": 0.05357142857142857,
    "AQR": 0.05142857142857143,
    "AS1": 0.03296703296703297,
    "AS10": 0.08333333333333333,
    "AS11": 0.08888888888888889,
    "AS2": 0.08333333333333333,
    "AS3": 0.06153846153846154,
    "AS4": 0.05454545454545454,
    "AS5": 0.05238095238095238,
    "AS6": 0.02564102564102564,
    "AS7": 0.13333333333333333,
    "AS8": 0.0,
    "AS9": 0.14285714285714285,
    "ASEL": 0.05514705882352941,
    "ASER": 0.07391304347826087,
    "ASGL": 0.06818181818181818,
    "ASGR": 0.1111111111111111,
    "ASHL": 0.06060606060606061,
    "ASHR": 0.05793650793650794,
    "ASIL": 0.04395604395604396,
    "ASIR": 0.09090909090909091,
    "ASJL": 0.047619047619047616,
    "ASJR": 0.07142857142857142,
    "ASKL": 0.14166666666666666,
    "ASKR": 0.0873015873015873,
    "AUAL": 0.08133971291866028,
    "AUAR": 0.037037037037037035,
    "AVAL": 0.03851030110935024,
    "AVAR": 0.03612523414503613,
    "AVBL": 0.03168854685377999,
    "AVBR": 0.03208232445520581,
    "AVDL": 0.041456016177957536,
    "AVDR": 0.04495005549389567,
    "AVEL": 0.04299645390070922,
    "AVER": 0.06260229132569559,
    "AVFL": 0.05,
    "AVFR": 0.05928853754940711,
    "AVG": 0.045584045584045586,
    "AVHL": 0.04938271604938271,
    "AVHR": 0.051587301587301584,
    "AVJL": 0.0610079575596817,
    "AVJR": 0.04838709677419355,
    "AVKL": 0.042163543441226574,
    "AVKR": 0.06451612903225806,
    "AVL": 0.04292527821939587,
    "AVM": 0.059782608695652176,
    "AWAL": 0.06578947368421052,
    "AWAR": 0.05847953216374269,
    "AWBL": 0.05194805194805195,
    "AWBR": 0.08455882352941177,
    "AWCL": 0.046218487394957986,
    "AWCR": 0.09340659340659341,
    "BAGL": 0.058823529411764705,
    "BAGR": 0.04285714285714286,
    "BDUL": 0.10989010989010989,
    "BDUR": 0.03833333333333333,
    "CANL": 0.0,
    "CANR": 0.0,
    "CEPDL": 0.056363636363636366,
    "CEPDR": 0.05008944543828265,
    "CEPVL": 0.08102766798418973,
    "CEPVR": 0.06428571428571428,
    "DA1": 0.08260869565217391,
    "DA2": 0.07285714285714286,
    "DA3": 0.05514705882352941,
    "DA4": 0.03823529411764706,
    "DA5": 0.0661764705882353,
    "DA6": 0.03333333333333333,
    "DA7": 0.0,
    "DA8": 0.09166666666666666,
    "DA9": 0.06535947712418301,
    "DB1": 0.05698005698005698,
    "DB2": 0.029239766081871343,
    "DB3": 0.05555555555555555,
    "DB4": 0.06060606060606061,
    "DB5": 0.08496732026143791,
    "DB6": 0.08181818181818182,
    "DB7": 0.0625,
    "DD1": 0.05263157894736842,
    "DD2": 0.05555555555555555,
    "DD3": 0.0661764705882353,
    "DD4": 0.0875,
    "DD5": 0.0641025641025641,
    "DD6": 0.07575757575757576,
    "DVA": 0.06046814044213264,
    "DVB": 0.03205128205128205,
    "DVC": 0.049107142857142856,
    "FLPL": 0.0891304347826087,
    "FLPR": 0.045584045584045586,
    "HSNL": 0.06,
    "HSNR": 0.05675675675675676,
    "I1L": 0.06200317965023847,
    "I1R": 0.05925925925925926,
    "I2L": 0.045454545454545456,
    "I2R": 0.05303030303030303,
    "I3": 0.049783549783549784,
    "I4": 0.06349206349206349,
    "I5": 0.06666666666666667,
    "I6": 0.05,
    "IL1DL": 0.08478260869565217,
    "IL1DR": 0.07894736842105263,
    "IL1L": 0.046296296296296294,
    "IL1R": 0.06727272727272728,
    "IL1VL": 0.058333333333333334,
    "IL1VR": 0.044444444444444446,
    "IL2DL": 0.08928571428571429,
    "IL2DR": 0.08333333333333333,
    "IL2L": 0.05555555555555555,
    "IL2R": 0.07602339181286549,
    "IL2VL": 0.06818181818181818,
    "IL2VR": 0.13636363636363635,
    "LUAL": 0.07205240174672489,
    "LUAR": 0.06084656084656084,
    "M1": 0.06926406926406926,
    "M2L": 0.047619047619047616,
    "M2R": 0.07142857142857142,
    "M3L": 0.06159420289855073,
    "M3R": 0.035,
    "M4": 0.07352941176470588,
    "M5": 0.03333333333333333,
    "MCL": 0.1037037037037037,
    "MCR": 0.027777777777777776,
    "MI": 0.04453781512605042,
    "NSML": 0.075,
    "NSMR": 0.06593406593406594,
    "OLLL": 0.05384615384615385,
    "OLLR": 0.04131534569983136,
    "OLQDL": 0.058823529411764705,
    "OLQDR": 0.04112554112554113,
    "OLQVL": 0.0582010582010582,
    "OLQVR": 0.045584045584045586,
    "PDA": 0.06190476190476191,
    "PDB": 0.0,
    "PDEL": 0.02631578947368421,
    "PDER": 0.030952380952380953,
    "PHAL": 0.08791208791208792,
    "PHAR": 0.027777777777777776,
    "PHBL": 0.03571428571428571,
    "PHBR": 0.03333333333333333,
    "PHCL": 0.045454545454545456,
    "PHCR": 0.06363636363636363,
    "PLML": 0.03333333333333333,
    "PLMR": 0.06432748538011696,
    "PLNL": 0.16666666666666666,
    "PLNR": 0.0,
    "PQR": 0.03787878787878788,
    "PVCL": 0.048615800135043886,
    "PVCR": 0.043429003021148035,
    "PVDL": 0.1,
    "PVDR": 0.047619047619047616,
    "PVM": 0.03296703296703297,
    "PVNL": 0.06296296296296296,
    "PVNR": 0.051587301587301584,
    "PVPL": 0.03949579831932773,
    "PVPR": 0.05630252100840336,
    "PVQL": 0.08225108225108226,
    "PVQR": 0.05968169761273209,
    "PVR": 0.06117824773413897,
    "PVT": 0.04909365558912387,
    "PVWL": 0.09615384615384616,
    "PVWR": 0.1,
    "RIAL": 0.04640151515151515,
    "RIAR": 0.05758807588075881,
    "RIBL": 0.04196157735085945,
    "RIBR": 0.039886039886039885,
    "RICL": 0.04372019077901431,
    "RICR": 0.03463203463203463,
    "RID": 0.061200923787528866,
    "RIFL": 0.05476190476190476,
    "RIFR": 0.05138339920948617,
    "RIGL": 0.045180722891566265,
    "RIGR": 0.05308641975308642,
    "RIH": 0.059379217273954114,
    "RIML": 0.0517515923566879,
    "RIMR": 0.060897435897435896,
    "RIPL": 0.05333333333333334,
    "RIPR": 0.0533596837944664,
    "RIR": 0.038461538461538464,
    "RIS": 0.05897435897435897,
    "RIVL": 0.03676470588235294,
    "RIVR": 0.07575757575757576,
    "RMDDL": 0.04774535809018567,
    "RMDDR": 0.04562043795620438,
    "RMDL": 0.06666666666666667,
    "RMDR": 0.040998217468805706,
    "RMDVL": 0.0367965367965368,
    "RMDVR": 0.035493827160493825,
    "RMED": 0.058823529411764705,
    "RMEL": 0.04395604395604396,
    "RMER": 0.051470588235294115,
    "RMEV": 0.055384615384615386,
    "RMFL": 0.06190476190476191,
    "RMFR": 0.027777777777777776,
    "RMGL": 0.050079491255961846,
    "RMGR": 0.05517241379310345,
    "RMHL": 0.06363636363636363,
    "RMHR": 0.07083333333333333,
    "SAADL": 0.045454545454545456,
    "SAADR": 0.05789473684210526,
    "SAAVL": 0.08791208791208792,
    "SAAVR": 0.05555555555555555,
    "SABD": 0.0457516339869281,
    "SABVL": 0.07575757575757576,
    "SABVR": 0.027777777777777776,
    "SDQL": 0.07083333333333333,
    "SDQR": 0.05263157894736842,
    "SIADL": 0.03571428571428571,
    "SIADR": 0.022222222222222223,
    "SIAVL": 0.05357142857142857,
    "SIAVR": 0.08928571428571429,
    "SIBDL": 0.15,
    "SIBDR": 0.07954545454545454,
    "SIBVL": 0.07309941520467836,
    "SIBVR": 0.060526315789473685,
    "SMBDL": 0.04779411764705882,
    "SMBDR": 0.043859649122807015,
    "SMBVL": 0.06060606060606061,
    "SMBVR": 0.03594771241830065,
    "SMDDL": 0.05016722408026756,
    "SMDDR": 0.06904761904761905,
    "SMDVL": 0.037142857142857144,
    "SMDVR": 0.027777777777777776,
    "URADL": 0.03333333333333333,