{
  "clustering_coefficients": {
    "ADAL": 0.0587557603686636,
    "ADAR": 0.0641025641025641,
    "ADEL": 0.06090225563909774,
    "ADER": 0.04375,
    "ADFL": 0.03571428571428571,
    "ADFR": 0.0625,
    "ADLL": 0.04365079365079365,
    "ADLR": 0.08421052631578947,
    "AFDL": 0.06043956043956044,
    "AFDR": 0.05,
    "AIAL": 0.054187192118226604,
    "AIAR": 0.06719367588932806,
    "AIBL": 0.04732142857142857,
    "AIBR": 0.0651618398637138,
    "AIML": 0.07894736842105263,
    "AIMR": 0.07142857142857142,
    "AINL": 0.05384615384615385,
    "AINR": 0.047619047619047616,
    "AIYL": 0.05333333333333334,
    "AIYR": 0.08157894736842106,
    "AIZL": 0.051233396584440226,
    "AIZR": 0.057971014492753624,
    "ALA": 0.16666666666666666,
    "ALML": 0.06862745098039216,
    "ALMR": 0.07142857142857142,
    "ALNL": 0.12878787878787878,
    "ALNR": 0.05303030303030303,
    "AQR": 0.044930875576036866,
    "AS1": 0.08974358974358974,
    "AS10": 0.125,
    "AS11": 0.0,
    "AS2": 0.044444444444444446,
    "AS3": 0.060526315789473685,
    "AS4": 0.06666666666666667,
    "AS5": 0.08823529411764706,
    "AS6": 0.075,
    "AS7": 0.041666666666666664,
    "AS8": 0.0,
    "AS9": 0.044444444444444446,
    "ASEL": 0.05555555555555555,
    "ASER": 0.05291970802919708,
    "ASGL": 0.06725146198830409,
    "ASGR": 0.041666666666666664,
    "ASHL": 0.06702898550724638,
    "ASHR": 0.04375,
    "ASIL": 0.05555555555555555,
    "ASIR": 0.027777777777777776,
    "ASJL": 0.06666666666666667,
    "ASJR": 0.022222222222222223,
    "ASKL": 0.0582010582010582,
    "ASKR": 0.03439153439153439,
    "AUAL": 0.08403361344537816,
    "AUAR": 0.046052631578947366,
    "AVAL": 0.04348610609888127,
    "AVAR": 0.04437140509449466,
    "AVBL": 0.039473684210526314,
    "AVBR": 0.043204110228865014,
    "AVDL": 0.03833049403747871,
    "AVDR": 0.031914893617021274,
    "AVEL": 0.04867724867724868,
    "AVER": 0.04959514170040486,
    "AVFL": 0.07230769230769231,
    "AVFR": 0.04666666666666667,
    "AVG": 0.08885941644562334,
    "AVHL": 0.06923076923076923,
    "AVHR": 0.05172413793103448,
    "AVJL": 0.04197530864197531,
    "AVJR": 0.04774535809018567,
    "AVKL": 0.05328596802841918,
    "AVKR": 0.05080213903743316,
    "AVL": 0.056790123456790124,
    "AVM": 0.07905138339920949,
    "AWAL": 0.05128205128205128,
    "AWAR": 0.04743083003952569,
    "AWBL": 0.05291005291005291,
    "AWBR": 0.041501976284584984,
    "AWCL": 0.058333333333333334,
    "AWCR": 0.07380952380952381,
    "BAGL": 0.07916666666666666,
    "BAGR": 0.06432748538011696,
    "BDUL": 0.09210526315789473,
    "BDUR": 0.07142857142857142,
    "CANL": 0.0,
    "CANR": 0.0,
    "CEPDL": 0.05714285714285714,
    "CEPDR": 0.056856187290969896,
    "CEPVL": 0.034420289855072464,
    "CEPVR": 0.08571428571428572,
    "DA1": 0.03896103896103896,
    "DA2": 0.05652173913043478,
    "DA3": 0.075,
    "DA4": 0.07368421052631578,
    "DA5": 0.029411764705882353,
    "DA6": 0.03205128205128205,
    "DA7": 0.0,
    "DA8": 0.03333333333333333,
    "DA9": 0.05514705882352941,
    "DB1": 0.09956709956709957,
    "DB2": 0.0784313725490196,
    "DB3": 0.037549407114624504,
    "DB4": 0.06578947368421052,
    "DB5": 0.041666666666666664,
    "DB6": 0.0761904761904762,
    "DB7": 0.041666666666666664,
    "DD1": 0.08862433862433862,
    "DD2": 0.06862745098039216,
    "DD3": 0.06578947368421052,
    "DD4": 0.06593406593406594,
    "DD5": 0.07352941176470588,
    "DD6": 0.1388888888888889,
    "DVA": 0.04723582925122463,
    "DVB": 0.05714285714285714,
    "DVC": 0.049783549783549784,
    "FLPL": 0.0584045584045584,
    "FLPR": 0.06656346749226007,
    "HSNL": 0.06072106261859583,
    "HSNR": 0.04831199068684517,
    "I1L": 0.056878306878306875,
    "I1R": 0.04,
    "I2L": 0.05454545454545454,
    "I2R": 0.08571428571428572,
    "I3": 0.05928853754940711,
    "I4": 0.10989010989010989,
    "I5": 0.09558823529411764,
    "I6": 0.038461538461538464,
    "IL1DL": 0.03333333333333333,
    "IL1DR": 0.07352941176470588,
    "IL1L": 0.09090909090909091,
    "IL1R": 0.05857142857142857,
    "IL1VL": 0.03684210526315789,
    "IL1VR": 0.06862745098039216,
    "IL2DL": 0.14285714285714285,
    "IL2DR": 0.05555555555555555,
    "IL2L": 0.09166666666666666,
    "IL2R": 0.05238095238095238,
    "IL2VL": 0.045454545454545456,
    "IL2VR": 0.07575757575757576,
    "LUAL": 0.060526315789473685,
    "LUAR": 0.08169934640522876,
    "M1": 0.06428571428571428,
    "M2L": 0.05128205128205128,
    "M2R": 0.05413105413105413,
    "M3L": 0.05555555555555555,
    "M3R": 0.09649122807017543,
    "M4": 0.10526315789473684,
    "M5": 0.06209150326797386,
    "MCL": 0.04285714285714286,
    "MCR": 0.03787878787878788,
    "MI": 0.06142857142857143,
    "NSML": 0.06818181818181818,
    "NSMR": 0.057692307692307696,
    "OLLL": 0.049783549783549784,
    "OLLR": 0.06790123456790123,
    "OLQDL": 0.1134453781512605,
    "OLQDR": 0.04710144927536232,
    "OLQVL": 0.058333333333333334,
    "OLQVR": 0.04329004329004329,
    "PDA": 0.047619047619047616,
    "PDB": 0.0,
    "PDEL": 0.02766798418972332,
    "PDER": 0.057971014492753624,
    "PHAL": 0.04945054945054945,
    "PHAR": 0.07272727272727272,
    "PHBL": 0.06060606060606061,
    "PHBR": 0.07692307692307693,
    "PHCL": 0.05,
    "PHCR": 0.054945054945054944,
    "PLML": 0.06818181818181818,
    "PLMR": 0.041666666666666664,
    "PLNL": 0.0,
    "PLNR": 0.0,
    "PQR": 0.06315789473684211,
    "PVCL": 0.058875219683655534,
    "PVCR": 0.038304093567251465,
    "PVDL": 0.017857142857142856,
    "PVDR": 0.023809523809523808,
    "PVM": 0.03205128205128205,
    "PVNL": 0.04774535809018567,
    "PVNR": 0.05121951219512195,
    "PVPL": 0.04525862068965517,
    "PVPR": 0.05747126436781609,
    "PVQL": 0.05228758169934641,
    "PVQR": 0.04279279279279279,
    "PVR": 0.04772475027746948,
    "PVT": 0.05303030303030303,
    "PVWL": 0.04285714285714286,
    "PVWR": 0.10714285714285714,
    "RIAL": 0.05495689655172414,
    "RIAR": 0.03383458646616541,
    "RIBL": 0.03796296296296296,
    "RIBR": 0.05094130675526024,
    "RICL": 0.03233256351039261,
    "RICR": 0.06989247311827956,
    "RID": 0.06785714285714285,
    "RIFL": 0.06190476190476191,
    "RIFR": 0.041666666666666664,
    "RIGL": 0.050387596899224806,
    "RIGR": 0.04151404151404151,
    "RIH": 0.02844950213371266,
    "RIML": 0.056838365896980464,
    "RIMR": 0.05204872646733112,
    "RIPL": 0.05844155844155844,
    "RIPR": 0.047619047619047616,
    "RIR": 0.05434782608695652,
    "RIS": 0.05698778833107191,
    "RIVL": 0.0367965367965368,
    "RIVR": 0.04927007299270073,
    "RMDDL": 0.04891304347826087,
    "RMDDR": 0.0380952380952381,
    "RMDL": 0.06928406466512702,
    "RMDR": 0.05285714285714286,
    "RMDVL": 0.05806451612903226,
    "RMDVR": 0.05128205128205128,
    "RMED": 0.10606060606060606,
    "RMEL": 0.05238095238095238,
    "RMER": 0.07051282051282051,
    "RMEV": 0.04482758620689655,
    "RMFL": 0.08441558441558442,
    "RMFR": 0.042483660130718956,
    "RMGL": 0.05013309671694765,
    "RMGR": 0.06995230524642289,
    "RMHL": 0.06666666666666667,
    "RMHR": 0.05238095238095238,
    "SAADL": 0.08333333333333333,
    "SAADR": 0.042483660130718956,
    "SAAVL": 0.05263157894736842,
    "SAAVR": 0.14285714285714285,
    "SABD": 0.02368421052631579,
    "SABVL": 0.05555555555555555,
    "SABVR": 0.06060606060606061,
    "SDQL": 0.030303030303030304,
    "SDQR": 0.07936507936507936,
    "SIADL": 0.06944444444444445,
    "SIADR": 0.09523809523809523,
    "SIAVL": 0.06666666666666667,
    "SIAVR": 0.07142857142857142,
    "SIBDL": 0.25,
    "SIBDR": 0.058823529411764705,
    "SIBVL": 0.04736842105263158,
    "SIBVR": 0.06666666666666667,
    "SMBDL": 0.04365079365079365,
    "SMBDR": 0.030952380952380953,
    "SMBVL": 0.05789473684210526,
    "SMBVR": 0.06432748538011696,
    "SMDDL": 0.04285714285714286,
    "SMDDR": 0.06631299734748011,
    "SMDVL": 0.05138339920948617,
    "SMDVR": 0.07142857142857142,
    "URADL": 0.08333333333333333,