{
  "clustering_coefficients": {
    "ADAL": 0.04938271604938271,
    "ADAR": 0.06292286874154263,
    "ADEL": 0.05802861685214626,
    "ADER": 0.06140350877192982,
    "ADFL": 0.045454545454545456,
    "ADFR": 0.05305039787798409,
    "ADLL": 0.043824701195219126,
    "ADLR": 0.05476190476190476,
    "AFDL": 0.14285714285714285,
    "AFDR": 0.07692307692307693,
    "AIAL": 0.04838709677419355,
    "AIAR": 0.09777227722772278,
    "AIBL": 0.06752037252619325,
    "AIBR": 0.06565656565656566,
    "AIML": 0.06340579710144928,
    "AIMR": 0.10952380952380952,
    "AINL": 0.06060606060606061,
    "AINR": 0.08421052631578947,
    "AIYL": 0.05263157894736842,
    "AIYR": 0.07352941176470588,
    "AIZL": 0.05730659025787966,
    "AIZR": 0.05572289156626506,
    "ALA": 0.0,
    "ALML": 0.06578947368421052,
    "ALMR": 0.08333333333333333,
    "ALNL": 0.05555555555555555,
    "ALNR": 0.03571428571428571,
    "AQR": 0.06666666666666667,
    "AS1": 0.06985294117647059,
    "AS10": 0.07777777777777778,
    "AS11": 0.08888888888888889,
    "AS2": 0.04945054945054945,
    "AS3": 0.08791208791208792,
    "AS4": 0.07142857142857142,
    "AS5": 0.06315789473684211,
    "AS6": 0.045454545454545456,
    "AS7": 0.06481481481481481,
    "AS8": 0.0,
    "AS9": 0.09722222222222222,
    "ASEL": 0.08333333333333333,
    "ASER": 0.06020066889632107,
    "ASGL": 0.03787878787878788,
    "ASGR": 0.04395604395604396,
    "ASHL": 0.0533596837944664,
    "ASHR": 0.05555555555555555,
    "ASIL": 0.04487179487179487,
    "ASIR": 0.05,
    "ASJL": 0.023076923076923078,
    "ASJR": 0.1,
    "ASKL": 0.030952380952380953,
    "ASKR": 0.07083333333333333,
    "AUAL": 0.07017543859649122,
    "AUAR": 0.06086956521739131,
    "AVAL": 0.04257513258691809,
    "AVAR": 0.046373626373626374,
    "AVBL": 0.04789719626168224,
    "AVBR": 0.043724512913457185,
    "AVDL": 0.04831107619795758,
    "AVDR": 0.037526427061310784,
    "AVEL": 0.05270793036750483,
    "AVER": 0.04688593421973408,
    "AVFL": 0.030864197530864196,
    "AVFR": 0.0748847926267281,
    "AVG": 0.04064039408866995,
    "AVHL": 0.07155635062611806,
    "AVHR": 0.09239130434782608,
    "AVJL": 0.04230769230769231,
    "AVJR": 0.041251778093883355,
    "AVKL": 0.045021186440677964,
    "AVKR": 0.04700854700854701,
    "AVL": 0.08294930875576037,
    "AVM": 0.0654320987654321,
    "AWAL": 0.02727272727272727,
    "AWAR": 0.06020066889632107,
    "AWBL": 0.08157894736842106,
    "AWBR": 0.07894736842105263,
    "AWCL": 0.05847953216374269,
    "AWCR": 0.10416666666666667,
    "BAGL": 0.04201680672268908,
    "BAGR": 0.06739130434782609,
    "BDUL": 0.1076923076923077,
    "BDUR": 0.1262135922330097,
    "CANL": 0.0,
    "CANR": 0.0,
    "CEPDL": 0.05952380952380952,
    "CEPDR": 0.08986175115207373,
    "CEPVL": 0.07423580786026202,
    "CEPVR": 0.09473684210526316,
    "DA1": 0.07559681697612732,
    "DA2": 0.057971014492753624,
    "DA3": 0.07720588235294118,
    "DA4": 0.05789473684210526,
    "DA5": 0.03333333333333333,
    "DA6": 0.028089887640449437,
    "DA7": 0.5,
    "DA8": 0.10833333333333334,
    "DA9": 0.06578947368421052,
    "DB1": 0.06157635467980296,
    "DB2": 0.06043956043956044,
    "DB3": 0.045454545454545456,
    "DB4": 0.05502392344497608,
    "DB5": 0.07272727272727272,
    "DB6": 0.0761904761904762,
    "DB7": 0.08333333333333333,
    "DD1": 0.054187192118226604,
    "DD2": 0.07789855072463768,
    "DD3": 0.14444444444444443,
    "DD4": 0.0641025641025641,
    "DD5": 0.0,
    "DD6": 0.017857142857142856,
    "DVA": 0.04330422125181951,
    "DVB": 0.02197802197802198,
    "DVC": 0.04269449715370019,
    "FLPL": 0.051587301587301584,
    "FLPR": 0.05526315789473684,
    "HSNL": 0.028395061728395062,
    "HSNR": 0.046610169491525424,
    "I1L": 0.04654255319148936,
    "I1R": 0.045454545454545456,
    "I2L": 0.1,
    "I2R": 0.01948051948051948,
    "I3": 0.08529411764705883,
    "I4": 0.04395604395604396,
    "I5": 0.05714285714285714,
    "I6": 0.07142857142857142,
    "IL1DL": 0.08088235294117647,
    "IL1DR": 0.05789473684210526,
    "IL1L": 0.058333333333333334,
    "IL1R": 0.05246913580246913,
    "IL1VL": 0.030303030303030304,
    "IL1VR": 0.05952380952380952,
    "IL2DL": 0.017857142857142856,
    "IL2DR": 0.041666666666666664,
    "IL2L": 0.058823529411764705,
    "IL2R": 0.07423580786026202,
    "IL2VL": 0.03787878787878788,
    "IL2VR": 0.05238095238095238,
    "LUAL": 0.03594771241830065,
    "LUAR": 0.04814814814814815,
    "M1": 0.06937799043062201,
    "M2L": 0.07083333333333333,
    "M2R": 0.08695652173913043,
    "M3L": 0.09803921568627451,
    "M3R": 0.10294117647058823,
    "M4": 0.043859649122807015,
    "M5": 0.06111111111111111,
    "MCL": 0.054945054945054944,
    "MCR": 0.05194805194805195,
    "MI": 0.04329004329004329,
    "NSML": 0.054945054945054944,
    "NSMR": 0.0989010989010989,
    "OLLL": 0.06956521739130435,
    "OLLR": 0.043882978723404256,
    "OLQDL": 0.05,
    "OLQDR": 0.06535947712418301,
    "OLQVL": 0.04744525547445255,
    "OLQVR": 0.05980861244019139,
    "PDA": 0.12727272727272726,
    "PDB": 0.3333333333333333,
    "PDEL": 0.06862745098039216,
    "PDER": 0.06190476190476191,
    "PHAL": 0.11363636363636363,
    "PHAR": 0.03333333333333333,
    "PHBL": 0.08888888888888889,
    "PHBR": 0.029411764705882353,
    "PHCL": 0.08300395256916997,
    "PHCR": 0.09210526315789473,
    "PLML": 0.1,
    "PLMR": 0.058333333333333334,
    "PLNL": 0.0,
    "PLNR": 0.5,
    "PQR": 0.05789473684210526,
    "PVCL": 0.04808296668761785,
    "PVCR": 0.0403954802259887,
    "PVDL": 0.05357142857142857,
    "PVDR": 0.07142857142857142,
    "PVM": 0.09722222222222222,
    "PVNL": 0.03259141494435612,
    "PVNR": 0.060836501901140684,
    "PVPL": 0.07754010695187166,
    "PVPR": 0.061866125760649086,
    "PVQL": 0.0625,
    "PVQR": 0.050617283950617285,
    "PVR": 0.046686746987951805,
    "PVT": 0.04600301659125189,
    "PVWL": 0.06363636363636363,
    "PVWR": 0.05,
    "RIAL": 0.06562054208273894,
    "RIAR": 0.03927813163481953,
    "RIBL": 0.03723404255319149,
    "RIBR": 0.05087440381558029,
    "RICL": 0.043209876543209874,
    "RICR": 0.058355437665782495,
    "RID": 0.08,
    "RIFL": 0.0718954248366013,
    "RIFR": 0.05731225296442688,
    "RIGL": 0.05391527599486521,
    "RIGR": 0.05327342747111682,
    "RIH": 0.05555555555555555,
    "RIML": 0.0664983164983165,
    "RIMR": 0.048170731707317074,
    "RIPL": 0.04032258064516129,
    "RIPR": 0.06374501992031872,
    "RIR": 0.04923076923076923,
    "RIS": 0.04935897435897436,
    "RIVL": 0.0756578947368421,
    "RIVR": 0.07142857142857142,
    "RMDDL": 0.06896551724137931,
    "RMDDR": 0.04461538461538461,
    "RMDL": 0.052307692307692305,
    "RMDR": 0.038011695906432746,
    "RMDVL": 0.02631578947368421,
    "RMDVR": 0.05161290322580645,
    "RMED": 0.07720588235294118,
    "RMEL": 0.042105263157894736,
    "RMER": 0.038461538461538464,
    "RMEV": 0.029644268774703556,
    "RMFL": 0.05,
    "RMFR": 0.08333333333333333,
    "RMGL": 0.05540540540540541,
    "RMGR": 0.07232142857142858,
    "RMHL": 0.05128205128205128,
    "RMHR": 0.07575757575757576,
    "SAADL": 0.0718954248366013,
    "SAADR": 0.0533596837944664,
    "SAAVL": 0.076158940397351,
    "SAAVR": 0.05128205128205128,
    "SABD": 0.046822742474916385,
    "SABVL": 0.030303030303030304,
    "SABVR": 0.03205128205128205,
    "SDQL": 0.12222222222222222,
    "SDQR": 0.045454545454545456,
    "SIADL": 0.13333333333333333,
    "SIADR": 0.13636363636363635,
    "SIAVL": 0.0,
    "SIAVR": 0.16666666666666666,
    "SIBDL": 0.0,
    "SIBDR": 0.06944444444444445,
    "SIBVL": 0.07916666666666666,
    "SIBVR": 0.04945054945054945,
    "SMBDL": 0.06937799043062201,
    "SMBDR": 0.05847953216374269,
    "SMBVL": 0.0761904761904762,
    "SMBVR": 0.04487179487179487,
    "SMDDL": 0.05253623188405797,
    "SMDDR": 0.055,
    "SMDVL": 0.05517241379310345,
    "SMDVR": 0.031135531135531136,
    "URADL": 0.05357142857142857,
    "URADR": 0.06493506493506493,