{
  "clustering_coefficients": {
    "ADAL": 0.055639097744360905,
    "ADAR": 0.05848787446504993,
    "ADEL": 0.06756756756756757,
    "ADER": 0.03985507246376811,
    "ADFL": 0.07272727272727272,
    "ADFR": 0.04608294930875576,
    "ADLL": 0.04926108374384237,
    "ADLR": 0.10197368421052631,
    "AFDL": 0.045454545454545456,
    "AFDR": 0.1,
    "AIAL": 0.04453781512605042,
    "AIAR": 0.06190476190476191,
    "AIBL": 0.03225806451612903,
    "AIBR": 0.04945054945054945,
    "AIML": 0.07173913043478261,
    "AIMR": 0.08241758241758242,
    "AINL": 0.04326923076923077,
    "AINR": 0.05847953216374269,
    "AIYL": 0.05555555555555555,
    "AIYR": 0.07857142857142857,
    "AIZL": 0.0603448275862069,
    "AIZR": 0.05555555555555555,
    "ALA": 0.027777777777777776,
    "ALML": 0.07720588235294118,
    "ALMR": 0.07142857142857142,
    "ALNL": 0.06209150326797386,
    "ALNR": 0.017857142857142856,
    "AQR": 0.04202586206896552,
    "AS1": 0.04583333333333333,
    "AS10": 0.03333333333333333,
    "AS11": 0.013888888888888888,
    "AS2": 0.09941520467836257,
    "AS3": 0.0380952380952381,
    "AS4": 0.07575757575757576,
    "AS5": 0.041666666666666664,
    "AS6": 0.04487179487179487,
    "AS7": 0.023809523809523808,
    "AS8": 0.0,
    "AS9": 0.02727272727272727,
    "ASEL": 0.04411764705882353,
    "ASER": 0.05731225296442688,
    "ASGL": 0.04487179487179487,
    "ASGR": 0.08223684210526316,
    "ASHL": 0.033846153846153845,
    "ASHR": 0.05656565656565657,
    "ASIL": 0.05303030303030303,
    "ASIR": 0.12727272727272726,
    "ASJL": 0.0,
    "ASJR": 0.1,
    "ASKL": 0.041666666666666664,
    "ASKR": 0.07142857142857142,
    "AUAL": 0.0625,
    "AUAR": 0.05789473684210526,
    "AVAL": 0.0405135045015005,
    "AVAR": 0.043436557961085226,
    "AVBL": 0.03229011425732737,
    "AVBR": 0.04411764705882353,
    "AVDL": 0.045454545454545456,
    "AVDR": 0.04595791805094131,
    "AVEL": 0.045982575024201354,
    "AVER": 0.0457516339869281,
    "AVFL": 0.053691275167785234,
    "AVFR": 0.07142857142857142,
    "AVG": 0.03557312252964427,
    "AVHL": 0.06149193548387097,
    "AVHR": 0.054441260744985676,
    "AVJL": 0.047435897435897434,
    "AVJR": 0.05040322580645161,
    "AVKL": 0.04695062923523717,
    "AVKR": 0.06050420168067227,
    "AVL": 0.03684210526315789,
    "AVM": 0.10336538461538461,
    "AWAL": 0.07692307692307693,
    "AWAR": 0.08142857142857143,
    "AWBL": 0.058823529411764705,
    "AWBR": 0.07792207792207792,
    "AWCL": 0.06535947712418301,
    "AWCR": 0.05263157894736842,
    "BAGL": 0.06985294117647059,
    "BAGR": 0.07777777777777778,
    "BDUL": 0.019230769230769232,
    "BDUR": 0.08498023715415019,
    "CANL": 0.0,
    "CANR": 0.0,
    "CEPDL": 0.06142857142857143,
    "CEPDR": 0.04766734279918864,
    "CEPVL": 0.07894736842105263,
    "CEPVR": 0.07312252964426877,
    "DA1": 0.0718954248366013,
    "DA2": 0.06324110671936758,
    "DA3": 0.0625,
    "DA4": 0.059782608695652176,
    "DA5": 0.043859649122807015,
    "DA6": 0.03571428571428571,
    "DA7": 0.0,
    "DA8": 0.14285714285714285,
    "DA9": 0.029166666666666667,
    "DB1": 0.05555555555555555,
    "DB2": 0.06842105263157895,
    "DB3": 0.06823821339950373,
    "DB4": 0.06907894736842106,
    "DB5": 0.054945054945054944,
    "DB6": 0.07777777777777778,
    "DB7": 0.04395604395604396,
    "DD1": 0.06914893617021277,
    "DD2": 0.0915032679738562,
    "DD3": 0.045454545454545456,
    "DD4": 0.13333333333333333,
    "DD5": 0.05263157894736842,
    "DD6": 0.1,
    "DVA": 0.048752834467120185,
    "DVB": 0.07142857142857142,
    "DVC": 0.05787476280834915,
    "FLPL": 0.06833333333333333,
    "FLPR": 0.06944444444444445,
    "HSNL": 0.06666666666666667,
    "HSNR": 0.07212713936430318,
    "I1L": 0.055384615384615386,
    "I1R": 0.05615942028985507,
    "I2L": 0.01818181818181818,
    "I2R": 0.1,
    "I3": 0.034210526315789476,
    "I4": 0.08974358974358974,
    "I5": 0.08496732026143791,
    "I6": 0.023026315789473683,
    "IL1DL": 0.05526315789473684,
    "IL1DR": 0.08496732026143791,
    "IL1L": 0.0625,
    "IL1R": 0.055299539170506916,
    "IL1VL": 0.07272727272727272,
    "IL1VR": 0.08529411764705883,
    "IL2DL": 0.14285714285714285,
    "IL2DR": 0.06944444444444445,
    "IL2L": 0.049707602339181284,
    "IL2R": 0.057971014492753624,
    "IL2VL": 0.07083333333333333,
    "IL2VR": 0.0661764705882353,
    "LUAL": 0.03676470588235294,
    "LUAR": 0.05042016806722689,
    "M1": 0.07352941176470588,
    "M2L": 0.08974358974358974,
    "M2R": 0.04285714285714286,
    "M3L": 0.07983193277310924,
    "M3R": 0.0665024630541872,
    "M4": 0.06470588235294118,
    "M5": 0.06985294117647059,
    "MCL": 0.05411255411255411,
    "MCR": 0.05514705882352941,
    "MI": 0.04891304347826087,
    "NSML": 0.07916666666666666,
    "NSMR": 0.04395604395604396,
    "OLLL": 0.05925925925925926,
    "OLLR": 0.03535353535353535,
    "OLQDL": 0.08148148148148149,
    "OLQDR": 0.05434782608695652,
    "OLQVL": 0.0582010582010582,
    "OLQVR": 0.06773399014778325,
    "PDA": 0.023809523809523808,
    "PDB": 0.13333333333333333,
    "PDEL": 0.0625,
    "PDER": 0.04779411764705882,
    "PHAL": 0.039473684210526314,
    "PHAR": 0.043859649122807015,
    "PHBL": 0.013888888888888888,
    "PHBR": 0.047619047619047616,
    "PHCL": 0.06535947712418301,
    "PHCR": 0.14285714285714285,
    "PLML": 0.013888888888888888,
    "PLMR": 0.0625,
    "PLNL": 0.0,
    "PLNR": 0.0,
    "PQR": 0.03076923076923077,
    "PVCL": 0.049415515409139216,
    "PVCR": 0.04821308159136885,
    "PVDL": 0.03333333333333333,
    "PVDR": 0.09523809523809523,
    "PVM": 0.07211538461538461,
    "PVNL": 0.04597701149425287,
    "PVNR": 0.049145299145299144,
    "PVPL": 0.06060606060606061,
    "PVPR": 0.050733496332518335,
    "PVQL": 0.09788359788359788,
    "PVQR": 0.03950617283950617,
    "PVR": 0.05089285714285714,
    "PVT": 0.045112781954887216,
    "PVWL": 0.09090909090909091,
    "PVWR": 0.06666666666666667,
    "RIAL": 0.05555555555555555,
    "RIAR": 0.04174573055028463,
    "RIBL": 0.05337837837837838,
    "RIBR": 0.04186046511627907,
    "RICL": 0.04256756756756757,
    "RICR": 0.05443548387096774,
    "RID": 0.03333333333333333,
    "RIFL": 0.05,
    "RIFR": 0.0367816091954023,
    "RIGL": 0.04709302325581395,
    "RIGR": 0.04634581105169341,
    "RIH": 0.045454545454545456,
    "RIML": 0.047979797979797977,
    "RIMR": 0.045454545454545456,
    "RIPL": 0.06521739130434782,
    "RIPR": 0.058823529411764705,
    "RIR": 0.06769230769230769,
    "RIS": 0.05810810810810811,
    "RIVL": 0.047619047619047616,
    "RIVR": 0.059782608695652176,
    "RMDDL": 0.07608695652173914,
    "RMDDR": 0.051587301587301584,
    "RMDL": 0.04415954415954416,
    "RMDR": 0.045,
    "RMDVL": 0.06,
    "RMDVR": 0.06666666666666667,
    "RMED": 0.047619047619047616,
    "RMEL": 0.13636363636363635,
    "RMER": 0.08333333333333333,
    "RMEV": 0.041666666666666664,
    "RMFL": 0.05263157894736842,
    "RMFR": 0.0625,
    "RMGL": 0.05405405405405406,
    "RMGR": 0.07525083612040134,
    "RMHL": 0.030303030303030304,
    "RMHR": 0.017857142857142856,
    "SAADL": 0.06666666666666667,
    "SAADR": 0.06040268456375839,
    "SAAVL": 0.05476190476190476,
    "SAAVR": 0.058823529411764705,
    "SABD": 0.03618421052631579,
    "SABVL": 0.05,
    "SABVR": 0.057692307692307696,
    "SDQL": 0.0641025641025641,
    "SDQR": 0.050724637681159424,
    "SIADL": 0.05357142857142857,
    "SIADR": 0.08333333333333333,
    "SIAVL": 0.05,
    "SIAVR": 0.06666666666666667,
    "SIBDL": 0.03333333333333333,
    "SIBDR": 0.09558823529411764,
    "SIBVL": 0.0784313725490196,
    "SIBVR": 0.12121212121212122,
    "SMBDL": 0.07017543859649122,
    "SMBDR": 0.06909090909090909,
    "SMBVL": 0.058823529411764705,
    "SMBVR": 0.05454545454545454,
    "SMDDL": 0.09090909090909091,
    "SMDDR": 0.03804347826086957,
    "SMDVL": 0.04252873563218391,
    "SMDVR": 0.05333333333333334,
    "URADL": 0.25,
    "URADR": 0.03636363636363636,
    "URAVL": 0.06818181818181818,