{
  "clustering_coefficients": {
    "ADAL": 0.07049891540130152,
    "ADAR": 0.06481481481481481,
    "ADEL": 0.07388663967611336,
    "ADER": 0.03439153439153439,
    "ADFL": 0.05303030303030303,
    "ADFR": 0.07894736842105263,
    "ADLL": 0.06280788177339902,
    "ADLR": 0.05263157894736842,
    "AFDL": 0.044444444444444446,
    "AFDR": 0.05238095238095238,
    "AIAL": 0.055977229601518026,
    "AIAR": 0.06048387096774194,
    "AIBL": 0.05413105413105413,
    "AIBR": 0.05826271186440678,
    "AIML": 0.055384615384615386,
    "AIMR": 0.0735930735930736,
    "AINL": 0.07692307692307693,
    "AINR": 0.05416666666666667,
    "AIYL": 0.043859649122807015,
    "AIYR": 0.025735294117647058,
    "AIZL": 0.05802469135802469,
    "AIZR": 0.06142857142857143,
    "ALA": 0.13333333333333333,
    "ALML": 0.05714285714285714,
    "ALMR": 0.041666666666666664,
    "ALNL": 0.022727272727272728,
    "ALNR": 0.06363636363636363,
    "AQR": 0.0597165991902834,
    "AS1": 0.03216374269005848,
    "AS10": 0.05194805194805195,
    "AS11": 0.041666666666666664,
    "AS2": 0.05844155844155844,
    "AS3": 0.05,
    "AS4": 0.022222222222222223,
    "AS5": 0.04487179487179487,
    "AS6": 0.04411764705882353,
    "AS7": 0.07142857142857142,
    "AS8": 0.1,
    "AS9": 0.03333333333333333,
    "ASEL": 0.08173076923076923,
    "ASER": 0.038177339901477834,
    "ASGL": 0.058333333333333334,
    "ASGR": 0.07142857142857142,
    "ASHL": 0.05,
    "ASHR": 0.06261859582542695,
    "ASIL": 0.07272727272727272,
    "ASIR": 0.04285714285714286,
    "ASJL": 0.10714285714285714,
    "ASJR": 0.0,
    "ASKL": 0.05411255411255411,
    "ASKR": 0.0915032679738562,
    "AUAL": 0.08695652173913043,
    "AUAR": 0.060526315789473685,
    "AVAL": 0.033503134796238246,
    "AVAR": 0.040381379697139654,
    "AVBL": 0.039577289680895154,
    "AVBR": 0.036947304663840094,
    "AVDL": 0.052552552552552555,
    "AVDR": 0.03272727272727273,
    "AVEL": 0.05327413984461709,
    "AVER": 0.0452930728241563,
    "AVFL": 0.07004310344827586,
    "AVFR": 0.08333333333333333,
    "AVG": 0.06833333333333333,
    "AVHL": 0.05357142857142857,
    "AVHR": 0.030864197530864196,
    "AVJL": 0.05826271186440678,
    "AVJR": 0.06773399014778325,
    "AVKL": 0.05733005733005733,
    "AVKR": 0.04201680672268908,
    "AVL": 0.04710144927536232,
    "AVM": 0.0935672514619883,
    "AWAL": 0.08333333333333333,
    "AWAR": 0.05270655270655271,
    "AWBL": 0.06613756613756613,
    "AWBR": 0.06333333333333334,
    "AWCL": 0.03508771929824561,
    "AWCR": 0.07341269841269842,
    "BAGL": 0.09523809523809523,
    "BAGR": 0.06535947712418301,
    "BDUL": 0.1,
    "BDUR": 0.0625,
    "CANL": 0.0,
    "CANR": 0.0,
    "CEPDL": 0.06545454545454546,
    "CEPDR": 0.06527093596059114,
    "CEPVL": 0.041176470588235294,
    "CEPVR": 0.042105263157894736,
    "DA1": 0.041501976284584984,
    "DA2": 0.05714285714285714,
    "DA3": 0.10952380952380952,
    "DA4": 0.07647058823529412,
    "DA5": 0.06521739130434782,
    "DA6": 0.05555555555555555,
    "DA7": 0.0,
    "DA8": 0.07142857142857142,
    "DA9": 0.057692307692307696,
    "DB1": 0.05,
    "DB2": 0.06302521008403361,
    "DB3": 0.04528985507246377,
    "DB4": 0.06878306878306878,
    "DB5": 0.045454545454545456,
    "DB6": 0.0989010989010989,
    "DB7": 0.047619047619047616,
    "DD1": 0.04882154882154882,
    "DD2": 0.034383954154727794,
    "DD3": 0.07954545454545454,
    "DD4": 0.07692307692307693,
    "DD5": 0.05,
    "DD6": 0.0,
    "DVA": 0.04125816993464052,
    "DVB": 0.07142857142857142,
    "DVC": 0.0518018018018018,
    "FLPL": 0.0457516339869281,
    "FLPR": 0.0533596837944664,
    "HSNL": 0.05184331797235023,
    "HSNR": 0.06275303643724696,
    "I1L": 0.0451505016722408,
    "I1R": 0.06842105263157895,
    "I2L": 0.044444444444444446,
    "I2R": 0.06363636363636363,
    "I3": 0.058823529411764705,
    "I4": 0.046153846153846156,
    "I5": 0.05714285714285714,
    "I6": 0.04945054945054945,
    "IL1DL": 0.05128205128205128,
    "IL1DR": 0.08181818181818182,
    "IL1L": 0.05555555555555555,
    "IL1R": 0.06307692307692307,
    "IL1VL": 0.0625,
    "IL1VR": 0.07916666666666666,
    "IL2DL": 0.07142857142857142,
    "IL2DR": 0.041666666666666664,
    "IL2L": 0.05263157894736842,
    "IL2R": 0.06321839080459771,
    "IL2VL": 0.07792207792207792,
    "IL2VR": 0.08888888888888889,
    "LUAL": 0.06386861313868614,
    "LUAR": 0.022222222222222223,
    "M1": 0.05124223602484472,
    "M2L": 0.05714285714285714,
    "M2R": 0.03260869565217391,
    "M3L": 0.026143790849673203,
    "M3R": 0.06432748538011696,
    "M4": 0.09444444444444444,
    "M5": 0.03636363636363636,
    "MCL": 0.042105263157894736,
    "MCR": 0.09064327485380116,
    "MI": 0.06746031746031746,
    "NSML": 0.05454545454545454,
    "NSMR": 0.10476190476190476,
    "OLLL": 0.04985754985754986,
    "OLLR": 0.05488721804511278,
    "OLQDL": 0.04112554112554113,
    "OLQDR": 0.0636604774535809,
    "OLQVL": 0.04,
    "OLQVR": 0.043478260869565216,
    "PDA": 0.07142857142857142,
    "PDB": 0.0,
    "PDEL": 0.03333333333333333,
    "PDER": 0.05238095238095238,
    "PHAL": 0.05844155844155844,
    "PHAR": 0.08496732026143791,
    "PHBL": 0.08928571428571429,
    "PHBR": 0.04201680672268908,
    "PHCL": 0.03296703296703297,
    "PHCR": 0.08888888888888889,
    "PLML": 0.03333333333333333,
    "PLMR": 0.07083333333333333,
    "PLNL": 0.0,
    "PLNR": 0.5,
    "PQR": 0.10833333333333334,
    "PVCL": 0.04027576197387518,
    "PVCR": 0.04357366771159875,
    "PVDL": 0.027777777777777776,
    "PVDR": 0.07142857142857142,
    "PVM": 0.1,
    "PVNL": 0.05555555555555555,
    "PVNR": 0.03939393939393939,
    "PVPL": 0.05160932297447281,
    "PVPR": 0.05057471264367816,
    "PVQL": 0.016483516483516484,
    "PVQR": 0.041379310344827586,
    "PVR": 0.044767441860465114,
    "PVT": 0.05186170212765957,
    "PVWL": 0.0784313725490196,
    "PVWR": 0.07142857142857142,
    "RIAL": 0.04689984101748808,
    "RIAR": 0.031578947368421054,
    "RIBL": 0.038852578068264344,
    "RIBR": 0.04303460514640639,
    "RICL": 0.06618962432915922,
    "RICR": 0.050397877984084884,
    "RID": 0.05955334987593052,
    "RIFL": 0.0650887573964497,
    "RIFR": 0.06842105263157895,
    "RIGL": 0.037694013303769404,
    "RIGR": 0.06517857142857143,
    "RIH": 0.055639097744360905,
    "RIML": 0.04129129129129129,
    "RIMR": 0.05212550607287449,
    "RIPL": 0.06363636363636363,
    "RIPR": 0.05555555555555555,
    "RIR": 0.05270655270655271,
    "RIS": 0.04285714285714286,
    "RIVL": 0.06578947368421052,
    "RIVR": 0.04780876494023904,
    "RMDDL": 0.04562043795620438,
    "RMDDR": 0.04269449715370019,
    "RMDL": 0.043343653250773995,
    "RMDR": 0.0533596837944664,
    "RMDVL": 0.0391304347826087,
    "RMDVR": 0.05873925501432665,
    "RMED": 0.058333333333333334,
    "RMEL": 0.08888888888888889,
    "RMER": 0.0784313725490196,
    "RMEV": 0.0723905723905724,
    "RMFL": 0.06833333333333333,
    "RMFR": 0.1,
    "RMGL": 0.04066265060240964,
    "RMGR": 0.053117782909930716,
    "RMHL": 0.0875,
    "RMHR": 0.057692307692307696,
    "SAADL": 0.06666666666666667,
    "SAADR": 0.07563025210084033,
    "SAAVL": 0.046052631578947366,
    "SAAVR": 0.03676470588235294,
    "SABD": 0.03676470588235294,
    "SABVL": 0.08333333333333333,
    "SABVR": 0.06666666666666667,
    "SDQL": 0.07142857142857142,
    "SDQR": 0.06160458452722063,
    "SIADL": 0.027777777777777776,
    "SIADR": 0.08333333333333333,
    "SIAVL": 0.05555555555555555,
    "SIAVR": 0.13333333333333333,
    "SIBDL": 0.06666666666666667,
    "SIBDR": 0.09340659340659341,
    "SIBVL": 0.07692307692307693,
    "SIBVR": 0.06593406593406594,
    "SMBDL": 0.08102766798418973,
    "SMBDR": 0.04565217391304348,
    "SMBVL": 0.04945054945054945,
    "SMBVR": 0.05416666666666667,
    "SMDDL": 0.046798029556650245,
    "SMDDR": 0.06166666666666667,
    "SMDVL": 0.045454545454545456,
    "SMDVR": 0.055693069306930694,
    "URADL": 0.045454545454545456,
    "URADR": 0.08791208791208792,