{
  "clustering_coefficients": {
    "ADAL": 0.06534090909090909,
    "ADAR": 0.05925925925925926,
    "ADEL": 0.04439511653718091,
    "ADER": 0.05384615384615385,
    "ADFL": 0.08181818181818182,
    "ADFR": 0.06321839080459771,
    "ADLL": 0.042735042735042736,
    "ADLR": 0.05,
    "AFDL": 0.047619047619047616,
    "AFDR": 0.06084656084656084,
    "AIAL": 0.07775377969762419,
    "AIAR": 0.042328042328042326,
    "AIBL": 0.03949579831932773,
    "AIBR": 0.037037037037037035,
    "AIML": 0.04736842105263158,
    "AIMR": 0.1,
    "AINL": 0.06904761904761905,
    "AINR": 0.125,
    "AIYL": 0.09803921568627451,
    "AIYR": 0.0496031746031746,
    "AIZL": 0.05566801619433198,
    "AIZR": 0.05976430976430976,
    "ALA": 0.0761904761904762,
    "ALML": 0.08874458874458875,
    "ALMR": 0.09615384615384616,
    "ALNL": 0.017857142857142856,
    "ALNR": 0.05357142857142857,
    "AQR": 0.07775377969762419,
    "AS1": 0.06944444444444445,
    "AS10": 0.054945054945054944,
    "AS11": 0.06666666666666667,
    "AS2": 0.044444444444444446,
    "AS3": 0.05533596837944664,
    "AS4": 0.10606060606060606,
    "AS5": 0.11702127659574468,
    "AS6": 0.04093567251461988,
    "AS7": 0.057692307692307696,
    "AS8": 0.0,
    "AS9": 0.06666666666666667,
    "ASEL": 0.0582010582010582,
    "ASER": 0.023333333333333334,
    "ASGL": 0.041666666666666664,
    "ASGR": 0.07272727272727272,
    "ASHL": 0.07019704433497537,
    "ASHR": 0.04334677419354839,
    "ASIL": 0.08974358974358974,
    "ASIR": 0.09722222222222222,
    "ASJL": 0.05555555555555555,
    "ASJR": 0.1111111111111111,
    "ASKL": 0.06432748538011696,
    "ASKR": 0.12337662337662338,
    "AUAL": 0.03333333333333333,
    "AUAR": 0.07058823529411765,
    "AVAL": 0.03791920731707317,
    "AVAR": 0.037424757916775714,
    "AVBL": 0.04297494449730416,
    "AVBR": 0.046303353658536585,
    "AVDL": 0.047674418604651166,
    "AVDR": 0.04118715929739552,
    "AVEL": 0.03959276018099547,
    "AVER": 0.04356357927786499,
    "AVFL": 0.07294429708222812,
    "AVFR": 0.04857142857142857,
    "AVG": 0.047311827956989246,
    "AVHL": 0.05570291777188329,
    "AVHR": 0.05184331797235023,
    "AVJL": 0.028282828282828285,
    "AVJR": 0.05714285714285714,
    "AVKL": 0.045796737766624844,
    "AVKR": 0.06428571428571428,
    "AVL": 0.05454545454545454,
    "AVM": 0.06725146198830409,
    "AWAL": 0.10185185185185185,
    "AWAR": 0.08157894736842106,
    "AWBL": 0.04945054945054945,
    "AWBR": 0.05,
    "AWCL": 0.1,
    "AWCR": 0.07777777777777778,
    "BAGL": 0.04395604395604396,
    "BAGR": 0.041666666666666664,
    "BDUL": 0.04044117647058824,
    "BDUR": 0.05555555555555555,
    "CANL": 0.0,
    "CANR": 0.0,
    "CEPDL": 0.09544159544159544,
    "CEPDR": 0.043076923076923075,
    "CEPVL": 0.07211538461538461,
    "CEPVR": 0.06,
    "DA1": 0.047619047619047616,
    "DA2": 0.06772908366533864,
    "DA3": 0.023809523809523808,
    "DA4": 0.06209150326797386,
    "DA5": 0.047872340425531915,
    "DA6": 0.06666666666666667,
    "DA7": 0.0,
    "DA8": 0.08241758241758242,
    "DA9": 0.05714285714285714,
    "DB1": 0.06206896551724138,
    "DB2": 0.06140350877192982,
    "DB3": 0.09288537549407115,
    "DB4": 0.06190476190476191,
    "DB5": 0.06043956043956044,
    "DB6": 0.0625,
    "DB7": 0.05555555555555555,
    "DD1": 0.034482758620689655,
    "DD2": 0.06209150326797386,
    "DD3": 0.0375,
    "DD4": 0.027777777777777776,
    "DD5": 0.10714285714285714,
    "DD6": 0.1,
    "DVA": 0.0652834008097166,
    "DVB": 0.06862745098039216,
    "DVC": 0.0410783055198973,
    "FLPL": 0.05526315789473684,
    "FLPR": 0.0587248322147651,
    "HSNL": 0.04838709677419355,
    "HSNR": 0.05268490374873354,
    "I1L": 0.06277056277056277,
    "I1R": 0.06702898550724638,
    "I2L": 0.07692307692307693,
    "I2R": 0.046153846153846156,
    "I3": 0.06666666666666667,
    "I4": 0.06060606060606061,
    "I5": 0.08888888888888889,
    "I6": 0.03787878787878788,
    "IL1DL": 0.07894736842105263,
    "IL1DR": 0.07142857142857142,
    "IL1L": 0.07142857142857142,
    "IL1R": 0.03463203463203463,
    "IL1VL": 0.06764705882352941,
    "IL1VR": 0.05514705882352941,
    "IL2DL": 0.03571428571428571,
    "IL2DR": 0.08333333333333333,
    "IL2L": 0.03594771241830065,
    "IL2R": 0.0367965367965368,
    "IL2VL": 0.057692307692307696,
    "IL2VR": 0.05454545454545454,
    "LUAL": 0.05263157894736842,
    "LUAR": 0.06666666666666667,
    "M1": 0.05238095238095238,
    "M2L": 0.032679738562091505,
    "M2R": 0.049707602339181284,
    "M3L": 0.0380952380952381,
    "M3R": 0.05,
    "M4": 0.045454545454545456,
    "M5": 0.08333333333333333,
    "MCL": 0.05238095238095238,
    "MCR": 0.1,
    "MI": 0.05555555555555555,
    "NSML": 0.09090909090909091,
    "NSMR": 0.07051282051282051,
    "OLLL": 0.058333333333333334,
    "OLLR": 0.051666666666666666,
    "OLQDL": 0.0935672514619883,
    "OLQDR": 0.05952380952380952,
    "OLQVL": 0.03359683794466403,
    "OLQVR": 0.05026455026455026,
    "PDA": 0.14285714285714285,
    "PDB": 0.0,
    "PDEL": 0.0673076923076923,
    "PDER": 0.04567307692307692,
    "PHAL": 0.05303030303030303,
    "PHAR": 0.07575757575757576,
    "PHBL": 0.04285714285714286,
    "PHBR": 0.038011695906432746,
    "PHCL": 0.09926470588235294,
    "PHCR": 0.16666666666666666,
    "PLML": 0.06363636363636363,
    "PLMR": 0.1,
    "PLNL": 0.0,
    "PLNR": 0.0,
    "PQR": 0.04395604395604396,
    "PVCL": 0.055424528301886794,
    "PVCR": 0.05026455026455026,
    "PVDL": 0.02197802197802198,
    "PVDR": 0.07142857142857142,
    "PVM": 0.057692307692307696,
    "PVNL": 0.05555555555555555,
    "PVNR": 0.05925925925925926,
    "PVPL": 0.0625,
    "PVPR": 0.05793650793650794,
    "PVQL": 0.029411764705882353,
    "PVQR": 0.04838709677419355,
    "PVR": 0.048060708263069137,
    "PVT": 0.061447811447811446,
    "PVWL": 0.06666666666666667,
    "PVWR": 0.03571428571428571,
    "RIAL": 0.041237113402061855,
    "RIAR": 0.04594594594594595,
    "RIBL": 0.047038327526132406,
    "RIBR": 0.04042386185243328,
    "RICL": 0.06082289803220036,
    "RICR": 0.038461538461538464,
    "RID": 0.0804953560371517,
    "RIFL": 0.04411764705882353,
    "RIFR": 0.057971014492753624,
    "RIGL": 0.05372405372405373,
    "RIGR": 0.057932263814616754,
    "RIH": 0.0476529160739687,
    "RIML": 0.04941860465116279,
    "RIMR": 0.044715447154471545,
    "RIPL": 0.07525083612040134,
    "RIPR": 0.05228758169934641,
    "RIR": 0.06060606060606061,
    "RIS": 0.04661654135338346,
    "RIVL": 0.058823529411764705,
    "RIVR": 0.05476190476190476,
    "RMDDL": 0.06790123456790123,
    "RMDDR": 0.0380952380952381,
    "RMDL": 0.041474654377880185,
    "RMDR": 0.06862745098039216,
    "RMDVL": 0.04461538461538461,
    "RMDVR": 0.0518018018018018,
    "RMED": 0.0380952380952381,
    "RMEL": 0.026143790849673203,
    "RMER": 0.04487179487179487,
    "RMEV": 0.04784688995215311,
    "RMFL": 0.04066985645933014,
    "RMFR": 0.03787878787878788,
    "RMGL": 0.06514830508474577,
    "RMGR": 0.0603448275862069,
    "RMHL": 0.0392156862745098,
    "RMHR": 0.03333333333333333,
    "SAADL": 0.045454545454545456,
    "SAADR": 0.044444444444444446,
    "SAAVL": 0.08881578947368421,
    "SAAVR": 0.05416666666666667,
    "SABD": 0.049019607843137254,
    "SABVL": 0.06818181818181818,
    "SABVR": 0.06084656084656084,
    "SDQL": 0.06593406593406594,
    "SDQR": 0.05238095238095238,
    "SIADL": 0.08928571428571429,
    "SIADR": 0.08333333333333333,
    "SIAVL": 0.08333333333333333,
    "SIAVR": 0.044444444444444446,
    "SIBDL": 0.06153846153846154,
    "SIBDR": 0.027777777777777776,
    "SIBVL": 0.023809523809523808,
    "SIBVR": 0.054945054945054944,
    "SMBDL": 0.05714285714285714,
    "SMBDR": 0.034782608695652174,
    "SMBVL": 0.03296703296703297,
    "SMBVR": 0.03333333333333333,
    "SMDDL": 0.04833333333333333,
    "SMDDR": 0.05026455026455026,
    "SMDVL": 0.054285714285714284,
    "SMDVR": 0.07214765100671142,
    "URADL": 0.07142857142857142,
    "URADR": 0.08928571428571429,