{
  "clustering_coefficients": {
    "ADAL": 0.04387990762124711,
    "ADAR": 0.06552706552706553,
    "ADEL": 0.053178484107579464,
    "ADER": 0.06064356435643564,
    "ADFL": 0.08974358974358974,
    "ADFR": 0.04047619047619048,
    "ADLL": 0.08,
    "ADLR": 0.0718954248366013,
    "AFDL": 0.023809523809523808,
    "AFDR": 0.025,
    "AIAL": 0.054079696394686905,
    "AIAR": 0.07020057306590258,
    "AIBL": 0.06062767475035663,
    "AIBR": 0.05413533834586466,
    "AIML": 0.0457516339869281,
    "AIMR": 0.05291005291005291,
    "AINL": 0.040740740740740744,
    "AINR": 0.07407407407407407,
    "AIYL": 0.056776556776556776,
    "AIYR": 0.1016949152542373,
    "AIZL": 0.04608294930875576,
    "AIZR": 0.04691358024691358,
    "ALA": 0.03571428571428571,
    "ALML": 0.04285714285714286,
    "ALMR": 0.05555555555555555,
    "ALNL": 0.06944444444444445,
    "ALNR": 0.07777777777777778,
    "AQR": 0.058646616541353384,
    "AS1": 0.0430622009569378,
    "AS10": 0.06363636363636363,
    "AS11": 0.08888888888888889,
    "AS2": 0.04814814814814815,
    "AS3": 0.057692307692307696,
    "AS4": 0.03333333333333333,
    "AS5": 0.0625,
    "AS6": 0.05128205128205128,
    "AS7": 0.047619047619047616,
    "AS8": 0.2,
    "AS9": 0.07142857142857142,
    "ASEL": 0.042483660130718956,
    "ASER": 0.07860262008733625,
    "ASGL": 0.05454545454545454,
    "ASGR": 0.15555555555555556,
    "ASHL": 0.053763440860215055,
    "ASHR": 0.06267806267806268,
    "ASIL": 0.07575757575757576,
    "ASIR": 0.045454545454545456,
    "ASJL": 0.08181818181818182,
    "ASJR": 0.1,
    "ASKL": 0.03216374269005848,
    "ASKR": 0.07037037037037037,
    "AUAL": 0.03333333333333333,
    "AUAR": 0.07017543859649122,
    "AVAL": 0.04499675113710201,
    "AVAR": 0.042803638309256285,
    "AVBL": 0.04336425978217023,
    "AVBR": 0.0439651596847781,
    "AVDL": 0.05543237250554324,
    "AVDR": 0.04602675059008655,
    "AVEL": 0.04692832764505119,
    "AVER": 0.03839037927844589,
    "AVFL": 0.05952380952380952,
    "AVFR": 0.05518394648829431,
    "AVG": 0.05952380952380952,
    "AVHL": 0.04633620689655173,
    "AVHR": 0.06446991404011461,
    "AVJL": 0.04188948306595366,
    "AVJR": 0.046489563567362426,
    "AVKL": 0.03892668178382464,
    "AVKR": 0.05733558178752108,
    "AVL": 0.054285714285714284,
    "AVM": 0.039473684210526314,
    "AWAL": 0.045454545454545456,
    "AWAR": 0.07792207792207792,
    "AWBL": 0.039473684210526314,
    "AWBR": 0.05342741935483871,
    "AWCL": 0.057692307692307696,
    "AWCR": 0.08361204013377926,
    "BAGL": 0.046052631578947366,
    "BAGR": 0.06535947712418301,
    "BDUL": 0.07272727272727272,
    "BDUR": 0.07309941520467836,
    "CANL": 0.0,
    "CANR": 0.0,
    "CEPDL": 0.07258064516129033,
    "CEPDR": 0.08333333333333333,
    "CEPVL": 0.06842105263157895,
    "CEPVR": 0.057971014492753624,
    "DA1": 0.05458515283842795,
    "DA2": 0.028428093645484948,
    "DA3": 0.08791208791208792,
    "DA4": 0.0625,
    "DA5": 0.03359683794466403,
    "DA6": 0.05555555555555555,
    "DA7": 0.0,
    "DA8": 0.05454545454545454,
    "DA9": 0.05194805194805195,
    "DB1": 0.05272727272727273,
    "DB2": 0.09615384615384616,
    "DB3": 0.05788177339901478,
    "DB4": 0.05,
    "DB5": 0.06818181818181818,
    "DB6": 0.0989010989010989,
    "DB7": 0.06944444444444445,
    "DD1": 0.05952380952380952,
    "DD2": 0.04784688995215311,
    "DD3": 0.06578947368421052,
    "DD4": 0.08974358974358974,
    "DD5": 0.10476190476190476,
    "DD6": 0.09722222222222222,
    "DVA": 0.05060943296237414,
    "DVB": 0.08333333333333333,
    "DVC": 0.04838709677419355,
    "FLPL": 0.05,
    "FLPR": 0.10294117647058823,
    "HSNL": 0.05295566502463054,
    "HSNR": 0.050793650793650794,
    "I1L": 0.06550218340611354,
    "I1R": 0.05443548387096774,
    "I2L": 0.045454545454545456,
    "I2R": 0.06363636363636363,
    "I3": 0.09090909090909091,
    "I4": 0.057692307692307696,
    "I5": 0.0873015873015873,
    "I6": 0.07692307692307693,
    "IL1DL": 0.05,
    "IL1DR": 0.07516339869281045,
    "IL1L": 0.06666666666666667,
    "IL1R": 0.07294429708222812,
    "IL1VL": 0.07017543859649122,
    "IL1VR": 0.07211538461538461,
    "IL2DL": 0.08928571428571429,
    "IL2DR": 0.06944444444444445,
    "IL2L": 0.07309941520467836,
    "IL2R": 0.0880952380952381,
    "IL2VL": 0.08333333333333333,
    "IL2VR": 0.1,
    "LUAL": 0.0868421052631579,
    "LUAR": 0.07142857142857142,
    "M1": 0.06277056277056277,
    "M2L": 0.03308823529411765,
    "M2R": 0.05928853754940711,
    "M3L": 0.06521739130434782,
    "M3R": 0.05952380952380952,
    "M4": 0.05263157894736842,
    "M5": 0.09558823529411764,
    "MCL": 0.06493506493506493,
    "MCR": 0.07051282051282051,
    "MI": 0.07910750507099391,
    "NSML": 0.0625,
    "NSMR": 0.02727272727272727,
    "OLLL": 0.07575757575757576,
    "OLLR": 0.07833333333333334,
    "OLQDL": 0.07647058823529412,
    "OLQDR": 0.06909090909090909,
    "OLQVL": 0.06020066889632107,
    "OLQVR": 0.09763313609467456,
    "PDA": 0.08928571428571429,
    "PDB": 0.07142857142857142,
    "PDEL": 0.05476190476190476,
    "PDER": 0.05514705882352941,
    "PHAL": 0.06764705882352941,
    "PHAR": 0.05128205128205128,
    "PHBL": 0.16666666666666666,
    "PHBR": 0.0875,
    "PHCL": 0.1111111111111111,
    "PHCR": 0.022222222222222223,
    "PLML": 0.0,
    "PLMR": 0.0636604774535809,
    "PLNL": 0.0,
    "PLNR": 0.0,
    "PQR": 0.07575757575757576,
    "PVCL": 0.0370548604427334,
    "PVCR": 0.05794392523364486,
    "PVDL": 0.13333333333333333,
    "PVDR": 0.023809523809523808,
    "PVM": 0.016483516483516484,
    "PVNL": 0.04497354497354497,
    "PVNR": 0.06221198156682028,
    "PVPL": 0.06896551724137931,
    "PVPR": 0.04461279461279461,
    "PVQL": 0.02631578947368421,
    "PVQR": 0.053475935828877004,
    "PVR": 0.04213036565977742,
    "PVT": 0.0481283422459893,
    "PVWL": 0.05555555555555555,
    "PVWR": 0.0,
    "RIAL": 0.051209103840682786,
    "RIAR": 0.046008869179600884,
    "RIBL": 0.043520309477756286,
    "RIBR": 0.03783783783783784,
    "RICL": 0.05414746543778802,
    "RICR": 0.06333333333333334,
    "RID": 0.06327160493827161,
    "RIFL": 0.03896103896103896,
    "RIFR": 0.041666666666666664,
    "RIGL": 0.05813953488372093,
    "RIGR": 0.056348074179743225,
    "RIH": 0.047908232118758436,
    "RIML": 0.07988587731811697,
    "RIMR": 0.06097560975609756,
    "RIPL": 0.054285714285714284,
    "RIPR": 0.042483660130718956,
    "RIR": 0.040123456790123455,
    "RIS": 0.046218487394957986,
    "RIVL": 0.055977229601518026,
    "RIVR": 0.04107142857142857,
    "RMDDL": 0.047692307692307694,
    "RMDDR": 0.06790123456790123,
    "RMDL": 0.04563492063492063,
    "RMDR": 0.045,
    "RMDVL": 0.03439153439153439,
    "RMDVR": 0.04391891891891892,
    "RMED": 0.07105263157894737,
    "RMEL": 0.0718954248366013,
    "RMER": 0.06302521008403361,
    "RMEV": 0.06550218340611354,
    "RMFL": 0.060526315789473685,
    "RMFR": 0.05454545454545454,
    "RMGL": 0.05202702702702703,
    "RMGR": 0.04838709677419355,
    "RMHL": 0.1,
    "RMHR": 0.02564102564102564,
    "SAADL": 0.08008658008658008,
    "SAADR": 0.02631578947368421,
    "SAAVL": 0.05555555555555555,
    "SAAVR": 0.1111111111111111,
    "SABD": 0.046052631578947366,
    "SABVL": 0.03333333333333333,
    "SABVR": 0.07272727272727272,
    "SDQL": 0.08333333333333333,
    "SDQR": 0.05263157894736842,
    "SIADL": 0.044444444444444446,
    "SIADR": 0.06666666666666667,
    "SIAVL": 0.045454545454545456,
    "SIAVR": 0.05238095238095238,
    "SIBDL": 0.03571428571428571,
    "SIBDR": 0.03409090909090909,
    "SIBVL": 0.0625,
    "SIBVR": 0.05303030303030303,
    "SMBDL": 0.044444444444444446,
    "SMBDR": 0.05555555555555555,
    "SMBVL": 0.054945054945054944,
    "SMBVR": 0.07051282051282051,
    "SMDDL": 0.0625,
    "SMDDR": 0.06428571428571428,
    "SMDVL": 0.06481481481481481,
    "SMDVR": 0.0754985754985755,
    "URADL": 0.03571428571428571,
    "URADR": 0.06666666666666667,
    "URAVL": 0.03333333333333333,
    "URAVR": 0.0,