{
  "clustering_coefficients": {
    "ADAL": 0.06236559139784946,
    "ADAR": 0.05802469135802469,
    "ADEL": 0.06517857142857143,
    "ADER": 0.06064356435643564,
    "ADFL": 0.06666666666666667,
    "ADFR": 0.07173913043478261,
    "ADLL": 0.06060606060606061,
    "ADLR": 0.04736842105263158,
    "AFDL": 0.038461538461538464,
    "AFDR": 0.03896103896103896,
    "AIAL": 0.034482758620689655,
    "AIAR": 0.06333333333333334,
    "AIBL": 0.041935483870967745,
    "AIBR": 0.043882978723404256,
    "AIML": 0.04329004329004329,
    "AIMR": 0.07083333333333333,
    "AINL": 0.03205128205128205,
    "AINR": 0.046052631578947366,
    "AIYL": 0.054945054945054944,
    "AIYR": 0.021739130434782608,
    "AIZL": 0.050617283950617285,
    "AIZR": 0.04310344827586207,
    "ALA": 0.047619047619047616,
    "ALML": 0.06349206349206349,
    "ALMR": 0.05555555555555555,
    "ALNL": 0.11904761904761904,
    "ALNR": 0.09722222222222222,
    "AQR": 0.05982905982905983,
    "AS1": 0.06220095693779904,
    "AS10": 0.044444444444444446,
    "AS11": 0.04044117647058824,
    "AS2": 0.04523809523809524,
    "AS3": 0.038461538461538464,
    "AS4": 0.10714285714285714,
    "AS5": 0.06666666666666667,
    "AS6": 0.09090909090909091,
    "AS7": 0.03333333333333333,
    "AS8": 0.16666666666666666,
    "AS9": 0.08333333333333333,
    "ASEL": 0.06493506493506493,
    "ASER": 0.05526315789473684,
    "ASGL": 0.1282051282051282,
    "ASGR": 0.03333333333333333,
    "ASHL": 0.037142857142857144,
    "ASHR": 0.029556650246305417,
    "ASIL": 0.09090909090909091,
    "ASIR": 0.08333333333333333,
    "ASJL": 0.07142857142857142,
    "ASJR": 0.12337662337662338,
    "ASKL": 0.0367965367965368,
    "ASKR": 0.049707602339181284,
    "AUAL": 0.08455882352941177,
    "AUAR": 0.0457516339869281,
    "AVAL": 0.041538029750210495,
    "AVAR": 0.04086248492159228,
    "AVBL": 0.037574722459436376,
    "AVBR": 0.04720496894409938,
    "AVDL": 0.03929539295392954,
    "AVDR": 0.06634016028495103,
    "AVEL": 0.03716608594657375,
    "AVER": 0.042735042735042736,
    "AVFL": 0.04181818181818182,
    "AVFR": 0.05852842809364549,
    "AVG": 0.05788177339901478,
    "AVHL": 0.05803571428571429,
    "AVHR": 0.05816831683168317,
    "AVJL": 0.03872053872053872,
    "AVJR": 0.047126436781609195,
    "AVKL": 0.04245283018867924,
    "AVKR": 0.056707317073170734,
    "AVL": 0.04285714285714286,
    "AVM": 0.051839464882943144,
    "AWAL": 0.038461538461538464,
    "AWAR": 0.01644736842105263,
    "AWBL": 0.06956521739130435,
    "AWBR": 0.06527093596059114,
    "AWCL": 0.08947368421052632,
    "AWCR": 0.06666666666666667,
    "BAGL": 0.026143790849673203,
    "BAGR": 0.10727272727272727,
    "BDUL": 0.08181818181818182,
    "BDUR": 0.07692307692307693,
    "CANL": 0.0,
    "CANR": 0.0,
    "CEPDL": 0.05,
    "CEPDR": 0.07076923076923076,
    "CEPVL": 0.06315789473684211,
    "CEPVR": 0.04032258064516129,
    "DA1": 0.037549407114624504,
    "DA2": 0.045454545454545456,
    "DA3": 0.09047619047619047,
    "DA4": 0.06578947368421052,
    "DA5": 0.058823529411764705,
    "DA6": 0.09210526315789473,
    "DA7": 0.0,
    "DA8": 0.023809523809523808,
    "DA9": 0.0625,
    "DB1": 0.04689984101748808,
    "DB2": 0.03463203463203463,
    "DB3": 0.046822742474916385,
    "DB4": 0.0533596837944664,
    "DB5": 0.06296296296296296,
    "DB6": 0.05555555555555555,
    "DB7": 0.08333333333333333,
    "DD1": 0.038011695906432746,
    "DD2": 0.05731225296442688,
    "DD3": 0.042483660130718956,
    "DD4": 0.05847953216374269,
    "DD5": 0.03333333333333333,
    "DD6": 0.041666666666666664,
    "DVA": 0.04695945945945946,
    "DVB": 0.03361344537815126,
    "DVC": 0.04957983193277311,
    "FLPL": 0.055776892430278883,
    "FLPR": 0.050239234449760764,
    "HSNL": 0.07954545454545454,
    "HSNR": 0.05372405372405373,
    "I1L": 0.03804347826086957,
    "I1R": 0.04489164086687306,
    "I2L": 0.07407407407407407,
    "I2R": 0.0673076923076923,
    "I3": 0.0457516339869281,
    "I4": 0.07575757575757576,
    "I5": 0.049019607843137254,
    "I6": 0.0533596837944664,
    "IL1DL": 0.0761904761904762,
    "IL1DR": 0.08455882352941177,
    "IL1L": 0.06363636363636363,
    "IL1R": 0.05434782608695652,
    "IL1VL": 0.030303030303030304,
    "IL1VR": 0.045454545454545456,
    "IL2DL": 0.10714285714285714,
    "IL2DR": 0.08333333333333333,
    "IL2L": 0.047619047619047616,
    "IL2R": 0.060526315789473685,
    "IL2VL": 0.07575757575757576,
    "IL2VR": 0.05128205128205128,
    "LUAL": 0.05128205128205128,
    "LUAR": 0.05238095238095238,
    "M1": 0.06160458452722063,
    "M2L": 0.09047619047619047,
    "M2R": 0.06698564593301436,
    "M3L": 0.05263157894736842,
    "M3R": 0.047619047619047616,
    "M4": 0.08791208791208792,
    "M5": 0.05416666666666667,
    "MCL": 0.07142857142857142,
    "MCR": 0.03289473684210526,
    "MI": 0.06904761904761905,
    "NSML": 0.023809523809523808,
    "NSMR": 0.08823529411764706,
    "OLLL": 0.05016722408026756,
    "OLLR": 0.04608294930875576,
    "OLQDL": 0.09166666666666666,
    "OLQDR": 0.05411255411255411,
    "OLQVL": 0.04329004329004329,
    "OLQVR": 0.04938271604938271,
    "PDA": 0.08928571428571429,
    "PDB": 0.1,
    "PDEL": 0.07083333333333333,
    "PDER": 0.08518518518518518,
    "PHAL": 0.06060606060606061,
    "PHAR": 0.12727272727272726,
    "PHBL": 0.05555555555555555,
    "PHBR": 0.06593406593406594,
    "PHCL": 0.1111111111111111,
    "PHCR": 0.07142857142857142,
    "PLML": 0.0,
    "PLMR": 0.032679738562091505,
    "PLNL": 0.2,
    "PLNR": 0.0,
    "PQR": 0.054945054945054944,
    "PVCL": 0.054971988795518206,
    "PVCR": 0.046097285067873306,
    "PVDL": 0.09090909090909091,
    "PVDR": 0.023809523809523808,
    "PVM": 0.047619047619047616,
    "PVNL": 0.06844106463878327,
    "PVNR": 0.05366726296958855,
    "PVPL": 0.04384485666104553,
    "PVPR": 0.0392156862745098,
    "PVQL": 0.07017543859649122,
    "PVQR": 0.07219827586206896,
    "PVR": 0.061053984575835475,
    "PVT": 0.06285714285714286,
    "PVWL": 0.07272727272727272,
    "PVWR": 0.1,
    "RIAL": 0.056673728813559324,
    "RIAR": 0.05684596577017115,
    "RIBL": 0.04908906882591093,
    "RIBR": 0.0484027105517909,
    "RICL": 0.04363636363636364,
    "RICR": 0.061764705882352944,
    "RID": 0.06550218340611354,
    "RIFL": 0.06666666666666667,
    "RIFR": 0.06386861313868614,
    "RIGL": 0.04864864864864865,
    "RIGR": 0.08064516129032258,
    "RIH": 0.04838709677419355,
    "RIML": 0.04188948306595366,
    "RIMR": 0.05276595744680851,
    "RIPL": 0.06129032258064516,
    "RIPR": 0.06666666666666667,
    "RIR": 0.046296296296296294,
    "RIS": 0.045454545454545456,
    "RIVL": 0.058823529411764705,
    "RIVR": 0.05270655270655271,
    "RMDDL": 0.07846153846153846,
    "RMDDR": 0.06060606060606061,
    "RMDL": 0.06613756613756613,
    "RMDR": 0.060714285714285714,
    "RMDVL": 0.04678362573099415,
    "RMDVR": 0.0636604774535809,
    "RMED": 0.09166666666666666,
    "RMEL": 0.08333333333333333,
    "RMER": 0.07222222222222222,
    "RMEV": 0.0698005698005698,
    "RMFL": 0.026470588235294117,
    "RMFR": 0.047619047619047616,
    "RMGL": 0.052552552552552555,
    "RMGR": 0.058922558922558925,
    "RMHL": 0.043859649122807015,
    "RMHR": 0.04678362573099415,
    "SAADL": 0.050239234449760764,
    "SAADR": 0.023529411764705882,
    "SAAVL": 0.07516339869281045,
    "SAAVR": 0.06043956043956044,
    "SABD": 0.06985294117647059,
    "SABVL": 0.06209150326797386,
    "SABVR": 0.06060606060606061,
    "SDQL": 0.06923076923076923,
    "SDQR": 0.09090909090909091,
    "SIADL": 0.09523809523809523,
    "SIADR": 0.08928571428571429,
    "SIAVL": 0.03333333333333333,
    "SIAVR": 0.05454545454545454,
    "SIBDL": 0.09523809523809523,
    "SIBDR": 0.07142857142857142,
    "SIBVL": 0.058333333333333334,
    "SIBVR": 0.09090909090909091,
    "SMBDL": 0.05514705882352941,
    "SMBDR": 0.05980861244019139,
    "SMBVL": 0.057692307692307696,
    "SMBVR": 0.06818181818181818,
    "SMDDL": 0.05401234567901234,