{
  "clustering_coefficients": {
    "ADAL": 0.0345679012345679,
    "ADAR": 0.047839506172839504,
    "ADEL": 0.06041335453100159,
    "ADER": 0.038461538461538464,
    "ADFL": 0.054945054945054944,
    "ADFR": 0.07454545454545454,
    "ADLL": 0.051666666666666666,
    "ADLR": 0.05555555555555555,
    "AFDL": 0.04487179487179487,
    "AFDR": 0.045454545454545456,
    "AIAL": 0.05064655172413793,
    "AIAR": 0.043333333333333335,
    "AIBL": 0.04459203036053131,
    "AIBR": 0.04827968923418424,
    "AIML": 0.04871060171919771,
    "AIMR": 0.05,
    "AINL": 0.01818181818181818,
    "AINR": 0.08333333333333333,
    "AIYL": 0.04779411764705882,
    "AIYR": 0.06009615384615385,
    "AIZL": 0.04907161803713528,
    "AIZR": 0.04843304843304843,
    "ALA": 0.05357142857142857,
    "ALML": 0.0718954248366013,
    "ALMR": 0.16666666666666666,
    "ALNL": 0.03636363636363636,
    "ALNR": 0.017857142857142856,
    "AQR": 0.06403940886699508,
    "AS1": 0.05416666666666667,
    "AS10": 0.0,
    "AS11": 0.04487179487179487,
    "AS2": 0.06209150326797386,
    "AS3": 0.06060606060606061,
    "AS4": 0.05952380952380952,
    "AS5": 0.03333333333333333,
    "AS6": 0.06363636363636363,
    "AS7": 0.1,
    "AS8": 0.03571428571428571,
    "AS9": 0.07142857142857142,
    "ASEL": 0.025735294117647058,
    "ASER": 0.030864197530864196,
    "ASGL": 0.07142857142857142,
    "ASGR": 0.03205128205128205,
    "ASHL": 0.06204379562043796,
    "ASHR": 0.052873563218390804,
    "ASIL": 0.05303030303030303,
    "ASIR": 0.06060606060606061,
    "ASJL": 0.041666666666666664,
    "ASJR": 0.041666666666666664,
    "ASKL": 0.07333333333333333,
    "ASKR": 0.06060606060606061,
    "AUAL": 0.08187134502923976,
    "AUAR": 0.049783549783549784,
    "AVAL": 0.03475014359563469,
    "AVAR": 0.04368301396557324,
    "AVBL": 0.04011786038077969,
    "AVBR": 0.049062049062049064,
    "AVDL": 0.05303030303030303,
    "AVDR": 0.03779527559055118,
    "AVEL": 0.056,
    "AVER": 0.04324956165984804,
    "AVFL": 0.055384615384615386,
    "AVFR": 0.023715415019762844,
    "AVG": 0.05547652916073969,
    "AVHL": 0.06400602409638555,
    "AVHR": 0.052307692307692305,
    "AVJL": 0.059713375796178345,
    "AVJR": 0.045454545454545456,
    "AVKL": 0.05284191829484902,
    "AVKR": 0.056081081081081084,
    "AVL": 0.049429657794676805,
    "AVM": 0.08862876254180602,
    "AWAL": 0.12727272727272726,
    "AWAR": 0.04473684210526316,
    "AWBL": 0.10897435897435898,
    "AWBR": 0.07602339181286549,
    "AWCL": 0.04093567251461988,
    "AWCR": 0.07352941176470588,
    "BAGL": 0.08994708994708994,
    "BAGR": 0.043333333333333335,
    "BDUL": 0.04779411764705882,
    "BDUR": 0.05714285714285714,
    "CANL": 0.0,
    "CANR": 0.0,
    "CEPDL": 0.055,
    "CEPDR": 0.054187192118226604,
    "CEPVL": 0.08695652173913043,
    "CEPVR": 0.04736842105263158,
    "DA1": 0.05476190476190476,
    "DA2": 0.03359683794466403,
    "DA3": 0.09523809523809523,
    "DA4": 0.0661764705882353,
    "DA5": 0.07083333333333333,
    "DA6": 0.05555555555555555,
    "DA7": 0.0,
    "DA8": 0.0989010989010989,
    "DA9": 0.023809523809523808,
    "DB1": 0.03588516746411483,
    "DB2": 0.0735930735930736,
    "DB3": 0.0696594427244582,
    "DB4": 0.044753086419753084,
    "DB5": 0.013888888888888888,
    "DB6": 0.030303030303030304,
    "DB7": 0.03571428571428571,
    "DD1": 0.045454545454545456,
    "DD2": 0.0367965367965368,
    "DD3": 0.03333333333333333,
    "DD4": 0.07894736842105263,
    "DD5": 0.02727272727272727,
    "DD6": 0.09090909090909091,
    "DVA": 0.04652730950775455,
    "DVB": 0.059782608695652176,
    "DVC": 0.056976744186046514,
    "FLPL": 0.06349206349206349,
    "FLPR": 0.07654320987654321,
    "HSNL": 0.06403940886699508,
    "HSNR": 0.0664451827242525,
    "I1L": 0.04865771812080537,
    "I1R": 0.04843304843304843,
    "I2L": 0.09090909090909091,
    "I2R": 0.10185185185185185,
    "I3": 0.039473684210526314,
    "I4": 0.06985294117647059,
    "I5": 0.1,
    "I6": 0.09615384615384616,
    "IL1DL": 0.1,
    "IL1DR": 0.04583333333333333,
    "IL1L": 0.07051282051282051,
    "IL1R": 0.06190476190476191,
    "IL1VL": 0.0375,
    "IL1VR": 0.09090909090909091,
    "IL2DL": 0.05357142857142857,
    "IL2DR": 0.041666666666666664,
    "IL2L": 0.04411764705882353,
    "IL2R": 0.07516339869281045,
    "IL2VL": 0.06060606060606061,
    "IL2VR": 0.03636363636363636,
    "LUAL": 0.037815126050420166,
    "LUAR": 0.05,
    "M1": 0.04940711462450593,
    "M2L": 0.057692307692307696,
    "M2R": 0.04523809523809524,
    "M3L": 0.08102766798418973,
    "M3R": 0.0625,
    "M4": 0.05128205128205128,
    "M5": 0.06593406593406594,
    "MCL": 0.07692307692307693,
    "MCR": 0.0641025641025641,
    "MI": 0.05536912751677853,
    "NSML": 0.06060606060606061,
    "NSMR": 0.07692307692307693,
    "OLLL": 0.04482758620689655,
    "OLLR": 0.04461538461538461,
    "OLQDL": 0.05416666666666667,
    "OLQDR": 0.06521739130434782,
    "OLQVL": 0.06944444444444445,
    "OLQVR": 0.05351170568561873,
    "PDA": 0.1111111111111111,
    "PDB": 0.14285714285714285,
    "PDEL": 0.05090909090909091,
    "PDER": 0.051666666666666666,
    "PHAL": 0.045454545454545456,
    "PHAR": 0.12121212121212122,
    "PHBL": 0.08333333333333333,
    "PHBR": 0.06923076923076923,
    "PHCL": 0.06985294117647059,
    "PHCR": 0.07272727272727272,
    "PLML": 0.05357142857142857,
    "PLMR": 0.06550218340611354,
    "PLNL": 0.0,
    "PLNR": 0.0,
    "PQR": 0.13157894736842105,
    "PVCL": 0.05570032573289902,
    "PVCR": 0.04896421845574388,
    "PVDL": 0.07142857142857142,
    "PVDR": 0.14285714285714285,
    "PVM": 0.06818181818181818,
    "PVNL": 0.05848787446504993,
    "PVNR": 0.05656565656565657,
    "PVPL": 0.04047619047619048,
    "PVPR": 0.05006765899864682,
    "PVQL": 0.06722689075630252,
    "PVQR": 0.038461538461538464,
    "PVR": 0.07857142857142857,
    "PVT": 0.057057057057057055,
    "PVWL": 0.06363636363636363,
    "PVWR": 0.1,
    "RIAL": 0.04141566265060241,
    "RIAR": 0.06601466992665037,
    "RIBL": 0.06325910931174089,
    "RIBR": 0.061234817813765184,
    "RICL": 0.0598404255319149,
    "RICR": 0.042328042328042326,
    "RID": 0.08187134502923976,
    "RIFL": 0.07083333333333333,
    "RIFR": 0.05414746543778802,
    "RIGL": 0.04085257548845471,
    "RIGR": 0.05977229601518026,
    "RIH": 0.052097428958051424,
    "RIML": 0.04367201426024955,
    "RIMR": 0.05267857142857143,
    "RIPL": 0.06545454545454546,
    "RIPR": 0.06535947712418301,
    "RIR": 0.06763925729442971,
    "RIS": 0.07510148849797023,
    "RIVL": 0.1,
    "RIVR": 0.08478260869565217,
    "RMDDL": 0.05,
    "RMDDR": 0.05844155844155844,
    "RMDL": 0.03660714285714286,
    "RMDR": 0.06333333333333334,
    "RMDVL": 0.05138339920948617,
    "RMDVR": 0.052801724137931036,
    "RMED": 0.12337662337662338,
    "RMEL": 0.06190476190476191,
    "RMER": 0.05238095238095238,
    "RMEV": 0.0691358024691358,
    "RMFL": 0.04736842105263158,
    "RMFR": 0.05,
    "RMGL": 0.034511784511784514,
    "RMGR": 0.04131054131054131,
    "RMHL": 0.0641025641025641,
    "RMHR": 0.07692307692307693,
    "SAADL": 0.05714285714285714,
    "SAADR": 0.07647058823529412,
    "SAAVL": 0.03439153439153439,
    "SAAVR": 0.0761904761904762,
    "SABD": 0.047058823529411764,
    "SABVL": 0.08333333333333333,
    "SABVR": 0.10606060606060606,
    "SDQL": 0.045454545454545456,
    "SDQR": 0.061507936507936505,
    "SIADL": 0.05555555555555555,
    "SIADR": 0.05357142857142857,
    "SIAVL": 0.05357142857142857,
    "SIAVR": 0.03333333333333333,
    "SIBDL": 0.05303030303030303,
    "SIBDR": 0.03787878787878788,
    "SIBVL": 0.09288537549407115,
    "SIBVR": 0.07142857142857142,
    "SMBDL": 0.043333333333333335,
    "SMBDR": 0.05857142857142857,
    "SMBVL": 0.12962962962962962,
    "SMBVR": 0.05714285714285714,
    "SMDDL": 0.032679738562091505,
    "SMDDR": 0.052,
    "SMDVL": 0.045,
    "SMDVR": 0.050724637681159424,
    "URADL": 0.06944444444444445,
    "URADR": 0.044444444444444446,
    "URAVL": 0.1,