{
  "clustering_coefficients": {
    "ADAL": 0.047379032258064516,
    "ADAR": 0.07425742574257425,
    "ADEL": 0.0481283422459893,
    "ADER": 0.04365079365079365,
    "ADFL": 0.08333333333333333,
    "ADFR": 0.08,
    "ADLL": 0.054285714285714284,
    "ADLR": 0.03985507246376811,
    "AFDL": 0.05454545454545454,
    "AFDR": 0.08888888888888889,
    "AIAL": 0.05300859598853868,
    "AIAR": 0.037549407114624504,
    "AIBL": 0.047979797979797977,
    "AIBR": 0.05406976744186046,
    "AIML": 0.06842105263157895,
    "AIMR": 0.04326923076923077,
    "AINL": 0.07692307692307693,
    "AINR": 0.08823529411764706,
    "AIYL": 0.06060606060606061,
    "AIYR": 0.07173913043478261,
    "AIZL": 0.050079491255961846,
    "AIZR": 0.04907161803713528,
    "ALA": 0.06944444444444445,
    "ALML": 0.03296703296703297,
    "ALMR": 0.07368421052631578,
    "ALNL": 0.15,
    "ALNR": 0.03571428571428571,
    "AQR": 0.054441260744985676,
    "AS1": 0.058823529411764705,
    "AS10": 0.03571428571428571,
    "AS11": 0.03308823529411765,
    "AS2": 0.06493506493506493,
    "AS3": 0.0761904761904762,
    "AS4": 0.08333333333333333,
    "AS5": 0.05416666666666667,
    "AS6": 0.07352941176470588,
    "AS7": 0.1111111111111111,
    "AS8": 0.0,
    "AS9": 0.08333333333333333,
    "ASEL": 0.057692307692307696,
    "ASER": 0.0670995670995671,
    "ASGL": 0.07142857142857142,
    "ASGR": 0.07407407407407407,
    "ASHL": 0.05777460770328103,
    "ASHR": 0.04827586206896552,
    "ASIL": 0.08333333333333333,
    "ASIR": 0.06363636363636363,
    "ASJL": 0.03333333333333333,
    "ASJR": 0.0,
    "ASKL": 0.07017543859649122,
    "ASKR": 0.03308823529411765,
    "AUAL": 0.06432748538011696,
    "AUAR": 0.06578947368421052,
    "AVAL": 0.03974636560470152,
    "AVAR": 0.03519583675705286,
    "AVBL": 0.03416289592760181,
    "AVBR": 0.03241160471441523,
    "AVDL": 0.0486322188449848,
    "AVDR": 0.04817275747508306,
    "AVEL": 0.04523141654978962,
    "AVER": 0.038902538902538905,
    "AVFL": 0.05555555555555555,
    "AVFR": 0.06772908366533864,
    "AVG": 0.0550755939524838,
    "AVHL": 0.06050420168067227,
    "AVHR": 0.04710144927536232,
    "AVJL": 0.051587301587301584,
    "AVJR": 0.059907834101382486,
    "AVKL": 0.038430089942763694,
    "AVKR": 0.05857142857142857,
    "AVL": 0.06928406466512702,
    "AVM": 0.05741626794258373,
    "AWAL": 0.01818181818181818,
    "AWAR": 0.041005291005291,
    "AWBL": 0.05789473684210526,
    "AWBR": 0.07142857142857142,
    "AWCL": 0.041666666666666664,
    "AWCR": 0.06349206349206349,
    "BAGL": 0.06884057971014493,
    "BAGR": 0.0625,
    "BDUL": 0.08169934640522876,
    "BDUR": 0.06944444444444445,
    "CANL": 0.0,
    "CANR": 0.0,
    "CEPDL": 0.04563894523326572,
    "CEPDR": 0.050397877984084884,
    "CEPVL": 0.06315789473684211,
    "CEPVR": 0.07023411371237458,
    "DA1": 0.04285714285714286,
    "DA2": 0.05459770114942529,
    "DA3": 0.06545454545454546,
    "DA4": 0.1037037037037037,
    "DA5": 0.040372670807453416,
    "DA6": 0.044444444444444446,
    "DA7": 0.0,
    "DA8": 0.025974025974025976,
    "DA9": 0.07142857142857142,
    "DB1": 0.03,
    "DB2": 0.058333333333333334,
    "DB3": 0.06060606060606061,
    "DB4": 0.07707509881422925,
    "DB5": 0.06944444444444445,
    "DB6": 0.09259259259259259,
    "DB7": 0.05357142857142857,
    "DD1": 0.06566820276497695,
    "DD2": 0.03594771241830065,
    "DD3": 0.05434782608695652,
    "DD4": 0.09090909090909091,
    "DD5": 0.045454545454545456,
    "DD6": 0.06666666666666667,
    "DVA": 0.03809844908968307,
    "DVB": 0.0784313725490196,
    "DVC": 0.06054131054131054,
    "FLPL": 0.05138339920948617,
    "FLPR": 0.06552706552706553,
    "HSNL": 0.06327160493827161,
    "HSNR": 0.05670103092783505,
    "I1L": 0.04923076923076923,
    "I1R": 0.06166666666666667,
    "I2L": 0.08888888888888889,
    "I2R": 0.07272727272727272,
    "I3": 0.06985294117647059,
    "I4": 0.07777777777777778,
    "I5": 0.058823529411764705,
    "I6": 0.06985294117647059,
    "IL1DL": 0.050239234449760764,
    "IL1DR": 0.0625,
    "IL1L": 0.075,
    "IL1R": 0.051470588235294115,
    "IL1VL": 0.04395604395604396,
    "IL1VR": 0.0691358024691358,
    "IL2DL": 0.05357142857142857,
    "IL2DR": 0.09722222222222222,
    "IL2L": 0.05588235294117647,
    "IL2R": 0.0392156862745098,
    "IL2VL": 0.06060606060606061,
    "IL2VR": 0.03636363636363636,
    "LUAL": 0.06349206349206349,
    "LUAR": 0.056768558951965066,
    "M1": 0.058823529411764705,
    "M2L": 0.05627705627705628,
    "M2R": 0.06209150326797386,
    "M3L": 0.058823529411764705,
    "M3R": 0.05128205128205128,
    "M4": 0.08241758241758242,
    "M5": 0.03333333333333333,
    "MCL": 0.10084033613445378,
    "MCR": 0.058333333333333334,
    "MI": 0.05555555555555555,
    "NSML": 0.0641025641025641,
    "NSMR": 0.011111111111111112,
    "OLLL": 0.06204379562043796,
    "OLLR": 0.05064655172413793,
    "OLQDL": 0.0756578947368421,
    "OLQDR": 0.05952380952380952,
    "OLQVL": 0.04411764705882353,
    "OLQVR": 0.05570291777188329,
    "PDA": 0.1,
    "PDB": 0.08333333333333333,
    "PDEL": 0.08823529411764706,
    "PDER": 0.09210526315789473,
    "PHAL": 0.06818181818181818,
    "PHAR": 0.07272727272727272,
    "PHBL": 0.06944444444444445,
    "PHBR": 0.07368421052631578,
    "PHCL": 0.08974358974358974,
    "PHCR": 0.09523809523809523,
    "PLML": 0.05357142857142857,
    "PLMR": 0.0625,
    "PLNL": 0.16666666666666666,
    "PLNR": 0.5,
    "PQR": 0.05303030303030303,
    "PVCL": 0.048363636363636366,
    "PVCR": 0.047484454494064444,
    "PVDL": 0.05357142857142857,
    "PVDR": 0.047619047619047616,
    "PVM": 0.038461538461538464,
    "PVNL": 0.05178571428571429,
    "PVNR": 0.041379310344827586,
    "PVPL": 0.057692307692307696,
    "PVPR": 0.060514372163388806,
    "PVQL": 0.07368421052631578,
    "PVQR": 0.0587557603686636,
    "PVR": 0.053156146179401995,
    "PVT": 0.03656597774244833,
    "PVWL": 0.07272727272727272,
    "PVWR": 0.14285714285714285,
    "RIAL": 0.053763440860215055,
    "RIAR": 0.04244186046511628,
    "RIBL": 0.036036036036036036,
    "RIBR": 0.05245901639344262,
    "RICL": 0.06806930693069307,
    "RICR": 0.045454545454545456,
    "RID": 0.05652173913043478,
    "RIFL": 0.041666666666666664,
    "RIFR": 0.0391304347826087,
    "RIGL": 0.04833333333333333,
    "RIGR": 0.06983805668016195,
    "RIH": 0.037869062901155326,
    "RIML": 0.04025044722719141,
    "RIMR": 0.05548780487804878,
    "RIPL": 0.05,
    "RIPR": 0.09259259259259259,
    "RIR": 0.041379310344827586,
    "RIS": 0.04476190476190476,
    "RIVL": 0.052307692307692305,
    "RIVR": 0.04736842105263158,
    "RMDDL": 0.039525691699604744,
    "RMDDR": 0.04565217391304348,
    "RMDL": 0.037037037037037035,
    "RMDR": 0.07804232804232804,
    "RMDVL": 0.0533596837944664,
    "RMDVR": 0.05475763016157989,
    "RMED": 0.08333333333333333,
    "RMEL": 0.06578947368421052,
    "RMER": 0.038461538461538464,
    "RMEV": 0.053117782909930716,
    "RMFL": 0.06764705882352941,
    "RMFR": 0.06944444444444445,
    "RMGL": 0.037162162162162164,
    "RMGR": 0.07446808510638298,
    "RMHL": 0.08888888888888889,
    "RMHR": 0.051470588235294115,
    "SAADL": 0.038461538461538464,
    "SAADR": 0.06578947368421052,
    "SAAVL": 0.06904761904761905,
    "SAAVR": 0.07692307692307693,
    "SABD": 0.07230769230769231,
    "SABVL": 0.06666666666666667,
    "SABVR": 0.11437908496732026,
    "SDQL": 0.06043956043956044,
    "SDQR": 0.06386861313868614,
    "SIADL": 0.0,
    "SIADR": 0.05384615384615385,
    "SIAVL": 0.027472527472527472,
    "SIAVR": 0.06818181818181818,
    "SIBDL": 0.0,
    "SIBDR": 0.06666666666666667,
    "SIBVL": 0.04945054945054945,
    "SIBVR": 0.06985294117647059,
    "SMBDL": 0.05788177339901478,
    "SMBDR": 0.06190476190476191,
    "SMBVL": 0.07272727272727272,
    "SMBVR": 0.07051282051282051,
    "SMDDL": 0.04743083003952569,
    "SMDDR": 0.06521739130434782,
    "SMDVL": 0.03103448275862069,
    "SMDVR": 0.0787037037037037,
    "URADL": 0.0,