{
  "clustering_coefficients": {
    "ADAL": 0.060215053763440864,
    "ADAR": 0.04242424242424243,
    "ADEL": 0.049511002444987774,
    "ADER": 0.0406015037593985,
    "ADFL": 0.044444444444444446,
    "ADFR": 0.061170212765957445,
    "ADLL": 0.05183585313174946,
    "ADLR": 0.07516339869281045,
    "AFDL": 0.05555555555555555,
    "AFDR": 0.05128205128205128,
    "AIAL": 0.06327985739750445,
    "AIAR": 0.06166666666666667,
    "AIBL": 0.026565464895635674,
    "AIBR": 0.06992230854605994,
    "AIML": 0.05846153846153846,
    "AIMR": 0.04945054945054945,
    "AINL": 0.06,
    "AINR": 0.05,
    "AIYL": 0.03308823529411765,
    "AIYR": 0.04938271604938271,
    "AIZL": 0.056666666666666664,
    "AIZR": 0.07306590257879657,
    "ALA": 0.125,
    "ALML": 0.08169934640522876,
    "ALMR": 0.05357142857142857,
    "ALNL": 0.15,
    "ALNR": 0.19642857142857142,
    "AQR": 0.05518394648829431,
    "AS1": 0.06985294117647059,
    "AS10": 0.1388888888888889,
    "AS11": 0.06666666666666667,
    "AS2": 0.06666666666666667,
    "AS3": 0.04909090909090909,
    "AS4": 0.08181818181818182,
    "AS5": 0.07894736842105263,
    "AS6": 0.0380952380952381,
    "AS7": 0.06315789473684211,
    "AS8": 0.05,
    "AS9": 0.023809523809523808,
    "ASEL": 0.05555555555555555,
    "ASER": 0.056878306878306875,
    "ASGL": 0.05357142857142857,
    "ASGR": 0.07142857142857142,
    "ASHL": 0.05928853754940711,
    "ASHR": 0.07027649769585254,
    "ASIL": 0.030303030303030304,
    "ASIR": 0.07272727272727272,
    "ASJL": 0.01818181818181818,
    "ASJR": 0.05555555555555555,
    "ASKL": 0.05263157894736842,
    "ASKR": 0.06535947712418301,
    "AUAL": 0.06842105263157895,
    "AUAR": 0.06140350877192982,
    "AVAL": 0.03646477132262052,
    "AVAR": 0.04812974104106722,
    "AVBL": 0.04341372912801484,
    "AVBR": 0.047469879518072286,
    "AVDL": 0.04372019077901431,
    "AVDR": 0.046235679214402615,
    "AVEL": 0.05186170212765957,
    "AVER": 0.035048802129547474,
    "AVFL": 0.047839506172839504,
    "AVFR": 0.05873925501432665,
    "AVG": 0.057112068965517244,
    "AVHL": 0.07390300230946882,
    "AVHR": 0.058823529411764705,
    "AVJL": 0.0494579945799458,
    "AVJR": 0.05413105413105413,
    "AVKL": 0.048656499636891795,
    "AVKR": 0.04567901234567901,
    "AVL": 0.0654320987654321,
    "AVM": 0.05,
    "AWAL": 0.06818181818181818,
    "AWAR": 0.09285714285714286,
    "AWBL": 0.06084656084656084,
    "AWBR": 0.0784313725490196,
    "AWCL": 0.065,
    "AWCR": 0.03216374269005848,
    "BAGL": 0.05238095238095238,
    "BAGR": 0.037815126050420166,
    "BDUL": 0.04487179487179487,
    "BDUR": 0.09340659340659341,
    "CANL": 0.0,
    "CANR": 0.0,
    "CEPDL": 0.050955414012738856,
    "CEPDR": 0.043316831683168314,
    "CEPVL": 0.05263157894736842,
    "CEPVR": 0.06267806267806268,
    "DA1": 0.0873015873015873,
    "DA2": 0.047839506172839504,
    "DA3": 0.0935672514619883,
    "DA4": 0.07017543859649122,
    "DA5": 0.06535947712418301,
    "DA6": 0.05555555555555555,
    "DA7": 0.03571428571428571,
    "DA8": 0.1388888888888889,
    "DA9": 0.09047619047619047,
    "DB1": 0.06571428571428571,
    "DB2": 0.07916666666666666,
    "DB3": 0.043478260869565216,
    "DB4": 0.06181818181818182,
    "DB5": 0.09259259259259259,
    "DB6": 0.02727272727272727,
    "DB7": 0.06944444444444445,
    "DD1": 0.03333333333333333,
    "DD2": 0.07,
    "DD3": 0.051470588235294115,
    "DD4": 0.041666666666666664,
    "DD5": 0.07272727272727272,
    "DD6": 0.06666666666666667,
    "DVA": 0.06324248777078965,
    "DVB": 0.01098901098901099,
    "DVC": 0.06289808917197452,
    "FLPL": 0.050724637681159424,
    "FLPR": 0.06725146198830409,
    "HSNL": 0.041666666666666664,
    "HSNR": 0.05405405405405406,
    "I1L": 0.06172839506172839,
    "I1R": 0.06727272727272728,
    "I2L": 0.03365384615384615,
    "I2R": 0.06818181818181818,
    "I3": 0.07575757575757576,
    "I4": 0.05238095238095238,
    "I5": 0.09663865546218488,
    "I6": 0.11363636363636363,
    "IL1DL": 0.07352941176470588,
    "IL1DR": 0.08823529411764706,
    "IL1L": 0.0625,
    "IL1R": 0.07407407407407407,
    "IL1VL": 0.037815126050420166,
    "IL1VR": 0.046218487394957986,
    "IL2DL": 0.08928571428571429,
    "IL2DR": 0.16666666666666666,
    "IL2L": 0.04583333333333333,
    "IL2R": 0.1134453781512605,
    "IL2VL": 0.07575757575757576,
    "IL2VR": 0.0718954248366013,
    "LUAL": 0.05698005698005698,
    "LUAR": 0.03333333333333333,
    "M1": 0.06763925729442971,
    "M2L": 0.04276315789473684,
    "M2R": 0.04044117647058824,
    "M3L": 0.08333333333333333,
    "M3R": 0.03896103896103896,
    "M4": 0.03296703296703297,
    "M5": 0.07575757575757576,
    "MCL": 0.0761904761904762,
    "MCR": 0.022222222222222223,
    "MI": 0.06719367588932806,
    "NSML": 0.06725146198830409,
    "NSMR": 0.05555555555555555,
    "OLLL": 0.05709876543209876,
    "OLLR": 0.07027649769585254,
    "OLQDL": 0.02813852813852814,
    "OLQDR": 0.04461538461538461,
    "OLQVL": 0.06277056277056277,
    "OLQVR": 0.09272727272727273,
    "PDA": 0.047619047619047616,
    "PDB": 0.05,
    "PDEL": 0.03333333333333333,
    "PDER": 0.05555555555555555,
    "PHAL": 0.08181818181818182,
    "PHAR": 0.05555555555555555,
    "PHBL": 0.045454545454545456,
    "PHBR": 0.038461538461538464,
    "PHCL": 0.07396449704142012,
    "PHCR": 0.04523809523809524,
    "PLML": 0.1,
    "PLMR": 0.08088235294117647,
    "PLNL": 0.06666666666666667,
    "PLNR": 0.5,
    "PQR": 0.038461538461538464,
    "PVCL": 0.05832449628844114,
    "PVCR": 0.03928773318258903,
    "PVDL": 0.04487179487179487,
    "PVDR": 0.047619047619047616,
    "PVM": 0.05454545454545454,
    "PVNL": 0.05172413793103448,
    "PVNR": 0.06228956228956229,
    "PVPL": 0.04206349206349207,
    "PVPR": 0.059398496240601506,
    "PVQL": 0.08518518518518518,
    "PVQR": 0.04967602591792657,
    "PVR": 0.055198973042362,
    "PVT": 0.05864509605662285,
    "PVWL": 0.06140350877192982,
    "PVWR": 0.03333333333333333,
    "RIAL": 0.032407407407407406,
    "RIAR": 0.04936120789779326,
    "RIBL": 0.056081081081081084,
    "RIBR": 0.05374001452432825,
    "RICL": 0.04700854700854701,
    "RICR": 0.09130434782608696,
    "RID": 0.05333333333333334,
    "RIFL": 0.03463203463203463,
    "RIFR": 0.030952380952380953,
    "RIGL": 0.05327342747111682,
    "RIGR": 0.06172839506172839,
    "RIH": 0.054334554334554336,
    "RIML": 0.04038461538461539,
    "RIMR": 0.03445945945945946,
    "RIPL": 0.03508771929824561,
    "RIPR": 0.05555555555555555,
    "RIR": 0.037037037037037035,
    "RIS": 0.07142857142857142,
    "RIVL": 0.060526315789473685,
    "RIVR": 0.06470588235294118,
    "RMDDL": 0.05555555555555555,
    "RMDDR": 0.04461538461538461,
    "RMDL": 0.065,
    "RMDR": 0.05263157894736842,
    "RMDVL": 0.043076923076923075,
    "RMDVR": 0.044930875576036866,
    "RMED": 0.051470588235294115,
    "RMEL": 0.04285714285714286,
    "RMER": 0.05263157894736842,
    "RMEV": 0.05185185185185185,
    "RMFL": 0.08874458874458875,
    "RMFR": 0.022222222222222223,
    "RMGL": 0.04156479217603912,
    "RMGR": 0.06623931623931624,
    "RMHL": 0.08333333333333333,
    "RMHR": 0.05238095238095238,
    "SAADL": 0.0718954248366013,
    "SAADR": 0.07105263157894737,
    "SAAVL": 0.05416666666666667,
    "SAAVR": 0.038461538461538464,
    "SABD": 0.06140350877192982,
    "SABVL": 0.054945054945054944,
    "SABVR": 0.09848484848484848,
    "SDQL": 0.10416666666666667,
    "SDQR": 0.06060606060606061,
    "SIADL": 0.03571428571428571,
    "SIADR": 0.047619047619047616,
    "SIAVL": 0.16666666666666666,
    "SIAVR": 0.08333333333333333,
    "SIBDL": 0.03333333333333333,
    "SIBDR": 0.08928571428571429,
    "SIBVL": 0.027692307692307693,
    "SIBVR": 0.07083333333333333,
    "SMBDL": 0.05,
    "SMBDR": 0.05731225296442688,
    "SMBVL": 0.06060606060606061,
    "SMBVR": 0.041666666666666664,
    "SMDDL": 0.041501976284584984,
    "SMDDR": 0.046052631578947366,
    "SMDVL": 0.041666666666666664,
    "SMDVR": 0.04743083003952569,