{
  "clustering_coefficients": {
    "ADAL": 0.07130124777183601,
    "ADAR": 0.050397877984084884,
    "ADEL": 0.05378151260504202,
    "ADER": 0.04743833017077799,
    "ADFL": 0.007575757575757576,
    "ADFR": 0.0436241610738255,
    "ADLL": 0.07427055702917772,
    "ADLR": 0.07017543859649122,
    "AFDL": 0.08928571428571429,
    "AFDR": 0.08181818181818182,
    "AIAL": 0.04319654427645788,
    "AIAR": 0.06695156695156695,
    "AIBL": 0.037889039242219216,
    "AIBR": 0.05548780487804878,
    "AIML": 0.06363636363636363,
    "AIMR": 0.07142857142857142,
    "AINL": 0.10909090909090909,
    "AINR": 0.06985294117647059,
    "AIYL": 0.039473684210526314,
    "AIYR": 0.06349206349206349,
    "AIZL": 0.07538461538461538,
    "AIZR": 0.047516198704103674,
    "ALA": 0.09523809523809523,
    "ALML": 0.08823529411764706,
    "ALMR": 0.038461538461538464,
    "ALNL": 0.15,
    "ALNR": 0.045454545454545456,
    "AQR": 0.06666666666666667,
    "AS1": 0.022727272727272728,
    "AS10": 0.08888888888888889,
    "AS11": 0.09523809523809523,
    "AS2": 0.031746031746031744,
    "AS3": 0.049707602339181284,
    "AS4": 0.08928571428571429,
    "AS5": 0.04487179487179487,
    "AS6": 0.022727272727272728,
    "AS7": 0.05357142857142857,
    "AS8": 0.03333333333333333,
    "AS9": 0.017857142857142856,
    "ASEL": 0.051470588235294115,
    "ASER": 0.03428571428571429,
    "ASGL": 0.056818181818181816,
    "ASGR": 0.1,
    "ASHL": 0.06944444444444445,
    "ASHR": 0.03340080971659919,
    "ASIL": 0.09583333333333334,
    "ASIR": 0.041666666666666664,
    "ASJL": 0.04285714285714286,
    "ASJR": 0.05454545454545454,
    "ASKL": 0.01838235294117647,
    "ASKR": 0.04784688995215311,
    "AUAL": 0.0661764705882353,
    "AUAR": 0.01838235294117647,
    "AVAL": 0.0421644413211525,
    "AVAR": 0.04119901450862305,
    "AVBL": 0.04640633842671194,
    "AVBR": 0.0426948687818253,
    "AVDL": 0.037386706948640484,
    "AVDR": 0.039540816326530615,
    "AVEL": 0.05468025949953661,
    "AVER": 0.032793867120954,
    "AVFL": 0.07266009852216748,
    "AVFR": 0.046153846153846156,
    "AVG": 0.055443548387096774,
    "AVHL": 0.04946236559139785,
    "AVHR": 0.05,
    "AVJL": 0.048295454545454544,
    "AVJR": 0.07142857142857142,
    "AVKL": 0.05110732538330494,
    "AVKR": 0.04767726161369193,
    "AVL": 0.04556650246305419,
    "AVM": 0.06856187290969899,
    "AWAL": 0.01818181818181818,
    "AWAR": 0.05741626794258373,
    "AWBL": 0.05621301775147929,
    "AWBR": 0.07272727272727272,
    "AWCL": 0.04779411764705882,
    "AWCR": 0.11864406779661017,
    "BAGL": 0.05741626794258373,
    "BAGR": 0.06666666666666667,
    "BDUL": 0.051470588235294115,
    "BDUR": 0.07720588235294118,
    "CANL": 0.0,
    "CANR": 0.0,
    "CEPDL": 0.05384615384615385,
    "CEPDR": 0.04847908745247148,
    "CEPVL": 0.05592105263157895,
    "CEPVR": 0.04666666666666667,
    "DA1": 0.0625,
    "DA2": 0.03868194842406877,
    "DA3": 0.04411764705882353,
    "DA4": 0.05698005698005698,
    "DA5": 0.04497354497354497,
    "DA6": 0.056818181818181816,
    "DA7": 0.030303030303030304,
    "DA8": 0.07272727272727272,
    "DA9": 0.10276679841897234,
    "DB1": 0.055776892430278883,
    "DB2": 0.0398406374501992,
    "DB3": 0.07789855072463768,
    "DB4": 0.07885906040268456,
    "DB5": 0.05514705882352941,
    "DB6": 0.04395604395604396,
    "DB7": 0.07142857142857142,
    "DD1": 0.06833333333333333,
    "DD2": 0.05818181818181818,
    "DD3": 0.015151515151515152,
    "DD4": 0.07777777777777778,
    "DD5": 0.07142857142857142,
    "DD6": 0.030303030303030304,
    "DVA": 0.040090771558245086,
    "DVB": 0.03333333333333333,
    "DVC": 0.05295566502463054,
    "FLPL": 0.07525083612040134,
    "FLPR": 0.05952380952380952,
    "HSNL": 0.04938271604938271,
    "HSNR": 0.06915544675642595,
    "I1L": 0.05,
    "I1R": 0.047619047619047616,
    "I2L": 0.10185185185185185,
    "I2R": 0.04487179487179487,
    "I3": 0.0847953216374269,
    "I4": 0.1,
    "I5": 0.05053191489361702,
    "I6": 0.07647058823529412,
    "IL1DL": 0.07309941520467836,
    "IL1DR": 0.1125,
    "IL1L": 0.07272727272727272,
    "IL1R": 0.03333333333333333,
    "IL1VL": 0.09473684210526316,
    "IL1VR": 0.07352941176470588,
    "IL2DL": 0.03571428571428571,
    "IL2DR": 0.08333333333333333,
    "IL2L": 0.06209150326797386,
    "IL2R": 0.06493506493506493,
    "IL2VL": 0.10989010989010989,
    "IL2VR": 0.06818181818181818,
    "LUAL": 0.058823529411764705,
    "LUAR": 0.04779411764705882,
    "M1": 0.03571428571428571,
    "M2L": 0.06521739130434782,
    "M2R": 0.034210526315789476,
    "M3L": 0.07352941176470588,
    "M3R": 0.0625,
    "M4": 0.06842105263157895,
    "M5": 0.0847953216374269,
    "MCL": 0.027472527472527472,
    "MCR": 0.06086956521739131,
    "MI": 0.05384615384615385,
    "NSML": 0.045454545454545456,
    "NSMR": 0.07142857142857142,
    "OLLL": 0.05263157894736842,
    "OLLR": 0.046296296296296294,
    "OLQDL": 0.07098765432098765,
    "OLQDR": 0.046052631578947366,
    "OLQVL": 0.07368421052631578,
    "OLQVR": 0.05555555555555555,
    "PDA": 0.03333333333333333,
    "PDB": 0.047619047619047616,
    "PDEL": 0.059322033898305086,
    "PDER": 0.038011695906432746,
    "PHAL": 0.054945054945054944,
    "PHAR": 0.05454545454545454,
    "PHBL": 0.04285714285714286,
    "PHBR": 0.054945054945054944,
    "PHCL": 0.057692307692307696,
    "PHCR": 0.038461538461538464,
    "PLML": 0.015151515151515152,
    "PLMR": 0.04411764705882353,
    "PLNL": 0.0,
    "PLNR": 0.0,
    "PQR": 0.10084033613445378,
    "PVCL": 0.043429003021148035,
    "PVCR": 0.04161947904869762,
    "PVDL": 0.05357142857142857,
    "PVDR": 0.023809523809523808,
    "PVM": 0.09117647058823529,
    "PVNL": 0.05228136882129278,
    "PVNR": 0.04292527821939587,
    "PVPL": 0.05238095238095238,
    "PVPR": 0.045454545454545456,
    "PVQL": 0.0989010989010989,
    "PVQR": 0.05069124423963134,
    "PVR": 0.03456998313659359,
    "PVT": 0.04907161803713528,
    "PVWL": 0.07692307692307693,
    "PVWR": 0.05,
    "RIAL": 0.038288288288288286,
    "RIAR": 0.04085365853658537,
    "RIBL": 0.04802831142568251,
    "RIBR": 0.051113360323886636,
    "RICL": 0.04269449715370019,
    "RICR": 0.07636363636363637,
    "RID": 0.06746031746031746,
    "RIFL": 0.05228758169934641,
    "RIFR": 0.061752988047808766,
    "RIGL": 0.05468025949953661,
    "RIGR": 0.04856687898089172,
    "RIH": 0.046565774155995346,
    "RIML": 0.05,
    "RIMR": 0.05378973105134474,
    "RIPL": 0.06666666666666667,
    "RIPR": 0.047058823529411764,
    "RIR": 0.06695156695156695,
    "RIS": 0.03510436432637571,
    "RIVL": 0.04736842105263158,
    "RIVR": 0.06862745098039216,
    "RMDDL": 0.029411764705882353,
    "RMDDR": 0.05128205128205128,
    "RMDL": 0.05241935483870968,
    "RMDR": 0.0649867374005305,
    "RMDVL": 0.04,
    "RMDVR": 0.06018518518518518,
    "RMED": 0.038011695906432746,
    "RMEL": 0.1346153846153846,
    "RMER": 0.05476190476190476,
    "RMEV": 0.057112068965517244,
    "RMFL": 0.04583333333333333,
    "RMFR": 0.08333333333333333,
    "RMGL": 0.06097560975609756,
    "RMGR": 0.05625,
    "RMHL": 0.12727272727272726,
    "RMHR": 0.04940711462450593,
    "SAADL": 0.038461538461538464,
    "SAADR": 0.05228758169934641,
    "SAAVL": 0.05194805194805195,
    "SAAVR": 0.03333333333333333,
    "SABD": 0.032679738562091505,
    "SABVL": 0.04945054945054945,
    "SABVR": 0.07777777777777778,
    "SDQL": 0.07692307692307693,
    "SDQR": 0.05526315789473684,
    "SIADL": 0.0,
    "SIADR": 0.08928571428571429,
    "SIAVL": 0.125,
    "SIAVR": 0.14285714285714285,
    "SIBDL": 0.09523809523809523,
    "SIBDR": 0.07916666666666666,
    "SIBVL": 0.03205128205128205,
    "SIBVR": 0.07083333333333333,
    "SMBDL": 0.049019607843137254,
    "SMBDR": 0.045454545454545456,
    "SMBVL": 0.1125,
    "SMBVR": 0.06593406593406594,
    "SMDDL": 0.05,
    "SMDDR": 0.05709876543209876,
    "SMDVL": 0.05434782608695652,
    "SMDVR": 0.06481481481481481,
    "URADL": 0.03333333333333333,