{
  "clustering_coefficients": {
    "ADAL": 0.04689984101748808,
    "ADAR": 0.04530201342281879,
    "ADEL": 0.05178571428571429,
    "ADER": 0.08747300215982722,
    "ADFL": 0.06363636363636363,
    "ADFR": 0.051587301587301584,
    "ADLL": 0.08064516129032258,
    "ADLR": 0.05413105413105413,
    "AFDL": 0.05454545454545454,
    "AFDR": 0.04395604395604396,
    "AIAL": 0.04376657824933687,
    "AIAR": 0.051587301587301584,
    "AIBL": 0.04939024390243903,
    "AIBR": 0.057692307692307696,
    "AIML": 0.10339506172839506,
    "AIMR": 0.12380952380952381,
    "AINL": 0.08181818181818182,
    "AINR": 0.049019607843137254,
    "AIYL": 0.07631578947368421,
    "AIYR": 0.021739130434782608,
    "AIZL": 0.08695652173913043,
    "AIZR": 0.05852842809364549,
    "ALA": 0.10227272727272728,
    "ALML": 0.042328042328042326,
    "ALMR": 0.022727272727272728,
    "ALNL": 0.08333333333333333,
    "ALNR": 0.023809523809523808,
    "AQR": 0.06017191977077364,
    "AS1": 0.016666666666666666,
    "AS10": 0.01818181818181818,
    "AS11": 0.058823529411764705,
    "AS2": 0.12121212121212122,
    "AS3": 0.07017543859649122,
    "AS4": 0.06666666666666667,
    "AS5": 0.10989010989010989,
    "AS6": 0.04285714285714286,
    "AS7": 0.06666666666666667,
    "AS8": 0.0,
    "AS9": 0.0,
    "ASEL": 0.008875739644970414,
    "ASER": 0.09523809523809523,
    "ASGL": 0.06060606060606061,
    "ASGR": 0.045454545454545456,
    "ASHL": 0.05196304849884527,
    "ASHR": 0.06350626118067978,
    "ASIL": 0.029166666666666667,
    "ASIR": 0.07272727272727272,
    "ASJL": 0.11904761904761904,
    "ASJR": 0.06666666666666667,
    "ASKL": 0.06666666666666667,
    "ASKR": 0.10756972111553785,
    "AUAL": 0.051470588235294115,
    "AUAR": 0.05185185185185185,
    "AVAL": 0.040259422418012725,
    "AVAR": 0.04275,
    "AVBL": 0.040229885057471264,
    "AVBR": 0.04315417810906238,
    "AVDL": 0.058170515097690945,
    "AVDR": 0.046875,
    "AVEL": 0.038928210313447925,
    "AVER": 0.04338624338624339,
    "AVFL": 0.07047872340425532,
    "AVFR": 0.05692307692307692,
    "AVG": 0.07,
    "AVHL": 0.052873563218390804,
    "AVHR": 0.05172413793103448,
    "AVJL": 0.05387205387205387,
    "AVJR": 0.040229885057471264,
    "AVKL": 0.06395348837209303,
    "AVKR": 0.04126984126984127,
    "AVL": 0.04933586337760911,
    "AVM": 0.047619047619047616,
    "AWAL": 0.045454545454545456,
    "AWAR": 0.05434782608695652,
    "AWBL": 0.05921052631578947,
    "AWBR": 0.06578947368421052,
    "AWCL": 0.08333333333333333,
    "AWCR": 0.05555555555555555,
    "BAGL": 0.041666666666666664,
    "BAGR": 0.08241758241758242,
    "BDUL": 0.07720588235294118,
    "BDUR": 0.060526315789473685,
    "CANL": 0.0,
    "CANR": 0.0,
    "CEPDL": 0.06221198156682028,
    "CEPDR": 0.04985754985754986,
    "CEPVL": 0.07655502392344497,
    "CEPVR": 0.07936507936507936,
    "DA1": 0.04329004329004329,
    "DA2": 0.06490384615384616,
    "DA3": 0.08102766798418973,
    "DA4": 0.05789473684210526,
    "DA5": 0.045584045584045586,
    "DA6": 0.06862745098039216,
    "DA7": 0.0,
    "DA8": 0.06043956043956044,
    "DA9": 0.0847953216374269,
    "DB1": 0.04741379310344827,
    "DB2": 0.04565217391304348,
    "DB3": 0.052801724137931036,
    "DB4": 0.0546218487394958,
    "DB5": 0.03571428571428571,
    "DB6": 0.08333333333333333,
    "DB7": 0.06363636363636363,
    "DD1": 0.06609195402298851,
    "DD2": 0.06884057971014493,
    "DD3": 0.06060606060606061,
    "DD4": 0.05555555555555555,
    "DD5": 0.08333333333333333,
    "DD6": 0.03333333333333333,
    "DVA": 0.06352459016393443,
    "DVB": 0.038461538461538464,
    "DVC": 0.06111111111111111,
    "FLPL": 0.04367816091954023,
    "FLPR": 0.04,
    "HSNL": 0.06048387096774194,
    "HSNR": 0.05698778833107191,
    "I1L": 0.08373205741626795,
    "I1R": 0.047474747474747475,
    "I2L": 0.041666666666666664,
    "I2R": 0.08490566037735849,
    "I3": 0.07894736842105263,
    "I4": 0.03333333333333333,
    "I5": 0.032679738562091505,
    "I6": 0.057692307692307696,
    "IL1DL": 0.031578947368421054,
    "IL1DR": 0.05925925925925926,
    "IL1L": 0.06493506493506493,
    "IL1R": 0.04891304347826087,
    "IL1VL": 0.10504201680672269,
    "IL1VR": 0.05502392344497608,
    "IL2DL": 0.03571428571428571,
    "IL2DR": 0.1388888888888889,
    "IL2L": 0.0718954248366013,
    "IL2R": 0.04643962848297214,
    "IL2VL": 0.06363636363636363,
    "IL2VR": 0.10909090909090909,
    "LUAL": 0.042328042328042326,
    "LUAR": 0.04329004329004329,
    "M1": 0.05615942028985507,
    "M2L": 0.037037037037037035,
    "M2R": 0.07090909090909091,
    "M3L": 0.07352941176470588,
    "M3R": 0.05026455026455026,
    "M4": 0.07142857142857142,
    "M5": 0.04736842105263158,
    "MCL": 0.09340659340659341,
    "MCR": 0.04497354497354497,
    "MI": 0.05270655270655271,
    "NSML": 0.06666666666666667,
    "NSMR": 0.03636363636363636,
    "OLLL": 0.05351170568561873,
    "OLLR": 0.04196428571428571,
    "OLQDL": 0.0698005698005698,
    "OLQDR": 0.0625,
    "OLQVL": 0.06315789473684211,
    "OLQVR": 0.07602339181286549,
    "PDA": 0.013888888888888888,
    "PDB": 0.1,
    "PDEL": 0.06535947712418301,
    "PDER": 0.04044117647058824,
    "PHAL": 0.034545454545454546,
    "PHAR": 0.03636363636363636,
    "PHBL": 0.09583333333333334,
    "PHBR": 0.02826086956521739,
    "PHCL": 0.06666666666666667,
    "PHCR": 0.05555555555555555,
    "PLML": 0.05714285714285714,
    "PLMR": 0.06315789473684211,
    "PLNL": 0.3333333333333333,
    "PLNR": 0.0,
    "PQR": 0.05454545454545454,
    "PVCL": 0.035849056603773584,
    "PVCR": 0.050256410256410255,
    "PVDL": 0.05357142857142857,
    "PVDR": 0.09523809523809523,
    "PVM": 0.10504201680672269,
    "PVNL": 0.05161290322580645,
    "PVNR": 0.06746031746031746,
    "PVPL": 0.04557069846678024,
    "PVPR": 0.03968253968253968,
    "PVQL": 0.05555555555555555,
    "PVQR": 0.05813953488372093,
    "PVR": 0.05042016806722689,
    "PVT": 0.03978494623655914,
    "PVWL": 0.07142857142857142,
    "PVWR": 0.11904761904761904,
    "RIAL": 0.044372294372294376,
    "RIAR": 0.05723905723905724,
    "RIBL": 0.04803788903924222,
    "RIBR": 0.04916512059369202,
    "RICL": 0.046464646464646465,
    "RICR": 0.05526315789473684,
    "RID": 0.07190635451505016,
    "RIFL": 0.0457516339869281,
    "RIFR": 0.06333333333333334,
    "RIGL": 0.037694013303769404,
    "RIGR": 0.04536290322580645,
    "RIH": 0.04933481152993348,
    "RIML": 0.05349500713266762,
    "RIMR": 0.05,
    "RIPL": 0.058355437665782495,
    "RIPR": 0.0392156862745098,
    "RIR": 0.04084158415841584,
    "RIS": 0.05218216318785579,
    "RIVL": 0.08658008658008658,
    "RIVR": 0.09941520467836257,
    "RMDDL": 0.03804347826086957,
    "RMDDR": 0.05555555555555555,
    "RMDL": 0.04565217391304348,
    "RMDR": 0.052307692307692305,
    "RMDVL": 0.040740740740740744,
    "RMDVR": 0.06631299734748011,
    "RMED": 0.14903846153846154,
    "RMEL": 0.05555555555555555,
    "RMER": 0.04523809523809524,
    "RMEV": 0.05342741935483871,
    "RMFL": 0.05588235294117647,
    "RMFR": 0.0,
    "RMGL": 0.0722972972972973,
    "RMGR": 0.034139402560455195,
    "RMHL": 0.041666666666666664,
    "RMHR": 0.05454545454545454,
    "SAADL": 0.04487179487179487,
    "SAADR": 0.09649122807017543,
    "SAAVL": 0.04779411764705882,
    "SAAVR": 0.03787878787878788,
    "SABD": 0.042105263157894736,
    "SABVL": 0.07037037037037037,
    "SABVR": 0.06725146198830409,
    "SDQL": 0.14333333333333334,
    "SDQR": 0.0735930735930736,
    "SIADL": 0.044444444444444446,
    "SIADR": 0.03571428571428571,
    "SIAVL": 0.1388888888888889,
    "SIAVR": 0.0,
    "SIBDL": 0.07142857142857142,
    "SIBDR": 0.017857142857142856,
    "SIBVL": 0.06428571428571428,
    "SIBVR": 0.06060606060606061,
    "SMBDL": 0.0718954248366013,
    "SMBDR": 0.07602339181286549,
    "SMBVL": 0.08888888888888889,
    "SMBVR": 0.08823529411764706,
    "SMDDL": 0.042105263157894736,
    "SMDDR": 0.06926406926406926,
    "SMDVL": 0.06698564593301436,
    "SMDVR": 0.06159420289855073,