{
  "clustering_coefficients": {
    "ADAL": 0.037037037037037035,
    "ADAR": 0.0659025787965616,
    "ADEL": 0.060411311053984576,
    "ADER": 0.07,
    "ADFL": 0.05303030303030303,
    "ADFR": 0.05076923076923077,
    "ADLL": 0.058333333333333334,
    "ADLR": 0.047058823529411764,
    "AFDL": 0.06363636363636363,
    "AFDR": 0.0641025641025641,
    "AIAL": 0.052525252525252523,
    "AIAR": 0.05517241379310345,
    "AIBL": 0.04819277108433735,
    "AIBR": 0.03650793650793651,
    "AIML": 0.040865384615384616,
    "AIMR": 0.04411764705882353,
    "AINL": 0.09340659340659341,
    "AINR": 0.06470588235294118,
    "AIYL": 0.09259259259259259,
    "AIYR": 0.1043956043956044,
    "AIZL": 0.05295566502463054,
    "AIZR": 0.05113636363636364,
    "ALA": 0.027777777777777776,
    "ALML": 0.06304347826086956,
    "ALMR": 0.05128205128205128,
    "ALNL": 0.03571428571428571,
    "ALNR": 0.05238095238095238,
    "AQR": 0.03835978835978836,
    "AS1": 0.05,
    "AS10": 0.1,
    "AS11": 0.05555555555555555,
    "AS2": 0.05029585798816568,
    "AS3": 0.045454545454545456,
    "AS4": 0.07777777777777778,
    "AS5": 0.04779411764705882,
    "AS6": 0.09090909090909091,
    "AS7": 0.09615384615384616,
    "AS8": 0.0,
    "AS9": 0.023809523809523808,
    "ASEL": 0.05,
    "ASER": 0.05588235294117647,
    "ASGL": 0.06944444444444445,
    "ASGR": 0.038461538461538464,
    "ASHL": 0.05802469135802469,
    "ASHR": 0.061200923787528866,
    "ASIL": 0.038461538461538464,
    "ASIR": 0.045454545454545456,
    "ASJL": 0.06666666666666667,
    "ASJR": 0.05357142857142857,
    "ASKL": 0.0645933014354067,
    "ASKR": 0.08571428571428572,
    "AUAL": 0.05555555555555555,
    "AUAR": 0.05048076923076923,
    "AVAL": 0.038275584206285254,
    "AVAR": 0.0449438202247191,
    "AVBL": 0.038135593220338986,
    "AVBR": 0.036069651741293535,
    "AVDL": 0.042777777777777776,
    "AVDR": 0.048058252427184464,
    "AVEL": 0.04594594594594595,
    "AVER": 0.047474747474747475,
    "AVFL": 0.04691358024691358,
    "AVFR": 0.02368421052631579,
    "AVG": 0.05928853754940711,
    "AVHL": 0.045535714285714284,
    "AVHR": 0.06285714285714286,
    "AVJL": 0.06464646464646465,
    "AVJR": 0.06267806267806268,
    "AVKL": 0.049074074074074076,
    "AVKR": 0.053231939163498096,
    "AVL": 0.04367816091954023,
    "AVM": 0.050724637681159424,
    "AWAL": 0.046218487394957986,
    "AWAR": 0.04528985507246377,
    "AWBL": 0.07894736842105263,
    "AWBR": 0.05285714285714286,
    "AWCL": 0.07916666666666666,
    "AWCR": 0.06209150326797386,
    "BAGL": 0.05263157894736842,
    "BAGR": 0.047619047619047616,
    "BDUL": 0.04329004329004329,
    "BDUR": 0.06493506493506493,
    "CANL": 0.0,
    "CANR": 0.0,
    "CEPDL": 0.045,
    "CEPDR": 0.0374331550802139,
    "CEPVL": 0.07105263157894737,
    "CEPVR": 0.07065217391304347,
    "DA1": 0.032679738562091505,
    "DA2": 0.030864197530864196,
    "DA3": 0.034210526315789476,
    "DA4": 0.05238095238095238,
    "DA5": 0.03162055335968379,
    "DA6": 0.08181818181818182,
    "DA7": 0.08333333333333333,
    "DA8": 0.0457516339869281,
    "DA9": 0.08823529411764706,
    "DB1": 0.04187192118226601,
    "DB2": 0.09117647058823529,
    "DB3": 0.0380952380952381,
    "DB4": 0.0761904761904762,
    "DB5": 0.04044117647058824,
    "DB6": 0.08333333333333333,
    "DB7": 0.027777777777777776,
    "DD1": 0.06904761904761905,
    "DD2": 0.05851063829787234,
    "DD3": 0.04523809523809524,
    "DD4": 0.022222222222222223,
    "DD5": 0.023809523809523808,
    "DD6": 0.047619047619047616,
    "DVA": 0.03641267700606878,
    "DVB": 0.07720588235294118,
    "DVC": 0.03455723542116631,
    "FLPL": 0.03859060402684564,
    "FLPR": 0.06481481481481481,
    "HSNL": 0.05076923076923077,
    "HSNR": 0.06528662420382166,
    "I1L": 0.03985507246376811,
    "I1R": 0.08528428093645485,
    "I2L": 0.06060606060606061,
    "I2R": 0.019230769230769232,
    "I3": 0.05588235294117647,
    "I4": 0.03787878787878788,
    "I5": 0.057692307692307696,
    "I6": 0.07083333333333333,
    "IL1DL": 0.05186170212765957,
    "IL1DR": 0.06613756613756613,
    "IL1L": 0.047619047619047616,
    "IL1R": 0.05285714285714286,
    "IL1VL": 0.042105263157894736,
    "IL1VR": 0.01904761904761905,
    "IL2DL": 0.017857142857142856,
    "IL2DR": 0.05555555555555555,
    "IL2L": 0.051470588235294115,
    "IL2R": 0.05218855218855219,
    "IL2VL": 0.06818181818181818,
    "IL2VR": 0.11363636363636363,
    "LUAL": 0.05092592592592592,
    "LUAR": 0.047619047619047616,
    "M1": 0.04024767801857585,
    "M2L": 0.07142857142857142,
    "M2R": 0.06837606837606838,
    "M3L": 0.05238095238095238,
    "M3R": 0.04833333333333333,
    "M4": 0.029166666666666667,
    "M5": 0.08333333333333333,
    "MCL": 0.009523809523809525,
    "MCR": 0.08974358974358974,
    "MI": 0.07,
    "NSML": 0.05555555555555555,
    "NSMR": 0.030303030303030304,
    "OLLL": 0.06277056277056277,
    "OLLR": 0.06129032258064516,
    "OLQDL": 0.07738095238095238,
    "OLQDR": 0.05172413793103448,
    "OLQVL": 0.05502846299810247,
    "OLQVR": 0.05,
    "PDA": 0.06363636363636363,
    "PDB": 0.058333333333333334,
    "PDEL": 0.030303030303030304,
    "PDER": 0.052884615384615384,
    "PHAL": 0.022222222222222223,
    "PHAR": 0.04093567251461988,
    "PHBL": 0.05454545454545454,
    "PHBR": 0.0761904761904762,
    "PHCL": 0.028985507246376812,
    "PHCR": 0.022222222222222223,
    "PLML": 0.08333333333333333,
    "PLMR": 0.04047619047619048,
    "PLNL": 0.0,
    "PLNR": 0.0,
    "PQR": 0.040740740740740744,
    "PVCL": 0.03983688833124216,
    "PVCR": 0.036440084092501754,
    "PVDL": 0.08791208791208792,
    "PVDR": 0.07142857142857142,
    "PVM": 0.038461538461538464,
    "PVNL": 0.047872340425531915,
    "PVNR": 0.058922558922558925,
    "PVPL": 0.05976430976430976,
    "PVPR": 0.0655893536121673,
    "PVQL": 0.022222222222222223,
    "PVQR": 0.05555555555555555,
    "PVR": 0.03482142857142857,
    "PVT": 0.03949579831932773,
    "PVWL": 0.07777777777777778,
    "PVWR": 0.09523809523809523,
    "RIAL": 0.04367201426024955,
    "RIAR": 0.04536290322580645,
    "RIBL": 0.0377906976744186,
    "RIBR": 0.03722222222222222,
    "RICL": 0.04985754985754986,
    "RICR": 0.05632183908045977,
    "RID": 0.05201342281879195,
    "RIFL": 0.0457516339869281,
    "RIFR": 0.05555555555555555,
    "RIGL": 0.049019607843137254,
    "RIGR": 0.045535714285714284,
    "RIH": 0.04279279279279279,
    "RIML": 0.04498714652956298,
    "RIMR": 0.039909638554216864,
    "RIPL": 0.05555555555555555,
    "RIPR": 0.038011695906432746,
    "RIR": 0.058355437665782495,
    "RIS": 0.06562922868741543,
    "RIVL": 0.049019607843137254,
    "RIVR": 0.05864197530864197,
    "RMDDL": 0.05253623188405797,
    "RMDDR": 0.07380952380952381,
    "RMDL": 0.05138339920948617,
    "RMDR": 0.06020066889632107,
    "RMDVL": 0.038011695906432746,
    "RMDVR": 0.05757575757575758,
    "RMED": 0.06593406593406594,
    "RMEL": 0.05,
    "RMER": 0.03205128205128205,
    "RMEV": 0.04567307692307692,
    "RMFL": 0.058333333333333334,
    "RMFR": 0.1,
    "RMGL": 0.04830053667262969,
    "RMGR": 0.03940886699507389,
    "RMHL": 0.07142857142857142,
    "RMHR": 0.03205128205128205,
    "SAADL": 0.08496732026143791,
    "SAADR": 0.04112554112554113,
    "SAAVL": 0.08881578947368421,
    "SAAVR": 0.058333333333333334,
    "SABD": 0.057692307692307696,
    "SABVL": 0.08241758241758242,
    "SABVR": 0.015151515151515152,
    "SDQL": 0.04779411764705882,
    "SDQR": 0.06698564593301436,
    "SIADL": 0.08974358974358974,
    "SIADR": 0.25,
    "SIAVL": 0.041666666666666664,
    "SIAVR": 0.027777777777777776,
    "SIBDL": 0.07142857142857142,
    "SIBDR": 0.011363636363636364,
    "SIBVL": 0.07017543859649122,
    "SIBVR": 0.0546218487394958,
    "SMBDL": 0.04044117647058824,
    "SMBDR": 0.07114624505928854,
    "SMBVL": 0.06126482213438735,
    "SMBVR": 0.075,
    "SMDDL": 0.07142857142857142,
    "SMDDR": 0.03879310344827586,
    "SMDVL": 0.06527093596059114,
    "SMDVR": 0.06697459584295612,