{
  "clustering_coefficients": {
    "ADAL": 0.04040404040404041,
    "ADAR": 0.03511705685618729,
    "ADEL": 0.056555269922879174,
    "ADER": 0.06321839080459771,
    "ADFL": 0.09444444444444444,
    "ADFR": 0.043333333333333335,
    "ADLL": 0.03978494623655914,
    "ADLR": 0.05627705627705628,
    "AFDL": 0.02727272727272727,
    "AFDR": 0.07575757575757576,
    "AIAL": 0.044802867383512544,
    "AIAR": 0.045,
    "AIBL": 0.04259438528557599,
    "AIBR": 0.04487179487179487,
    "AIML": 0.0392156862745098,
    "AIMR": 0.06593406593406594,
    "AINL": 0.05238095238095238,
    "AINR": 0.03308823529411765,
    "AIYL": 0.0691699604743083,
    "AIYR": 0.039473684210526314,
    "AIZL": 0.047619047619047616,
    "AIZR": 0.049206349206349205,
    "ALA": 0.05555555555555555,
    "ALML": 0.06374501992031872,
    "ALMR": 0.041666666666666664,
    "ALNL": 0.05555555555555555,
    "ALNR": 0.03571428571428571,
    "AQR": 0.050175029171528586,
    "AS1": 0.07407407407407407,
    "AS10": 0.05454545454545454,
    "AS11": 0.11538461538461539,
    "AS2": 0.05714285714285714,
    "AS3": 0.04583333333333333,
    "AS4": 0.022222222222222223,
    "AS5": 0.1111111111111111,
    "AS6": 0.05928853754940711,
    "AS7": 0.05128205128205128,
    "AS8": 0.11904761904761904,
    "AS9": 0.07142857142857142,
    "ASEL": 0.0875,
    "ASER": 0.07571428571428572,
    "ASGL": 0.06593406593406594,
    "ASGR": 0.03205128205128205,
    "ASHL": 0.06688963210702341,
    "ASHR": 0.05788177339901478,
    "ASIL": 0.06923076923076923,
    "ASIR": 0.027777777777777776,
    "ASJL": 0.06944444444444445,
    "ASJR": 0.07142857142857142,
    "ASKL": 0.038011695906432746,
    "ASKR": 0.045454545454545456,
    "AUAL": 0.07894736842105263,
    "AUAR": 0.045454545454545456,
    "AVAL": 0.03771251931993817,
    "AVAR": 0.047435105067985164,
    "AVBL": 0.045361353152229625,
    "AVBR": 0.047053649956024624,
    "AVDL": 0.04893617021276596,
    "AVDR": 0.04340425531914894,
    "AVEL": 0.045008183306055646,
    "AVER": 0.036585365853658534,
    "AVFL": 0.0584045584045584,
    "AVFR": 0.05698005698005698,
    "AVG": 0.08333333333333333,
    "AVHL": 0.05698005698005698,
    "AVHR": 0.04962406015037594,
    "AVJL": 0.04749679075738126,
    "AVJR": 0.045454545454545456,
    "AVKL": 0.0404642409033877,
    "AVKR": 0.04285714285714286,
    "AVL": 0.03230769230769231,
    "AVM": 0.07,
    "AWAL": 0.027472527472527472,
    "AWAR": 0.06904761904761905,
    "AWBL": 0.05526315789473684,
    "AWBR": 0.08088235294117647,
    "AWCL": 0.026470588235294117,
    "AWCR": 0.0457516339869281,
    "BAGL": 0.05263157894736842,
    "BAGR": 0.05,
    "BDUL": 0.04583333333333333,
    "BDUR": 0.08823529411764706,
    "CANL": 0.0,
    "CANR": 0.0,
    "CEPDL": 0.06277056277056277,
    "CEPDR": 0.045584045584045586,
    "CEPVL": 0.05,
    "CEPVR": 0.07846153846153846,
    "DA1": 0.08133971291866028,
    "DA2": 0.03333333333333333,
    "DA3": 0.04583333333333333,
    "DA4": 0.06324110671936758,
    "DA5": 0.051470588235294115,
    "DA6": 0.08888888888888889,
    "DA7": 0.0,
    "DA8": 0.07083333333333333,
    "DA9": 0.0761904761904762,
    "DB1": 0.043076923076923075,
    "DB2": 0.05476190476190476,
    "DB3": 0.07707509881422925,
    "DB4": 0.05555555555555555,
    "DB5": 0.047619047619047616,
    "DB6": 0.09848484848484848,
    "DB7": 0.06818181818181818,
    "DD1": 0.06190476190476191,
    "DD2": 0.049019607843137254,
    "DD3": 0.08333333333333333,
    "DD4": 0.0,
    "DD5": 0.07051282051282051,
    "DD6": 0.05,
    "DVA": 0.047186932849364795,
    "DVB": 0.057692307692307696,
    "DVC": 0.05639097744360902,
    "FLPL": 0.05555555555555555,
    "FLPR": 0.06719367588932806,
    "HSNL": 0.07029177718832891,
    "HSNR": 0.06369426751592357,
    "I1L": 0.05413105413105413,
    "I1R": 0.0735930735930736,
    "I2L": 0.07272727272727272,
    "I2R": 0.09722222222222222,
    "I3": 0.016666666666666666,
    "I4": 0.05526315789473684,
    "I5": 0.047619047619047616,
    "I6": 0.08888888888888889,
    "IL1DL": 0.05,
    "IL1DR": 0.05416666666666667,
    "IL1L": 0.08888888888888889,
    "IL1R": 0.11176470588235295,
    "IL1VL": 0.09615384615384616,
    "IL1VR": 0.07017543859649122,
    "IL2DL": 0.03571428571428571,
    "IL2DR": 0.09722222222222222,
    "IL2L": 0.06535947712418301,
    "IL2R": 0.08823529411764706,
    "IL2VL": 0.06818181818181818,
    "IL2VR": 0.09848484848484848,
    "LUAL": 0.07602339181286549,
    "LUAR": 0.08373205741626795,
    "M1": 0.050505050505050504,
    "M2L": 0.05555555555555555,
    "M2R": 0.042105263157894736,
    "M3L": 0.07142857142857142,
    "M3R": 0.041666666666666664,
    "M4": 0.05,
    "M5": 0.08421052631578947,
    "MCL": 0.06904761904761905,
    "MCR": 0.08823529411764706,
    "MI": 0.04700854700854701,
    "NSML": 0.09090909090909091,
    "NSMR": 0.02727272727272727,
    "OLLL": 0.04666666666666667,
    "OLLR": 0.07561728395061729,
    "OLQDL": 0.05627705627705628,
    "OLQDR": 0.06324110671936758,
    "OLQVL": 0.04111405835543767,
    "OLQVR": 0.05194805194805195,
    "PDA": 0.03205128205128205,
    "PDB": 0.10606060606060606,
    "PDEL": 0.07017543859649122,
    "PDER": 0.03333333333333333,
    "PHAL": 0.05303030303030303,
    "PHAR": 0.015151515151515152,
    "PHBL": 0.041666666666666664,
    "PHBR": 0.058823529411764705,
    "PHCL": 0.05128205128205128,
    "PHCR": 0.06818181818181818,
    "PLML": 0.041666666666666664,
    "PLMR": 0.05416666666666667,
    "PLNL": 0.0,
    "PLNR": 0.0,
    "PQR": 0.07272727272727272,
    "PVCL": 0.038200339558573854,
    "PVCR": 0.04772004241781548,
    "PVDL": 0.043859649122807015,
    "PVDR": 0.047619047619047616,
    "PVM": 0.051470588235294115,
    "PVNL": 0.04206349206349207,
    "PVNR": 0.055977229601518026,
    "PVPL": 0.04157043879907621,
    "PVPR": 0.05723542116630669,
    "PVQL": 0.06521739130434782,
    "PVQR": 0.07407407407407407,
    "PVR": 0.042416452442159386,
    "PVT": 0.04741379310344827,
    "PVWL": 0.08888888888888889,
    "PVWR": 0.16666666666666666,
    "RIAL": 0.04769475357710652,
    "RIAR": 0.042798913043478264,
    "RIBL": 0.03917378917378917,
    "RIBR": 0.03850050658561297,
    "RICL": 0.04408602150537634,
    "RICR": 0.06403940886699508,
    "RID": 0.05656565656565657,
    "RIFL": 0.058823529411764705,
    "RIFR": 0.043478260869565216,
    "RIGL": 0.04095354523227384,
    "RIGR": 0.05517241379310345,
    "RIH": 0.03571428571428571,
    "RIML": 0.05555555555555555,
    "RIMR": 0.04344729344729345,
    "RIPL": 0.07272727272727272,
    "RIPR": 0.06535947712418301,
    "RIR": 0.0678191489361702,
    "RIS": 0.06472261735419631,
    "RIVL": 0.06331877729257641,
    "RIVR": 0.07285714285714286,
    "RMDDL": 0.02,
    "RMDDR": 0.04563492063492063,
    "RMDL": 0.07076923076923076,
    "RMDR": 0.07428571428571429,
    "RMDVL": 0.05789473684210526,
    "RMDVR": 0.04909090909090909,
    "RMED": 0.049019607843137254,
    "RMEL": 0.06818181818181818,
    "RMER": 0.08333333333333333,
    "RMEV": 0.035,
    "RMFL": 0.07309941520467836,
    "RMFR": 0.0728476821192053,
    "RMGL": 0.052968568102444706,
    "RMGR": 0.045584045584045586,
    "RMHL": 0.04945054945054945,
    "RMHR": 0.03296703296703297,
    "SAADL": 0.05476190476190476,
    "SAADR": 0.08421052631578947,
    "SAAVL": 0.045454545454545456,
    "SAAVR": 0.09722222222222222,
    "SABD": 0.06363636363636363,
    "SABVL": 0.06666666666666667,
    "SABVR": 0.07575757575757576,
    "SDQL": 0.049707602339181284,
    "SDQR": 0.04363636363636364,
    "SIADL": 0.05357142857142857,
    "SIADR": 0.047619047619047616,
    "SIAVL": 0.07272727272727272,
    "SIAVR": 0.018421052631578946,
    "SIBDL": 0.13333333333333333,
    "SIBDR": 0.06363636363636363,
    "SIBVL": 0.08888888888888889,
    "SIBVR": 0.06666666666666667,
    "SMBDL": 0.0625,
    "SMBDR": 0.07083333333333333,
    "SMBVL": 0.09090909090909091,
    "SMBVR": 0.05555555555555555,
    "SMDDL": 0.05432098765432099,
    "SMDDR": 0.052307692307692305,
    "SMDVL": 0.07142857142857142,
    "SMDVR": 0.03333333333333333,