{
  "clustering_coefficients": {
    "ADAL": 0.061422413793103446,
    "ADAR": 0.05808080808080808,
    "ADEL": 0.05372405372405373,
    "ADER": 0.0425531914893617,
    "ADFL": 0.1111111111111111,
    "ADFR": 0.048494983277591976,
    "ADLL": 0.049494949494949494,
    "ADLR": 0.05291005291005291,
    "AFDL": 0.07142857142857142,
    "AFDR": 0.11538461538461539,
    "AIAL": 0.05813953488372093,
    "AIAR": 0.047126436781609195,
    "AIBL": 0.04402224281742354,
    "AIBR": 0.044654939106901215,
    "AIML": 0.06,
    "AIMR": 0.038461538461538464,
    "AINL": 0.06985294117647059,
    "AINR": 0.07190635451505016,
    "AIYL": 0.03511705685618729,
    "AIYR": 0.05434782608695652,
    "AIZL": 0.06653225806451613,
    "AIZR": 0.058823529411764705,
    "ALA": 0.08333333333333333,
    "ALML": 0.0457516339869281,
    "ALMR": 0.023809523809523808,
    "ALNL": 0.125,
    "ALNR": 0.017857142857142856,
    "AQR": 0.04182509505703422,
    "AS1": 0.07222222222222222,
    "AS10": 0.03333333333333333,
    "AS11": 0.08333333333333333,
    "AS2": 0.015151515151515152,
    "AS3": 0.029411764705882353,
    "AS4": 0.08095238095238096,
    "AS5": 0.05325443786982249,
    "AS6": 0.0756578947368421,
    "AS7": 0.06666666666666667,
    "AS8": 0.16666666666666666,
    "AS9": 0.08974358974358974,
    "ASEL": 0.03684210526315789,
    "ASER": 0.061764705882352944,
    "ASGL": 0.03333333333333333,
    "ASGR": 0.07575757575757576,
    "ASHL": 0.057971014492753624,
    "ASHR": 0.06363636363636363,
    "ASIL": 0.027472527472527472,
    "ASIR": 0.030303030303030304,
    "ASJL": 0.1,
    "ASJR": 0.06666666666666667,
    "ASKL": 0.0392156862745098,
    "ASKR": 0.07142857142857142,
    "AUAL": 0.04779411764705882,
    "AUAR": 0.06811145510835913,
    "AVAL": 0.048223350253807105,
    "AVAR": 0.03346739442688883,
    "AVBL": 0.046296296296296294,
    "AVBR": 0.0364184008762322,
    "AVDL": 0.06344276841171251,
    "AVDR": 0.059272727272727276,
    "AVEL": 0.04487179487179487,
    "AVER": 0.04661487236403995,
    "AVFL": 0.06884057971014493,
    "AVFR": 0.032467532467532464,
    "AVG": 0.05788177339901478,
    "AVHL": 0.07275132275132275,
    "AVHR": 0.060240963855421686,
    "AVJL": 0.06745362563237774,
    "AVJR": 0.06989247311827956,
    "AVKL": 0.06547041707080505,
    "AVKR": 0.0546218487394958,
    "AVL": 0.056925996204933584,
    "AVM": 0.05476190476190476,
    "AWAL": 0.06666666666666667,
    "AWAR": 0.04678362573099415,
    "AWBL": 0.05238095238095238,
    "AWBR": 0.057971014492753624,
    "AWCL": 0.09523809523809523,
    "AWCR": 0.09166666666666666,
    "BAGL": 0.07083333333333333,
    "BAGR": 0.041666666666666664,
    "BDUL": 0.06593406593406594,
    "BDUR": 0.07083333333333333,
    "CANL": 0.0,
    "CANR": 0.0,
    "CEPDL": 0.06923076923076923,
    "CEPDR": 0.07274826789838337,
    "CEPVL": 0.05263157894736842,
    "CEPVR": 0.0691699604743083,
    "DA1": 0.06428571428571428,
    "DA2": 0.03162055335968379,
    "DA3": 0.04736842105263158,
    "DA4": 0.04891304347826087,
    "DA5": 0.027472527472527472,
    "DA6": 0.07777777777777778,
    "DA7": 0.1,
    "DA8": 0.09722222222222222,
    "DA9": 0.0625,
    "DB1": 0.031746031746031744,
    "DB2": 0.07368421052631578,
    "DB3": 0.08211678832116788,
    "DB4": 0.03260869565217391,
    "DB5": 0.09722222222222222,
    "DB6": 0.013888888888888888,
    "DB7": 0.07142857142857142,
    "DD1": 0.08208955223880597,
    "DD2": 0.05741626794258373,
    "DD3": 0.0641025641025641,
    "DD4": 0.058333333333333334,
    "DD5": 0.027777777777777776,
    "DD6": 0.01818181818181818,
    "DVA": 0.03488372093023256,
    "DVB": 0.08455882352941177,
    "DVC": 0.03787878787878788,
    "FLPL": 0.04940711462450593,
    "FLPR": 0.0784313725490196,
    "HSNL": 0.058333333333333334,
    "HSNR": 0.07631160572337042,
    "I1L": 0.046296296296296294,
    "I1R": 0.03373015873015873,
    "I2L": 0.07142857142857142,
    "I2R": 0.0641025641025641,
    "I3": 0.07037037037037037,
    "I4": 0.06153846153846154,
    "I5": 0.09705882352941177,
    "I6": 0.10989010989010989,
    "IL1DL": 0.09788359788359788,
    "IL1DR": 0.07575757575757576,
    "IL1L": 0.042105263157894736,
    "IL1R": 0.06725146198830409,
    "IL1VL": 0.07427536231884058,
    "IL1VR": 0.06666666666666667,
    "IL2DL": 0.03571428571428571,
    "IL2DR": 0.027777777777777776,
    "IL2L": 0.09477124183006536,
    "IL2R": 0.05731225296442688,
    "IL2VL": 0.054945054945054944,
    "IL2VR": 0.06060606060606061,
    "LUAL": 0.06648936170212766,
    "LUAR": 0.038461538461538464,
    "M1": 0.031578947368421054,
    "M2L": 0.051470588235294115,
    "M2R": 0.07575757575757576,
    "M3L": 0.10526315789473684,
    "M3R": 0.047619047619047616,
    "M4": 0.07173913043478261,
    "M5": 0.16233766233766234,
    "MCL": 0.043478260869565216,
    "MCR": 0.02813852813852814,
    "MI": 0.029239766081871343,
    "NSML": 0.058823529411764705,
    "NSMR": 0.06702898550724638,
    "OLLL": 0.07380952380952381,
    "OLLR": 0.04154727793696275,
    "OLQDL": 0.05588235294117647,
    "OLQDR": 0.047142857142857146,
    "OLQVL": 0.045584045584045586,
    "OLQVR": 0.06666666666666667,
    "PDA": 0.013888888888888888,
    "PDB": 0.0,
    "PDEL": 0.06937799043062201,
    "PDER": 0.07105263157894737,
    "PHAL": 0.01818181818181818,
    "PHAR": 0.10555555555555556,
    "PHBL": 0.044444444444444446,
    "PHBR": 0.043209876543209874,
    "PHCL": 0.058333333333333334,
    "PHCR": 0.1111111111111111,
    "PLML": 0.09523809523809523,
    "PLMR": 0.058823529411764705,
    "PLNL": 0.0,
    "PLNR": 0.0,
    "PQR": 0.05263157894736842,
    "PVCL": 0.036163522012578615,
    "PVCR": 0.045168067226890755,
    "PVDL": 0.02727272727272727,
    "PVDR": 0.0,
    "PVM": 0.02564102564102564,
    "PVNL": 0.07516891891891891,
    "PVNR": 0.05777460770328103,
    "PVPL": 0.029464285714285714,
    "PVPR": 0.05405405405405406,
    "PVQL": 0.058823529411764705,
    "PVQR": 0.09601449275362318,
    "PVR": 0.05269922879177378,
    "PVT": 0.049893842887473464,
    "PVWL": 0.02564102564102564,
    "PVWR": 0.023809523809523808,
    "RIAL": 0.05722460658082976,
    "RIAR": 0.03956228956228956,
    "RIBL": 0.061234817813765184,
    "RIBR": 0.044819557625145515,
    "RICL": 0.03612167300380228,
    "RICR": 0.05846153846153846,
    "RID": 0.047692307692307694,
    "RIFL": 0.06985294117647059,
    "RIFR": 0.04563492063492063,
    "RIGL": 0.0572289156626506,
    "RIGR": 0.03333333333333333,
    "RIH": 0.04878048780487805,
    "RIML": 0.0625,
    "RIMR": 0.057233704292527825,
    "RIPL": 0.0391304347826087,
    "RIPR": 0.07608695652173914,
    "RIR": 0.05263157894736842,
    "RIS": 0.033813747228381374,
    "RIVL": 0.09210526315789473,
    "RIVR": 0.05172413793103448,
    "RMDDL": 0.05588235294117647,
    "RMDDR": 0.054455445544554455,
    "RMDL": 0.054367201426024955,
    "RMDR": 0.03571428571428571,
    "RMDVL": 0.056818181818181816,
    "RMDVR": 0.05465116279069768,
    "RMED": 0.03676470588235294,
    "RMEL": 0.06666666666666667,
    "RMER": 0.02727272727272727,
    "RMEV": 0.04723707664884135,
    "RMFL": 0.047619047619047616,
    "RMFR": 0.07142857142857142,
    "RMGL": 0.04330175913396482,
    "RMGR": 0.06666666666666667,
    "RMHL": 0.0,
    "RMHR": 0.09047619047619047,
    "SAADL": 0.09064327485380116,
    "SAADR": 0.06739130434782609,
    "SAAVL": 0.03333333333333333,
    "SAAVR": 0.07575757575757576,
    "SABD": 0.05731225296442688,
    "SABVL": 0.025210084033613446,
    "SABVR": 0.09090909090909091,
    "SDQL": 0.05514705882352941,
    "SDQR": 0.06926406926406926,
    "SIADL": 0.06060606060606061,
    "SIADR": 0.0,
    "SIAVL": 0.027777777777777776,
    "SIAVR": 0.0,
    "SIBDL": 0.05357142857142857,
    "SIBDR": 0.0,
    "SIBVL": 0.1125,
    "SIBVR": 0.04945054945054945,
    "SMBDL": 0.06578947368421052,
    "SMBDR": 0.07105263157894737,
    "SMBVL": 0.11428571428571428,
    "SMBVR": 0.0761904761904762,
    "SMDDL": 0.03260869565217391,
    "SMDDR": 0.047619047619047616,
    "SMDVL": 0.05757575757575758,
    "SMDVR": 0.07407407407407407,