{
  "clustering_coefficients": {
    "ADAL": 0.03341013824884793,
    "ADAR": 0.047311827956989246,
    "ADEL": 0.048214285714285716,
    "ADER": 0.05042016806722689,
    "ADFL": 0.05555555555555555,
    "ADFR": 0.05844155844155844,
    "ADLL": 0.04435483870967742,
    "ADLR": 0.06493506493506493,
    "AFDL": 0.09926470588235294,
    "AFDR": 0.044444444444444446,
    "AIAL": 0.04297994269340974,
    "AIAR": 0.06666666666666667,
    "AIBL": 0.0492845786963434,
    "AIBR": 0.03856562922868741,
    "AIML": 0.05844155844155844,
    "AIMR": 0.06666666666666667,
    "AINL": 0.07142857142857142,
    "AINR": 0.05514705882352941,
    "AIYL": 0.06904761904761905,
    "AIYR": 0.06725146198830409,
    "AIZL": 0.05536912751677853,
    "AIZR": 0.05108359133126935,
    "ALA": 0.08928571428571429,
    "ALML": 0.06349206349206349,
    "ALMR": 0.1,
    "ALNL": 0.06481481481481481,
    "ALNR": 0.027777777777777776,
    "AQR": 0.06041335453100159,
    "AS1": 0.06909090909090909,
    "AS10": 0.0641025641025641,
    "AS11": 0.07692307692307693,
    "AS2": 0.0546218487394958,
    "AS3": 0.03676470588235294,
    "AS4": 0.09722222222222222,
    "AS5": 0.058333333333333334,
    "AS6": 0.05555555555555555,
    "AS7": 0.03333333333333333,
    "AS8": 0.0,
    "AS9": 0.03308823529411765,
    "ASEL": 0.05185185185185185,
    "ASER": 0.06493506493506493,
    "ASGL": 0.06818181818181818,
    "ASGR": 0.0,
    "ASHL": 0.06912878787878787,
    "ASHR": 0.04861111111111111,
    "ASIL": 0.1201923076923077,
    "ASIR": 0.03571428571428571,
    "ASJL": 0.11904761904761904,
    "ASJR": 0.047619047619047616,
    "ASKL": 0.033582089552238806,
    "ASKR": 0.0457516339869281,
    "AUAL": 0.01948051948051948,
    "AUAR": 0.04891304347826087,
    "AVAL": 0.0348682015348682,
    "AVAR": 0.03312202852614897,
    "AVBL": 0.03940217391304348,
    "AVBR": 0.046045197740112995,
    "AVDL": 0.03686868686868687,
    "AVDR": 0.039672925499697156,
    "AVEL": 0.046620046620046623,
    "AVER": 0.06053550640279395,
    "AVFL": 0.05952380952380952,
    "AVFR": 0.07142857142857142,
    "AVG": 0.04497354497354497,
    "AVHL": 0.05317460317460317,
    "AVHR": 0.042328042328042326,
    "AVJL": 0.05705128205128205,
    "AVJR": 0.04086021505376344,
    "AVKL": 0.04980842911877394,
    "AVKR": 0.047619047619047616,
    "AVL": 0.057432432432432436,
    "AVM": 0.061752988047808766,
    "AWAL": 0.057692307692307696,
    "AWAR": 0.04736842105263158,
    "AWBL": 0.06190476190476191,
    "AWBR": 0.061507936507936505,
    "AWCL": 0.0691699604743083,
    "AWCR": 0.05238095238095238,
    "BAGL": 0.049019607843137254,
    "BAGR": 0.04044117647058824,
    "BDUL": 0.07865168539325842,
    "BDUR": 0.05555555555555555,
    "CANL": 0.0,
    "CANR": 0.0,
    "CEPDL": 0.05057471264367816,
    "CEPDR": 0.05,
    "CEPVL": 0.07083333333333333,
    "CEPVR": 0.04940711462450593,
    "DA1": 0.05,
    "DA2": 0.06105990783410138,
    "DA3": 0.025735294117647058,
    "DA4": 0.04678362573099415,
    "DA5": 0.05238095238095238,
    "DA6": 0.06043956043956044,
    "DA7": 0.0,
    "DA8": 0.038461538461538464,
    "DA9": 0.051470588235294115,
    "DB1": 0.047619047619047616,
    "DB2": 0.05533596837944664,
    "DB3": 0.07333333333333333,
    "DB4": 0.05555555555555555,
    "DB5": 0.044444444444444446,
    "DB6": 0.0380952380952381,
    "DB7": 0.07142857142857142,
    "DD1": 0.06862745098039216,
    "DD2": 0.04736842105263158,
    "DD3": 0.06060606060606061,
    "DD4": 0.07777777777777778,
    "DD5": 0.07142857142857142,
    "DD6": 0.030303030303030304,
    "DVA": 0.053480475382003394,
    "DVB": 0.06666666666666667,
    "DVC": 0.04694167852062589,
    "FLPL": 0.06862745098039216,
    "FLPR": 0.02513227513227513,
    "HSNL": 0.0595959595959596,
    "HSNR": 0.04177377892030849,
    "I1L": 0.04365079365079365,
    "I1R": 0.08193979933110368,
    "I2L": 0.08823529411764706,
    "I2R": 0.046610169491525424,
    "I3": 0.06578947368421052,
    "I4": 0.07602339181286549,
    "I5": 0.06521739130434782,
    "I6": 0.1111111111111111,
    "IL1DL": 0.06209150326797386,
    "IL1DR": 0.07352941176470588,
    "IL1L": 0.07575757575757576,
    "IL1R": 0.07631578947368421,
    "IL1VL": 0.04779411764705882,
    "IL1VR": 0.07142857142857142,
    "IL2DL": 0.08928571428571429,
    "IL2DR": 0.041666666666666664,
    "IL2L": 0.06985294117647059,
    "IL2R": 0.0718954248366013,
    "IL2VL": 0.07083333333333333,
    "IL2VR": 0.045454545454545456,
    "LUAL": 0.03833333333333333,
    "LUAR": 0.05555555555555555,
    "M1": 0.046052631578947366,
    "M2L": 0.05128205128205128,
    "M2R": 0.06209150326797386,
    "M3L": 0.05263157894736842,
    "M3R": 0.05138339920948617,
    "M4": 0.04093567251461988,
    "M5": 0.057692307692307696,
    "MCL": 0.0645933014354067,
    "MCR": 0.06209150326797386,
    "MI": 0.055873925501432664,
    "NSML": 0.04044117647058824,
    "NSMR": 0.09340659340659341,
    "OLLL": 0.032407407407407406,
    "OLLR": 0.05862068965517241,
    "OLQDL": 0.05,
    "OLQDR": 0.04497354497354497,
    "OLQVL": 0.05928853754940711,
    "OLQVR": 0.06,
    "PDA": 0.08928571428571429,
    "PDB": 0.0,
    "PDEL": 0.049783549783549784,
    "PDER": 0.05555555555555555,
    "PHAL": 0.07272727272727272,
    "PHAR": 0.10555555555555556,
    "PHBL": 0.05555555555555555,
    "PHBR": 0.08333333333333333,
    "PHCL": 0.03205128205128205,
    "PHCR": 0.07272727272727272,
    "PLML": 0.14285714285714285,
    "PLMR": 0.03594771241830065,
    "PLNL": 0.3333333333333333,
    "PLNR": 0.0,
    "PQR": 0.0625,
    "PVCL": 0.038386467143786594,
    "PVCR": 0.036153846153846154,
    "PVDL": 0.03787878787878788,
    "PVDR": 0.047619047619047616,
    "PVM": 0.04395604395604396,
    "PVNL": 0.05183585313174946,
    "PVNR": 0.054285714285714284,
    "PVPL": 0.05172413793103448,
    "PVPR": 0.027777777777777776,
    "PVQL": 0.075,
    "PVQR": 0.06909090909090909,
    "PVR": 0.05434782608695652,
    "PVT": 0.04608294930875576,
    "PVWL": 0.07777777777777778,
    "PVWR": 0.1,
    "RIAL": 0.05341055341055341,
    "RIAR": 0.03986486486486487,
    "RIBL": 0.039304610733182165,
    "RIBR": 0.04932301740812379,
    "RICL": 0.06266666666666666,
    "RICR": 0.0533596837944664,
    "RID": 0.040268456375838924,
    "RIFL": 0.05064655172413793,
    "RIFR": 0.05,
    "RIGL": 0.05064102564102564,
    "RIGR": 0.05495689655172414,
    "RIH": 0.05380333951762523,
    "RIML": 0.05413533834586466,
    "RIMR": 0.046464646464646465,
    "RIPL": 0.06719367588932806,
    "RIPR": 0.07894736842105263,
    "RIR": 0.06581986143187067,
    "RIS": 0.04334677419354839,
    "RIVL": 0.07692307692307693,
    "RIVR": 0.06220095693779904,
    "RMDDL": 0.04734848484848485,
    "RMDDR": 0.046419098143236075,
    "RMDL": 0.06084656084656084,
    "RMDR": 0.04608294930875576,
    "RMDVL": 0.04736842105263158,
    "RMDVR": 0.057932263814616754,
    "RMED": 0.03550295857988166,
    "RMEL": 0.1,
    "RMER": 0.03205128205128205,
    "RMEV": 0.08179012345679013,
    "RMFL": 0.051839464882943144,
    "RMFR": 0.05357142857142857,
    "RMGL": 0.057387057387057384,
    "RMGR": 0.07285714285714286,
    "RMHL": 0.06363636363636363,
    "RMHR": 0.09848484848484848,
    "SAADL": 0.0625,
    "SAADR": 0.0375,
    "SAAVL": 0.07631578947368421,
    "SAAVR": 0.08653846153846154,
    "SABD": 0.04583333333333333,
    "SABVL": 0.07051282051282051,
    "SABVR": 0.09090909090909091,
    "SDQL": 0.06666666666666667,
    "SDQR": 0.06493506493506493,
    "SIADL": 0.05555555555555555,
    "SIADR": 0.08333333333333333,
    "SIAVL": 0.03636363636363636,
    "SIAVR": 0.15,
    "SIBDL": 0.1,
    "SIBDR": 0.06363636363636363,
    "SIBVL": 0.09663865546218488,
    "SIBVR": 0.07142857142857142,
    "SMBDL": 0.03254437869822485,
    "SMBDR": 0.059782608695652176,
    "SMBVL": 0.05263157894736842,
    "SMBVR": 0.0390625,
    "SMDDL": 0.08441558441558442,
    "SMDDR": 0.049800796812749,
    "SMDVL": 0.0587248322147651,
    "SMDVR": 0.06702898550724638,
    "URADL": 0.13333333333333333,
    "URADR": 0.045454545454545456,
    "URAVL": 0.07142857142857142,