{
  "clustering_coefficients": {
    "ADAL": 0.04085365853658537,
    "ADAR": 0.046296296296296294,
    "ADEL": 0.06449044585987261,
    "ADER": 0.04509283819628647,
    "ADFL": 0.027472527472527472,
    "ADFR": 0.04,
    "ADLL": 0.05555555555555555,
    "ADLR": 0.06725146198830409,
    "AFDL": 0.023809523809523808,
    "AFDR": 0.06666666666666667,
    "AIAL": 0.05184331797235023,
    "AIAR": 0.06702898550724638,
    "AIBL": 0.07154882154882154,
    "AIBR": 0.06776034236804565,
    "AIML": 0.06904761904761905,
    "AIMR": 0.08333333333333333,
    "AINL": 0.044444444444444446,
    "AINR": 0.072992700729927,
    "AIYL": 0.06060606060606061,
    "AIYR": 0.04112554112554113,
    "AIZL": 0.055873925501432664,
    "AIZR": 0.06815114709851552,
    "ALA": 0.07777777777777778,
    "ALML": 0.06340579710144928,
    "ALMR": 0.0,
    "ALNL": 0.1,
    "ALNR": 0.03333333333333333,
    "AQR": 0.04269449715370019,
    "AS1": 0.0457516339869281,
    "AS10": 0.08928571428571429,
    "AS11": 0.051470588235294115,
    "AS2": 0.07309941520467836,
    "AS3": 0.09047619047619047,
    "AS4": 0.16071428571428573,
    "AS5": 0.042483660130718956,
    "AS6": 0.06190476190476191,
    "AS7": 0.1,
    "AS8": 0.05555555555555555,
    "AS9": 0.06944444444444445,
    "ASEL": 0.075,
    "ASER": 0.06349206349206349,
    "ASGL": 0.07142857142857142,
    "ASGR": 0.04779411764705882,
    "ASHL": 0.04843304843304843,
    "ASHR": 0.05789473684210526,
    "ASIL": 0.06593406593406594,
    "ASIR": 0.027777777777777776,
    "ASJL": 0.06666666666666667,
    "ASJR": 0.14285714285714285,
    "ASKL": 0.03216374269005848,
    "ASKR": 0.04285714285714286,
    "AUAL": 0.02857142857142857,
    "AUAR": 0.07789855072463768,
    "AVAL": 0.0419047619047619,
    "AVAR": 0.04091025313219126,
    "AVBL": 0.039940196497223406,
    "AVBR": 0.03272450532724505,
    "AVDL": 0.05102040816326531,
    "AVDR": 0.05616653574234093,
    "AVEL": 0.03387533875338753,
    "AVER": 0.04554326610279766,
    "AVFL": 0.07230769230769231,
    "AVFR": 0.047058823529411764,
    "AVG": 0.051666666666666666,
    "AVHL": 0.047126436781609195,
    "AVHR": 0.08862876254180602,
    "AVJL": 0.057057057057057055,
    "AVJR": 0.06702898550724638,
    "AVKL": 0.05204944697462589,
    "AVKR": 0.07238095238095238,
    "AVL": 0.057692307692307696,
    "AVM": 0.08545454545454545,
    "AWAL": 0.11818181818181818,
    "AWAR": 0.04710144927536232,
    "AWBL": 0.0625,
    "AWBR": 0.08947368421052632,
    "AWCL": 0.04044117647058824,
    "AWCR": 0.06209150326797386,
    "BAGL": 0.05846153846153846,
    "BAGR": 0.076158940397351,
    "BDUL": 0.07051282051282051,
    "BDUR": 0.04945054945054945,
    "CANL": 0.0,
    "CANR": 0.0,
    "CEPDL": 0.041379310344827586,
    "CEPDR": 0.05546218487394958,
    "CEPVL": 0.06833333333333333,
    "CEPVR": 0.038461538461538464,
    "DA1": 0.06181818181818182,
    "DA2": 0.06470588235294118,
    "DA3": 0.06432748538011696,
    "DA4": 0.06333333333333334,
    "DA5": 0.05588235294117647,
    "DA6": 0.05555555555555555,
    "DA7": 0.0,
    "DA8": 0.044444444444444446,
    "DA9": 0.058823529411764705,
    "DB1": 0.06376518218623482,
    "DB2": 0.0582010582010582,
    "DB3": 0.030100334448160536,
    "DB4": 0.05263157894736842,
    "DB5": 0.14285714285714285,
    "DB6": 0.0761904761904762,
    "DB7": 0.047619047619047616,
    "DD1": 0.051470588235294115,
    "DD2": 0.07341269841269842,
    "DD3": 0.04779411764705882,
    "DD4": 0.05844155844155844,
    "DD5": 0.047619047619047616,
    "DD6": 0.09090909090909091,
    "DVA": 0.050219711236660386,
    "DVB": 0.07083333333333333,
    "DVC": 0.03198653198653199,
    "FLPL": 0.07180851063829788,
    "FLPR": 0.062169312169312166,
    "HSNL": 0.05927342256214149,
    "HSNR": 0.04256756756756757,
    "I1L": 0.05928853754940711,
    "I1R": 0.08882521489971347,
    "I2L": 0.06666666666666667,
    "I2R": 0.08169934640522876,
    "I3": 0.026143790849673203,
    "I4": 0.04093567251461988,
    "I5": 0.08333333333333333,
    "I6": 0.04395604395604396,
    "IL1DL": 0.06166666666666667,
    "IL1DR": 0.05416666666666667,
    "IL1L": 0.06209150326797386,
    "IL1R": 0.032679738562091505,
    "IL1VL": 0.038461538461538464,
    "IL1VR": 0.045454545454545456,
    "IL2DL": 0.17857142857142858,
    "IL2DR": 0.013888888888888888,
    "IL2L": 0.08823529411764706,
    "IL2R": 0.049342105263157895,
    "IL2VL": 0.05128205128205128,
    "IL2VR": 0.05303030303030303,
    "LUAL": 0.075,
    "LUAR": 0.02287581699346405,
    "M1": 0.0367816091954023,
    "M2L": 0.060526315789473685,
    "M2R": 0.06349206349206349,
    "M3L": 0.047619047619047616,
    "M3R": 0.06428571428571428,
    "M4": 0.05714285714285714,
    "M5": 0.10576923076923077,
    "MCL": 0.07142857142857142,
    "MCR": 0.041176470588235294,
    "MI": 0.06157635467980296,
    "NSML": 0.05238095238095238,
    "NSMR": 0.09523809523809523,
    "OLLL": 0.05526315789473684,
    "OLLR": 0.04924242424242424,
    "OLQDL": 0.06907894736842106,
    "OLQDR": 0.08262108262108261,
    "OLQVL": 0.0821256038647343,
    "OLQVR": 0.07090909090909091,
    "PDA": 0.047619047619047616,
    "PDB": 0.0,
    "PDEL": 0.05263157894736842,
    "PDER": 0.04583333333333333,
    "PHAL": 0.07272727272727272,
    "PHAR": 0.07575757575757576,
    "PHBL": 0.06944444444444445,
    "PHBR": 0.0625,
    "PHCL": 0.04966887417218543,
    "PHCR": 0.09558823529411764,
    "PLML": 0.05,
    "PLMR": 0.06666666666666667,
    "PLNL": 0.1,
    "PLNR": 0.0,
    "PQR": 0.04487179487179487,
    "PVCL": 0.04865181711606096,
    "PVCR": 0.045926735921268454,
    "PVDL": 0.09848484848484848,
    "PVDR": 0.047619047619047616,
    "PVM": 0.0661764705882353,
    "PVNL": 0.04985754985754986,
    "PVNR": 0.054079696394686905,
    "PVPL": 0.03931451612903226,
    "PVPR": 0.050505050505050504,
    "PVQL": 0.029166666666666667,
    "PVQR": 0.07232142857142858,
    "PVR": 0.06217948717948718,
    "PVT": 0.04525862068965517,
    "PVWL": 0.10606060606060606,
    "PVWR": 0.02727272727272727,
    "RIAL": 0.06918687589158345,
    "RIAR": 0.04621309370988447,
    "RIBL": 0.03907637655417407,
    "RIBR": 0.041740674955595025,
    "RICL": 0.06666666666666667,
    "RICR": 0.03823529411764706,
    "RID": 0.06521739130434782,
    "RIFL": 0.058823529411764705,
    "RIFR": 0.06856187290969899,
    "RIGL": 0.042540792540792544,
    "RIGR": 0.05505279034690799,
    "RIH": 0.04343220338983051,
    "RIML": 0.0334051724137931,
    "RIMR": 0.047619047619047616,
    "RIPL": 0.06084656084656084,
    "RIPR": 0.06126482213438735,
    "RIR": 0.061555075593952485,
    "RIS": 0.031144781144781145,
    "RIVL": 0.03333333333333333,
    "RIVR": 0.05285714285714286,
    "RMDDL": 0.05263157894736842,
    "RMDDR": 0.07739938080495357,
    "RMDL": 0.08179012345679013,
    "RMDR": 0.052109181141439205,
    "RMDVL": 0.08862876254180602,
    "RMDVR": 0.054376657824933686,
    "RMED": 0.047619047619047616,
    "RMEL": 0.027472527472527472,
    "RMER": 0.07575757575757576,
    "RMEV": 0.06986899563318777,
    "RMFL": 0.044444444444444446,
    "RMFR": 0.09722222222222222,
    "RMGL": 0.04830053667262969,
    "RMGR": 0.04856687898089172,
    "RMHL": 0.05454545454545454,
    "RMHR": 0.1,
    "SAADL": 0.05138339920948617,
    "SAADR": 0.14935064935064934,
    "SAAVL": 0.06111111111111111,
    "SAAVR": 0.12179487179487179,
    "SABD": 0.07142857142857142,
    "SABVL": 0.02564102564102564,
    "SABVR": 0.075,
    "SDQL": 0.06190476190476191,
    "SDQR": 0.06535947712418301,
    "SIADL": 0.041666666666666664,
    "SIADR": 0.07142857142857142,
    "SIAVL": 0.09848484848484848,
    "SIAVR": 0.06190476190476191,
    "SIBDL": 0.0,
    "SIBDR": 0.08928571428571429,
    "SIBVL": 0.09848484848484848,
    "SIBVR": 0.07236842105263158,
    "SMBDL": 0.075,
    "SMBDR": 0.05652173913043478,
    "SMBVL": 0.045454545454545456,
    "SMBVR": 0.05303030303030303,
    "SMDDL": 0.06842105263157895,
    "SMDDR": 0.06481481481481481,
    "SMDVL": 0.04827586206896552,
    "SMDVR": 0.05570291777188329,
    "URADL": 0.06666666666666667,