{
  "clustering_coefficients": {
    "ADAL": 0.04040404040404041,
    "ADAR": 0.04131054131054131,
    "ADEL": 0.055944055944055944,
    "ADER": 0.041176470588235294,
    "ADFL": 0.125,
    "ADFR": 0.039525691699604744,
    "ADLL": 0.0697211155378486,
    "ADLR": 0.060526315789473685,
    "AFDL": 0.0,
    "AFDR": 0.06593406593406594,
    "AIAL": 0.05387931034482758,
    "AIAR": 0.06018518518518518,
    "AIBL": 0.0626984126984127,
    "AIBR": 0.05290697674418605,
    "AIML": 0.042328042328042326,
    "AIMR": 0.05194805194805195,
    "AINL": 0.057692307692307696,
    "AINR": 0.09166666666666666,
    "AIYL": 0.04736842105263158,
    "AIYR": 0.1282051282051282,
    "AIZL": 0.05184331797235023,
    "AIZR": 0.07166666666666667,
    "ALA": 0.041666666666666664,
    "ALML": 0.07309941520467836,
    "ALMR": 0.017857142857142856,
    "ALNL": 0.1,
    "ALNR": 0.14285714285714285,
    "AQR": 0.06463878326996197,
    "AS1": 0.05952380952380952,
    "AS10": 0.023809523809523808,
    "AS11": 0.05555555555555555,
    "AS2": 0.09340659340659341,
    "AS3": 0.05731225296442688,
    "AS4": 0.07083333333333333,
    "AS5": 0.06043956043956044,
    "AS6": 0.05627705627705628,
    "AS7": 0.08181818181818182,
    "AS8": 0.0,
    "AS9": 0.07142857142857142,
    "ASEL": 0.038461538461538464,
    "ASER": 0.05253623188405797,
    "ASGL": 0.05128205128205128,
    "ASGR": 0.05194805194805195,
    "ASHL": 0.04259634888438134,
    "ASHR": 0.05143338954468803,
    "ASIL": 0.05303030303030303,
    "ASIR": 0.08974358974358974,
    "ASJL": 0.10526315789473684,
    "ASJR": 0.0,
    "ASKL": 0.05263157894736842,
    "ASKR": 0.07222222222222222,
    "AUAL": 0.08823529411764706,
    "AUAR": 0.08571428571428572,
    "AVAL": 0.04527162977867203,
    "AVAR": 0.04916461243494933,
    "AVBL": 0.04280904280904281,
    "AVBR": 0.04417582417582418,
    "AVDL": 0.035452322738386305,
    "AVDR": 0.03333333333333333,
    "AVEL": 0.03108348134991119,
    "AVER": 0.034954407294832825,
    "AVFL": 0.07090909090909091,
    "AVFR": 0.05238095238095238,
    "AVG": 0.05747126436781609,
    "AVHL": 0.06896551724137931,
    "AVHR": 0.06697459584295612,
    "AVJL": 0.061866125760649086,
    "AVJR": 0.04041570438799076,
    "AVKL": 0.047619047619047616,
    "AVKR": 0.05630630630630631,
    "AVL": 0.07407407407407407,
    "AVM": 0.07368421052631578,
    "AWAL": 0.04833333333333333,
    "AWAR": 0.04743083003952569,
    "AWBL": 0.08187134502923976,
    "AWBR": 0.044930875576036866,
    "AWCL": 0.060526315789473685,
    "AWCR": 0.05852842809364549,
    "BAGL": 0.07941176470588235,
    "BAGR": 0.027472527472527472,
    "BDUL": 0.06666666666666667,
    "BDUR": 0.029411764705882353,
    "CANL": 0.0,
    "CANR": 0.0,
    "CEPDL": 0.028428093645484948,
    "CEPDR": 0.06049382716049383,
    "CEPVL": 0.05263157894736842,
    "CEPVR": 0.056856187290969896,
    "DA1": 0.06209150326797386,
    "DA2": 0.059113300492610835,
    "DA3": 0.07857142857142857,
    "DA4": 0.07142857142857142,
    "DA5": 0.06340579710144928,
    "DA6": 0.03571428571428571,
    "DA7": 0.16666666666666666,
    "DA8": 0.013888888888888888,
    "DA9": 0.038834951456310676,
    "DB1": 0.051666666666666666,
    "DB2": 0.039473684210526314,
    "DB3": 0.10606060606060606,
    "DB4": 0.054945054945054944,
    "DB5": 0.09615384615384616,
    "DB6": 0.05555555555555555,
    "DB7": 0.017857142857142856,
    "DD1": 0.04411764705882353,
    "DD2": 0.06060606060606061,
    "DD3": 0.05555555555555555,
    "DD4": 0.02727272727272727,
    "DD5": 0.011111111111111112,
    "DD6": 0.1527777777777778,
    "DVA": 0.03927729772191673,
    "DVB": 0.05454545454545454,
    "DVC": 0.060365853658536583,
    "FLPL": 0.06615384615384616,
    "FLPR": 0.0718954248366013,
    "HSNL": 0.03856382978723404,
    "HSNR": 0.041245791245791245,
    "I1L": 0.043478260869565216,
    "I1R": 0.06884057971014493,
    "I2L": 0.07777777777777778,
    "I2R": 0.07777777777777778,
    "I3": 0.08169934640522876,
    "I4": 0.1,
    "I5": 0.0673076923076923,
    "I6": 0.022727272727272728,
    "IL1DL": 0.061872909698996656,
    "IL1DR": 0.05588235294117647,
    "IL1L": 0.07692307692307693,
    "IL1R": 0.050239234449760764,
    "IL1VL": 0.05514705882352941,
    "IL1VR": 0.05714285714285714,
    "IL2DL": 0.08928571428571429,
    "IL2DR": 0.05555555555555555,
    "IL2L": 0.04528985507246377,
    "IL2R": 0.031578947368421054,
    "IL2VL": 0.09090909090909091,
    "IL2VR": 0.05128205128205128,
    "LUAL": 0.04779411764705882,
    "LUAR": 0.03594771241830065,
    "M1": 0.05434782608695652,
    "M2L": 0.05847953216374269,
    "M2R": 0.05714285714285714,
    "M3L": 0.03571428571428571,
    "M3R": 0.04473684210526316,
    "M4": 0.05714285714285714,
    "M5": 0.045454545454545456,
    "MCL": 0.04326923076923077,
    "MCR": 0.04461538461538461,
    "MI": 0.05413105413105413,
    "NSML": 0.03571428571428571,
    "NSMR": 0.056291390728476824,
    "OLLL": 0.07,
    "OLLR": 0.05026455026455026,
    "OLQDL": 0.0861244019138756,
    "OLQDR": 0.0691699604743083,
    "OLQVL": 0.04047619047619048,
    "OLQVR": 0.05454545454545454,
    "PDA": 0.05357142857142857,
    "PDB": 0.11904761904761904,
    "PDEL": 0.07051282051282051,
    "PDER": 0.06666666666666667,
    "PHAL": 0.06432748538011696,
    "PHAR": 0.06666666666666667,
    "PHBL": 0.05844155844155844,
    "PHBR": 0.09210526315789473,
    "PHCL": 0.08974358974358974,
    "PHCR": 0.013888888888888888,
    "PLML": 0.027777777777777776,
    "PLMR": 0.06190476190476191,
    "PLNL": 0.13333333333333333,
    "PLNR": 0.0,
    "PQR": 0.06818181818181818,
    "PVCL": 0.05363984674329502,
    "PVCR": 0.04343220338983051,
    "PVDL": 0.10989010989010989,
    "PVDR": 0.047619047619047616,
    "PVM": 0.05454545454545454,
    "PVNL": 0.06428571428571428,
    "PVNR": 0.04292527821939587,
    "PVPL": 0.061654135338345864,
    "PVPR": 0.06233062330623306,
    "PVQL": 0.06432748538011696,
    "PVQR": 0.034055727554179564,
    "PVR": 0.043184885290148446,
    "PVT": 0.029094827586206896,
    "PVWL": 0.06944444444444445,
    "PVWR": 0.09523809523809523,
    "RIAL": 0.04985754985754986,
    "RIAR": 0.056707317073170734,
    "RIBL": 0.040474243663123466,
    "RIBR": 0.044595616024187455,
    "RICL": 0.06765899864682003,
    "RICR": 0.04153846153846154,
    "RID": 0.03691275167785235,
    "RIFL": 0.11176470588235295,
    "RIFR": 0.04433497536945813,
    "RIGL": 0.04772079772079772,
    "RIGR": 0.05405405405405406,
    "RIH": 0.0497335701598579,
    "RIML": 0.046489563567362426,
    "RIMR": 0.05067155067155067,
    "RIPL": 0.06324110671936758,
    "RIPR": 0.06613756613756613,
    "RIR": 0.06267806267806268,
    "RIS": 0.05355064027939464,
    "RIVL": 0.06209150326797386,
    "RIVR": 0.057539682539682536,
    "RMDDL": 0.04779411764705882,
    "RMDDR": 0.07027649769585254,
    "RMDL": 0.059770114942528735,
    "RMDR": 0.05308641975308642,
    "RMDVL": 0.07390300230946882,
    "RMDVR": 0.046464646464646465,
    "RMED": 0.05042016806722689,
    "RMEL": 0.022058823529411766,
    "RMER": 0.07777777777777778,
    "RMEV": 0.02766798418972332,
    "RMFL": 0.06535947712418301,
    "RMFR": 0.08888888888888889,
    "RMGL": 0.05338345864661654,
    "RMGR": 0.05714285714285714,
    "RMHL": 0.047619047619047616,
    "RMHR": 0.07017543859649122,
    "SAADL": 0.044444444444444446,
    "SAADR": 0.06349206349206349,
    "SAAVL": 0.0756578947368421,
    "SAAVR": 0.044444444444444446,
    "SABD": 0.05526315789473684,
    "SABVL": 0.058823529411764705,
    "SABVR": 0.05847953216374269,
    "SDQL": 0.07692307692307693,
    "SDQR": 0.07451923076923077,
    "SIADL": 0.047619047619047616,
    "SIADR": 0.0,
    "SIAVL": 0.10606060606060606,
    "SIAVR": 0.05,
    "SIBDL": 0.027777777777777776,
    "SIBDR": 0.04395604395604396,
    "SIBVL": 0.06725146198830409,
    "SIBVR": 0.045454545454545456,
    "SMBDL": 0.04865771812080537,
    "SMBDR": 0.052873563218390804,
    "SMBVL": 0.042483660130718956,
    "SMBVR": 0.06593406593406594,
    "SMDDL": 0.03560371517027864,
    "SMDDR": 0.05090909090909091,