{
  "clustering_coefficients": {
    "ADAL": 0.07004310344827586,
    "ADAR": 0.05627705627705628,
    "ADEL": 0.03968253968253968,
    "ADER": 0.0443609022556391,
    "ADFL": 0.07272727272727272,
    "ADFR": 0.04959514170040486,
    "ADLL": 0.054285714285714284,
    "ADLR": 0.06571428571428571,
    "AFDL": 0.08791208791208792,
    "AFDR": 0.08974358974358974,
    "AIAL": 0.047379032258064516,
    "AIAR": 0.04131054131054131,
    "AIBL": 0.06241956241956242,
    "AIBR": 0.030338389731621937,
    "AIML": 0.09736842105263158,
    "AIMR": 0.04583333333333333,
    "AINL": 0.06666666666666667,
    "AINR": 0.038011695906432746,
    "AIYL": 0.057971014492753624,
    "AIYR": 0.043333333333333335,
    "AIZL": 0.030303030303030304,
    "AIZR": 0.05432098765432099,
    "ALA": 0.05555555555555555,
    "ALML": 0.05238095238095238,
    "ALMR": 0.08181818181818182,
    "ALNL": 0.16666666666666666,
    "ALNR": 0.0,
    "AQR": 0.06566820276497695,
    "AS1": 0.07368421052631578,
    "AS10": 0.1,
    "AS11": 0.038461538461538464,
    "AS2": 0.05228758169934641,
    "AS3": 0.0392156862745098,
    "AS4": 0.1111111111111111,
    "AS5": 0.06746031746031746,
    "AS6": 0.054945054945054944,
    "AS7": 0.08888888888888889,
    "AS8": 0.08333333333333333,
    "AS9": 0.09722222222222222,
    "ASEL": 0.05,
    "ASER": 0.04194630872483222,
    "ASGL": 0.06944444444444445,
    "ASGR": 0.05238095238095238,
    "ASHL": 0.051587301587301584,
    "ASHR": 0.05038022813688213,
    "ASIL": 0.044444444444444446,
    "ASIR": 0.07777777777777778,
    "ASJL": 0.06666666666666667,
    "ASJR": 0.06666666666666667,
    "ASKL": 0.05333333333333334,
    "ASKR": 0.06493506493506493,
    "AUAL": 0.07777777777777778,
    "AUAR": 0.04814814814814815,
    "AVAL": 0.03267191241874786,
    "AVAR": 0.03994573409707567,
    "AVBL": 0.04615074566706973,
    "AVBR": 0.04927408710954685,
    "AVDL": 0.04584352078239609,
    "AVDR": 0.050101214574898786,
    "AVEL": 0.04402224281742354,
    "AVER": 0.056692242114237,
    "AVFL": 0.05017921146953405,
    "AVFR": 0.04697986577181208,
    "AVG": 0.05128205128205128,
    "AVHL": 0.04838709677419355,
    "AVHR": 0.052995391705069124,
    "AVJL": 0.058823529411764705,
    "AVJR": 0.05566801619433198,
    "AVKL": 0.030126849894291756,
    "AVKR": 0.04878048780487805,
    "AVL": 0.06481481481481481,
    "AVM": 0.03333333333333333,
    "AWAL": 0.08333333333333333,
    "AWAR": 0.0873015873015873,
    "AWBL": 0.05555555555555555,
    "AWBR": 0.052941176470588235,
    "AWCL": 0.058333333333333334,
    "AWCR": 0.10256410256410256,
    "BAGL": 0.030303030303030304,
    "BAGR": 0.059782608695652176,
    "BDUL": 0.06302521008403361,
    "BDUR": 0.04285714285714286,
    "CANL": 0.0,
    "CANR": 0.0,
    "CEPDL": 0.06571428571428571,
    "CEPDR": 0.04556650246305419,
    "CEPVL": 0.05476190476190476,
    "CEPVR": 0.05615942028985507,
    "DA1": 0.045454545454545456,
    "DA2": 0.07454545454545454,
    "DA3": 0.058823529411764705,
    "DA4": 0.04779411764705882,
    "DA5": 0.07631578947368421,
    "DA6": 0.08241758241758242,
    "DA7": 0.0,
    "DA8": 0.03333333333333333,
    "DA9": 0.06578947368421052,
    "DB1": 0.065,
    "DB2": 0.06315789473684211,
    "DB3": 0.06060606060606061,
    "DB4": 0.02631578947368421,
    "DB5": 0.05303030303030303,
    "DB6": 0.05,
    "DB7": 0.022222222222222223,
    "DD1": 0.038461538461538464,
    "DD2": 0.04285714285714286,
    "DD3": 0.03636363636363636,
    "DD4": 0.1,
    "DD5": 0.06153846153846154,
    "DD6": 0.045454545454545456,
    "DVA": 0.037917087967644085,
    "DVB": 0.07575757575757576,
    "DVC": 0.06661045531197302,
    "FLPL": 0.04782608695652174,
    "FLPR": 0.03580901856763926,
    "HSNL": 0.04723707664884135,
    "HSNR": 0.05953991880920163,
    "I1L": 0.05864197530864197,
    "I1R": 0.06521739130434782,
    "I2L": 0.045454545454545456,
    "I2R": 0.07692307692307693,
    "I3": 0.042483660130718956,
    "I4": 0.07575757575757576,
    "I5": 0.05536912751677853,
    "I6": 0.03333333333333333,
    "IL1DL": 0.07905138339920949,
    "IL1DR": 0.08461538461538462,
    "IL1L": 0.03333333333333333,
    "IL1R": 0.0718954248366013,
    "IL1VL": 0.07142857142857142,
    "IL1VR": 0.07407407407407407,
    "IL2DL": 0.017857142857142856,
    "IL2DR": 0.027777777777777776,
    "IL2L": 0.07309941520467836,
    "IL2R": 0.06126482213438735,
    "IL2VL": 0.09090909090909091,
    "IL2VR": 0.02564102564102564,
    "LUAL": 0.0391304347826087,
    "LUAR": 0.07083333333333333,
    "M1": 0.03666666666666667,
    "M2L": 0.058823529411764705,
    "M2R": 0.049342105263157895,
    "M3L": 0.04395604395604396,
    "M3R": 0.039473684210526314,
    "M4": 0.075,
    "M5": 0.057692307692307696,
    "MCL": 0.022727272727272728,
    "MCR": 0.05416666666666667,
    "MI": 0.043859649122807015,
    "NSML": 0.05228758169934641,
    "NSMR": 0.07692307692307693,
    "OLLL": 0.06912442396313365,
    "OLLR": 0.07219827586206896,
    "OLQDL": 0.06535947712418301,
    "OLQDR": 0.047619047619047616,
    "OLQVL": 0.05401234567901234,
    "OLQVR": 0.05263157894736842,
    "PDA": 0.03333333333333333,
    "PDB": 0.0,
    "PDEL": 0.10294117647058823,
    "PDER": 0.07352941176470588,
    "PHAL": 0.11538461538461539,
    "PHAR": 0.03636363636363636,
    "PHBL": 0.05,
    "PHBR": 0.08571428571428572,
    "PHCL": 0.03205128205128205,
    "PHCR": 0.08333333333333333,
    "PLML": 0.08928571428571429,
    "PLMR": 0.0375,
    "PLNL": 0.017857142857142856,
    "PLNR": 0.0,
    "PQR": 0.06315789473684211,
    "PVCL": 0.0494469746258946,
    "PVCR": 0.04246575342465753,
    "PVDL": 0.08928571428571429,
    "PVDR": 0.07142857142857142,
    "PVM": 0.08333333333333333,
    "PVNL": 0.07076923076923076,
    "PVNR": 0.026862026862026864,
    "PVPL": 0.047619047619047616,
    "PVPR": 0.052915766738660906,
    "PVQL": 0.058823529411764705,
    "PVQR": 0.05714285714285714,
    "PVR": 0.07214206437291898,
    "PVT": 0.04523809523809524,
    "PVWL": 0.03636363636363636,
    "PVWR": 0.08928571428571429,
    "RIAL": 0.03078078078078078,
    "RIAR": 0.049145299145299144,
    "RIBL": 0.04711246200607903,
    "RIBR": 0.036585365853658534,
    "RICL": 0.07142857142857142,
    "RICR": 0.05241935483870968,
    "RID": 0.021164021164021163,
    "RIFL": 0.03463203463203463,
    "RIFR": 0.07692307692307693,
    "RIGL": 0.03561253561253561,
    "RIGR": 0.06262626262626263,
    "RIH": 0.0547112462006079,
    "RIML": 0.04784688995215311,
    "RIMR": 0.06354300385109114,
    "RIPL": 0.058823529411764705,
    "RIPR": 0.08102766798418973,
    "RIR": 0.06336405529953917,
    "RIS": 0.05806845965770171,
    "RIVL": 0.047619047619047616,
    "RIVR": 0.055,
    "RMDDL": 0.05272727272727273,
    "RMDDR": 0.03162055335968379,
    "RMDL": 0.053691275167785234,
    "RMDR": 0.04112554112554113,
    "RMDVL": 0.06125356125356125,
    "RMDVR": 0.0654320987654321,
    "RMED": 0.039473684210526314,
    "RMEL": 0.02857142857142857,
    "RMER": 0.0875,
    "RMEV": 0.05089285714285714,
    "RMFL": 0.05333333333333334,
    "RMFR": 0.02857142857142857,
    "RMGL": 0.07348242811501597,
    "RMGR": 0.047692307692307694,
    "RMHL": 0.07792207792207792,
    "RMHR": 0.07142857142857142,
    "SAADL": 0.04473684210526316,
    "SAADR": 0.04013377926421405,
    "SAAVL": 0.13703703703703704,
    "SAAVR": 0.06818181818181818,
    "SABD": 0.05303030303030303,
    "SABVL": 0.08791208791208792,
    "SABVR": 0.052884615384615384,
    "SDQL": 0.05303030303030303,
    "SDQR": 0.04044117647058824,
    "SIADL": 0.23333333333333334,
    "SIADR": 0.08333333333333333,
    "SIAVL": 0.027777777777777776,
    "SIAVR": 0.04395604395604396,
    "SIBDL": 0.0,
    "SIBDR": 0.1,
    "SIBVL": 0.0625,
    "SIBVR": 0.05555555555555555,
    "SMBDL": 0.08823529411764706,
    "SMBDR": 0.06986899563318777,
    "SMBVL": 0.0641025641025641,
    "SMBVR": 0.06725146198830409,
    "SMDDL": 0.04415954415954416,
    "SMDDR": 0.045454545454545456,
    "SMDVL": 0.06856187290969899,
    "SMDVR": 0.07020057306590258,
    "URADL": 0.1111111111111111,