{
  "clustering_coefficients": {
    "ADAL": 0.06323777403035413,
    "ADAR": 0.055299539170506916,
    "ADEL": 0.06286379511059371,
    "ADER": 0.06828703703703703,
    "ADFL": 0.1111111111111111,
    "ADFR": 0.0576036866359447,
    "ADLL": 0.05555555555555555,
    "ADLR": 0.051666666666666666,
    "AFDL": 0.045454545454545456,
    "AFDR": 0.08791208791208792,
    "AIAL": 0.05858585858585859,
    "AIAR": 0.05615942028985507,
    "AIBL": 0.03832442067736185,
    "AIBR": 0.0391025641025641,
    "AIML": 0.054838709677419356,
    "AIMR": 0.0375,
    "AINL": 0.04779411764705882,
    "AINR": 0.029239766081871343,
    "AIYL": 0.08169934640522876,
    "AIYR": 0.05128205128205128,
    "AIZL": 0.051587301587301584,
    "AIZR": 0.05698924731182796,
    "ALA": 0.07142857142857142,
    "ALML": 0.05263157894736842,
    "ALMR": 0.03571428571428571,
    "ALNL": 0.1111111111111111,
    "ALNR": 0.05555555555555555,
    "AQR": 0.04734848484848485,
    "AS1": 0.0784313725490196,
    "AS10": 0.06666666666666667,
    "AS11": 0.1111111111111111,
    "AS2": 0.09615384615384616,
    "AS3": 0.007575757575757576,
    "AS4": 0.03333333333333333,
    "AS5": 0.0625,
    "AS6": 0.05454545454545454,
    "AS7": 0.023809523809523808,
    "AS8": 0.16666666666666666,
    "AS9": 0.0,
    "ASEL": 0.041666666666666664,
    "ASER": 0.07,
    "ASGL": 0.015151515151515152,
    "ASGR": 0.057692307692307696,
    "ASHL": 0.07142857142857142,
    "ASHR": 0.07834101382488479,
    "ASIL": 0.06153846153846154,
    "ASIR": 0.025974025974025976,
    "ASJL": 0.057692307692307696,
    "ASJR": 0.07142857142857142,
    "ASKL": 0.08478260869565217,
    "ASKR": 0.07894736842105263,
    "AUAL": 0.029166666666666667,
    "AUAR": 0.0457516339869281,
    "AVAL": 0.04160814606741573,
    "AVAR": 0.03405666063893912,
    "AVBL": 0.041303232426885585,
    "AVBR": 0.04065934065934066,
    "AVDL": 0.036585365853658534,
    "AVDR": 0.04618614415675298,
    "AVEL": 0.05406976744186046,
    "AVER": 0.051899907321594066,
    "AVFL": 0.05026455026455026,
    "AVFR": 0.04377880184331797,
    "AVG": 0.0735930735930736,
    "AVHL": 0.06714285714285714,
    "AVHR": 0.06190476190476191,
    "AVJL": 0.06041335453100159,
    "AVJR": 0.049653579676674366,
    "AVKL": 0.036499215070643645,
    "AVKR": 0.06046511627906977,
    "AVL": 0.056451612903225805,
    "AVM": 0.09047619047619047,
    "AWAL": 0.06666666666666667,
    "AWAR": 0.1,
    "AWBL": 0.031746031746031744,
    "AWBR": 0.06615384615384616,
    "AWCL": 0.04044117647058824,
    "AWCR": 0.045454545454545456,
    "BAGL": 0.08088235294117647,
    "BAGR": 0.07777777777777778,
    "BDUL": 0.0756578947368421,
    "BDUR": 0.0735930735930736,
    "CANL": 0.0,
    "CANR": 0.0,
    "CEPDL": 0.08102766798418973,
    "CEPDR": 0.05313092979127135,
    "CEPVL": 0.08421052631578947,
    "CEPVR": 0.05253623188405797,
    "DA1": 0.07177033492822966,
    "DA2": 0.043478260869565216,
    "DA3": 0.06666666666666667,
    "DA4": 0.04411764705882353,
    "DA5": 0.07894736842105263,
    "DA6": 0.09477124183006536,
    "DA7": 0.0,
    "DA8": 0.04487179487179487,
    "DA9": 0.04736842105263158,
    "DB1": 0.06181818181818182,
    "DB2": 0.06,
    "DB3": 0.07105263157894737,
    "DB4": 0.06571428571428571,
    "DB5": 0.03636363636363636,
    "DB6": 0.02197802197802198,
    "DB7": 0.0641025641025641,
    "DD1": 0.05852842809364549,
    "DD2": 0.038011695906432746,
    "DD3": 0.05741626794258373,
    "DD4": 0.08333333333333333,
    "DD5": 0.037037037037037035,
    "DD6": 0.05357142857142857,
    "DVA": 0.051245753114382786,
    "DVB": 0.07575757575757576,
    "DVC": 0.06803594351732992,
    "FLPL": 0.056666666666666664,
    "FLPR": 0.06613756613756613,
    "HSNL": 0.0594059405940594,
    "HSNR": 0.052552552552552555,
    "I1L": 0.06159420289855073,
    "I1R": 0.07,
    "I2L": 0.08095238095238096,
    "I2R": 0.07575757575757576,
    "I3": 0.04044117647058824,
    "I4": 0.041666666666666664,
    "I5": 0.07142857142857142,
    "I6": 0.08888888888888889,
    "IL1DL": 0.10197368421052631,
    "IL1DR": 0.03205128205128205,
    "IL1L": 0.061764705882352944,
    "IL1R": 0.07575757575757576,
    "IL1VL": 0.08498023715415019,
    "IL1VR": 0.08173076923076923,
    "IL2DL": 0.07142857142857142,
    "IL2DR": 0.013888888888888888,
    "IL2L": 0.07083333333333333,
    "IL2R": 0.04411764705882353,
    "IL2VL": 0.05454545454545454,
    "IL2VR": 0.045454545454545456,
    "LUAL": 0.05217391304347826,
    "LUAR": 0.07333333333333333,
    "M1": 0.06126482213438735,
    "M2L": 0.05555555555555555,
    "M2R": 0.06746031746031746,
    "M3L": 0.034210526315789476,
    "M3R": 0.05,
    "M4": 0.02197802197802198,
    "M5": 0.05384615384615385,
    "MCL": 0.026470588235294117,
    "MCR": 0.04276315789473684,
    "MI": 0.04774535809018567,
    "NSML": 0.07777777777777778,
    "NSMR": 0.05303030303030303,
    "OLLL": 0.0982532751091703,
    "OLLR": 0.0623342175066313,
    "OLQDL": 0.04907161803713528,
    "OLQDR": 0.06842105263157895,
    "OLQVL": 0.05533596837944664,
    "OLQVR": 0.043859649122807015,
    "PDA": 0.07211538461538461,
    "PDB": 0.1111111111111111,
    "PDEL": 0.015151515151515152,
    "PDER": 0.05228758169934641,
    "PHAL": 0.03205128205128205,
    "PHAR": 0.1,
    "PHBL": 0.06043956043956044,
    "PHBR": 0.0380952380952381,
    "PHCL": 0.06635802469135803,
    "PHCR": 0.08552631578947369,
    "PLML": 0.09523809523809523,
    "PLMR": 0.042483660130718956,
    "PLNL": 0.16666666666666666,
    "PLNR": 0.5,
    "PQR": 0.0380952380952381,
    "PVCL": 0.05935906773488711,
    "PVCR": 0.04666666666666667,
    "PVDL": 0.05357142857142857,
    "PVDR": 0.09523809523809523,
    "PVM": 0.06060606060606061,
    "PVNL": 0.04827586206896552,
    "PVNR": 0.05246422893481717,
    "PVPL": 0.06258890469416785,
    "PVPR": 0.06587301587301587,
    "PVQL": 0.06060606060606061,
    "PVQR": 0.04377880184331797,
    "PVR": 0.06283783783783783,
    "PVT": 0.05952380952380952,
    "PVWL": 0.08333333333333333,
    "PVWR": 0.09523809523809523,
    "RIAL": 0.06062767475035663,
    "RIAR": 0.051744186046511625,
    "RIBL": 0.049829642248722314,
    "RIBR": 0.05153203342618384,
    "RICL": 0.06515957446808511,
    "RICR": 0.058823529411764705,
    "RID": 0.07357859531772576,
    "RIFL": 0.04487179487179487,
    "RIFR": 0.045454545454545456,
    "RIGL": 0.06789137380191693,
    "RIGR": 0.05338345864661654,
    "RIH": 0.06837606837606838,
    "RIML": 0.04617834394904458,
    "RIMR": 0.05555555555555555,
    "RIPL": 0.07236842105263158,
    "RIPR": 0.06578947368421052,
    "RIR": 0.05952380952380952,
    "RIS": 0.04396186440677966,
    "RIVL": 0.039473684210526314,
    "RIVR": 0.07370517928286853,
    "RMDDL": 0.05416666666666667,
    "RMDDR": 0.04743083003952569,
    "RMDL": 0.07105263157894737,
    "RMDR": 0.03985507246376811,
    "RMDVL": 0.038461538461538464,
    "RMDVR": 0.04554079696394687,
    "RMED": 0.047619047619047616,
    "RMEL": 0.09243697478991597,
    "RMER": 0.06702898550724638,
    "RMEV": 0.06739130434782609,
    "RMFL": 0.07936507936507936,
    "RMFR": 0.06060606060606061,
    "RMGL": 0.05142857142857143,
    "RMGR": 0.05564387917329094,
    "RMHL": 0.026143790849673203,
    "RMHR": 0.05847953216374269,
    "SAADL": 0.05652173913043478,
    "SAADR": 0.054285714285714284,
    "SAAVL": 0.0533596837944664,
    "SAAVR": 0.05454545454545454,
    "SABD": 0.02857142857142857,
    "SABVL": 0.043859649122807015,
    "SABVR": 0.06111111111111111,
    "SDQL": 0.06432748538011696,
    "SDQR": 0.05026455026455026,
    "SIADL": 0.047619047619047616,
    "SIADR": 0.08333333333333333,
    "SIAVL": 0.07142857142857142,
    "SIAVR": 0.047619047619047616,
    "SIBDL": 0.03333333333333333,
    "SIBDR": 0.11538461538461539,
    "SIBVL": 0.0875,
    "SIBVR": 0.05384615384615385,
    "SMBDL": 0.06493506493506493,
    "SMBDR": 0.034210526315789476,
    "SMBVL": 0.06060606060606061,
    "SMBVR": 0.03888888888888889,
    "SMDDL": 0.03666666666666667,
    "SMDDR": 0.0673076923076923,
    "SMDVL": 0.04233870967741935,