{
  "clustering_coefficients": {
    "ADAL": 0.07132132132132132,
    "ADAR": 0.04455445544554455,
    "ADEL": 0.07386363636363637,
    "ADER": 0.04597701149425287,
    "ADFL": 0.07954545454545454,
    "ADFR": 0.06336405529953917,
    "ADLL": 0.05614973262032086,
    "ADLR": 0.05,
    "AFDL": 0.03333333333333333,
    "AFDR": 0.07272727272727272,
    "AIAL": 0.04497354497354497,
    "AIAR": 0.0641025641025641,
    "AIBL": 0.0779976717112922,
    "AIBR": 0.032196969696969696,
    "AIML": 0.06631299734748011,
    "AIMR": 0.04583333333333333,
    "AINL": 0.15126050420168066,
    "AINR": 0.07309941520467836,
    "AIYL": 0.05476190476190476,
    "AIYR": 0.08776595744680851,
    "AIZL": 0.06064356435643564,
    "AIZR": 0.07210626185958255,
    "ALA": 0.0,
    "ALML": 0.06937799043062201,
    "ALMR": 0.07142857142857142,
    "ALNL": 0.06363636363636363,
    "ALNR": 0.047619047619047616,
    "AQR": 0.05757575757575758,
    "AS1": 0.06296296296296296,
    "AS10": 0.12637362637362637,
    "AS11": 0.0,
    "AS2": 0.05238095238095238,
    "AS3": 0.0661764705882353,
    "AS4": 0.10909090909090909,
    "AS5": 0.01282051282051282,
    "AS6": 0.08361204013377926,
    "AS7": 0.03571428571428571,
    "AS8": 0.04285714285714286,
    "AS9": 0.02857142857142857,
    "ASEL": 0.06535947712418301,
    "ASER": 0.07894736842105263,
    "ASGL": 0.03571428571428571,
    "ASGR": 0.08974358974358974,
    "ASHL": 0.058922558922558925,
    "ASHR": 0.0598404255319149,
    "ASIL": 0.08955223880597014,
    "ASIR": 0.045454545454545456,
    "ASJL": 0.1,
    "ASJR": 0.08181818181818182,
    "ASKL": 0.021666666666666667,
    "ASKR": 0.07142857142857142,
    "AUAL": 0.07894736842105263,
    "AUAR": 0.05476190476190476,
    "AVAL": 0.04721776350989834,
    "AVAR": 0.04361851332398317,
    "AVBL": 0.03326612903225806,
    "AVBR": 0.03514622883530016,
    "AVDL": 0.03430232558139535,
    "AVDR": 0.04884547069271759,
    "AVEL": 0.06556372549019608,
    "AVER": 0.06018518518518518,
    "AVFL": 0.06854838709677419,
    "AVFR": 0.08531746031746032,
    "AVG": 0.05747126436781609,
    "AVHL": 0.08395061728395062,
    "AVHR": 0.058333333333333334,
    "AVJL": 0.042105263157894736,
    "AVJR": 0.04923076923076923,
    "AVKL": 0.04448563484708063,
    "AVKR": 0.059050064184852376,
    "AVL": 0.056795131845841784,
    "AVM": 0.07714285714285714,
    "AWAL": 0.07236842105263158,
    "AWAR": 0.10526315789473684,
    "AWBL": 0.08791208791208792,
    "AWBR": 0.07919254658385093,
    "AWCL": 0.026627218934911243,
    "AWCR": 0.08455882352941177,
    "BAGL": 0.09191176470588236,
    "BAGR": 0.05357142857142857,
    "BDUL": 0.04487179487179487,
    "BDUR": 0.04814814814814815,
    "CANL": 0.0,
    "CANR": 0.0,
    "CEPDL": 0.06833333333333333,
    "CEPDR": 0.07419354838709677,
    "CEPVL": 0.041666666666666664,
    "CEPVR": 0.06884057971014493,
    "DA1": 0.05263157894736842,
    "DA2": 0.03571428571428571,
    "DA3": 0.0847953216374269,
    "DA4": 0.075,
    "DA5": 0.09808612440191387,
    "DA6": 0.023809523809523808,
    "DA7": 0.0,
    "DA8": 0.06043956043956044,
    "DA9": 0.04047619047619048,
    "DB1": 0.04894179894179894,
    "DB2": 0.05,
    "DB3": 0.039525691699604744,
    "DB4": 0.07017543859649122,
    "DB5": 0.08333333333333333,
    "DB6": 0.05454545454545454,
    "DB7": 0.15454545454545454,
    "DD1": 0.0367965367965368,
    "DD2": 0.06140350877192982,
    "DD3": 0.05952380952380952,
    "DD4": 0.06666666666666667,
    "DD5": 0.09090909090909091,
    "DD6": 0.07142857142857142,
    "DVA": 0.05320754716981132,
    "DVB": 0.0457516339869281,
    "DVC": 0.039897039897039896,
    "FLPL": 0.043859649122807015,
    "FLPR": 0.05873925501432665,
    "HSNL": 0.04292527821939587,
    "HSNR": 0.04105392156862745,
    "I1L": 0.06181818181818182,
    "I1R": 0.02832512315270936,
    "I2L": 0.1,
    "I2R": 0.07575757575757576,
    "I3": 0.06666666666666667,
    "I4": 0.06363636363636363,
    "I5": 0.05789473684210526,
    "I6": 0.07142857142857142,
    "IL1DL": 0.03333333333333333,
    "IL1DR": 0.030797101449275364,
    "IL1L": 0.07947019867549669,
    "IL1R": 0.0645933014354067,
    "IL1VL": 0.08241758241758242,
    "IL1VR": 0.07352941176470588,
    "IL2DL": 0.017857142857142856,
    "IL2DR": 0.1111111111111111,
    "IL2L": 0.0375,
    "IL2R": 0.07017543859649122,
    "IL2VL": 0.11363636363636363,
    "IL2VR": 0.07142857142857142,
    "LUAL": 0.06722689075630252,
    "LUAR": 0.04678362573099415,
    "M1": 0.05138339920948617,
    "M2L": 0.05263157894736842,
    "M2R": 0.04784688995215311,
    "M3L": 0.05789473684210526,
    "M3R": 0.04276315789473684,
    "M4": 0.07142857142857142,
    "M5": 0.05128205128205128,
    "MCL": 0.05526315789473684,
    "MCR": 0.052884615384615384,
    "MI": 0.07076923076923076,
    "NSML": 0.08653846153846154,
    "NSMR": 0.06043956043956044,
    "OLLL": 0.06209150326797386,
    "OLLR": 0.043478260869565216,
    "OLQDL": 0.08008658008658008,
    "OLQDR": 0.06428571428571428,
    "OLQVL": 0.05246913580246913,
    "OLQVR": 0.08823529411764706,
    "PDA": 0.0641025641025641,
    "PDB": 0.05555555555555555,
    "PDEL": 0.07309941520467836,
    "PDER": 0.09539473684210527,
    "PHAL": 0.015151515151515152,
    "PHAR": 0.05555555555555555,
    "PHBL": 0.14545454545454545,
    "PHBR": 0.0625,
    "PHCL": 0.07792207792207792,
    "PHCR": 0.1111111111111111,
    "PLML": 0.07142857142857142,
    "PLMR": 0.058333333333333334,
    "PLNL": 0.0,
    "PLNR": 0.5,
    "PQR": 0.1,
    "PVCL": 0.045480225988700565,
    "PVCR": 0.05439642324888227,
    "PVDL": 0.09722222222222222,
    "PVDR": 0.047619047619047616,
    "PVM": 0.05128205128205128,
    "PVNL": 0.04700854700854701,
    "PVNR": 0.07192575406032482,
    "PVPL": 0.06677265500794913,
    "PVPR": 0.046218487394957986,
    "PVQL": 0.037037037037037035,
    "PVQR": 0.05138339920948617,
    "PVR": 0.05,
    "PVT": 0.04467680608365019,
    "PVWL": 0.044444444444444446,
    "PVWR": 0.0,
    "RIAL": 0.057432432432432436,
    "RIAR": 0.03774928774928775,
    "RIBL": 0.059378468368479466,
    "RIBR": 0.040408525754884544,
    "RICL": 0.04307432432432432,
    "RICR": 0.04497354497354497,
    "RID": 0.08333333333333333,
    "RIFL": 0.05592105263157895,
    "RIFR": 0.06535947712418301,
    "RIGL": 0.057816836262719704,
    "RIGR": 0.06533333333333333,
    "RIH": 0.032005689900426744,
    "RIML": 0.048903878583473864,
    "RIMR": 0.046218487394957986,
    "RIPL": 0.0915032679738562,
    "RIPR": 0.059782608695652176,
    "RIR": 0.06172839506172839,
    "RIS": 0.04621309370988447,
    "RIVL": 0.06862745098039216,
    "RIVR": 0.05263157894736842,
    "RMDDL": 0.04411764705882353,
    "RMDDR": 0.032679738562091505,
    "RMDL": 0.06836248012718601,
    "RMDR": 0.043316831683168314,
    "RMDVL": 0.043076923076923075,
    "RMDVR": 0.040740740740740744,
    "RMED": 0.03888888888888889,
    "RMEL": 0.08455882352941177,
    "RMER": 0.038461538461538464,
    "RMEV": 0.04329004329004329,
    "RMFL": 0.037037037037037035,
    "RMFR": 0.052884615384615384,
    "RMGL": 0.06046511627906977,
    "RMGR": 0.04923076923076923,
    "RMHL": 0.03205128205128205,
    "RMHR": 0.04945054945054945,
    "SAADL": 0.0375,
    "SAADR": 0.04285714285714286,
    "SAAVL": 0.08695652173913043,
    "SAAVR": 0.019230769230769232,
    "SABD": 0.09047619047619047,
    "SABVL": 0.011627906976744186,
    "SABVR": 0.03205128205128205,
    "SDQL": 0.09134615384615384,
    "SDQR": 0.046218487394957986,
    "SIADL": 0.047619047619047616,
    "SIADR": 0.07142857142857142,
    "SIAVL": 0.04945054945054945,
    "SIAVR": 0.03333333333333333,
    "SIBDL": 0.045454545454545456,
    "SIBDR": 0.14444444444444443,
    "SIBVL": 0.05533596837944664,
    "SIBVR": 0.1111111111111111,
    "SMBDL": 0.040740740740740744,
    "SMBDR": 0.07941176470588235,
    "SMBVL": 0.028708133971291867,
    "SMBVR": 0.10084033613445378,
    "SMDDL": 0.06521739130434782,
    "SMDDR": 0.041666666666666664,
    "SMDVL": 0.05570291777188329,
    "SMDVR": 0.08876811594202899,
    "URADL": 0.08791208791208792,