{
  "clustering_coefficients": {
    "ADAL": 0.049145299145299144,
    "ADAR": 0.05038022813688213,
    "ADEL": 0.05555555555555555,
    "ADER": 0.04814814814814815,
    "ADFL": 0.045454545454545456,
    "ADFR": 0.05308641975308642,
    "ADLL": 0.06746031746031746,
    "ADLR": 0.03529411764705882,
    "AFDL": 0.07352941176470588,
    "AFDR": 0.03365384615384615,
    "AIAL": 0.05656565656565657,
    "AIAR": 0.03535353535353535,
    "AIBL": 0.05945945945945946,
    "AIBR": 0.047139830508474576,
    "AIML": 0.05,
    "AIMR": 0.04093567251461988,
    "AINL": 0.0625,
    "AINR": 0.049707602339181284,
    "AIYL": 0.030797101449275364,
    "AIYR": 0.06578947368421052,
    "AIZL": 0.05238095238095238,
    "AIZR": 0.05816831683168317,
    "ALA": 0.08095238095238096,
    "ALML": 0.07983193277310924,
    "ALMR": 0.022222222222222223,
    "ALNL": 0.0,
    "ALNR": 0.07777777777777778,
    "AQR": 0.08383838383838384,
    "AS1": 0.058333333333333334,
    "AS10": 0.07692307692307693,
    "AS11": 0.011111111111111112,
    "AS2": 0.07051282051282051,
    "AS3": 0.0625,
    "AS4": 0.125,
    "AS5": 0.06315789473684211,
    "AS6": 0.02197802197802198,
    "AS7": 0.03571428571428571,
    "AS8": 0.09848484848484848,
    "AS9": 0.08181818181818182,
    "ASEL": 0.04285714285714286,
    "ASER": 0.07818181818181819,
    "ASGL": 0.06593406593406594,
    "ASGR": 0.06764705882352941,
    "ASHL": 0.06481481481481481,
    "ASHR": 0.04453781512605042,
    "ASIL": 0.08181818181818182,
    "ASIR": 0.08181818181818182,
    "ASJL": 0.09523809523809523,
    "ASJR": 0.05,
    "ASKL": 0.05263157894736842,
    "ASKR": 0.08088235294117647,
    "AUAL": 0.04945054945054945,
    "AUAR": 0.04411764705882353,
    "AVAL": 0.03859717868338558,
    "AVAR": 0.03963239517518667,
    "AVBL": 0.037741369221767115,
    "AVBR": 0.03814262023217247,
    "AVDL": 0.04831107619795758,
    "AVDR": 0.051577152600170505,
    "AVEL": 0.037993920972644375,
    "AVER": 0.04434589800443459,
    "AVFL": 0.06018518518518518,
    "AVFR": 0.050865800865800864,
    "AVG": 0.046153846153846156,
    "AVHL": 0.05747126436781609,
    "AVHR": 0.06769230769230769,
    "AVJL": 0.05149501661129568,
    "AVJR": 0.03359683794466403,
    "AVKL": 0.038461538461538464,
    "AVKR": 0.045454545454545456,
    "AVL": 0.05702917771883289,
    "AVM": 0.05555555555555555,
    "AWAL": 0.045454545454545456,
    "AWAR": 0.02287581699346405,
    "AWBL": 0.06190476190476191,
    "AWBR": 0.04923076923076923,
    "AWCL": 0.07692307692307693,
    "AWCR": 0.04814814814814815,
    "BAGL": 0.06521739130434782,
    "BAGR": 0.03676470588235294,
    "BDUL": 0.07368421052631578,
    "BDUR": 0.042105263157894736,
    "CANL": 0.0,
    "CANR": 0.0,
    "CEPDL": 0.05387931034482758,
    "CEPDR": 0.055693069306930694,
    "CEPVL": 0.07105263157894737,
    "CEPVR": 0.08753315649867374,
    "DA1": 0.0533596837944664,
    "DA2": 0.042735042735042736,
    "DA3": 0.03463203463203463,
    "DA4": 0.03162055335968379,
    "DA5": 0.05263157894736842,
    "DA6": 0.15384615384615385,
    "DA7": 0.0,
    "DA8": 0.07272727272727272,
    "DA9": 0.019230769230769232,
    "DB1": 0.06349206349206349,
    "DB2": 0.06302521008403361,
    "DB3": 0.0496031746031746,
    "DB4": 0.056666666666666664,
    "DB5": 0.09722222222222222,
    "DB6": 0.011363636363636364,
    "DB7": 0.045454545454545456,
    "DD1": 0.0392156862745098,
    "DD2": 0.05454545454545454,
    "DD3": 0.032679738562091505,
    "DD4": 0.11818181818181818,
    "DD5": 0.047619047619047616,
    "DD6": 0.023809523809523808,
    "DVA": 0.03812636165577342,
    "DVB": 0.05555555555555555,
    "DVC": 0.06325301204819277,
    "FLPL": 0.04180602006688963,
    "FLPR": 0.08874458874458875,
    "HSNL": 0.05570291777188329,
    "HSNR": 0.047139830508474576,
    "I1L": 0.0582010582010582,
    "I1R": 0.091792656587473,
    "I2L": 0.025974025974025976,
    "I2R": 0.08888888888888889,
    "I3": 0.0851063829787234,
    "I4": 0.04395604395604396,
    "I5": 0.07037037037037037,
    "I6": 0.06209150326797386,
    "IL1DL": 0.05416666666666667,
    "IL1DR": 0.09788359788359788,
    "IL1L": 0.0673076923076923,
    "IL1R": 0.05263157894736842,
    "IL1VL": 0.06666666666666667,
    "IL1VR": 0.058333333333333334,
    "IL2DL": 0.07142857142857142,
    "IL2DR": 0.027777777777777776,
    "IL2L": 0.0625,
    "IL2R": 0.07707509881422925,
    "IL2VL": 0.05303030303030303,
    "IL2VR": 0.045454545454545456,
    "LUAL": 0.04743083003952569,
    "LUAR": 0.05514705882352941,
    "M1": 0.05263157894736842,
    "M2L": 0.058333333333333334,
    "M2R": 0.049783549783549784,
    "M3L": 0.06166666666666667,
    "M3R": 0.04923076923076923,
    "M4": 0.04945054945054945,
    "M5": 0.0735930735930736,
    "MCL": 0.051470588235294115,
    "MCR": 0.08333333333333333,
    "MI": 0.0533596837944664,
    "NSML": 0.04285714285714286,
    "NSMR": 0.04395604395604396,
    "OLLL": 0.031578947368421054,
    "OLLR": 0.04933586337760911,
    "OLQDL": 0.029953917050691243,
    "OLQDR": 0.08851674641148326,
    "OLQVL": 0.043209876543209874,
    "OLQVR": 0.06160458452722063,
    "PDA": 0.0641025641025641,
    "PDB": 0.1,
    "PDEL": 0.07602339181286549,
    "PDER": 0.020833333333333332,
    "PHAL": 0.039473684210526314,
    "PHAR": 0.07051282051282051,
    "PHBL": 0.0,
    "PHBR": 0.04487179487179487,
    "PHCL": 0.07142857142857142,
    "PHCR": 0.04945054945054945,
    "PLML": 0.125,
    "PLMR": 0.07720588235294118,
    "PLNL": 0.0,
    "PLNR": 0.0,
    "PQR": 0.054945054945054944,
    "PVCL": 0.05227987421383648,
    "PVCR": 0.04838709677419355,
    "PVDL": 0.06481481481481481,
    "PVDR": 0.047619047619047616,
    "PVM": 0.03787878787878788,
    "PVNL": 0.047142857142857146,
    "PVNR": 0.05128205128205128,
    "PVPL": 0.03935599284436494,
    "PVPR": 0.046236559139784944,
    "PVQL": 0.04285714285714286,
    "PVQR": 0.04838709677419355,
    "PVR": 0.033216783216783216,
    "PVT": 0.056790123456790124,
    "PVWL": 0.0989010989010989,
    "PVWR": 0.06944444444444445,
    "RIAL": 0.0519559902200489,
    "RIAR": 0.050793650793650794,
    "RIBL": 0.04553903345724907,
    "RIBR": 0.05432372505543237,
    "RICL": 0.041379310344827586,
    "RICR": 0.07115749525616698,
    "RID": 0.08078602620087336,
    "RIFL": 0.10504201680672269,
    "RIFR": 0.04523809523809524,
    "RIGL": 0.04642166344294004,
    "RIGR": 0.07020872865275142,
    "RIH": 0.06799259944495838,
    "RIML": 0.03985507246376811,
    "RIMR": 0.06587301587301587,
    "RIPL": 0.04183266932270916,
    "RIPR": 0.03308823529411765,
    "RIR": 0.059907834101382486,
    "RIS": 0.07346647646219687,
    "RIVL": 0.05952380952380952,
    "RIVR": 0.04654255319148936,
    "RMDDL": 0.042483660130718956,
    "RMDDR": 0.06018518518518518,
    "RMDL": 0.05387931034482758,
    "RMDR": 0.04585152838427948,
    "RMDVL": 0.044753086419753084,
    "RMDVR": 0.08,
    "RMED": 0.03787878787878788,
    "RMEL": 0.07083333333333333,
    "RMER": 0.07065217391304347,
    "RMEV": 0.04285714285714286,
    "RMFL": 0.0875,
    "RMFR": 0.09523809523809523,
    "RMGL": 0.05,
    "RMGR": 0.054187192118226604,
    "RMHL": 0.05384615384615385,
    "RMHR": 0.1388888888888889,
    "SAADL": 0.04285714285714286,
    "SAADR": 0.06190476190476191,
    "SAAVL": 0.028846153846153848,
    "SAAVR": 0.075,
    "SABD": 0.06043956043956044,
    "SABVL": 0.06862745098039216,
    "SABVR": 0.05416666666666667,
    "SDQL": 0.09090909090909091,
    "SDQR": 0.08278145695364239,
    "SIADL": 0.10714285714285714,
    "SIADR": 0.08333333333333333,
    "SIAVL": 0.07272727272727272,
    "SIAVR": 0.08333333333333333,
    "SIBDL": 0.0,
    "SIBDR": 0.10606060606060606,
    "SIBVL": 0.06209150326797386,
    "SIBVR": 0.07692307692307693,
    "SMBDL": 0.025974025974025976,
    "SMBDR": 0.05238095238095238,
    "SMBVL": 0.06666666666666667,
    "SMBVR": 0.0661764705882353,
    "SMDDL": 0.046153846153846156,
    "SMDDR": 0.04367816091954023,
    "SMDVL": 0.04093567251461988,
    "SMDVR": 0.04473684210526316,
    "URADL": 0.03409090909090909,
    "URADR": 0.03787878787878788,