{
  "clustering_coefficients": {
    "ADAL": 0.059821428571428574,
    "ADAR": 0.05169340463458111,
    "ADEL": 0.059743954480796585,
    "ADER": 0.06688963210702341,
    "ADFL": 0.10227272727272728,
    "ADFR": 0.05818965517241379,
    "ADLL": 0.07166666666666667,
    "ADLR": 0.04411764705882353,
    "AFDL": 0.11904761904761904,
    "AFDR": 0.029411764705882353,
    "AIAL": 0.09353348729792148,
    "AIAR": 0.028735632183908046,
    "AIBL": 0.06208425720620843,
    "AIBR": 0.04661487236403995,
    "AIML": 0.0380952380952381,
    "AIMR": 0.03296703296703297,
    "AINL": 0.047619047619047616,
    "AINR": 0.06862745098039216,
    "AIYL": 0.04044117647058824,
    "AIYR": 0.05476190476190476,
    "AIZL": 0.041666666666666664,
    "AIZR": 0.054838709677419356,
    "ALA": 0.08888888888888889,
    "ALML": 0.05263157894736842,
    "ALMR": 0.041666666666666664,
    "ALNL": 0.0,
    "ALNR": 0.1388888888888889,
    "AQR": 0.06336405529953917,
    "AS1": 0.06304347826086956,
    "AS10": 0.09090909090909091,
    "AS11": 0.022222222222222223,
    "AS2": 0.06862745098039216,
    "AS3": 0.03968253968253968,
    "AS4": 0.1111111111111111,
    "AS5": 0.01818181818181818,
    "AS6": 0.1134453781512605,
    "AS7": 0.05555555555555555,
    "AS8": 0.0,
    "AS9": 0.16666666666666666,
    "ASEL": 0.08571428571428572,
    "ASER": 0.08333333333333333,
    "ASGL": 0.11363636363636363,
    "ASGR": 0.022222222222222223,
    "ASHL": 0.05069124423963134,
    "ASHR": 0.06037151702786378,
    "ASIL": 0.075,
    "ASIR": 0.05555555555555555,
    "ASJL": 0.1,
    "ASJR": 0.08333333333333333,
    "ASKL": 0.07017543859649122,
    "ASKR": 0.06209150326797386,
    "AUAL": 0.0962962962962963,
    "AUAR": 0.07272727272727272,
    "AVAL": 0.058161648177496035,
    "AVAR": 0.041163726400495204,
    "AVBL": 0.04472342094939192,
    "AVBR": 0.045712379045712376,
    "AVDL": 0.05462724935732648,
    "AVDR": 0.047979797979797977,
    "AVEL": 0.04680259499536608,
    "AVER": 0.047729918509895226,
    "AVFL": 0.03183023872679045,
    "AVFR": 0.07559681697612732,
    "AVG": 0.07204301075268817,
    "AVHL": 0.0787037037037037,
    "AVHR": 0.06084656084656084,
    "AVJL": 0.04894578313253012,
    "AVJR": 0.055,
    "AVKL": 0.05611729019211325,
    "AVKR": 0.04334677419354839,
    "AVL": 0.050808314087759814,
    "AVM": 0.07905138339920949,
    "AWAL": 0.054945054945054944,
    "AWAR": 0.06666666666666667,
    "AWBL": 0.07894736842105263,
    "AWBR": 0.0392156862745098,
    "AWCL": 0.06631299734748011,
    "AWCR": 0.07631578947368421,
    "BAGL": 0.025735294117647058,
    "BAGR": 0.06985294117647059,
    "BDUL": 0.03205128205128205,
    "BDUR": 0.09191176470588236,
    "CANL": 0.0,
    "CANR": 0.0,
    "CEPDL": 0.050492610837438424,
    "CEPDR": 0.09142857142857143,
    "CEPVL": 0.04940711462450593,
    "CEPVR": 0.03333333333333333,
    "DA1": 0.06985294117647059,
    "DA2": 0.05434782608695652,
    "DA3": 0.058823529411764705,
    "DA4": 0.06521739130434782,
    "DA5": 0.01764705882352941,
    "DA6": 0.08333333333333333,
    "DA7": 0.0,
    "DA8": 0.057692307692307696,
    "DA9": 0.029166666666666667,
    "DB1": 0.05305039787798409,
    "DB2": 0.06666666666666667,
    "DB3": 0.05852842809364549,
    "DB4": 0.07538461538461538,
    "DB5": 0.10909090909090909,
    "DB6": 0.05555555555555555,
    "DB7": 0.06818181818181818,
    "DD1": 0.04743083003952569,
    "DD2": 0.07017543859649122,
    "DD3": 0.0,
    "DD4": 0.1111111111111111,
    "DD5": 0.07142857142857142,
    "DD6": 0.06190476190476191,
    "DVA": 0.055196419691695676,
    "DVB": 0.06296296296296296,
    "DVC": 0.05502846299810247,
    "FLPL": 0.07538461538461538,
    "FLPR": 0.06521739130434782,
    "HSNL": 0.058333333333333334,
    "HSNR": 0.05376940133037694,
    "I1L": 0.08441558441558442,
    "I1R": 0.06,
    "I2L": 0.0625,
    "I2R": 0.01904761904761905,
    "I3": 0.07017543859649122,
    "I4": 0.07142857142857142,
    "I5": 0.0773109243697479,
    "I6": 0.08518518518518518,
    "IL1DL": 0.09134615384615384,
    "IL1DR": 0.08241758241758242,
    "IL1L": 0.06060606060606061,
    "IL1R": 0.05502392344497608,
    "IL1VL": 0.05238095238095238,
    "IL1VR": 0.07142857142857142,
    "IL2DL": 0.03571428571428571,
    "IL2DR": 0.06944444444444445,
    "IL2L": 0.0761904761904762,
    "IL2R": 0.045454545454545456,
    "IL2VL": 0.06060606060606061,
    "IL2VR": 0.1076923076923077,
    "LUAL": 0.09473684210526316,
    "LUAR": 0.047619047619047616,
    "M1": 0.05514705882352941,
    "M2L": 0.04710144927536232,
    "M2R": 0.0625,
    "M3L": 0.03333333333333333,
    "M3R": 0.06209150326797386,
    "M4": 0.04395604395604396,
    "M5": 0.07777777777777778,
    "MCL": 0.02564102564102564,
    "MCR": 0.06535947712418301,
    "MI": 0.06666666666666667,
    "NSML": 0.03409090909090909,
    "NSMR": 0.06818181818181818,
    "OLLL": 0.07894736842105263,
    "OLLR": 0.05270655270655271,
    "OLQDL": 0.06140350877192982,
    "OLQDR": 0.03133903133903134,
    "OLQVL": 0.03787878787878788,
    "OLQVR": 0.05272727272727273,
    "PDA": 0.05555555555555555,
    "PDB": 0.05,
    "PDEL": 0.05,
    "PDER": 0.042328042328042326,
    "PHAL": 0.08888888888888889,
    "PHAR": 0.05303030303030303,
    "PHBL": 0.05128205128205128,
    "PHBR": 0.04779411764705882,
    "PHCL": 0.07368421052631578,
    "PHCR": 0.06363636363636363,
    "PLML": 0.08461538461538462,
    "PLMR": 0.041501976284584984,
    "PLNL": 0.05,
    "PLNR": 0.0,
    "PQR": 0.07692307692307693,
    "PVCL": 0.04662522202486678,
    "PVCR": 0.047882579403272375,
    "PVDL": 0.13333333333333333,
    "PVDR": 0.023809523809523808,
    "PVM": 0.08421052631578947,
    "PVNL": 0.06419753086419754,
    "PVNR": 0.06910569105691057,
    "PVPL": 0.0492845786963434,
    "PVPR": 0.05873015873015873,
    "PVQL": 0.0661764705882353,
    "PVQR": 0.06976744186046512,
    "PVR": 0.07073170731707316,
    "PVT": 0.05948795180722891,
    "PVWL": 0.04945054945054945,
    "PVWR": 0.07142857142857142,
    "RIAL": 0.06684491978609626,
    "RIAR": 0.049257759784075573,
    "RIBL": 0.0358948432760364,
    "RIBR": 0.07163601161665054,
    "RICL": 0.033928571428571426,
    "RICR": 0.06714285714285714,
    "RID": 0.06878306878306878,
    "RIFL": 0.10714285714285714,
    "RIFR": 0.05308641975308642,
    "RIGL": 0.05299015897047691,
    "RIGR": 0.05263157894736842,
    "RIH": 0.06918604651162791,
    "RIML": 0.05747126436781609,
    "RIMR": 0.03783783783783784,
    "RIPL": 0.09090909090909091,
    "RIPR": 0.07720588235294118,
    "RIR": 0.05351170568561873,
    "RIS": 0.05,
    "RIVL": 0.04411764705882353,
    "RIVR": 0.04433497536945813,
    "RMDDL": 0.06896551724137931,
    "RMDDR": 0.04,
    "RMDL": 0.04450757575757576,
    "RMDR": 0.06327160493827161,
    "RMDVL": 0.06955645161290322,
    "RMDVR": 0.047311827956989246,
    "RMED": 0.07051282051282051,
    "RMEL": 0.05714285714285714,
    "RMER": 0.0735930735930736,
    "RMEV": 0.06635802469135803,
    "RMFL": 0.04807692307692308,
    "RMFR": 0.16666666666666666,
    "RMGL": 0.058823529411764705,
    "RMGR": 0.03666666666666667,
    "RMHL": 0.023809523809523808,
    "RMHR": 0.08455882352941177,
    "SAADL": 0.058823529411764705,
    "SAADR": 0.05026455026455026,
    "SAAVL": 0.05847953216374269,
    "SAAVR": 0.1043956043956044,
    "SABD": 0.05263157894736842,
    "SABVL": 0.04945054945054945,
    "SABVR": 0.041666666666666664,
    "SDQL": 0.07692307692307693,
    "SDQR": 0.058823529411764705,
    "SIADL": 0.16666666666666666,
    "SIADR": 0.07142857142857142,
    "SIAVL": 0.09523809523809523,
    "SIAVR": 0.017857142857142856,
    "SIBDL": 0.0,
    "SIBDR": 0.05555555555555555,
    "SIBVL": 0.0196078431372549,
    "SIBVR": 0.08095238095238096,
    "SMBDL": 0.030303030303030304,
    "SMBDR": 0.055,
    "SMBVL": 0.054945054945054944,
    "SMBVR": 0.09340659340659341,
    "SMDDL": 0.03857142857142857,
    "SMDDR": 0.040740740740740744,
    "SMDVL": 0.03260869565217391,
    "SMDVR": 0.12368421052631579,
    "URADL": 0.047619047619047616,
    "URADR": 0.027777777777777776,
    "URAVL": 0.0,