{
  "clustering_coefficients": {
    "ADAL": 0.06661045531197302,
    "ADAR": 0.06,
    "ADEL": 0.07272727272727272,
    "ADER": 0.05591397849462366,
    "ADFL": 0.06666666666666667,
    "ADFR": 0.04926108374384237,
    "ADLL": 0.04940711462450593,
    "ADLR": 0.03695652173913044,
    "AFDL": 0.09523809523809523,
    "AFDR": 0.06593406593406594,
    "AIAL": 0.06125356125356125,
    "AIAR": 0.04536290322580645,
    "AIBL": 0.04360902255639098,
    "AIBR": 0.03716608594657375,
    "AIML": 0.04891304347826087,
    "AIMR": 0.07368421052631578,
    "AINL": 0.05555555555555555,
    "AINR": 0.05263157894736842,
    "AIYL": 0.05693069306930693,
    "AIYR": 0.05714285714285714,
    "AIZL": 0.06354515050167224,
    "AIZR": 0.07224334600760456,
    "ALA": 0.16666666666666666,
    "ALML": 0.10457516339869281,
    "ALMR": 0.03571428571428571,
    "ALNL": 0.07142857142857142,
    "ALNR": 0.0,
    "AQR": 0.05714285714285714,
    "AS1": 0.07211538461538461,
    "AS10": 0.01818181818181818,
    "AS11": 0.06043956043956044,
    "AS2": 0.038461538461538464,
    "AS3": 0.05434782608695652,
    "AS4": 0.0761904761904762,
    "AS5": 0.0546218487394958,
    "AS6": 0.0457516339869281,
    "AS7": 0.07142857142857142,
    "AS8": 0.06666666666666667,
    "AS9": 0.05357142857142857,
    "ASEL": 0.042105263157894736,
    "ASER": 0.03538461538461538,
    "ASGL": 0.07777777777777778,
    "ASGR": 0.06666666666666667,
    "ASHL": 0.05846153846153846,
    "ASHR": 0.03879310344827586,
    "ASIL": 0.06363636363636363,
    "ASIR": 0.017857142857142856,
    "ASJL": 0.06944444444444445,
    "ASJR": 0.023809523809523808,
    "ASKL": 0.09663865546218488,
    "ASKR": 0.0625,
    "AUAL": 0.08389261744966443,
    "AUAR": 0.07857142857142857,
    "AVAL": 0.04612819562801038,
    "AVAR": 0.04093567251461988,
    "AVBL": 0.04413946587537092,
    "AVBR": 0.037842465753424655,
    "AVDL": 0.05494037478705281,
    "AVDR": 0.043736878936319105,
    "AVEL": 0.04777777777777778,
    "AVER": 0.048363636363636366,
    "AVFL": 0.07741935483870968,
    "AVFR": 0.07341269841269842,
    "AVG": 0.058333333333333334,
    "AVHL": 0.043726235741444866,
    "AVHR": 0.05627705627705628,
    "AVJL": 0.06060606060606061,
    "AVJR": 0.08557046979865772,
    "AVKL": 0.04811443433029909,
    "AVKR": 0.07096774193548387,
    "AVL": 0.07096774193548387,
    "AVM": 0.043478260869565216,
    "AWAL": 0.057692307692307696,
    "AWAR": 0.055977229601518026,
    "AWBL": 0.07602339181286549,
    "AWBR": 0.05615942028985507,
    "AWCL": 0.08169934640522876,
    "AWCR": 0.05526315789473684,
    "BAGL": 0.05,
    "BAGR": 0.04395604395604396,
    "BDUL": 0.07777777777777778,
    "BDUR": 0.07631578947368421,
    "CANL": 0.0,
    "CANR": 0.0,
    "CEPDL": 0.057736720554272515,
    "CEPDR": 0.07160493827160494,
    "CEPVL": 0.0784313725490196,
    "CEPVR": 0.05615942028985507,
    "DA1": 0.07368421052631578,
    "DA2": 0.07407407407407407,
    "DA3": 0.04736842105263158,
    "DA4": 0.05263157894736842,
    "DA5": 0.043478260869565216,
    "DA6": 0.03787878787878788,
    "DA7": 0.0,
    "DA8": 0.0761904761904762,
    "DA9": 0.05228758169934641,
    "DB1": 0.08134920634920635,
    "DB2": 0.06084656084656084,
    "DB3": 0.06926406926406926,
    "DB4": 0.08260869565217391,
    "DB5": 0.14285714285714285,
    "DB6": 0.0,
    "DB7": 0.10714285714285714,
    "DD1": 0.05057471264367816,
    "DD2": 0.04180602006688963,
    "DD3": 0.07692307692307693,
    "DD4": 0.07051282051282051,
    "DD5": 0.08333333333333333,
    "DD6": 0.03571428571428571,
    "DVA": 0.05172413793103448,
    "DVB": 0.0625,
    "DVC": 0.06120826709062003,
    "FLPL": 0.06545454545454546,
    "FLPR": 0.05253623188405797,
    "HSNL": 0.04560810810810811,
    "HSNR": 0.0563973063973064,
    "I1L": 0.05526315789473684,
    "I1R": 0.05928853754940711,
    "I2L": 0.07777777777777778,
    "I2R": 0.013888888888888888,
    "I3": 0.07707509881422925,
    "I4": 0.04678362573099415,
    "I5": 0.0625,
    "I6": 0.0873015873015873,
    "IL1DL": 0.056768558951965066,
    "IL1DR": 0.09615384615384616,
    "IL1L": 0.09243697478991597,
    "IL1R": 0.08095238095238096,
    "IL1VL": 0.07516339869281045,
    "IL1VR": 0.02197802197802198,
    "IL2DL": 0.14285714285714285,
    "IL2DR": 0.08333333333333333,
    "IL2L": 0.0761904761904762,
    "IL2R": 0.06521739130434782,
    "IL2VL": 0.12121212121212122,
    "IL2VR": 0.09230769230769231,
    "LUAL": 0.06884057971014493,
    "LUAR": 0.07647058823529412,
    "M1": 0.08373205741626795,
    "M2L": 0.06190476190476191,
    "M2R": 0.04700854700854701,
    "M3L": 0.06277056277056277,
    "M3R": 0.06084656084656084,
    "M4": 0.05652173913043478,
    "M5": 0.06060606060606061,
    "MCL": 0.05844155844155844,
    "MCR": 0.04779411764705882,
    "MI": 0.04363636363636364,
    "NSML": 0.09230769230769231,
    "NSMR": 0.04487179487179487,
    "OLLL": 0.06702898550724638,
    "OLLR": 0.05263157894736842,
    "OLQDL": 0.07142857142857142,
    "OLQDR": 0.08260869565217391,
    "OLQVL": 0.050724637681159424,
    "OLQVR": 0.04736842105263158,
    "PDA": 0.022222222222222223,
    "PDB": 0.0,
    "PDEL": 0.02727272727272727,
    "PDER": 0.10294117647058823,
    "PHAL": 0.05454545454545454,
    "PHAR": 0.07777777777777778,
    "PHBL": 0.06944444444444445,
    "PHBR": 0.0761904761904762,
    "PHCL": 0.04583333333333333,
    "PHCR": 0.0375,
    "PLML": 0.09523809523809523,
    "PLMR": 0.07692307692307693,
    "PLNL": 0.0,
    "PLNR": 0.0,
    "PQR": 0.08095238095238096,
    "PVCL": 0.04251700680272109,
    "PVCR": 0.0420267085624509,
    "PVDL": 0.07142857142857142,
    "PVDR": 0.07142857142857142,
    "PVM": 0.045454545454545456,
    "PVNL": 0.07758620689655173,
    "PVNR": 0.038288288288288286,
    "PVPL": 0.04025044722719141,
    "PVPR": 0.07129277566539924,
    "PVQL": 0.051666666666666666,
    "PVQR": 0.06722689075630252,
    "PVR": 0.05616605616605617,
    "PVT": 0.041428571428571426,
    "PVWL": 0.03787878787878788,
    "PVWR": 0.08928571428571429,
    "RIAL": 0.055456171735241505,
    "RIAR": 0.058823529411764705,
    "RIBL": 0.04534883720930233,
    "RIBR": 0.056533827618164965,
    "RICL": 0.05414746543778802,
    "RICR": 0.039886039886039885,
    "RID": 0.05652173913043478,
    "RIFL": 0.03636363636363636,
    "RIFR": 0.05253623188405797,
    "RIGL": 0.03986486486486487,
    "RIGR": 0.0533033033033033,
    "RIH": 0.051957831325301206,
    "RIML": 0.045180722891566265,
    "RIMR": 0.05263157894736842,
    "RIPL": 0.06354515050167224,
    "RIPR": 0.04563492063492063,
    "RIR": 0.06166666666666667,
    "RIS": 0.046511627906976744,
    "RIVL": 0.06764705882352941,
    "RIVR": 0.04,
    "RMDDL": 0.05555555555555555,
    "RMDDR": 0.037037037037037035,
    "RMDL": 0.037037037037037035,
    "RMDR": 0.05952380952380952,
    "RMDVL": 0.05069124423963134,
    "RMDVR": 0.07878787878787878,
    "RMED": 0.038461538461538464,
    "RMEL": 0.03205128205128205,
    "RMER": 0.08571428571428572,
    "RMEV": 0.044753086419753084,
    "RMFL": 0.04743083003952569,
    "RMFR": 0.08181818181818182,
    "RMGL": 0.05405405405405406,
    "RMGR": 0.04743833017077799,
    "RMHL": 0.07777777777777778,
    "RMHR": 0.08333333333333333,
    "SAADL": 0.07575757575757576,
    "SAADR": 0.06432748538011696,
    "SAAVL": 0.049707602339181284,
    "SAAVR": 0.0392156862745098,
    "SABD": 0.06190476190476191,
    "SABVL": 0.09848484848484848,
    "SABVR": 0.08791208791208792,
    "SDQL": 0.06818181818181818,
    "SDQR": 0.037037037037037035,
    "SIADL": 0.0,
    "SIADR": 0.051470588235294115,
    "SIAVL": 0.1,
    "SIAVR": 0.03296703296703297,
    "SIBDL": 0.08333333333333333,
    "SIBDR": 0.1,
    "SIBVL": 0.0533596837944664,
    "SIBVR": 0.0546218487394958,
    "SMBDL": 0.07602339181286549,
    "SMBDR": 0.04487179487179487,
    "SMBVL": 0.041666666666666664,
    "SMBVR": 0.09191176470588236,
    "SMDDL": 0.07539682539682539,
    "SMDDR": 0.04,
    "SMDVL": 0.06884057971014493,
    "SMDVR": 0.04843304843304843,
    "URADL": 0.06666666666666667,
    "URADR": 0.07575757575757576,