{
  "clustering_coefficients": {
    "ADAL": 0.0443609022556391,
    "ADAR": 0.06160714285714286,
    "ADEL": 0.06722689075630252,
    "ADER": 0.046296296296296294,
    "ADFL": 0.05384615384615385,
    "ADFR": 0.04329004329004329,
    "ADLL": 0.04938271604938271,
    "ADLR": 0.06315789473684211,
    "AFDL": 0.08928571428571429,
    "AFDR": 0.08333333333333333,
    "AIAL": 0.03968253968253968,
    "AIAR": 0.043076923076923075,
    "AIBL": 0.04468802698145025,
    "AIBR": 0.044096728307254626,
    "AIML": 0.03333333333333333,
    "AIMR": 0.0761904761904762,
    "AINL": 0.075,
    "AINR": 0.03676470588235294,
    "AIYL": 0.0891304347826087,
    "AIYR": 0.06333333333333334,
    "AIZL": 0.04376657824933687,
    "AIZR": 0.05291005291005291,
    "ALA": 0.05555555555555555,
    "ALML": 0.042105263157894736,
    "ALMR": 0.05555555555555555,
    "ALNL": 0.03333333333333333,
    "ALNR": 0.12222222222222222,
    "AQR": 0.052801724137931036,
    "AS1": 0.06666666666666667,
    "AS10": 0.06666666666666667,
    "AS11": 0.03636363636363636,
    "AS2": 0.022727272727272728,
    "AS3": 0.06702898550724638,
    "AS4": 0.07142857142857142,
    "AS5": 0.03333333333333333,
    "AS6": 0.1,
    "AS7": 0.05555555555555555,
    "AS8": 0.3333333333333333,
    "AS9": 0.10714285714285714,
    "ASEL": 0.060526315789473685,
    "ASER": 0.0582010582010582,
    "ASGL": 0.09848484848484848,
    "ASGR": 0.08187134502923976,
    "ASHL": 0.04194630872483222,
    "ASHR": 0.06451612903225806,
    "ASIL": 0.12727272727272726,
    "ASIR": 0.03333333333333333,
    "ASJL": 0.125,
    "ASJR": 0.1,
    "ASKL": 0.06842105263157895,
    "ASKR": 0.04945054945054945,
    "AUAL": 0.044444444444444446,
    "AUAR": 0.08179012345679013,
    "AVAL": 0.044347164065473926,
    "AVAR": 0.03632122625791403,
    "AVBL": 0.04268032437046521,
    "AVBR": 0.039797713280562884,
    "AVDL": 0.05077369439071567,
    "AVDR": 0.03960817717206133,
    "AVEL": 0.030660377358490566,
    "AVER": 0.046153846153846156,
    "AVFL": 0.056878306878306875,
    "AVFR": 0.07205240174672489,
    "AVG": 0.06324110671936758,
    "AVHL": 0.04887218045112782,
    "AVHR": 0.050505050505050504,
    "AVJL": 0.05303030303030303,
    "AVJR": 0.06566820276497695,
    "AVKL": 0.046037735849056606,
    "AVKR": 0.052083333333333336,
    "AVL": 0.050492610837438424,
    "AVM": 0.06285714285714286,
    "AWAL": 0.06432748538011696,
    "AWAR": 0.0457516339869281,
    "AWBL": 0.09539473684210527,
    "AWBR": 0.05,
    "AWCL": 0.06593406593406594,
    "AWCR": 0.06842105263157895,
    "BAGL": 0.049019607843137254,
    "BAGR": 0.037549407114624504,
    "BDUL": 0.057692307692307696,
    "BDUR": 0.07720588235294118,
    "CANL": 0.0,
    "CANR": 0.0,
    "CEPDL": 0.041666666666666664,
    "CEPDR": 0.07471264367816093,
    "CEPVL": 0.04857142857142857,
    "CEPVR": 0.06521739130434782,
    "DA1": 0.05702917771883289,
    "DA2": 0.0697211155378486,
    "DA3": 0.08095238095238096,
    "DA4": 0.05,
    "DA5": 0.042483660130718956,
    "DA6": 0.0989010989010989,
    "DA7": 0.06666666666666667,
    "DA8": 0.10784313725490197,
    "DA9": 0.058823529411764705,
    "DB1": 0.03686635944700461,
    "DB2": 0.05238095238095238,
    "DB3": 0.0603448275862069,
    "DB4": 0.04487179487179487,
    "DB5": 0.08333333333333333,
    "DB6": 0.06666666666666667,
    "DB7": 0.06666666666666667,
    "DD1": 0.05411255411255411,
    "DD2": 0.03333333333333333,
    "DD3": 0.05303030303030303,
    "DD4": 0.05555555555555555,
    "DD5": 0.1111111111111111,
    "DD6": 0.023809523809523808,
    "DVA": 0.05638082376772451,
    "DVB": 0.08241758241758242,
    "DVC": 0.05074424898511502,
    "FLPL": 0.051666666666666666,
    "FLPR": 0.07173913043478261,
    "HSNL": 0.04710144927536232,
    "HSNR": 0.05755813953488372,
    "I1L": 0.05138339920948617,
    "I1R": 0.05272727272727273,
    "I2L": 0.12037037037037036,
    "I2R": 0.06493506493506493,
    "I3": 0.07894736842105263,
    "I4": 0.05714285714285714,
    "I5": 0.07083333333333333,
    "I6": 0.07352941176470588,
    "IL1DL": 0.06578947368421052,
    "IL1DR": 0.04093567251461988,
    "IL1L": 0.06043956043956044,
    "IL1R": 0.08292079207920793,
    "IL1VL": 0.07211538461538461,
    "IL1VR": 0.06862745098039216,
    "IL2DL": 0.03571428571428571,
    "IL2DR": 0.041666666666666664,
    "IL2L": 0.07236842105263158,
    "IL2R": 0.05526315789473684,
    "IL2VL": 0.08333333333333333,
    "IL2VR": 0.03787878787878788,
    "LUAL": 0.05714285714285714,
    "LUAR": 0.04047619047619048,
    "M1": 0.07333333333333333,
    "M2L": 0.08333333333333333,
    "M2R": 0.05411255411255411,
    "M3L": 0.031578947368421054,
    "M3R": 0.05454545454545454,
    "M4": 0.05514705882352941,
    "M5": 0.057692307692307696,
    "MCL": 0.022058823529411766,
    "MCR": 0.06315789473684211,
    "MI": 0.06521739130434782,
    "NSML": 0.049342105263157895,
    "NSMR": 0.058333333333333334,
    "OLLL": 0.055977229601518026,
    "OLLR": 0.07053571428571428,
    "OLQDL": 0.05928853754940711,
    "OLQDR": 0.05526315789473684,
    "OLQVL": 0.043076923076923075,
    "OLQVR": 0.07029177718832891,
    "PDA": 0.07142857142857142,
    "PDB": 0.16666666666666666,
    "PDEL": 0.07792207792207792,
    "PDER": 0.0457516339869281,
    "PHAL": 0.08333333333333333,
    "PHAR": 0.1,
    "PHBL": 0.05454545454545454,
    "PHBR": 0.05026455026455026,
    "PHCL": 0.02962962962962963,
    "PHCR": 0.07777777777777778,
    "PLML": 0.11904761904761904,
    "PLMR": 0.06535947712418301,
    "PLNL": 0.0,
    "PLNR": 0.0,
    "PQR": 0.10606060606060606,
    "PVCL": 0.042317708333333336,
    "PVCR": 0.03680634201585504,
    "PVDL": 0.041666666666666664,
    "PVDR": 0.023809523809523808,
    "PVM": 0.03787878787878788,
    "PVNL": 0.07530864197530865,
    "PVNR": 0.03968253968253968,
    "PVPL": 0.05747126436781609,
    "PVPR": 0.043697478991596636,
    "PVQL": 0.07631578947368421,
    "PVQR": 0.0603448275862069,
    "PVR": 0.06908831908831908,
    "PVT": 0.05846774193548387,
    "PVWL": 0.045454545454545456,
    "PVWR": 0.07142857142857142,
    "RIAL": 0.056776556776556776,
    "RIAR": 0.040106951871657755,
    "RIBL": 0.03603104212860311,
    "RIBR": 0.047522750252780584,
    "RICL": 0.05555555555555555,
    "RICR": 0.044444444444444446,
    "RID": 0.06324110671936758,
    "RIFL": 0.0761904761904762,
    "RIFR": 0.060526315789473685,
    "RIGL": 0.0633672525439408,
    "RIGR": 0.050617283950617285,
    "RIH": 0.045571245186136075,
    "RIML": 0.04054054054054054,
    "RIMR": 0.04888673765730881,
    "RIPL": 0.07309941520467836,
    "RIPR": 0.03333333333333333,
    "RIR": 0.038306451612903226,
    "RIS": 0.05563480741797432,
    "RIVL": 0.02631578947368421,
    "RIVR": 0.06375838926174497,
    "RMDDL": 0.05411255411255411,
    "RMDDR": 0.060526315789473685,
    "RMDL": 0.043333333333333335,
    "RMDR": 0.07235421166306695,
    "RMDVL": 0.05632183908045977,
    "RMDVR": 0.04310344827586207,
    "RMED": 0.043859649122807015,
    "RMEL": 0.05384615384615385,
    "RMER": 0.07051282051282051,
    "RMEV": 0.0451505016722408,
    "RMFL": 0.025735294117647058,
    "RMFR": 0.05357142857142857,
    "RMGL": 0.057432432432432436,
    "RMGR": 0.05268817204301075,
    "RMHL": 0.051470588235294115,
    "RMHR": 0.0392156862745098,
    "SAADL": 0.09340659340659341,
    "SAADR": 0.05714285714285714,
    "SAAVL": 0.058333333333333334,
    "SAAVR": 0.09090909090909091,
    "SABD": 0.05238095238095238,
    "SABVL": 0.06363636363636363,
    "SABVR": 0.05454545454545454,
    "SDQL": 0.015151515151515152,
    "SDQR": 0.06126482213438735,
    "SIADL": 0.0,
    "SIADR": 0.08928571428571429,
    "SIAVL": 0.06818181818181818,
    "SIAVR": 0.13636363636363635,
    "SIBDL": 0.07142857142857142,
    "SIBDR": 0.030303030303030304,
    "SIBVL": 0.05555555555555555,
    "SIBVR": 0.03787878787878788,
    "SMBDL": 0.040268456375838924,
    "SMBDR": 0.06666666666666667,
    "SMBVL": 0.06944444444444445,
    "SMBVR": 0.06535947712418301,
    "SMDDL": 0.05818181818181818,
    "SMDDR": 0.056363636363636366,