{
  "clustering_coefficients": {
    "ADAL": 0.04418103448275862,
    "ADAR": 0.04,
    "ADEL": 0.0633903133903134,
    "ADER": 0.04428571428571428,
    "ADFL": 0.03787878787878788,
    "ADFR": 0.049019607843137254,
    "ADLL": 0.04942528735632184,
    "ADLR": 0.05555555555555555,
    "AFDL": 0.044444444444444446,
    "AFDR": 0.04583333333333333,
    "AIAL": 0.039909638554216864,
    "AIAR": 0.04202586206896552,
    "AIBL": 0.06723716381418093,
    "AIBR": 0.043292682926829265,
    "AIML": 0.06578947368421052,
    "AIMR": 0.09444444444444444,
    "AINL": 0.03296703296703297,
    "AINR": 0.08088235294117647,
    "AIYL": 0.06535947712418301,
    "AIYR": 0.04697986577181208,
    "AIZL": 0.06615384615384616,
    "AIZR": 0.061170212765957445,
    "ALA": 0.03333333333333333,
    "ALML": 0.0847953216374269,
    "ALMR": 0.08928571428571429,
    "ALNL": 0.03571428571428571,
    "ALNR": 0.07142857142857142,
    "AQR": 0.05387205387205387,
    "AS1": 0.04945054945054945,
    "AS10": 0.017857142857142856,
    "AS11": 0.0761904761904762,
    "AS2": 0.0625,
    "AS3": 0.05615942028985507,
    "AS4": 0.05138339920948617,
    "AS5": 0.058823529411764705,
    "AS6": 0.07692307692307693,
    "AS7": 0.06593406593406594,
    "AS8": 0.125,
    "AS9": 0.06666666666666667,
    "ASEL": 0.06934306569343066,
    "ASER": 0.04473684210526316,
    "ASGL": 0.038461538461538464,
    "ASGR": 0.07575757575757576,
    "ASHL": 0.05172413793103448,
    "ASHR": 0.047058823529411764,
    "ASIL": 0.057692307692307696,
    "ASIR": 0.05555555555555555,
    "ASJL": 0.027777777777777776,
    "ASJR": 0.05,
    "ASKL": 0.0661764705882353,
    "ASKR": 0.06535947712418301,
    "AUAL": 0.07058823529411765,
    "AUAR": 0.0621301775147929,
    "AVAL": 0.03734939759036145,
    "AVAR": 0.041632429471377706,
    "AVBL": 0.04770531400966183,
    "AVBR": 0.03475670307845084,
    "AVDL": 0.05400696864111498,
    "AVDR": 0.030166880616174584,
    "AVEL": 0.02886323268206039,
    "AVER": 0.05419766206163656,
    "AVFL": 0.05138339920948617,
    "AVFR": 0.05818181818181818,
    "AVG": 0.04743083003952569,
    "AVHL": 0.04377880184331797,
    "AVHR": 0.06,
    "AVJL": 0.04907539118065434,
    "AVJR": 0.06896551724137931,
    "AVKL": 0.05442176870748299,
    "AVKR": 0.05241935483870968,
    "AVL": 0.06682027649769585,
    "AVM": 0.0903010033444816,
    "AWAL": 0.1,
    "AWAR": 0.04743083003952569,
    "AWBL": 0.026627218934911243,
    "AWBR": 0.06862745098039216,
    "AWCL": 0.10897435897435898,
    "AWCR": 0.06722689075630252,
    "BAGL": 0.05217391304347826,
    "BAGR": 0.05090909090909091,
    "BDUL": 0.04807692307692308,
    "BDUR": 0.08333333333333333,
    "CANL": 0.0,
    "CANR": 0.0,
    "CEPDL": 0.03833333333333333,
    "CEPDR": 0.05270655270655271,
    "CEPVL": 0.025735294117647058,
    "CEPVR": 0.045454545454545456,
    "DA1": 0.051470588235294115,
    "DA2": 0.05411255411255411,
    "DA3": 0.04779411764705882,
    "DA4": 0.036231884057971016,
    "DA5": 0.03365384615384615,
    "DA6": 0.03333333333333333,
    "DA7": 0.16666666666666666,
    "DA8": 0.030303030303030304,
    "DA9": 0.041666666666666664,
    "DB1": 0.05291005291005291,
    "DB2": 0.05,
    "DB3": 0.0380952380952381,
    "DB4": 0.0735930735930736,
    "DB5": 0.0641025641025641,
    "DB6": 0.06666666666666667,
    "DB7": 0.0641025641025641,
    "DD1": 0.04365079365079365,
    "DD2": 0.0392156862745098,
    "DD3": 0.06862745098039216,
    "DD4": 0.03296703296703297,
    "DD5": 0.047619047619047616,
    "DD6": 0.08928571428571429,
    "DVA": 0.040983606557377046,
    "DVB": 0.07368421052631578,
    "DVC": 0.07960644007155634,
    "FLPL": 0.04093567251461988,
    "FLPR": 0.041379310344827586,
    "HSNL": 0.0673352435530086,
    "HSNR": 0.05308392315470172,
    "I1L": 0.06349206349206349,
    "I1R": 0.0533596837944664,
    "I2L": 0.1111111111111111,
    "I2R": 0.014285714285714285,
    "I3": 0.03676470588235294,
    "I4": 0.045454545454545456,
    "I5": 0.06043956043956044,
    "I6": 0.05847953216374269,
    "IL1DL": 0.05228758169934641,
    "IL1DR": 0.04487179487179487,
    "IL1L": 0.07142857142857142,
    "IL1R": 0.047619047619047616,
    "IL1VL": 0.06209150326797386,
    "IL1VR": 0.09583333333333334,
    "IL2DL": 0.05357142857142857,
    "IL2DR": 0.05555555555555555,
    "IL2L": 0.06209150326797386,
    "IL2R": 0.05238095238095238,
    "IL2VL": 0.09615384615384616,
    "IL2VR": 0.04487179487179487,
    "LUAL": 0.08157894736842106,
    "LUAR": 0.049019607843137254,
    "M1": 0.04894179894179894,
    "M2L": 0.03684210526315789,
    "M2R": 0.0291005291005291,
    "M3L": 0.026455026455026454,
    "M3R": 0.06714285714285714,
    "M4": 0.029411764705882353,
    "M5": 0.03896103896103896,
    "MCL": 0.042105263157894736,
    "MCR": 0.07602339181286549,
    "MI": 0.08571428571428572,
    "NSML": 0.050724637681159424,
    "NSMR": 0.047619047619047616,
    "OLLL": 0.05852842809364549,
    "OLLR": 0.06340579710144928,
    "OLQDL": 0.03296703296703297,
    "OLQDR": 0.06166666666666667,
    "OLQVL": 0.05846774193548387,
    "OLQVR": 0.07177033492822966,
    "PDA": 0.0,
    "PDB": 0.0,
    "PDEL": 0.05,
    "PDER": 0.07352941176470588,
    "PHAL": 0.13076923076923078,
    "PHAR": 0.07272727272727272,
    "PHBL": 0.05303030303030303,
    "PHBR": 0.06461538461538462,
    "PHCL": 0.07051282051282051,
    "PHCR": 0.057692307692307696,
    "PLML": 0.06666666666666667,
    "PLMR": 0.04779411764705882,
    "PLNL": 0.16666666666666666,
    "PLNR": 0.0,
    "PQR": 0.07272727272727272,
    "PVCL": 0.04859335038363171,
    "PVCR": 0.038748137108792845,
    "PVDL": 0.06818181818181818,
    "PVDR": 0.11904761904761904,
    "PVM": 0.044444444444444446,
    "PVNL": 0.06769230769230769,
    "PVNR": 0.055977229601518026,
    "PVPL": 0.046104928457869634,
    "PVPR": 0.03361344537815126,
    "PVQL": 0.10989010989010989,
    "PVQR": 0.05747126436781609,
    "PVR": 0.05398457583547558,
    "PVT": 0.046798029556650245,
    "PVWL": 0.07692307692307693,
    "PVWR": 0.125,
    "RIAL": 0.046296296296296294,
    "RIAR": 0.04202279202279202,
    "RIBL": 0.04307334109429569,
    "RIBR": 0.051601423487544484,
    "RICL": 0.056878306878306875,
    "RICR": 0.06937799043062201,
    "RID": 0.06285714285714286,
    "RIFL": 0.04395604395604396,
    "RIFR": 0.05714285714285714,
    "RIGL": 0.042416452442159386,
    "RIGR": 0.03117782909930716,
    "RIH": 0.05112781954887218,
    "RIML": 0.03125,
    "RIMR": 0.046794871794871795,
    "RIPL": 0.04710144927536232,
    "RIPR": 0.0782608695652174,
    "RIR": 0.08152173913043478,
    "RIS": 0.04174573055028463,
    "RIVL": 0.04938271604938271,
    "RIVR": 0.047692307692307694,
    "RMDDL": 0.06140350877192982,
    "RMDDR": 0.04194630872483222,
    "RMDL": 0.05731225296442688,
    "RMDR": 0.046419098143236075,
    "RMDVL": 0.045454545454545456,
    "RMDVR": 0.05603448275862069,
    "RMED": 0.08157894736842106,
    "RMEL": 0.08333333333333333,
    "RMER": 0.05847953216374269,
    "RMEV": 0.06803455723542116,
    "RMFL": 0.06327160493827161,
    "RMFR": 0.07777777777777778,
    "RMGL": 0.05195681511470985,
    "RMGR": 0.062169312169312166,
    "RMHL": 0.045454545454545456,
    "RMHR": 0.06666666666666667,
    "SAADL": 0.05,
    "SAADR": 0.07051282051282051,
    "SAAVL": 0.08241758241758242,
    "SAAVR": 0.09558823529411764,
    "SABD": 0.08823529411764706,
    "SABVL": 0.05555555555555555,
    "SABVR": 0.038461538461538464,
    "SDQL": 0.08791208791208792,
    "SDQR": 0.05333333333333334,
    "SIADL": 0.0,
    "SIADR": 0.07142857142857142,
    "SIAVL": 0.07777777777777778,
    "SIAVR": 0.03571428571428571,
    "SIBDL": 0.0,
    "SIBDR": 0.015151515151515152,
    "SIBVL": 0.07916666666666666,
    "SIBVR": 0.07142857142857142,
    "SMBDL": 0.02046783625730994,
    "SMBDR": 0.036923076923076927,
    "SMBVL": 0.04945054945054945,
    "SMBVR": 0.05731225296442688,
    "SMDDL": 0.04985754985754986,
    "SMDDR": 0.05714285714285714,
    "SMDVL": 0.04047619047619048,
    "SMDVR": 0.06190476190476191,
    "URADL": 0.047619047619047616,