{
  "clustering_coefficients": {
    "ADAL": 0.05069124423963134,
    "ADAR": 0.047126436781609195,
    "ADEL": 0.052547770700636945,
    "ADER": 0.047839506172839504,
    "ADFL": 0.044444444444444446,
    "ADFR": 0.04743083003952569,
    "ADLL": 0.059267241379310345,
    "ADLR": 0.04891304347826087,
    "AFDL": 0.10897435897435898,
    "AFDR": 0.047619047619047616,
    "AIAL": 0.06072874493927125,
    "AIAR": 0.03418803418803419,
    "AIBL": 0.046008119079837616,
    "AIBR": 0.0338680926916221,
    "AIML": 0.042440318302387266,
    "AIMR": 0.10256410256410256,
    "AINL": 0.058823529411764705,
    "AINR": 0.060526315789473685,
    "AIYL": 0.039473684210526314,
    "AIYR": 0.030303030303030304,
    "AIZL": 0.07388663967611336,
    "AIZR": 0.048295454545454544,
    "ALA": 0.07142857142857142,
    "ALML": 0.06190476190476191,
    "ALMR": 0.023809523809523808,
    "ALNL": 0.0,
    "ALNR": 0.0,
    "AQR": 0.0707070707070707,
    "AS1": 0.0625,
    "AS10": 0.0,
    "AS11": 0.06666666666666667,
    "AS2": 0.04285714285714286,
    "AS3": 0.05526315789473684,
    "AS4": 0.022222222222222223,
    "AS5": 0.0661764705882353,
    "AS6": 0.09090909090909091,
    "AS7": 0.041666666666666664,
    "AS8": 0.1,
    "AS9": 0.03333333333333333,
    "ASEL": 0.07941176470588235,
    "ASER": 0.05692307692307692,
    "ASGL": 0.11818181818181818,
    "ASGR": 0.054945054945054944,
    "ASHL": 0.04743083003952569,
    "ASHR": 0.045454545454545456,
    "ASIL": 0.07142857142857142,
    "ASIR": 0.06944444444444445,
    "ASJL": 0.047619047619047616,
    "ASJR": 0.0,
    "ASKL": 0.07714285714285714,
    "ASKR": 0.0625,
    "AUAL": 0.03594771241830065,
    "AUAR": 0.051470588235294115,
    "AVAL": 0.04954321855235418,
    "AVAR": 0.045205479452054796,
    "AVBL": 0.03694764203490531,
    "AVBR": 0.04526364909006066,
    "AVDL": 0.056174089068825914,
    "AVDR": 0.03453689167974882,
    "AVEL": 0.03627311522048364,
    "AVER": 0.04825174825174825,
    "AVFL": 0.05291005291005291,
    "AVFR": 0.08225108225108226,
    "AVG": 0.059714795008912656,
    "AVHL": 0.04907161803713528,
    "AVHR": 0.041176470588235294,
    "AVJL": 0.05172413793103448,
    "AVJR": 0.04187192118226601,
    "AVKL": 0.04392191659272405,
    "AVKR": 0.03815580286168521,
    "AVL": 0.05546218487394958,
    "AVM": 0.05,
    "AWAL": 0.03333333333333333,
    "AWAR": 0.06324110671936758,
    "AWBL": 0.05303030303030303,
    "AWBR": 0.05952380952380952,
    "AWCL": 0.082010582010582,
    "AWCR": 0.05714285714285714,
    "BAGL": 0.05952380952380952,
    "BAGR": 0.051470588235294115,
    "BDUL": 0.05263157894736842,
    "BDUR": 0.030952380952380953,
    "CANL": 0.0,
    "CANR": 0.0,
    "CEPDL": 0.045454545454545456,
    "CEPDR": 0.0812807881773399,
    "CEPVL": 0.03289473684210526,
    "CEPVR": 0.07857142857142857,
    "DA1": 0.06140350877192982,
    "DA2": 0.07076923076923076,
    "DA3": 0.0661764705882353,
    "DA4": 0.08653846153846154,
    "DA5": 0.06432748538011696,
    "DA6": 0.1,
    "DA7": 0.0,
    "DA8": 0.049707602339181284,
    "DA9": 0.07720588235294118,
    "DB1": 0.07741935483870968,
    "DB2": 0.029411764705882353,
    "DB3": 0.03896103896103896,
    "DB4": 0.06545454545454546,
    "DB5": 0.03571428571428571,
    "DB6": 0.027777777777777776,
    "DB7": 0.05357142857142857,
    "DD1": 0.03985507246376811,
    "DD2": 0.06324110671936758,
    "DD3": 0.04779411764705882,
    "DD4": 0.11397058823529412,
    "DD5": 0.05303030303030303,
    "DD6": 0.07720588235294118,
    "DVA": 0.033566433566433566,
    "DVB": 0.059322033898305086,
    "DVC": 0.051233396584440226,
    "FLPL": 0.0610079575596817,
    "FLPR": 0.0587557603686636,
    "HSNL": 0.053217821782178217,
    "HSNR": 0.0481203007518797,
    "I1L": 0.06923076923076923,
    "I1R": 0.050724637681159424,
    "I2L": 0.041666666666666664,
    "I2R": 0.05555555555555555,
    "I3": 0.06126482213438735,
    "I4": 0.04285714285714286,
    "I5": 0.09134615384615384,
    "I6": 0.09090909090909091,
    "IL1DL": 0.03308823529411765,
    "IL1DR": 0.05847953216374269,
    "IL1L": 0.07575757575757576,
    "IL1R": 0.04950495049504951,
    "IL1VL": 0.0375,
    "IL1VR": 0.0457516339869281,
    "IL2DL": 0.07142857142857142,
    "IL2DR": 0.08333333333333333,
    "IL2L": 0.08088235294117647,
    "IL2R": 0.06937799043062201,
    "IL2VL": 0.03787878787878788,
    "IL2VR": 0.025974025974025976,
    "LUAL": 0.06172839506172839,
    "LUAR": 0.06084656084656084,
    "M1": 0.042105263157894736,
    "M2L": 0.05952380952380952,
    "M2R": 0.05090909090909091,
    "M3L": 0.08898305084745763,
    "M3R": 0.039473684210526314,
    "M4": 0.09411764705882353,
    "M5": 0.058333333333333334,
    "MCL": 0.06578947368421052,
    "MCR": 0.03296703296703297,
    "MI": 0.059907834101382486,
    "NSML": 0.06944444444444445,
    "NSMR": 0.10833333333333334,
    "OLLL": 0.07301980198019802,
    "OLLR": 0.043209876543209874,
    "OLQDL": 0.04047619047619048,
    "OLQDR": 0.04666666666666667,
    "OLQVL": 0.08888888888888889,
    "OLQVR": 0.052941176470588235,
    "PDA": 0.03333333333333333,
    "PDB": 0.16666666666666666,
    "PDEL": 0.022058823529411766,
    "PDER": 0.041176470588235294,
    "PHAL": 0.03333333333333333,
    "PHAR": 0.0880952380952381,
    "PHBL": 0.12222222222222222,
    "PHBR": 0.054945054945054944,
    "PHCL": 0.0641025641025641,
    "PHCR": 0.05555555555555555,
    "PLML": 0.0,
    "PLMR": 0.07142857142857142,
    "PLNL": 0.3333333333333333,
    "PLNR": 0.0,
    "PQR": 0.045454545454545456,
    "PVCL": 0.04695062923523717,
    "PVCR": 0.04244249726177437,
    "PVDL": 0.047619047619047616,
    "PVDR": 0.09523809523809523,
    "PVM": 0.08333333333333333,
    "PVNL": 0.05564924114671164,
    "PVNR": 0.06506238859180036,
    "PVPL": 0.04992867332382311,
    "PVPR": 0.0582010582010582,
    "PVQL": 0.06578947368421052,
    "PVQR": 0.05267857142857143,
    "PVR": 0.04354354354354354,
    "PVT": 0.04434589800443459,
    "PVWL": 0.01818181818181818,
    "PVWR": 0.06666666666666667,
    "RIAL": 0.037037037037037035,
    "RIAR": 0.03598484848484849,
    "RIBL": 0.06127659574468085,
    "RIBR": 0.054400977995110025,
    "RICL": 0.04861111111111111,
    "RICR": 0.0380952380952381,
    "RID": 0.061872909698996656,
    "RIFL": 0.047619047619047616,
    "RIFR": 0.054376657824933686,
    "RIGL": 0.05573248407643312,
    "RIGR": 0.053643724696356275,
    "RIH": 0.04757085020242915,
    "RIML": 0.045180722891566265,
    "RIMR": 0.050079491255961846,
    "RIPL": 0.05228758169934641,
    "RIPR": 0.04153846153846154,
    "RIR": 0.03833333333333333,
    "RIS": 0.051669316375198726,
    "RIVL": 0.058823529411764705,
    "RIVR": 0.07509881422924901,
    "RMDDL": 0.07142857142857142,
    "RMDDR": 0.03529411764705882,
    "RMDL": 0.05076923076923077,
    "RMDR": 0.05844155844155844,
    "RMDVL": 0.05434782608695652,
    "RMDVR": 0.04433497536945813,
    "RMED": 0.03205128205128205,
    "RMEL": 0.05627705627705628,
    "RMER": 0.0641025641025641,
    "RMEV": 0.05952380952380952,
    "RMFL": 0.058823529411764705,
    "RMFR": 0.022727272727272728,
    "RMGL": 0.04048843187660668,
    "RMGR": 0.03984819734345351,
    "RMHL": 0.05555555555555555,
    "RMHR": 0.045454545454545456,
    "SAADL": 0.03594771241830065,
    "SAADR": 0.08333333333333333,
    "SAAVL": 0.06349206349206349,
    "SAAVR": 0.05555555555555555,
    "SABD": 0.05,
    "SABVL": 0.06593406593406594,
    "SABVR": 0.05714285714285714,
    "SDQL": 0.06578947368421052,
    "SDQR": 0.03333333333333333,
    "SIADL": 0.25,
    "SIADR": 0.06666666666666667,
    "SIAVL": 0.027777777777777776,
    "SIAVR": 0.1,
    "SIBDL": 0.0,
    "SIBDR": 0.11363636363636363,
    "SIBVL": 0.02857142857142857,
    "SIBVR": 0.07516339869281045,
    "SMBDL": 0.041970802919708027,
    "SMBDR": 0.06285714285714286,
    "SMBVL": 0.044444444444444446,
    "SMBVR": 0.0761904761904762,
    "SMDDL": 0.05138339920948617,
    "SMDDR": 0.04833333333333333,
    "SMDVL": 0.03896103896103896,
    "SMDVR": 0.041666666666666664,
    "URADL": 0.047619047619047616,