{
  "clustering_coefficients": {
    "ADAL": 0.04220779220779221,
    "ADAR": 0.058922558922558925,
    "ADEL": 0.045930232558139536,
    "ADER": 0.031313131313131314,
    "ADFL": 0.038461538461538464,
    "ADFR": 0.05434782608695652,
    "ADLL": 0.05533596837944664,
    "ADLR": 0.05847953216374269,
    "AFDL": 0.014285714285714285,
    "AFDR": 0.022058823529411766,
    "AIAL": 0.05334394904458599,
    "AIAR": 0.0584045584045584,
    "AIBL": 0.04285714285714286,
    "AIBR": 0.05263157894736842,
    "AIML": 0.050865800865800864,
    "AIMR": 0.06043956043956044,
    "AINL": 0.05194805194805195,
    "AINR": 0.020833333333333332,
    "AIYL": 0.06043956043956044,
    "AIYR": 0.06470588235294118,
    "AIZL": 0.0334051724137931,
    "AIZR": 0.04957983193277311,
    "ALA": 0.05925925925925926,
    "ALML": 0.0661764705882353,
    "ALMR": 0.05357142857142857,
    "ALNL": 0.047619047619047616,
    "ALNR": 0.041666666666666664,
    "AQR": 0.04985754985754986,
    "AS1": 0.051470588235294115,
    "AS10": 0.06666666666666667,
    "AS11": 0.13333333333333333,
    "AS2": 0.06985294117647059,
    "AS3": 0.08333333333333333,
    "AS4": 0.05128205128205128,
    "AS5": 0.07142857142857142,
    "AS6": 0.10106382978723404,
    "AS7": 0.07051282051282051,
    "AS8": 0.13333333333333333,
    "AS9": 0.05,
    "ASEL": 0.0625,
    "ASER": 0.051470588235294115,
    "ASGL": 0.03571428571428571,
    "ASGR": 0.1111111111111111,
    "ASHL": 0.042328042328042326,
    "ASHR": 0.033846153846153845,
    "ASIL": 0.06349206349206349,
    "ASIR": 0.07692307692307693,
    "ASJL": 0.01818181818181818,
    "ASJR": 0.07142857142857142,
    "ASKL": 0.043859649122807015,
    "ASKR": 0.10194174757281553,
    "AUAL": 0.09134615384615384,
    "AUAR": 0.07777777777777778,
    "AVAL": 0.0373707040373707,
    "AVAR": 0.040771268766558726,
    "AVBL": 0.04290894439967768,
    "AVBR": 0.039174166225516144,
    "AVDL": 0.05037593984962406,
    "AVDR": 0.0425531914893617,
    "AVEL": 0.0551436515291937,
    "AVER": 0.04661654135338346,
    "AVFL": 0.04503464203233257,
    "AVFR": 0.08300395256916997,
    "AVG": 0.0582010582010582,
    "AVHL": 0.06896551724137931,
    "AVHR": 0.027777777777777776,
    "AVJL": 0.030848329048843187,
    "AVJR": 0.05075593952483801,
    "AVKL": 0.045938104448742745,
    "AVKR": 0.0546218487394958,
    "AVL": 0.05844155844155844,
    "AVM": 0.05434782608695652,
    "AWAL": 0.054945054945054944,
    "AWAR": 0.05411255411255411,
    "AWBL": 0.05416666666666667,
    "AWBR": 0.06327160493827161,
    "AWCL": 0.10084033613445378,
    "AWCR": 0.0457516339869281,
    "BAGL": 0.058823529411764705,
    "BAGR": 0.060526315789473685,
    "BDUL": 0.082010582010582,
    "BDUR": 0.04411764705882353,
    "CANL": 0.0,
    "CANR": 0.0,
    "CEPDL": 0.06428571428571428,
    "CEPDR": 0.05465587044534413,
    "CEPVL": 0.075,
    "CEPVR": 0.037549407114624504,
    "DA1": 0.05238095238095238,
    "DA2": 0.055714285714285716,
    "DA3": 0.014705882352941176,
    "DA4": 0.04489164086687306,
    "DA5": 0.0645933014354067,
    "DA6": 0.09166666666666666,
    "DA7": 0.0,
    "DA8": 0.06209150326797386,
    "DA9": 0.039473684210526314,
    "DB1": 0.042735042735042736,
    "DB2": 0.07236842105263158,
    "DB3": 0.06937799043062201,
    "DB4": 0.043478260869565216,
    "DB5": 0.05555555555555555,
    "DB6": 0.047619047619047616,
    "DB7": 0.06666666666666667,
    "DD1": 0.038461538461538464,
    "DD2": 0.060526315789473685,
    "DD3": 0.05555555555555555,
    "DD4": 0.06818181818181818,
    "DD5": 0.047619047619047616,
    "DD6": 0.07142857142857142,
    "DVA": 0.04096638655462185,
    "DVB": 0.0380952380952381,
    "DVC": 0.06060606060606061,
    "FLPL": 0.04563492063492063,
    "FLPR": 0.06666666666666667,
    "HSNL": 0.06909090909090909,
    "HSNR": 0.04600301659125189,
    "I1L": 0.05138339920948617,
    "I1R": 0.03463203463203463,
    "I2L": 0.044444444444444446,
    "I2R": 0.041666666666666664,
    "I3": 0.06862745098039216,
    "I4": 0.03205128205128205,
    "I5": 0.11538461538461539,
    "I6": 0.045454545454545456,
    "IL1DL": 0.06666666666666667,
    "IL1DR": 0.029605263157894735,
    "IL1L": 0.058333333333333334,
    "IL1R": 0.06521739130434782,
    "IL1VL": 0.06060606060606061,
    "IL1VR": 0.0584045584045584,
    "IL2DL": 0.017857142857142856,
    "IL2DR": 0.06944444444444445,
    "IL2L": 0.049707602339181284,
    "IL2R": 0.042105263157894736,
    "IL2VL": 0.07692307692307693,
    "IL2VR": 0.038011695906432746,
    "LUAL": 0.025974025974025976,
    "LUAR": 0.0718954248366013,
    "M1": 0.05518394648829431,
    "M2L": 0.05228758169934641,
    "M2R": 0.05627705627705628,
    "M3L": 0.03968253968253968,
    "M3R": 0.042483660130718956,
    "M4": 0.037037037037037035,
    "M5": 0.06493506493506493,
    "MCL": 0.06985294117647059,
    "MCR": 0.057692307692307696,
    "MI": 0.055,
    "NSML": 0.08333333333333333,
    "NSMR": 0.052884615384615384,
    "OLLL": 0.06551724137931035,
    "OLLR": 0.05587121212121212,
    "OLQDL": 0.0457516339869281,
    "OLQDR": 0.047619047619047616,
    "OLQVL": 0.06307692307692307,
    "OLQVR": 0.07894736842105263,
    "PDA": 0.06666666666666667,
    "PDB": 0.0,
    "PDEL": 0.0661764705882353,
    "PDER": 0.09134615384615384,
    "PHAL": 0.07575757575757576,
    "PHAR": 0.1,
    "PHBL": 0.05844155844155844,
    "PHBR": 0.06593406593406594,
    "PHCL": 0.05555555555555555,
    "PHCR": 0.03636363636363636,
    "PLML": 0.2,
    "PLMR": 0.0625,
    "PLNL": 0.0,
    "PLNR": 0.0,
    "PQR": 0.09740259740259741,
    "PVCL": 0.03895612708018154,
    "PVCR": 0.038606403013182675,
    "PVDL": 0.05357142857142857,
    "PVDR": 0.09523809523809523,
    "PVM": 0.05454545454545454,
    "PVNL": 0.07495256166982922,
    "PVNR": 0.06350806451612903,
    "PVPL": 0.04712460063897764,
    "PVPR": 0.054838709677419356,
    "PVQL": 0.042483660130718956,
    "PVQR": 0.057245080500894455,
    "PVR": 0.07029339853300734,
    "PVT": 0.04884004884004884,
    "PVWL": 0.045454545454545456,
    "PVWR": 0.05555555555555555,
    "RIAL": 0.05572289156626506,
    "RIAR": 0.05064027939464494,
    "RIBL": 0.041700735895339326,
    "RIBR": 0.04202279202279202,
    "RICL": 0.06350806451612903,
    "RICR": 0.05069124423963134,
    "RID": 0.05076923076923077,
    "RIFL": 0.04473684210526316,
    "RIFR": 0.04865771812080537,
    "RIGL": 0.04206963249516441,
    "RIGR": 0.052552552552552555,
    "RIH": 0.045550847457627115,
    "RIML": 0.05378973105134474,
    "RIMR": 0.05466666666666667,
    "RIPL": 0.043478260869565216,
    "RIPR": 0.06126482213438735,
    "RIR": 0.045454545454545456,
    "RIS": 0.04691516709511568,
    "RIVL": 0.025210084033613446,
    "RIVR": 0.06190476190476191,
    "RMDDL": 0.050492610837438424,
    "RMDDR": 0.0698005698005698,
    "RMDL": 0.038461538461538464,
    "RMDR": 0.047619047619047616,
    "RMDVL": 0.047839506172839504,
    "RMDVR": 0.04597701149425287,
    "RMED": 0.06086956521739131,
    "RMEL": 0.07142857142857142,
    "RMER": 0.042105263157894736,
    "RMEV": 0.06868686868686869,
    "RMFL": 0.06340579710144928,
    "RMFR": 0.017857142857142856,
    "RMGL": 0.04948586118251928,
    "RMGR": 0.054838709677419356,
    "RMHL": 0.007692307692307693,
    "RMHR": 0.11818181818181818,
    "SAADL": 0.03594771241830065,
    "SAADR": 0.05731225296442688,
    "SAAVL": 0.05495689655172414,
    "SAAVR": 0.05476190476190476,
    "SABD": 0.04395604395604396,
    "SABVL": 0.03787878787878788,
    "SABVR": 0.09473684210526316,
    "SDQL": 0.10555555555555556,
    "SDQR": 0.05928853754940711,
    "SIADL": 0.06818181818181818,
    "SIADR": 0.05,
    "SIAVL": 0.07142857142857142,
    "SIAVR": 0.07142857142857142,
    "SIBDL": 0.07272727272727272,
    "SIBDR": 0.05555555555555555,
    "SIBVL": 0.05,
    "SIBVR": 0.05714285714285714,
    "SMBDL": 0.05555555555555555,
    "SMBDR": 0.058823529411764705,
    "SMBVL": 0.07692307692307693,
    "SMBVR": 0.0625,
    "SMDDL": 0.05514705882352941,
    "SMDDR": 0.046489563567362426,
    "SMDVL": 0.046419098143236075,
    "SMDVR": 0.07608695652173914,