{
  "clustering_coefficients": {
    "ADAL": 0.03978494623655914,
    "ADAR": 0.07451403887688984,
    "ADEL": 0.05776515151515151,
    "ADER": 0.05698005698005698,
    "ADFL": 0.05303030303030303,
    "ADFR": 0.05179282868525897,
    "ADLL": 0.06451612903225806,
    "ADLR": 0.06209150326797386,
    "AFDL": 0.03333333333333333,
    "AFDR": 0.030303030303030304,
    "AIAL": 0.03942652329749104,
    "AIAR": 0.06428571428571428,
    "AIBL": 0.056372549019607844,
    "AIBR": 0.05112781954887218,
    "AIML": 0.042483660130718956,
    "AIMR": 0.04945054945054945,
    "AINL": 0.10989010989010989,
    "AINR": 0.0875,
    "AIYL": 0.043478260869565216,
    "AIYR": 0.06190476190476191,
    "AIZL": 0.05668016194331984,
    "AIZR": 0.0636604774535809,
    "ALA": 0.11904761904761904,
    "ALML": 0.05857142857142857,
    "ALMR": 0.05357142857142857,
    "ALNL": 0.25,
    "ALNR": 0.08088235294117647,
    "AQR": 0.055,
    "AS1": 0.04779411764705882,
    "AS10": 0.06666666666666667,
    "AS11": 0.038011695906432746,
    "AS2": 0.06043956043956044,
    "AS3": 0.07051282051282051,
    "AS4": 0.13333333333333333,
    "AS5": 0.042483660130718956,
    "AS6": 0.03296703296703297,
    "AS7": 0.06944444444444445,
    "AS8": 0.0,
    "AS9": 0.06666666666666667,
    "ASEL": 0.06884057971014493,
    "ASER": 0.04736842105263158,
    "ASGL": 0.06818181818181818,
    "ASGR": 0.08181818181818182,
    "ASHL": 0.05401234567901234,
    "ASHR": 0.057736720554272515,
    "ASIL": 0.09848484848484848,
    "ASIR": 0.06944444444444445,
    "ASJL": 0.018518518518518517,
    "ASJR": 0.06818181818181818,
    "ASKL": 0.07352941176470588,
    "ASKR": 0.05714285714285714,
    "AUAL": 0.09523809523809523,
    "AUAR": 0.07352941176470588,
    "AVAL": 0.0366062264796442,
    "AVAR": 0.03819824753559693,
    "AVBL": 0.04985549132947977,
    "AVBR": 0.04303510758776897,
    "AVDL": 0.05767195767195767,
    "AVDR": 0.05899490167516387,
    "AVEL": 0.044405594405594405,
    "AVER": 0.052983081032947466,
    "AVFL": 0.07397504456327986,
    "AVFR": 0.043424317617866005,
    "AVG": 0.058333333333333334,
    "AVHL": 0.04277566539923954,
    "AVHR": 0.042440318302387266,
    "AVJL": 0.048412698412698414,
    "AVJR": 0.044444444444444446,
    "AVKL": 0.06680161943319839,
    "AVKR": 0.08080808080808081,
    "AVL": 0.07428571428571429,
    "AVM": 0.07105263157894737,
    "AWAL": 0.05454545454545454,
    "AWAR": 0.0496031746031746,
    "AWBL": 0.03439153439153439,
    "AWBR": 0.07333333333333333,
    "AWCL": 0.06535947712418301,
    "AWCR": 0.0392156862745098,
    "BAGL": 0.047619047619047616,
    "BAGR": 0.06190476190476191,
    "BDUL": 0.04487179487179487,
    "BDUR": 0.0782608695652174,
    "CANL": 0.0,
    "CANR": 0.0,
    "CEPDL": 0.044444444444444446,
    "CEPDR": 0.06554621848739496,
    "CEPVL": 0.09411764705882353,
    "CEPVR": 0.06547619047619048,
    "DA1": 0.042105263157894736,
    "DA2": 0.06307692307692307,
    "DA3": 0.0625,
    "DA4": 0.05263157894736842,
    "DA5": 0.05021834061135371,
    "DA6": 0.0546218487394958,
    "DA7": 0.0,
    "DA8": 0.08791208791208792,
    "DA9": 0.05454545454545454,
    "DB1": 0.08714285714285715,
    "DB2": 0.049707602339181284,
    "DB3": 0.05731225296442688,
    "DB4": 0.042483660130718956,
    "DB5": 0.08333333333333333,
    "DB6": 0.038461538461538464,
    "DB7": 0.09259259259259259,
    "DD1": 0.05925925925925926,
    "DD2": 0.06666666666666667,
    "DD3": 0.10256410256410256,
    "DD4": 0.06593406593406594,
    "DD5": 0.06666666666666667,
    "DD6": 0.1111111111111111,
    "DVA": 0.05006501950585176,
    "DVB": 0.08333333333333333,
    "DVC": 0.05028462998102467,
    "FLPL": 0.05238095238095238,
    "FLPR": 0.07707509881422925,
    "HSNL": 0.06166666666666667,
    "HSNR": 0.047619047619047616,
    "I1L": 0.05730659025787966,
    "I1R": 0.06797853309481217,
    "I2L": 0.10526315789473684,
    "I2R": 0.11688311688311688,
    "I3": 0.025974025974025976,
    "I4": 0.06944444444444445,
    "I5": 0.04093567251461988,
    "I6": 0.0625,
    "IL1DL": 0.04112554112554113,
    "IL1DR": 0.06060606060606061,
    "IL1L": 0.06593406593406594,
    "IL1R": 0.08881578947368421,
    "IL1VL": 0.06818181818181818,
    "IL1VR": 0.06493506493506493,
    "IL2DL": 0.05357142857142857,
    "IL2DR": 0.05555555555555555,
    "IL2L": 0.06190476190476191,
    "IL2R": 0.07569721115537849,
    "IL2VL": 0.10909090909090909,
    "IL2VR": 0.05303030303030303,
    "LUAL": 0.07936507936507936,
    "LUAR": 0.061507936507936505,
    "M1": 0.06,
    "M2L": 0.05416666666666667,
    "M2R": 0.04678362573099415,
    "M3L": 0.049019607843137254,
    "M3R": 0.04940711462450593,
    "M4": 0.06884057971014493,
    "M5": 0.07692307692307693,
    "MCL": 0.08496732026143791,
    "MCR": 0.08333333333333333,
    "MI": 0.06521739130434782,
    "NSML": 0.16071428571428573,
    "NSMR": 0.09848484848484848,
    "OLLL": 0.06926406926406926,
    "OLLR": 0.06857142857142857,
    "OLQDL": 0.05272727272727273,
    "OLQDR": 0.05802469135802469,
    "OLQVL": 0.05184331797235023,
    "OLQVR": 0.061507936507936505,
    "PDA": 0.013888888888888888,
    "PDB": 0.0,
    "PDEL": 0.09558823529411764,
    "PDER": 0.052884615384615384,
    "PHAL": 0.07272727272727272,
    "PHAR": 0.08181818181818182,
    "PHBL": 0.027777777777777776,
    "PHBR": 0.09064327485380116,
    "PHCL": 0.06818181818181818,
    "PHCR": 0.06666666666666667,
    "PLML": 0.047619047619047616,
    "PLMR": 0.05980861244019139,
    "PLNL": 0.5,
    "PLNR": 0.0,
    "PQR": 0.04473684210526316,
    "PVCL": 0.04573712255772647,
    "PVCR": 0.05527244217953744,
    "PVDL": 0.07142857142857142,
    "PVDR": 0.047619047619047616,
    "PVM": 0.03618421052631579,
    "PVNL": 0.060215053763440864,
    "PVNR": 0.06773399014778325,
    "PVPL": 0.05069124423963134,
    "PVPR": 0.038825757575757576,
    "PVQL": 0.07190635451505016,
    "PVQR": 0.05397727272727273,
    "PVR": 0.05064027939464494,
    "PVT": 0.06925675675675676,
    "PVWL": 0.09444444444444444,
    "PVWR": 0.023809523809523808,
    "RIAL": 0.046747967479674794,
    "RIAR": 0.05303030303030303,
    "RIBL": 0.0532051282051282,
    "RIBR": 0.04680259499536608,
    "RICL": 0.04833333333333333,
    "RICR": 0.06126482213438735,
    "RID": 0.05533596837944664,
    "RIFL": 0.058333333333333334,
    "RIFR": 0.08373205741626795,
    "RIGL": 0.05516014234875445,
    "RIGR": 0.046747967479674794,
    "RIH": 0.03337612323491656,
    "RIML": 0.0634469696969697,
    "RIMR": 0.05878928987194412,
    "RIPL": 0.06545454545454546,
    "RIPR": 0.0392156862745098,
    "RIR": 0.06333333333333334,
    "RIS": 0.044929396662387676,
    "RIVL": 0.047619047619047616,
    "RIVR": 0.03571428571428571,
    "RMDDL": 0.056925996204933584,
    "RMDDR": 0.02857142857142857,
    "RMDL": 0.059782608695652176,
    "RMDR": 0.04710144927536232,
    "RMDVL": 0.03561253561253561,
    "RMDVR": 0.05693069306930693,
    "RMED": 0.09848484848484848,
    "RMEL": 0.037037037037037035,
    "RMER": 0.08169934640522876,
    "RMEV": 0.06354515050167224,
    "RMFL": 0.08851674641148326,
    "RMFR": 0.02564102564102564,
    "RMGL": 0.062162162162162166,
    "RMGR": 0.05423280423280423,
    "RMHL": 0.03296703296703297,
    "RMHR": 0.09230769230769231,
    "SAADL": 0.04473684210526316,
    "SAADR": 0.020833333333333332,
    "SAAVL": 0.045454545454545456,
    "SAAVR": 0.03333333333333333,
    "SABD": 0.05928853754940711,
    "SABVL": 0.038461538461538464,
    "SABVR": 0.07142857142857142,
    "SDQL": 0.03636363636363636,
    "SDQR": 0.09565217391304348,
    "SIADL": 0.0,
    "SIADR": 0.16666666666666666,
    "SIAVL": 0.05,
    "SIAVR": 0.05357142857142857,
    "SIBDL": 0.25,
    "SIBDR": 0.057692307692307696,
    "SIBVL": 0.04411764705882353,
    "SIBVR": 0.05555555555555555,
    "SMBDL": 0.058333333333333334,
    "SMBDR": 0.06493506493506493,
    "SMBVL": 0.07916666666666666,
    "SMBVR": 0.07083333333333333,
    "SMDDL": 0.05731225296442688,
    "SMDDR": 0.05526315789473684,
    "SMDVL": 0.04334677419354839,
    "SMDVR": 0.07738095238095238,