{
  "clustering_coefficients": {
    "ADAL": 0.06172839506172839,
    "ADAR": 0.044444444444444446,
    "ADEL": 0.06902356902356903,
    "ADER": 0.05757575757575758,
    "ADFL": 0.06944444444444445,
    "ADFR": 0.033444816053511704,
    "ADLL": 0.07105263157894737,
    "ADLR": 0.07309941520467836,
    "AFDL": 0.022222222222222223,
    "AFDR": 0.03333333333333333,
    "AIAL": 0.06060606060606061,
    "AIAR": 0.04743833017077799,
    "AIBL": 0.030360531309297913,
    "AIBR": 0.029036004645760744,
    "AIML": 0.05411255411255411,
    "AIMR": 0.09047619047619047,
    "AINL": 0.06818181818181818,
    "AINR": 0.05291005291005291,
    "AIYL": 0.07416267942583732,
    "AIYR": 0.06578947368421052,
    "AIZL": 0.06382978723404255,
    "AIZR": 0.057736720554272515,
    "ALA": 0.11904761904761904,
    "ALML": 0.0392156862745098,
    "ALMR": 0.017857142857142856,
    "ALNL": 0.2,
    "ALNR": 0.07142857142857142,
    "AQR": 0.04838709677419355,
    "AS1": 0.06666666666666667,
    "AS10": 0.14285714285714285,
    "AS11": 0.01818181818181818,
    "AS2": 0.06593406593406594,
    "AS3": 0.019230769230769232,
    "AS4": 0.03333333333333333,
    "AS5": 0.03508771929824561,
    "AS6": 0.07083333333333333,
    "AS7": 0.047619047619047616,
    "AS8": 0.07142857142857142,
    "AS9": 0.03333333333333333,
    "ASEL": 0.03361344537815126,
    "ASER": 0.08169934640522876,
    "ASGL": 0.08888888888888889,
    "ASGR": 0.038461538461538464,
    "ASHL": 0.05401234567901234,
    "ASHR": 0.060114503816793896,
    "ASIL": 0.06190476190476191,
    "ASIR": 0.1,
    "ASJL": 0.017857142857142856,
    "ASJR": 0.05555555555555555,
    "ASKL": 0.03529411764705882,
    "ASKR": 0.054945054945054944,
    "AUAL": 0.05502392344497608,
    "AUAR": 0.05615942028985507,
    "AVAL": 0.038501026694045176,
    "AVAR": 0.04376094023505876,
    "AVBL": 0.04591388400702988,
    "AVBR": 0.04403719912472648,
    "AVDL": 0.04894578313253012,
    "AVDR": 0.04045996592844974,
    "AVEL": 0.05204626334519573,
    "AVER": 0.04696969696969697,
    "AVFL": 0.06172839506172839,
    "AVFR": 0.06884057971014493,
    "AVG": 0.039525691699604744,
    "AVHL": 0.049747048903878585,
    "AVHR": 0.05185185185185185,
    "AVJL": 0.030303030303030304,
    "AVJR": 0.06166666666666667,
    "AVKL": 0.06029684601113173,
    "AVKR": 0.05353535353535353,
    "AVL": 0.0625,
    "AVM": 0.047619047619047616,
    "AWAL": 0.05454545454545454,
    "AWAR": 0.06481481481481481,
    "AWBL": 0.05416666666666667,
    "AWBR": 0.0533596837944664,
    "AWCL": 0.05627705627705628,
    "AWCR": 0.023809523809523808,
    "BAGL": 0.06159420289855073,
    "BAGR": 0.10576923076923077,
    "BDUL": 0.06190476190476191,
    "BDUR": 0.08095238095238096,
    "CANL": 0.0,
    "CANR": 0.0,
    "CEPDL": 0.06084656084656084,
    "CEPDR": 0.056878306878306875,
    "CEPVL": 0.037848605577689244,
    "CEPVR": 0.082010582010582,
    "DA1": 0.06,
    "DA2": 0.08211678832116788,
    "DA3": 0.06842105263157895,
    "DA4": 0.06428571428571428,
    "DA5": 0.05434782608695652,
    "DA6": 0.04487179487179487,
    "DA7": 0.0,
    "DA8": 0.02727272727272727,
    "DA9": 0.08187134502923976,
    "DB1": 0.04567901234567901,
    "DB2": 0.05272727272727273,
    "DB3": 0.06072106261859583,
    "DB4": 0.029644268774703556,
    "DB5": 0.044444444444444446,
    "DB6": 0.14814814814814814,
    "DB7": 0.07142857142857142,
    "DD1": 0.08421052631578947,
    "DD2": 0.038011695906432746,
    "DD3": 0.09558823529411764,
    "DD4": 0.051470588235294115,
    "DD5": 0.09722222222222222,
    "DD6": 0.01818181818181818,
    "DVA": 0.03955555555555555,
    "DVB": 0.044444444444444446,
    "DVC": 0.041385135135135136,
    "FLPL": 0.028985507246376812,
    "FLPR": 0.08695652173913043,
    "HSNL": 0.054848966613672494,
    "HSNR": 0.055232558139534885,
    "I1L": 0.04940711462450593,
    "I1R": 0.045454545454545456,
    "I2L": 0.06060606060606061,
    "I2R": 0.011111111111111112,
    "I3": 0.047872340425531915,
    "I4": 0.038461538461538464,
    "I5": 0.043478260869565216,
    "I6": 0.08455882352941177,
    "IL1DL": 0.04093567251461988,
    "IL1DR": 0.09411764705882353,
    "IL1L": 0.028846153846153848,
    "IL1R": 0.06236559139784946,
    "IL1VL": 0.05698005698005698,
    "IL1VR": 0.04583333333333333,
    "IL2DL": 0.05357142857142857,
    "IL2DR": 0.06944444444444445,
    "IL2L": 0.0797872340425532,
    "IL2R": 0.05263157894736842,
    "IL2VL": 0.019230769230769232,
    "IL2VR": 0.08181818181818182,
    "LUAL": 0.05555555555555555,
    "LUAR": 0.08974358974358974,
    "M1": 0.03373015873015873,
    "M2L": 0.0392156862745098,
    "M2R": 0.04666666666666667,
    "M3L": 0.04013377926421405,
    "M3R": 0.06140350877192982,
    "M4": 0.09477124183006536,
    "M5": 0.1038961038961039,
    "MCL": 0.0718954248366013,
    "MCR": 0.075,
    "MI": 0.05075593952483801,
    "NSML": 0.08095238095238096,
    "NSMR": 0.06060606060606061,
    "OLLL": 0.06382978723404255,
    "OLLR": 0.05053763440860215,
    "OLQDL": 0.04827586206896552,
    "OLQDR": 0.06,
    "OLQVL": 0.0625,
    "OLQVR": 0.05401234567901234,
    "PDA": 0.125,
    "PDB": 0.1,
    "PDEL": 0.057692307692307696,
    "PDER": 0.03684210526315789,
    "PHAL": 0.060526315789473685,
    "PHAR": 0.12727272727272726,
    "PHBL": 0.05555555555555555,
    "PHBR": 0.09047619047619047,
    "PHCL": 0.00909090909090909,
    "PHCR": 0.05555555555555555,
    "PLML": 0.0,
    "PLMR": 0.052941176470588235,
    "PLNL": 0.17142857142857143,
    "PLNR": 0.0,
    "PQR": 0.05416666666666667,
    "PVCL": 0.03492333901192504,
    "PVCR": 0.0426497277676951,
    "PVDL": 0.041666666666666664,
    "PVDR": 0.047619047619047616,
    "PVM": 0.06593406593406594,
    "PVNL": 0.06350806451612903,
    "PVNR": 0.05258467023172905,
    "PVPL": 0.06060606060606061,
    "PVPR": 0.05689900426742532,
    "PVQL": 0.04528985507246377,
    "PVQR": 0.06825396825396825,
    "PVR": 0.06532356532356533,
    "PVT": 0.0655940594059406,
    "PVWL": 0.027472527472527472,
    "PVWR": 0.07575757575757576,
    "RIAL": 0.04212454212454213,
    "RIAR": 0.03939393939393939,
    "RIBL": 0.037786774628879895,
    "RIBR": 0.051129234629861985,
    "RICL": 0.05272727272727273,
    "RICR": 0.06351039260969978,
    "RID": 0.04066985645933014,
    "RIFL": 0.055384615384615386,
    "RIFR": 0.06140350877192982,
    "RIGL": 0.05901486988847584,
    "RIGR": 0.059077809798270896,
    "RIH": 0.04364326375711575,
    "RIML": 0.038345864661654135,
    "RIMR": 0.06033182503770739,
    "RIPL": 0.0380952380952381,
    "RIPR": 0.05263157894736842,
    "RIR": 0.038461538461538464,
    "RIS": 0.05113636363636364,
    "RIVL": 0.0661764705882353,
    "RIVR": 0.058823529411764705,
    "RMDDL": 0.047692307692307694,
    "RMDDR": 0.06666666666666667,
    "RMDL": 0.03666666666666667,
    "RMDR": 0.03409090909090909,
    "RMDVL": 0.029177718832891247,
    "RMDVR": 0.05555555555555555,
    "RMED": 0.07352941176470588,
    "RMEL": 0.05454545454545454,
    "RMER": 0.07083333333333333,
    "RMEV": 0.05818181818181818,
    "RMFL": 0.07563025210084033,
    "RMFR": 0.10714285714285714,
    "RMGL": 0.06661045531197302,
    "RMGR": 0.0634469696969697,
    "RMHL": 0.027777777777777776,
    "RMHR": 0.07692307692307693,
    "SAADL": 0.07894736842105263,
    "SAADR": 0.04814814814814815,
    "SAAVL": 0.052941176470588235,
    "SAAVR": 0.07720588235294118,
    "SABD": 0.06521739130434782,
    "SABVL": 0.125,
    "SABVR": 0.05714285714285714,
    "SDQL": 0.05555555555555555,
    "SDQR": 0.047619047619047616,
    "SIADL": 0.03571428571428571,
    "SIADR": 0.06666666666666667,
    "SIAVL": 0.07272727272727272,
    "SIAVR": 0.11904761904761904,
    "SIBDL": 0.03571428571428571,
    "SIBDR": 0.06363636363636363,
    "SIBVL": 0.038461538461538464,
    "SIBVR": 0.08791208791208792,
    "SMBDL": 0.055384615384615386,
    "SMBDR": 0.07,
    "SMBVL": 0.041666666666666664,
    "SMBVR": 0.04945054945054945,
    "SMDDL": 0.03125,
    "SMDDR": 0.08333333333333333,
    "SMDVL": 0.05142857142857143,
    "SMDVR": 0.07846153846153846,