{
  "clustering_coefficients": {
    "ADAL": 0.03218390804597701,
    "ADAR": 0.05591397849462366,
    "ADEL": 0.04586466165413534,
    "ADER": 0.05566801619433198,
    "ADFL": 0.125,
    "ADFR": 0.07246376811594203,
    "ADLL": 0.046153846153846156,
    "ADLR": 0.049707602339181284,
    "AFDL": 0.07051282051282051,
    "AFDR": 0.09090909090909091,
    "AIAL": 0.07588532883642496,
    "AIAR": 0.06944444444444445,
    "AIBL": 0.030254777070063694,
    "AIBR": 0.06044487427466151,
    "AIML": 0.05090909090909091,
    "AIMR": 0.08571428571428572,
    "AINL": 0.06842105263157895,
    "AINR": 0.026143790849673203,
    "AIYL": 0.05026455026455026,
    "AIYR": 0.06722689075630252,
    "AIZL": 0.0625,
    "AIZR": 0.04723502304147465,
    "ALA": 0.08181818181818182,
    "ALML": 0.05789473684210526,
    "ALMR": 0.19444444444444445,
    "ALNL": 0.054945054945054944,
    "ALNR": 0.0,
    "AQR": 0.050397877984084884,
    "AS1": 0.06907894736842106,
    "AS10": 0.07142857142857142,
    "AS11": 0.09523809523809523,
    "AS2": 0.06985294117647059,
    "AS3": 0.05514705882352941,
    "AS4": 0.07777777777777778,
    "AS5": 0.040740740740740744,
    "AS6": 0.054945054945054944,
    "AS7": 0.18055555555555555,
    "AS8": 0.1111111111111111,
    "AS9": 0.09523809523809523,
    "ASEL": 0.049707602339181284,
    "ASER": 0.06739130434782609,
    "ASGL": 0.047619047619047616,
    "ASGR": 0.05555555555555555,
    "ASHL": 0.030303030303030304,
    "ASHR": 0.043434343434343436,
    "ASIL": 0.06363636363636363,
    "ASIR": 0.0761904761904762,
    "ASJL": 0.041666666666666664,
    "ASJR": 0.07142857142857142,
    "ASKL": 0.08181818181818182,
    "ASKR": 0.06020066889632107,
    "AUAL": 0.041501976284584984,
    "AUAR": 0.061507936507936505,
    "AVAL": 0.03964900877478063,
    "AVAR": 0.04320040899795501,
    "AVBL": 0.041251133272892114,
    "AVBR": 0.0391905737704918,
    "AVDL": 0.05814905814905815,
    "AVDR": 0.046583850931677016,
    "AVEL": 0.04085257548845471,
    "AVER": 0.04343971631205674,
    "AVFL": 0.05495689655172414,
    "AVFR": 0.03896103896103896,
    "AVG": 0.07327586206896551,
    "AVHL": 0.059770114942528735,
    "AVHR": 0.05632183908045977,
    "AVJL": 0.04540162980209546,
    "AVJR": 0.05555555555555555,
    "AVKL": 0.04494949494949495,
    "AVKR": 0.03694581280788178,
    "AVL": 0.06989247311827956,
    "AVM": 0.06190476190476191,
    "AWAL": 0.038461538461538464,
    "AWAR": 0.07142857142857142,
    "AWBL": 0.04044117647058824,
    "AWBR": 0.07246376811594203,
    "AWCL": 0.08465608465608465,
    "AWCR": 0.052884615384615384,
    "BAGL": 0.05,
    "BAGR": 0.09558823529411764,
    "BDUL": 0.019230769230769232,
    "BDUR": 0.06985294117647059,
    "CANL": 0.0,
    "CANR": 0.0,
    "CEPDL": 0.05411255411255411,
    "CEPDR": 0.058333333333333334,
    "CEPVL": 0.029411764705882353,
    "CEPVR": 0.0533596837944664,
    "DA1": 0.04473684210526316,
    "DA2": 0.05588235294117647,
    "DA3": 0.07539682539682539,
    "DA4": 0.07142857142857142,
    "DA5": 0.0375,
    "DA6": 0.03333333333333333,
    "DA7": 0.16666666666666666,
    "DA8": 0.08888888888888889,
    "DA9": 0.05228758169934641,
    "DB1": 0.06613756613756613,
    "DB2": 0.05416666666666667,
    "DB3": 0.05555555555555555,
    "DB4": 0.05,
    "DB5": 0.06363636363636363,
    "DB6": 0.09090909090909091,
    "DB7": 0.05217391304347826,
    "DD1": 0.03985507246376811,
    "DD2": 0.03827160493827161,
    "DD3": 0.058823529411764705,
    "DD4": 0.08974358974358974,
    "DD5": 0.05555555555555555,
    "DD6": 0.01818181818181818,
    "DVA": 0.051881067961165046,
    "DVB": 0.08455882352941177,
    "DVC": 0.04520917678812416,
    "FLPL": 0.06315789473684211,
    "FLPR": 0.038461538461538464,
    "HSNL": 0.0787037037037037,
    "HSNR": 0.05195681511470985,
    "I1L": 0.05313092979127135,
    "I1R": 0.05555555555555555,
    "I2L": 0.057692307692307696,
    "I2R": 0.03296703296703297,
    "I3": 0.06937799043062201,
    "I4": 0.05555555555555555,
    "I5": 0.07142857142857142,
    "I6": 0.03333333333333333,
    "IL1DL": 0.05555555555555555,
    "IL1DR": 0.0847953216374269,
    "IL1L": 0.11764705882352941,
    "IL1R": 0.05416666666666667,
    "IL1VL": 0.0380952380952381,
    "IL1VR": 0.049019607843137254,
    "IL2DL": 0.017857142857142856,
    "IL2DR": 0.125,
    "IL2L": 0.06296296296296296,
    "IL2R": 0.05138339920948617,
    "IL2VL": 0.1,
    "IL2VR": 0.05454545454545454,
    "LUAL": 0.061764705882352944,
    "LUAR": 0.08,
    "M1": 0.05194805194805195,
    "M2L": 0.09467455621301775,
    "M2R": 0.06904761904761905,
    "M3L": 0.0661764705882353,
    "M3R": 0.0625,
    "M4": 0.05138339920948617,
    "M5": 0.02564102564102564,
    "MCL": 0.08695652173913043,
    "MCR": 0.09558823529411764,
    "MI": 0.05172413793103448,
    "NSML": 0.06944444444444445,
    "NSMR": 0.1,
    "OLLL": 0.046296296296296294,
    "OLLR": 0.062169312169312166,
    "OLQDL": 0.03695652173913044,
    "OLQDR": 0.07142857142857142,
    "OLQVL": 0.046822742474916385,
    "OLQVR": 0.07792207792207792,
    "PDA": 0.023809523809523808,
    "PDB": 0.1,
    "PDEL": 0.07142857142857142,
    "PDER": 0.07083333333333333,
    "PHAL": 0.05,
    "PHAR": 0.09090909090909091,
    "PHBL": 0.03333333333333333,
    "PHBR": 0.05,
    "PHCL": 0.06666666666666667,
    "PHCR": 0.042105263157894736,
    "PLML": 0.047619047619047616,
    "PLMR": 0.027472527472527472,
    "PLNL": 0.0,
    "PLNR": 0.0,
    "PQR": 0.0761904761904762,
    "PVCL": 0.03507992895204263,
    "PVCR": 0.05116959064327485,
    "PVDL": 0.03636363636363636,
    "PVDR": 0.0,
    "PVM": 0.11538461538461539,
    "PVNL": 0.04723707664884135,
    "PVNR": 0.0659536541889483,
    "PVPL": 0.056818181818181816,
    "PVPR": 0.06464646464646465,
    "PVQL": 0.08727272727272728,
    "PVQR": 0.03985507246376811,
    "PVR": 0.0620782726045884,
    "PVT": 0.0443609022556391,
    "PVWL": 0.06363636363636363,
    "PVWR": 0.0,
    "RIAL": 0.05614973262032086,
    "RIAR": 0.04789915966386555,
    "RIBL": 0.049289520426287745,
    "RIBR": 0.06471306471306472,
    "RICL": 0.04450757575757576,
    "RICR": 0.04461538461538461,
    "RID": 0.06,
    "RIFL": 0.049019607843137254,
    "RIFR": 0.05238095238095238,
    "RIGL": 0.04973544973544974,
    "RIGR": 0.05178571428571429,
    "RIH": 0.06134094151212553,
    "RIML": 0.05397727272727273,
    "RIMR": 0.04713804713804714,
    "RIPL": 0.05263157894736842,
    "RIPR": 0.042483660130718956,
    "RIR": 0.05138339920948617,
    "RIS": 0.05848329048843188,
    "RIVL": 0.07083333333333333,
    "RIVR": 0.06904761904761905,
    "RMDDL": 0.04064039408866995,
    "RMDDR": 0.0611353711790393,
    "RMDL": 0.051839464882943144,
    "RMDR": 0.06613756613756613,
    "RMDVL": 0.05172413793103448,
    "RMDVR": 0.05727554179566564,
    "RMED": 0.06190476190476191,
    "RMEL": 0.01680672268907563,
    "RMER": 0.06593406593406594,
    "RMEV": 0.06037151702786378,
    "RMFL": 0.04395604395604396,
    "RMFR": 0.1388888888888889,
    "RMGL": 0.0582010582010582,
    "RMGR": 0.052801724137931036,
    "RMHL": 0.045454545454545456,
    "RMHR": 0.05,
    "SAADL": 0.022727272727272728,
    "SAADR": 0.04093567251461988,
    "SAAVL": 0.07065217391304347,
    "SAAVR": 0.03333333333333333,
    "SABD": 0.019736842105263157,
    "SABVL": 0.05228758169934641,
    "SABVR": 0.05228758169934641,
    "SDQL": 0.038461538461538464,
    "SDQR": 0.04833333333333333,
    "SIADL": 0.0,
    "SIADR": 0.09090909090909091,
    "SIAVL": 0.13333333333333333,
    "SIAVR": 0.07142857142857142,
    "SIBDL": 0.014285714285714285,
    "SIBDR": 0.0380952380952381,
    "SIBVL": 0.046153846153846156,
    "SIBVR": 0.043859649122807015,
    "SMBDL": 0.05416666666666667,
    "SMBDR": 0.05952380952380952,
    "SMBVL": 0.05263157894736842,
    "SMBVR": 0.02564102564102564,
    "SMDDL": 0.08095238095238096,
    "SMDDR": 0.04891304347826087,
    "SMDVL": 0.05353535353535353,
    "SMDVR": 0.046153846153846156,
    "URADL": 0.015151515151515152,
    "URADR": 0.08888888888888889,
    "URAVL": 0.1,
    "URAVR": 0.06060606060606061,