{
  "clustering_coefficients": {
    "ADAL": 0.05555555555555555,
    "ADAR": 0.049653579676674366,
    "ADEL": 0.06196581196581197,
    "ADER": 0.06543385490753911,
    "ADFL": 0.051470588235294115,
    "ADFR": 0.06142857142857143,
    "ADLL": 0.07114624505928854,
    "ADLR": 0.06209150326797386,
    "AFDL": 0.07051282051282051,
    "AFDR": 0.03205128205128205,
    "AIAL": 0.08571428571428572,
    "AIAR": 0.036923076923076927,
    "AIBL": 0.06534422403733955,
    "AIBR": 0.04627249357326478,
    "AIML": 0.04743083003952569,
    "AIMR": 0.0875,
    "AINL": 0.03636363636363636,
    "AINR": 0.05228758169934641,
    "AIYL": 0.07736389684813753,
    "AIYR": 0.05555555555555555,
    "AIZL": 0.059770114942528735,
    "AIZR": 0.04032258064516129,
    "ALA": 0.1111111111111111,
    "ALML": 0.03642384105960265,
    "ALMR": 0.07777777777777778,
    "ALNL": 0.05,
    "ALNR": 0.037037037037037035,
    "AQR": 0.03987068965517242,
    "AS1": 0.05514705882352941,
    "AS10": 0.1388888888888889,
    "AS11": 0.047619047619047616,
    "AS2": 0.08169934640522876,
    "AS3": 0.08189655172413793,
    "AS4": 0.06043956043956044,
    "AS5": 0.07692307692307693,
    "AS6": 0.03787878787878788,
    "AS7": 0.06818181818181818,
    "AS8": 0.0,
    "AS9": 0.13333333333333333,
    "ASEL": 0.11135371179039301,
    "ASER": 0.047619047619047616,
    "ASGL": 0.06593406593406594,
    "ASGR": 0.07272727272727272,
    "ASHL": 0.07571428571428572,
    "ASHR": 0.08166189111747851,
    "ASIL": 0.11688311688311688,
    "ASIR": 0.041666666666666664,
    "ASJL": 0.1111111111111111,
    "ASJR": 0.06666666666666667,
    "ASKL": 0.07142857142857142,
    "ASKR": 0.05084745762711865,
    "AUAL": 0.03666666666666667,
    "AUAR": 0.06220095693779904,
    "AVAL": 0.0519159456118665,
    "AVAR": 0.046703296703296704,
    "AVBL": 0.047149894440534836,
    "AVBR": 0.04126984126984127,
    "AVDL": 0.055714285714285716,
    "AVDR": 0.05519480519480519,
    "AVEL": 0.04831199068684517,
    "AVER": 0.049019607843137254,
    "AVFL": 0.05075593952483801,
    "AVFR": 0.065,
    "AVG": 0.07505773672055427,
    "AVHL": 0.0691358024691358,
    "AVHR": 0.04814814814814815,
    "AVJL": 0.051587301587301584,
    "AVJR": 0.0655940594059406,
    "AVKL": 0.044534412955465584,
    "AVKR": 0.05184331797235023,
    "AVL": 0.06043956043956044,
    "AVM": 0.050397877984084884,
    "AWAL": 0.04583333333333333,
    "AWAR": 0.11194029850746269,
    "AWBL": 0.06190476190476191,
    "AWBR": 0.04329004329004329,
    "AWCL": 0.07352941176470588,
    "AWCR": 0.06209150326797386,
    "BAGL": 0.042483660130718956,
    "BAGR": 0.07894736842105263,
    "BDUL": 0.05303030303030303,
    "BDUR": 0.05263157894736842,
    "CANL": 0.0,
    "CANR": 0.0,
    "CEPDL": 0.05423280423280423,
    "CEPDR": 0.05185185185185185,
    "CEPVL": 0.08582089552238806,
    "CEPVR": 0.05533596837944664,
    "DA1": 0.09064327485380116,
    "DA2": 0.04923076923076923,
    "DA3": 0.058823529411764705,
    "DA4": 0.09210526315789473,
    "DA5": 0.07211538461538461,
    "DA6": 0.03787878787878788,
    "DA7": 0.0,
    "DA8": 0.058823529411764705,
    "DA9": 0.046153846153846156,
    "DB1": 0.058704453441295545,
    "DB2": 0.07575757575757576,
    "DB3": 0.07105263157894737,
    "DB4": 0.07885906040268456,
    "DB5": 0.08095238095238096,
    "DB6": 0.06060606060606061,
    "DB7": 0.08333333333333333,
    "DD1": 0.05714285714285714,
    "DD2": 0.07971014492753623,
    "DD3": 0.034210526315789476,
    "DD4": 0.06060606060606061,
    "DD5": 0.06944444444444445,
    "DD6": 0.07142857142857142,
    "DVA": 0.05053191489361702,
    "DVB": 0.0756578947368421,
    "DVC": 0.03935599284436494,
    "FLPL": 0.06204379562043796,
    "FLPR": 0.04365079365079365,
    "HSNL": 0.03833333333333333,
    "HSNR": 0.03426248548199768,
    "I1L": 0.06,
    "I1R": 0.04262672811059908,
    "I2L": 0.037815126050420166,
    "I2R": 0.03333333333333333,
    "I3": 0.10130718954248366,
    "I4": 0.07575757575757576,
    "I5": 0.06220095693779904,
    "I6": 0.1092436974789916,
    "IL1DL": 0.0670995670995671,
    "IL1DR": 0.07222222222222222,
    "IL1L": 0.0375,
    "IL1R": 0.08658008658008658,
    "IL1VL": 0.049019607843137254,
    "IL1VR": 0.038461538461538464,
    "IL2DL": 0.08928571428571429,
    "IL2DR": 0.041666666666666664,
    "IL2L": 0.09243697478991597,
    "IL2R": 0.06578947368421052,
    "IL2VL": 0.06818181818181818,
    "IL2VR": 0.045454545454545456,
    "LUAL": 0.022058823529411766,
    "LUAR": 0.06190476190476191,
    "M1": 0.05555555555555555,
    "M2L": 0.06666666666666667,
    "M2R": 0.1043956043956044,
    "M3L": 0.03896103896103896,
    "M3R": 0.07792207792207792,
    "M4": 0.05263157894736842,
    "M5": 0.037815126050420166,
    "MCL": 0.08088235294117647,
    "MCR": 0.061764705882352944,
    "MI": 0.05852842809364549,
    "NSML": 0.07142857142857142,
    "NSMR": 0.09848484848484848,
    "OLLL": 0.04563492063492063,
    "OLLR": 0.05,
    "OLQDL": 0.0661764705882353,
    "OLQDR": 0.05555555555555555,
    "OLQVL": 0.06767676767676768,
    "OLQVR": 0.056363636363636366,
    "PDA": 0.08928571428571429,
    "PDB": 0.0,
    "PDEL": 0.08043478260869565,
    "PDER": 0.028846153846153848,
    "PHAL": 0.08333333333333333,
    "PHAR": 0.045454545454545456,
    "PHBL": 0.125,
    "PHBR": 0.07692307692307693,
    "PHCL": 0.06140350877192982,
    "PHCR": 0.05357142857142857,
    "PLML": 0.10714285714285714,
    "PLMR": 0.06277056277056277,
    "PLNL": 0.0,
    "PLNR": 0.0,
    "PQR": 0.09090909090909091,
    "PVCL": 0.051846032992930086,
    "PVCR": 0.05678537054860443,
    "PVDL": 0.047619047619047616,
    "PVDR": 0.0,
    "PVM": 0.1,
    "PVNL": 0.07791327913279132,
    "PVNR": 0.07634408602150537,
    "PVPL": 0.06160714285714286,
    "PVPR": 0.036980749746707196,
    "PVQL": 0.0392156862745098,
    "PVQR": 0.0625,
    "PVR": 0.039886039886039885,
    "PVT": 0.04946236559139785,
    "PVWL": 0.05238095238095238,
    "PVWR": 0.06060606060606061,
    "RIAL": 0.05057471264367816,
    "RIAR": 0.05455712451861361,
    "RIBL": 0.034722222222222224,
    "RIBR": 0.04204660587639311,
    "RICL": 0.03968253968253968,
    "RICR": 0.051839464882943144,
    "RID": 0.056666666666666664,
    "RIFL": 0.09210526315789473,
    "RIFR": 0.05555555555555555,
    "RIGL": 0.06284367635506677,
    "RIGR": 0.043560606060606064,
    "RIH": 0.06779661016949153,
    "RIML": 0.05378151260504202,
    "RIMR": 0.05238649592549476,
    "RIPL": 0.05384615384615385,
    "RIPR": 0.058823529411764705,
    "RIR": 0.0595959595959596,
    "RIS": 0.046296296296296294,
    "RIVL": 0.04779411764705882,
    "RIVR": 0.05416666666666667,
    "RMDDL": 0.03349282296650718,
    "RMDDR": 0.08260869565217391,
    "RMDL": 0.05172413793103448,
    "RMDR": 0.05570291777188329,
    "RMDVL": 0.06159420289855073,
    "RMDVR": 0.06157635467980296,
    "RMED": 0.09259259259259259,
    "RMEL": 0.03787878787878788,
    "RMER": 0.046296296296296294,
    "RMEV": 0.03804347826086957,
    "RMFL": 0.05291005291005291,
    "RMFR": 0.038461538461538464,
    "RMGL": 0.06234718826405868,
    "RMGR": 0.05270655270655271,
    "RMHL": 0.05555555555555555,
    "RMHR": 0.10526315789473684,
    "SAADL": 0.038011695906432746,
    "SAADR": 0.049342105263157895,
    "SAAVL": 0.04487179487179487,
    "SAAVR": 0.05042016806722689,
    "SABD": 0.05042016806722689,
    "SABVL": 0.10855263157894737,
    "SABVR": 0.03636363636363636,
    "SDQL": 0.07692307692307693,
    "SDQR": 0.07647058823529412,
    "SIADL": 0.09722222222222222,
    "SIADR": 0.0,
    "SIAVL": 0.047619047619047616,
    "SIAVR": 0.03333333333333333,
    "SIBDL": 0.06944444444444445,
    "SIBDR": 0.08181818181818182,
    "SIBVL": 0.049707602339181284,
    "SIBVR": 0.05714285714285714,
    "SMBDL": 0.06666666666666667,
    "SMBDR": 0.05555555555555555,
    "SMBVL": 0.07894736842105263,
    "SMBVR": 0.058823529411764705,
    "SMDDL": 0.06304347826086956,
    "SMDDR": 0.06521739130434782,
    "SMDVL": 0.06842105263157895,
    "SMDVR": 0.06719367588932806,
    "URADL": 0.09722222222222222,