{
  "clustering_coefficients": {
    "ADAL": 0.07246376811594203,
    "ADAR": 0.08974358974358974,
    "ADEL": 0.05649241146711636,
    "ADER": 0.061170212765957445,
    "ADFL": 0.03787878787878788,
    "ADFR": 0.03968253968253968,
    "ADLL": 0.06084656084656084,
    "ADLR": 0.09649122807017543,
    "AFDL": 0.03571428571428571,
    "AFDR": 0.05555555555555555,
    "AIAL": 0.05064655172413793,
    "AIAR": 0.06937799043062201,
    "AIBL": 0.05714285714285714,
    "AIBR": 0.04942528735632184,
    "AIML": 0.042105263157894736,
    "AIMR": 0.06190476190476191,
    "AINL": 0.08241758241758242,
    "AINR": 0.026143790849673203,
    "AIYL": 0.0425531914893617,
    "AIYR": 0.06613756613756613,
    "AIZL": 0.07685009487666034,
    "AIZR": 0.08361204013377926,
    "ALA": 0.0,
    "ALML": 0.05185185185185185,
    "ALMR": 0.05555555555555555,
    "ALNL": 0.14743589743589744,
    "ALNR": 0.047619047619047616,
    "AQR": 0.03418803418803419,
    "AS1": 0.05303030303030303,
    "AS10": 0.11818181818181818,
    "AS11": 0.041666666666666664,
    "AS2": 0.1,
    "AS3": 0.04563492063492063,
    "AS4": 0.07575757575757576,
    "AS5": 0.04784688995215311,
    "AS6": 0.04779411764705882,
    "AS7": 0.1,
    "AS8": 0.1111111111111111,
    "AS9": 0.05,
    "ASEL": 0.08095238095238096,
    "ASER": 0.047692307692307694,
    "ASGL": 0.08928571428571429,
    "ASGR": 0.03571428571428571,
    "ASHL": 0.07258064516129033,
    "ASHR": 0.0603448275862069,
    "ASIL": 0.07692307692307693,
    "ASIR": 0.05555555555555555,
    "ASJL": 0.07142857142857142,
    "ASJR": 0.05,
    "ASKL": 0.07602339181286549,
    "ASKR": 0.07936507936507936,
    "AUAL": 0.04891304347826087,
    "AUAR": 0.047058823529411764,
    "AVAL": 0.04854368932038835,
    "AVAR": 0.039638932496075356,
    "AVBL": 0.04946935980828483,
    "AVBR": 0.0430756843800322,
    "AVDL": 0.052106430155210645,
    "AVDR": 0.04356740133264992,
    "AVEL": 0.040342298288508556,
    "AVER": 0.04523970290344362,
    "AVFL": 0.04848966613672496,
    "AVFR": 0.06153846153846154,
    "AVG": 0.06788793103448276,
    "AVHL": 0.03260869565217391,
    "AVHR": 0.0797872340425532,
    "AVJL": 0.04956896551724138,
    "AVJR": 0.07,
    "AVKL": 0.041666666666666664,
    "AVKR": 0.05788177339901478,
    "AVL": 0.07512315270935961,
    "AVM": 0.08152173913043478,
    "AWAL": 0.12727272727272726,
    "AWAR": 0.06764705882352941,
    "AWBL": 0.0625,
    "AWBR": 0.07177033492822966,
    "AWCL": 0.046052631578947366,
    "AWCR": 0.057539682539682536,
    "BAGL": 0.06768558951965066,
    "BAGR": 0.07509881422924901,
    "BDUL": 0.075,
    "BDUR": 0.05555555555555555,
    "CANL": 0.0,
    "CANR": 0.0,
    "CEPDL": 0.058333333333333334,
    "CEPDR": 0.054272517321016164,
    "CEPVL": 0.05844155844155844,
    "CEPVR": 0.05952380952380952,
    "DA1": 0.04411764705882353,
    "DA2": 0.05228758169934641,
    "DA3": 0.05476190476190476,
    "DA4": 0.04044117647058824,
    "DA5": 0.04473684210526316,
    "DA6": 0.06593406593406594,
    "DA7": 0.07142857142857142,
    "DA8": 0.05,
    "DA9": 0.06493506493506493,
    "DB1": 0.07082630691399663,
    "DB2": 0.09384615384615384,
    "DB3": 0.07797029702970297,
    "DB4": 0.05741626794258373,
    "DB5": 0.09523809523809523,
    "DB6": 0.05555555555555555,
    "DB7": 0.07142857142857142,
    "DD1": 0.05698005698005698,
    "DD2": 0.05434782608695652,
    "DD3": 0.05714285714285714,
    "DD4": 0.05555555555555555,
    "DD5": 0.1527777777777778,
    "DD6": 0.05555555555555555,
    "DVA": 0.03985302430751837,
    "DVB": 0.032679738562091505,
    "DVC": 0.05634920634920635,
    "FLPL": 0.08262108262108261,
    "FLPR": 0.07671957671957672,
    "HSNL": 0.06944444444444445,
    "HSNR": 0.0584045584045584,
    "I1L": 0.05,
    "I1R": 0.051666666666666666,
    "I2L": 0.07051282051282051,
    "I2R": 0.07309941520467836,
    "I3": 0.05652173913043478,
    "I4": 0.05714285714285714,
    "I5": 0.08974358974358974,
    "I6": 0.0641025641025641,
    "IL1DL": 0.037549407114624504,
    "IL1DR": 0.05303030303030303,
    "IL1L": 0.047619047619047616,
    "IL1R": 0.05789473684210526,
    "IL1VL": 0.08187134502923976,
    "IL1VR": 0.058333333333333334,
    "IL2DL": 0.08928571428571429,
    "IL2DR": 0.09722222222222222,
    "IL2L": 0.05615942028985507,
    "IL2R": 0.06140350877192982,
    "IL2VL": 0.07575757575757576,
    "IL2VR": 0.06818181818181818,
    "LUAL": 0.07142857142857142,
    "LUAR": 0.09064327485380116,
    "M1": 0.07173913043478261,
    "M2L": 0.05194805194805195,
    "M2R": 0.05172413793103448,
    "M3L": 0.09477124183006536,
    "M3R": 0.03594771241830065,
    "M4": 0.07916666666666666,
    "M5": 0.05416666666666667,
    "MCL": 0.04945054945054945,
    "MCR": 0.07142857142857142,
    "MI": 0.045454545454545456,
    "NSML": 0.08241758241758242,
    "NSMR": 0.057692307692307696,
    "OLLL": 0.03557312252964427,
    "OLLR": 0.10643564356435643,
    "OLQDL": 0.04666666666666667,
    "OLQDR": 0.06547619047619048,
    "OLQVL": 0.05351170568561873,
    "OLQVR": 0.04926108374384237,
    "PDA": 0.08928571428571429,
    "PDB": 0.15,
    "PDEL": 0.04743083003952569,
    "PDER": 0.05714285714285714,
    "PHAL": 0.04487179487179487,
    "PHAR": 0.08888888888888889,
    "PHBL": 0.09047619047619047,
    "PHBR": 0.027472527472527472,
    "PHCL": 0.08241758241758242,
    "PHCR": 0.04285714285714286,
    "PLML": 0.07142857142857142,
    "PLMR": 0.05514705882352941,
    "PLNL": 0.08333333333333333,
    "PLNR": 0.5,
    "PQR": 0.08333333333333333,
    "PVCL": 0.04821741671537113,
    "PVCR": 0.03937007874015748,
    "PVDL": 0.03571428571428571,
    "PVDR": 0.14285714285714285,
    "PVM": 0.12727272727272726,
    "PVNL": 0.04894179894179894,
    "PVNR": 0.05258467023172905,
    "PVPL": 0.06465517241379311,
    "PVPR": 0.05060975609756098,
    "PVQL": 0.058333333333333334,
    "PVQR": 0.07357859531772576,
    "PVR": 0.0707070707070707,
    "PVT": 0.07700101317122594,
    "PVWL": 0.07692307692307693,
    "PVWR": 0.03333333333333333,
    "RIAL": 0.04285714285714286,
    "RIAR": 0.050576752440106475,
    "RIBL": 0.045804195804195806,
    "RIBR": 0.034957627118644065,
    "RICL": 0.050505050505050504,
    "RICR": 0.04700854700854701,
    "RID": 0.08133971291866028,
    "RIFL": 0.08496732026143791,
    "RIFR": 0.05138339920948617,
    "RIGL": 0.03488372093023256,
    "RIGR": 0.047872340425531915,
    "RIH": 0.05920114122681883,
    "RIML": 0.03684210526315789,
    "RIMR": 0.06824324324324324,
    "RIPL": 0.036231884057971016,
    "RIPR": 0.06470588235294118,
    "RIR": 0.07816091954022988,
    "RIS": 0.06362007168458782,
    "RIVL": 0.014619883040935672,
    "RIVR": 0.06521739130434782,
    "RMDDL": 0.04365079365079365,
    "RMDDR": 0.050239234449760764,
    "RMDL": 0.039525691699604744,
    "RMDR": 0.05555555555555555,
    "RMDVL": 0.037549407114624504,
    "RMDVR": 0.05053763440860215,
    "RMED": 0.06862745098039216,
    "RMEL": 0.06190476190476191,
    "RMER": 0.05555555555555555,
    "RMEV": 0.05698924731182796,
    "RMFL": 0.09064327485380116,
    "RMFR": 0.04583333333333333,
    "RMGL": 0.06815114709851552,
    "RMGR": 0.0707070707070707,
    "RMHL": 0.045454545454545456,
    "RMHR": 0.08571428571428572,
    "SAADL": 0.057692307692307696,
    "SAADR": 0.038461538461538464,
    "SAAVL": 0.042483660130718956,
    "SAAVR": 0.08333333333333333,
    "SABD": 0.07416267942583732,
    "SABVL": 0.10457516339869281,
    "SABVR": 0.06818181818181818,
    "SDQL": 0.057692307692307696,
    "SDQR": 0.03896103896103896,
    "SIADL": 0.05,
    "SIADR": 0.03333333333333333,
    "SIAVL": 0.05,
    "SIAVR": 0.05357142857142857,
    "SIBDL": 0.16666666666666666,
    "SIBDR": 0.06363636363636363,
    "SIBVL": 0.0375,
    "SIBVR": 0.09722222222222222,
    "SMBDL": 0.05555555555555555,
    "SMBDR": 0.07671957671957672,
    "SMBVL": 0.06593406593406594,
    "SMBVR": 0.07142857142857142,
    "SMDDL": 0.07142857142857142,
    "SMDDR": 0.04047619047619048,
    "SMDVL": 0.05186170212765957,
    "SMDVR": 0.05698005698005698,
    "URADL": 0.0,