{
  "clustering_coefficients": {
    "ADAL": 0.061555075593952485,
    "ADAR": 0.051351351351351354,
    "ADEL": 0.04820051413881748,
    "ADER": 0.05396825396825397,
    "ADFL": 0.058823529411764705,
    "ADFR": 0.04833333333333333,
    "ADLL": 0.06428571428571428,
    "ADLR": 0.07230769230769231,
    "AFDL": 0.041666666666666664,
    "AFDR": 0.044444444444444446,
    "AIAL": 0.06419753086419754,
    "AIAR": 0.031879194630872486,
    "AIBL": 0.055,
    "AIBR": 0.04292929292929293,
    "AIML": 0.06904761904761905,
    "AIMR": 0.07894736842105263,
    "AINL": 0.07575757575757576,
    "AINR": 0.06190476190476191,
    "AIYL": 0.049707602339181284,
    "AIYR": 0.03618421052631579,
    "AIZL": 0.04489164086687306,
    "AIZR": 0.06357758620689655,
    "ALA": 0.03571428571428571,
    "ALML": 0.07539682539682539,
    "ALMR": 0.06333333333333334,
    "ALNL": 0.07792207792207792,
    "ALNR": 0.11904761904761904,
    "AQR": 0.07020872865275142,
    "AS1": 0.06818181818181818,
    "AS10": 0.0,
    "AS11": 0.05555555555555555,
    "AS2": 0.06666666666666667,
    "AS3": 0.06084656084656084,
    "AS4": 0.08181818181818182,
    "AS5": 0.052884615384615384,
    "AS6": 0.04487179487179487,
    "AS7": 0.14285714285714285,
    "AS8": 0.0,
    "AS9": 0.11904761904761904,
    "ASEL": 0.07857142857142857,
    "ASER": 0.05434782608695652,
    "ASGL": 0.08426966292134831,
    "ASGR": 0.09583333333333334,
    "ASHL": 0.04926108374384237,
    "ASHR": 0.07384615384615385,
    "ASIL": 0.09848484848484848,
    "ASIR": 0.09166666666666666,
    "ASJL": 0.023809523809523808,
    "ASJR": 0.0,
    "ASKL": 0.043478260869565216,
    "ASKR": 0.11397058823529412,
    "AUAL": 0.05454545454545454,
    "AUAR": 0.06315789473684211,
    "AVAL": 0.03943306202638226,
    "AVAR": 0.03493975903614458,
    "AVBL": 0.046196920205319646,
    "AVBR": 0.04800322710770472,
    "AVDL": 0.06022267206477733,
    "AVDR": 0.04211035818005808,
    "AVEL": 0.03842264914054601,
    "AVER": 0.03667481662591687,
    "AVFL": 0.05092592592592592,
    "AVFR": 0.05656565656565657,
    "AVG": 0.04516129032258064,
    "AVHL": 0.03341013824884793,
    "AVHR": 0.04187192118226601,
    "AVJL": 0.04942528735632184,
    "AVJR": 0.06403940886699508,
    "AVKL": 0.048550236008091704,
    "AVKR": 0.049653579676674366,
    "AVL": 0.052083333333333336,
    "AVM": 0.034210526315789476,
    "AWAL": 0.06985294117647059,
    "AWAR": 0.04523809523809524,
    "AWBL": 0.03333333333333333,
    "AWBR": 0.07029177718832891,
    "AWCL": 0.02403846153846154,
    "AWCR": 0.04583333333333333,
    "BAGL": 0.06666666666666667,
    "BAGR": 0.03361344537815126,
    "BDUL": 0.08823529411764706,
    "BDUR": 0.08653846153846154,
    "CANL": 0.0,
    "CANR": 0.0,
    "CEPDL": 0.06746031746031746,
    "CEPDR": 0.06926406926406926,
    "CEPVL": 0.06719367588932806,
    "CEPVR": 0.06470588235294118,
    "DA1": 0.05,
    "DA2": 0.04093567251461988,
    "DA3": 0.0873015873015873,
    "DA4": 0.0784313725490196,
    "DA5": 0.06153846153846154,
    "DA6": 0.027777777777777776,
    "DA7": 0.5,
    "DA8": 0.042105263157894736,
    "DA9": 0.05138339920948617,
    "DB1": 0.04744525547445255,
    "DB2": 0.08043478260869565,
    "DB3": 0.054022988505747126,
    "DB4": 0.05434782608695652,
    "DB5": 0.08260869565217391,
    "DB6": 0.05454545454545454,
    "DB7": 0.0641025641025641,
    "DD1": 0.06461538461538462,
    "DD2": 0.04838709677419355,
    "DD3": 0.05238095238095238,
    "DD4": 0.12637362637362637,
    "DD5": 0.09523809523809523,
    "DD6": 0.09523809523809523,
    "DVA": 0.054642166344294,
    "DVB": 0.04487179487179487,
    "DVC": 0.05135520684736091,
    "FLPL": 0.05142857142857143,
    "FLPR": 0.06140350877192982,
    "HSNL": 0.04938271604938271,
    "HSNR": 0.06695156695156695,
    "I1L": 0.046822742474916385,
    "I1R": 0.0610079575596817,
    "I2L": 0.08888888888888889,
    "I2R": 0.08181818181818182,
    "I3": 0.09210526315789473,
    "I4": 0.08333333333333333,
    "I5": 0.1,
    "I6": 0.058823529411764705,
    "IL1DL": 0.06613756613756613,
    "IL1DR": 0.03296703296703297,
    "IL1L": 0.0661764705882353,
    "IL1R": 0.0718954248366013,
    "IL1VL": 0.04736842105263158,
    "IL1VR": 0.04093567251461988,
    "IL2DL": 0.07142857142857142,
    "IL2DR": 0.041666666666666664,
    "IL2L": 0.047619047619047616,
    "IL2R": 0.06535947712418301,
    "IL2VL": 0.015151515151515152,
    "IL2VR": 0.07272727272727272,
    "LUAL": 0.07792207792207792,
    "LUAR": 0.07142857142857142,
    "M1": 0.057932263814616754,
    "M2L": 0.05291005291005291,
    "M2R": 0.06262626262626263,
    "M3L": 0.03333333333333333,
    "M3R": 0.08333333333333333,
    "M4": 0.1043956043956044,
    "M5": 0.038461538461538464,
    "MCL": 0.08157894736842106,
    "MCR": 0.051470588235294115,
    "MI": 0.05,
    "NSML": 0.07777777777777778,
    "NSMR": 0.04093567251461988,
    "OLLL": 0.031578947368421054,
    "OLLR": 0.05333333333333334,
    "OLQDL": 0.07894736842105263,
    "OLQDR": 0.05533596837944664,
    "OLQVL": 0.04830053667262969,
    "OLQVR": 0.06,
    "PDA": 0.013888888888888888,
    "PDB": 0.05,
    "PDEL": 0.09740259740259741,
    "PDER": 0.07058823529411765,
    "PHAL": 0.08455882352941177,
    "PHAR": 0.07777777777777778,
    "PHBL": 0.044444444444444446,
    "PHBR": 0.0375,
    "PHCL": 0.05291005291005291,
    "PHCR": 0.0989010989010989,
    "PLML": 0.03333333333333333,
    "PLMR": 0.07017543859649122,
    "PLNL": 0.0,
    "PLNR": 0.0,
    "PQR": 0.058333333333333334,
    "PVCL": 0.040229885057471264,
    "PVCR": 0.05203761755485893,
    "PVDL": 0.05357142857142857,
    "PVDR": 0.07142857142857142,
    "PVM": 0.03361344537815126,
    "PVNL": 0.05308641975308642,
    "PVNR": 0.03655913978494624,
    "PVPL": 0.06773399014778325,
    "PVPR": 0.04222766217870257,
    "PVQL": 0.07516339869281045,
    "PVQR": 0.0625,
    "PVR": 0.05327342747111682,
    "PVT": 0.05357142857142857,
    "PVWL": 0.047619047619047616,
    "PVWR": 0.06944444444444445,
    "RIAL": 0.07866379310344827,
    "RIAR": 0.037786774628879895,
    "RIBL": 0.04537037037037037,
    "RIBR": 0.03938832252085264,
    "RICL": 0.03680430879712747,
    "RICR": 0.05076923076923077,
    "RID": 0.0787037037037037,
    "RIFL": 0.051470588235294115,
    "RIFR": 0.040268456375838924,
    "RIGL": 0.05944055944055944,
    "RIGR": 0.05056980056980057,
    "RIH": 0.05759803921568627,
    "RIML": 0.03297682709447415,
    "RIMR": 0.038513513513513516,
    "RIPL": 0.05,
    "RIPR": 0.037037037037037035,
    "RIR": 0.08428030303030302,
    "RIS": 0.052503052503052504,
    "RIVL": 0.07647058823529412,
    "RIVR": 0.0451505016722408,
    "RMDDL": 0.041666666666666664,
    "RMDDR": 0.055714285714285716,
    "RMDL": 0.0533596837944664,
    "RMDR": 0.05291005291005291,
    "RMDVL": 0.0367965367965368,
    "RMDVR": 0.04924242424242424,
    "RMED": 0.0380952380952381,
    "RMEL": 0.054945054945054944,
    "RMER": 0.03676470588235294,
    "RMEV": 0.030797101449275364,
    "RMFL": 0.05238095238095238,
    "RMFR": 0.044444444444444446,
    "RMGL": 0.04273029966703663,
    "RMGR": 0.04556650246305419,
    "RMHL": 0.05555555555555555,
    "RMHR": 0.0546218487394958,
    "SAADL": 0.00909090909090909,
    "SAADR": 0.041666666666666664,
    "SAAVL": 0.05526315789473684,
    "SAAVR": 0.0873015873015873,
    "SABD": 0.06428571428571428,
    "SABVL": 0.01282051282051282,
    "SABVR": 0.0546218487394958,
    "SDQL": 0.10606060606060606,
    "SDQR": 0.05454545454545454,
    "SIADL": 0.08333333333333333,
    "SIADR": 0.06666666666666667,
    "SIAVL": 0.08571428571428572,
    "SIAVR": 0.017857142857142856,
    "SIBDL": 0.0,
    "SIBDR": 0.1,
    "SIBVL": 0.05555555555555555,
    "SIBVR": 0.07575757575757576,
    "SMBDL": 0.043478260869565216,
    "SMBDR": 0.03823529411764706,
    "SMBVL": 0.05844155844155844,
    "SMBVR": 0.125,
    "SMDDL": 0.06126482213438735,
    "SMDDR": 0.06985294117647059,
    "SMDVL": 0.06702898550724638,
    "SMDVR": 0.05555555555555555,
    "URADL": 0.10185185185185185,
    "URADR": 0.03571428571428571,
    "URAVL": 0.1,