{
  "clustering_coefficients": {
    "ADAL": 0.03225806451612903,
    "ADAR": 0.054022988505747126,
    "ADEL": 0.07575757575757576,
    "ADER": 0.05172413793103448,
    "ADFL": 0.06363636363636363,
    "ADFR": 0.07602339181286549,
    "ADLL": 0.07789855072463768,
    "ADLR": 0.09064327485380116,
    "AFDL": 0.03676470588235294,
    "AFDR": 0.09340659340659341,
    "AIAL": 0.03580246913580247,
    "AIAR": 0.06923076923076923,
    "AIBL": 0.03035413153456998,
    "AIBR": 0.0362669245647969,
    "AIML": 0.04736842105263158,
    "AIMR": 0.023809523809523808,
    "AINL": 0.038461538461538464,
    "AINR": 0.06020066889632107,
    "AIYL": 0.08148148148148149,
    "AIYR": 0.05952380952380952,
    "AIZL": 0.04032258064516129,
    "AIZR": 0.07446808510638298,
    "ALA": 0.12037037037037036,
    "ALML": 0.05514705882352941,
    "ALMR": 0.017857142857142856,
    "ALNL": 0.09090909090909091,
    "ALNR": 0.06666666666666667,
    "AQR": 0.05702917771883289,
    "AS1": 0.06796116504854369,
    "AS10": 0.041666666666666664,
    "AS11": 0.05,
    "AS2": 0.08791208791208792,
    "AS3": 0.058333333333333334,
    "AS4": 0.08888888888888889,
    "AS5": 0.05128205128205128,
    "AS6": 0.07835820895522388,
    "AS7": 0.03571428571428571,
    "AS8": 0.0,
    "AS9": 0.03333333333333333,
    "ASEL": 0.05514705882352941,
    "ASER": 0.05238095238095238,
    "ASGL": 0.07575757575757576,
    "ASGR": 0.011111111111111112,
    "ASHL": 0.08709677419354839,
    "ASHR": 0.07692307692307693,
    "ASIL": 0.03787878787878788,
    "ASIR": 0.06153846153846154,
    "ASJL": 0.03571428571428571,
    "ASJR": 0.08928571428571429,
    "ASKL": 0.06666666666666667,
    "ASKR": 0.05238095238095238,
    "AUAL": 0.05,
    "AUAR": 0.09064327485380116,
    "AVAL": 0.03164556962025317,
    "AVAR": 0.03546812176909822,
    "AVBL": 0.049979261717129825,
    "AVBR": 0.04526204340921122,
    "AVDL": 0.042163543441226574,
    "AVDR": 0.0498145204027557,
    "AVEL": 0.04711246200607903,
    "AVER": 0.04642166344294004,
    "AVFL": 0.05587121212121212,
    "AVFR": 0.06493506493506493,
    "AVG": 0.06,
    "AVHL": 0.0603448275862069,
    "AVHR": 0.05060728744939271,
    "AVJL": 0.05105105105105105,
    "AVJR": 0.05,
    "AVKL": 0.03985171455050973,
    "AVKR": 0.047619047619047616,
    "AVL": 0.07834757834757834,
    "AVM": 0.04891304347826087,
    "AWAL": 0.06111111111111111,
    "AWAR": 0.049707602339181284,
    "AWBL": 0.049019607843137254,
    "AWBR": 0.06190476190476191,
    "AWCL": 0.058823529411764705,
    "AWCR": 0.05263157894736842,
    "BAGL": 0.0625,
    "BAGR": 0.05048076923076923,
    "BDUL": 0.045454545454545456,
    "BDUR": 0.0756578947368421,
    "CANL": 0.0,
    "CANR": 0.0,
    "CEPDL": 0.06688963210702341,
    "CEPDR": 0.07604562737642585,
    "CEPVL": 0.07142857142857142,
    "CEPVR": 0.06711409395973154,
    "DA1": 0.06428571428571428,
    "DA2": 0.07065217391304347,
    "DA3": 0.05253623188405797,
    "DA4": 0.04779411764705882,
    "DA5": 0.04411764705882353,
    "DA6": 0.1038961038961039,
    "DA7": 0.0,
    "DA8": 0.0784313725490196,
    "DA9": 0.06593406593406594,
    "DB1": 0.04985754985754986,
    "DB2": 0.08187134502923976,
    "DB3": 0.07789855072463768,
    "DB4": 0.036057692307692304,
    "DB5": 0.041666666666666664,
    "DB6": 0.04487179487179487,
    "DB7": 0.058823529411764705,
    "DD1": 0.05263157894736842,
    "DD2": 0.06140350877192982,
    "DD3": 0.05526315789473684,
    "DD4": 0.07309941520467836,
    "DD5": 0.023809523809523808,
    "DD6": 0.10714285714285714,
    "DVA": 0.04867924528301887,
    "DVB": 0.07368421052631578,
    "DVC": 0.06896551724137931,
    "FLPL": 0.06315789473684211,
    "FLPR": 0.047619047619047616,
    "HSNL": 0.07285714285714286,
    "HSNR": 0.05077369439071567,
    "I1L": 0.056818181818181816,
    "I1R": 0.03987068965517242,
    "I2L": 0.046296296296296294,
    "I2R": 0.03205128205128205,
    "I3": 0.05138339920948617,
    "I4": 0.07142857142857142,
    "I5": 0.058333333333333334,
    "I6": 0.10416666666666667,
    "IL1DL": 0.05413105413105413,
    "IL1DR": 0.07142857142857142,
    "IL1L": 0.05238095238095238,
    "IL1R": 0.061764705882352944,
    "IL1VL": 0.05588235294117647,
    "IL1VR": 0.05731225296442688,
    "IL2DL": 0.0,
    "IL2DR": 0.06944444444444445,
    "IL2L": 0.018421052631578946,
    "IL2R": 0.06666666666666667,
    "IL2VL": 0.057692307692307696,
    "IL2VR": 0.08333333333333333,
    "LUAL": 0.059782608695652176,
    "LUAR": 0.13486842105263158,
    "M1": 0.0738255033557047,
    "M2L": 0.05238095238095238,
    "M2R": 0.0670995670995671,
    "M3L": 0.04579207920792079,
    "M3R": 0.07312252964426877,
    "M4": 0.06315789473684211,
    "M5": 0.06190476190476191,
    "MCL": 0.0625,
    "MCR": 0.026455026455026454,
    "MI": 0.06333333333333334,
    "NSML": 0.05555555555555555,
    "NSMR": 0.08333333333333333,
    "OLLL": 0.04827586206896552,
    "OLLR": 0.03713527851458886,
    "OLQDL": 0.05627705627705628,
    "OLQDR": 0.06768558951965066,
    "OLQVL": 0.06451612903225806,
    "OLQVR": 0.05,
    "PDA": 0.06535947712418301,
    "PDB": 0.16666666666666666,
    "PDEL": 0.07416267942583732,
    "PDER": 0.06907894736842106,
    "PHAL": 0.07575757575757576,
    "PHAR": 0.057692307692307696,
    "PHBL": 0.03571428571428571,
    "PHBR": 0.05714285714285714,
    "PHCL": 0.05454545454545454,
    "PHCR": 0.1,
    "PLML": 0.1,
    "PLMR": 0.04779411764705882,
    "PLNL": 0.25,
    "PLNR": 0.0,
    "PQR": 0.044444444444444446,
    "PVCL": 0.05799055967633176,
    "PVCR": 0.0511501210653753,
    "PVDL": 0.09523809523809523,
    "PVDR": 0.047619047619047616,
    "PVM": 0.038461538461538464,
    "PVNL": 0.04567901234567901,
    "PVNR": 0.0570430733410943,
    "PVPL": 0.05555555555555555,
    "PVPR": 0.055299539170506916,
    "PVQL": 0.03365384615384615,
    "PVQR": 0.061200923787528866,
    "PVR": 0.04550499445061043,
    "PVT": 0.06616541353383458,
    "PVWL": 0.07272727272727272,
    "PVWR": 0.03333333333333333,
    "RIAL": 0.04694167852062589,
    "RIAR": 0.04344729344729345,
    "RIBL": 0.05306603773584906,
    "RIBR": 0.03854875283446712,
    "RICL": 0.05305039787798409,
    "RICR": 0.07758620689655173,
    "RID": 0.08545454545454545,
    "RIFL": 0.05416666666666667,
    "RIFR": 0.05253623188405797,
    "RIGL": 0.04664723032069971,
    "RIGR": 0.03802281368821293,
    "RIH": 0.05962059620596206,
    "RIML": 0.04435483870967742,
    "RIMR": 0.0519559902200489,
    "RIPL": 0.05263157894736842,
    "RIPR": 0.05228758169934641,
    "RIR": 0.06481481481481481,
    "RIS": 0.05135520684736091,
    "RIVL": 0.09064327485380116,
    "RIVR": 0.06340579710144928,
    "RMDDL": 0.05454545454545454,
    "RMDDR": 0.030585106382978722,
    "RMDL": 0.05384615384615385,
    "RMDR": 0.03931451612903226,
    "RMDVL": 0.03833333333333333,
    "RMDVR": 0.039473684210526314,
    "RMED": 0.05416666666666667,
    "RMEL": 0.058333333333333334,
    "RMER": 0.07352941176470588,
    "RMEV": 0.06020066889632107,
    "RMFL": 0.10897435897435898,
    "RMFR": 0.057692307692307696,
    "RMGL": 0.04749679075738126,
    "RMGR": 0.030864197530864196,
    "RMHL": 0.05714285714285714,
    "RMHR": 0.03636363636363636,
    "SAADL": 0.045454545454545456,
    "SAADR": 0.0645933014354067,
    "SAAVL": 0.0691699604743083,
    "SAAVR": 0.07692307692307693,
    "SABD": 0.05228758169934641,
    "SABVL": 0.09740259740259741,
    "SABVR": 0.04487179487179487,
    "SDQL": 0.06535947712418301,
    "SDQR": 0.049019607843137254,
    "SIADL": 0.0,
    "SIADR": 0.047619047619047616,
    "SIAVL": 0.06666666666666667,
    "SIAVR": 0.017857142857142856,
    "SIBDL": 0.0,
    "SIBDR": 0.10714285714285714,
    "SIBVL": 0.06702898550724638,
    "SIBVR": 0.1,
    "SMBDL": 0.07051282051282051,
    "SMBDR": 0.05076923076923077,
    "SMBVL": 0.07954545454545454,
    "SMBVR": 0.047619047619047616,
    "SMDDL": 0.054187192118226604,
    "SMDDR": 0.03571428571428571,
    "SMDVL": 0.05080213903743316,
    "SMDVR": 0.05741626794258373,
    "URADL": 0.03076923076923077,
    "URADR": 0.06818181818181818,