{
  "clustering_coefficients": {
    "ADAL": 0.06060606060606061,
    "ADAR": 0.0701058201058201,
    "ADEL": 0.07841483979763912,
    "ADER": 0.04843304843304843,
    "ADFL": 0.03296703296703297,
    "ADFR": 0.06653225806451613,
    "ADLL": 0.05184331797235023,
    "ADLR": 0.04411764705882353,
    "AFDL": 0.05454545454545454,
    "AFDR": 0.07272727272727272,
    "AIAL": 0.06587473002159827,
    "AIAR": 0.04435483870967742,
    "AIBL": 0.03915275994865212,
    "AIBR": 0.06695156695156695,
    "AIML": 0.05194805194805195,
    "AIMR": 0.047619047619047616,
    "AINL": 0.045454545454545456,
    "AINR": 0.02766798418972332,
    "AIYL": 0.06666666666666667,
    "AIYR": 0.06140350877192982,
    "AIZL": 0.04059539918809202,
    "AIZR": 0.06125356125356125,
    "ALA": 0.08888888888888889,
    "ALML": 0.07631578947368421,
    "ALMR": 0.11904761904761904,
    "ALNL": 0.07083333333333333,
    "ALNR": 0.08333333333333333,
    "AQR": 0.06749049429657794,
    "AS1": 0.058333333333333334,
    "AS10": 0.08888888888888889,
    "AS11": 0.03409090909090909,
    "AS2": 0.045454545454545456,
    "AS3": 0.06,
    "AS4": 0.047619047619047616,
    "AS5": 0.0380952380952381,
    "AS6": 0.08888888888888889,
    "AS7": 0.03571428571428571,
    "AS8": 0.0,
    "AS9": 0.05128205128205128,
    "ASEL": 0.07894736842105263,
    "ASER": 0.08771929824561403,
    "ASGL": 0.0392156862745098,
    "ASGR": 0.08333333333333333,
    "ASHL": 0.06451612903225806,
    "ASHR": 0.04060509554140127,
    "ASIL": 0.0641025641025641,
    "ASIR": 0.10227272727272728,
    "ASJL": 0.022222222222222223,
    "ASJR": 0.027777777777777776,
    "ASKL": 0.07370517928286853,
    "ASKR": 0.0625,
    "AUAL": 0.0625,
    "AUAR": 0.06578947368421052,
    "AVAL": 0.04043062200956938,
    "AVAR": 0.045536791314837156,
    "AVBL": 0.046903967371153134,
    "AVBR": 0.041891331397760266,
    "AVDL": 0.04055555555555555,
    "AVDR": 0.0453857791225416,
    "AVEL": 0.0417989417989418,
    "AVER": 0.04251012145748988,
    "AVFL": 0.07427536231884058,
    "AVFR": 0.06635802469135803,
    "AVG": 0.05533596837944664,
    "AVHL": 0.05423280423280423,
    "AVHR": 0.07007575757575757,
    "AVJL": 0.05793650793650794,
    "AVJR": 0.06904761904761905,
    "AVKL": 0.04258943781942078,
    "AVKR": 0.06695464362850972,
    "AVL": 0.04940711462450593,
    "AVM": 0.04743083003952569,
    "AWAL": 0.09848484848484848,
    "AWAR": 0.04433497536945813,
    "AWBL": 0.06613756613756613,
    "AWBR": 0.07636363636363637,
    "AWCL": 0.08571428571428572,
    "AWCR": 0.11764705882352941,
    "BAGL": 0.06862745098039216,
    "BAGR": 0.07142857142857142,
    "BDUL": 0.058823529411764705,
    "BDUR": 0.03896103896103896,
    "CANL": 0.0,
    "CANR": 0.0,
    "CEPDL": 0.055384615384615386,
    "CEPDR": 0.067816091954023,
    "CEPVL": 0.02962962962962963,
    "CEPVR": 0.10437710437710437,
    "DA1": 0.03333333333333333,
    "DA2": 0.03508771929824561,
    "DA3": 0.06126482213438735,
    "DA4": 0.047619047619047616,
    "DA5": 0.03594771241830065,
    "DA6": 0.03571428571428571,
    "DA7": 0.0,
    "DA8": 0.08974358974358974,
    "DA9": 0.08571428571428572,
    "DB1": 0.042735042735042736,
    "DB2": 0.09574468085106383,
    "DB3": 0.06432748538011696,
    "DB4": 0.08496732026143791,
    "DB5": 0.038461538461538464,
    "DB6": 0.03205128205128205,
    "DB7": 0.125,
    "DD1": 0.08152173913043478,
    "DD2": 0.0673076923076923,
    "DD3": 0.05476190476190476,
    "DD4": 0.06944444444444445,
    "DD5": 0.017857142857142856,
    "DD6": 0.06818181818181818,
    "DVA": 0.057412790697674417,
    "DVB": 0.04945054945054945,
    "DVC": 0.05420054200542006,
    "FLPL": 0.04066985645933014,
    "FLPR": 0.08260869565217391,
    "HSNL": 0.06623931623931624,
    "HSNR": 0.03188602442333786,
    "I1L": 0.09340659340659341,
    "I1R": 0.07090909090909091,
    "I2L": 0.10909090909090909,
    "I2R": 0.0380952380952381,
    "I3": 0.1111111111111111,
    "I4": 0.038461538461538464,
    "I5": 0.03723404255319149,
    "I6": 0.08974358974358974,
    "IL1DL": 0.0392156862745098,
    "IL1DR": 0.029166666666666667,
    "IL1L": 0.07666666666666666,
    "IL1R": 0.06764705882352941,
    "IL1VL": 0.08088235294117647,
    "IL1VR": 0.07857142857142857,
    "IL2DL": 0.0,
    "IL2DR": 0.06944444444444445,
    "IL2L": 0.09926470588235294,
    "IL2R": 0.04528985507246377,
    "IL2VL": 0.05454545454545454,
    "IL2VR": 0.07792207792207792,
    "LUAL": 0.06725146198830409,
    "LUAR": 0.054187192118226604,
    "M1": 0.06956521739130435,
    "M2L": 0.041666666666666664,
    "M2R": 0.03333333333333333,
    "M3L": 0.05179282868525897,
    "M3R": 0.022727272727272728,
    "M4": 0.09467455621301775,
    "M5": 0.0641025641025641,
    "MCL": 0.07246376811594203,
    "MCR": 0.05238095238095238,
    "MI": 0.045454545454545456,
    "NSML": 0.04779411764705882,
    "NSMR": 0.058823529411764705,
    "OLLL": 0.07971014492753623,
    "OLLR": 0.05982905982905983,
    "OLQDL": 0.025,
    "OLQDR": 0.06266666666666666,
    "OLQVL": 0.05789473684210526,
    "OLQVR": 0.08615384615384615,
    "PDA": 0.05357142857142857,
    "PDB": 0.0,
    "PDEL": 0.05228758169934641,
    "PDER": 0.07380952380952381,
    "PHAL": 0.09848484848484848,
    "PHAR": 0.1111111111111111,
    "PHBL": 0.09230769230769231,
    "PHBR": 0.08791208791208792,
    "PHCL": 0.019230769230769232,
    "PHCR": 0.08181818181818182,
    "PLML": 0.09230769230769231,
    "PLMR": 0.03308823529411765,
    "PLNL": 0.16666666666666666,
    "PLNR": 0.0,
    "PQR": 0.07142857142857142,
    "PVCL": 0.04941860465116279,
    "PVCR": 0.04876462938881664,
    "PVDL": 0.06666666666666667,
    "PVDR": 0.023809523809523808,
    "PVM": 0.04814814814814815,
    "PVNL": 0.05291005291005291,
    "PVNR": 0.06386554621848739,
    "PVPL": 0.058186738836265225,
    "PVPR": 0.05105105105105105,
    "PVQL": 0.10317460317460317,
    "PVQR": 0.06072874493927125,
    "PVR": 0.052525252525252523,
    "PVT": 0.04928571428571429,
    "PVWL": 0.05555555555555555,
    "PVWR": 0.044444444444444446,
    "RIAL": 0.024107142857142858,
    "RIAR": 0.05400890868596882,
    "RIBL": 0.05,
    "RIBR": 0.060412871888281726,
    "RICL": 0.06160714285714286,
    "RICR": 0.04743083003952569,
    "RID": 0.05788177339901478,
    "RIFL": 0.07352941176470588,
    "RIFR": 0.04179566563467492,
    "RIGL": 0.05864509605662285,
    "RIGR": 0.06031746031746032,
    "RIH": 0.05256723716381418,
    "RIML": 0.054140127388535034,
    "RIMR": 0.04804804804804805,
    "RIPL": 0.029239766081871343,
    "RIPR": 0.06956521739130435,
    "RIR": 0.03324468085106383,
    "RIS": 0.06756756756756757,
    "RIVL": 0.06985294117647059,
    "RIVR": 0.05,
    "RMDDL": 0.03561253561253561,
    "RMDDR": 0.06428571428571428,
    "RMDL": 0.03588516746411483,
    "RMDR": 0.06878306878306878,
    "RMDVL": 0.05253623188405797,
    "RMDVR": 0.04285714285714286,
    "RMED": 0.07563025210084033,
    "RMEL": 0.08461538461538462,
    "RMER": 0.05714285714285714,
    "RMEV": 0.06527093596059114,
    "RMFL": 0.06666666666666667,
    "RMFR": 0.0457516339869281,
    "RMGL": 0.0595959595959596,
    "RMGR": 0.055357142857142855,
    "RMHL": 0.05454545454545454,
    "RMHR": 0.08333333333333333,
    "SAADL": 0.05476190476190476,
    "SAADR": 0.04201680672268908,
    "SAAVL": 0.038461538461538464,
    "SAAVR": 0.047619047619047616,
    "SABD": 0.04666666666666667,
    "SABVL": 0.0390625,
    "SABVR": 0.05555555555555555,
    "SDQL": 0.1,
    "SDQR": 0.046052631578947366,
    "SIADL": 0.14285714285714285,
    "SIADR": 0.0,
    "SIAVL": 0.12727272727272726,
    "SIAVR": 0.06666666666666667,
    "SIBDL": 0.06363636363636363,
    "SIBDR": 0.1043956043956044,
    "SIBVL": 0.07037037037037037,
    "SIBVR": 0.11538461538461539,
    "SMBDL": 0.04047619047619048,
    "SMBDR": 0.05384615384615385,
    "SMBVL": 0.03636363636363636,
    "SMBVR": 0.0641025641025641,
    "SMDDL": 0.059770114942528735,
    "SMDDR": 0.02976190476190476,
    "SMDVL": 0.048034934497816595,
    "SMDVR": 0.05952380952380952,
    "URADL": 0.032467532467532464,