{
  "clustering_coefficients": {
    "ADAL": 0.060794044665012405,
    "ADAR": 0.06566820276497695,
    "ADEL": 0.06623931623931624,
    "ADER": 0.08315334773218143,
    "ADFL": 0.03333333333333333,
    "ADFR": 0.043859649122807015,
    "ADLL": 0.041005291005291,
    "ADLR": 0.041428571428571426,
    "AFDL": 0.0641025641025641,
    "AFDR": 0.09523809523809523,
    "AIAL": 0.03968253968253968,
    "AIAR": 0.035483870967741936,
    "AIBL": 0.05031779661016949,
    "AIBR": 0.03209242618741977,
    "AIML": 0.08167330677290836,
    "AIMR": 0.042483660130718956,
    "AINL": 0.046296296296296294,
    "AINR": 0.08333333333333333,
    "AIYL": 0.05476190476190476,
    "AIYR": 0.04044117647058824,
    "AIZL": 0.0880893300248139,
    "AIZR": 0.06428571428571428,
    "ALA": 0.06666666666666667,
    "ALML": 0.08776595744680851,
    "ALMR": 0.04487179487179487,
    "ALNL": 0.0,
    "ALNR": 0.027777777777777776,
    "AQR": 0.05387205387205387,
    "AS1": 0.058823529411764705,
    "AS10": 0.045454545454545456,
    "AS11": 0.09134615384615384,
    "AS2": 0.052884615384615384,
    "AS3": 0.07894736842105263,
    "AS4": 0.1,
    "AS5": 0.04565217391304348,
    "AS6": 0.13076923076923078,
    "AS7": 0.1111111111111111,
    "AS8": 0.023809523809523808,
    "AS9": 0.08333333333333333,
    "ASEL": 0.0625,
    "ASER": 0.07037037037037037,
    "ASGL": 0.01818181818181818,
    "ASGR": 0.05128205128205128,
    "ASHL": 0.05272727272727273,
    "ASHR": 0.06049382716049383,
    "ASIL": 0.06190476190476191,
    "ASIR": 0.06818181818181818,
    "ASJL": 0.0,
    "ASJR": 0.08333333333333333,
    "ASKL": 0.049342105263157895,
    "ASKR": 0.038461538461538464,
    "AUAL": 0.03308823529411765,
    "AUAR": 0.0650887573964497,
    "AVAL": 0.044044044044044044,
    "AVAR": 0.04250585480093677,
    "AVBL": 0.03754266211604096,
    "AVBR": 0.04247824285122254,
    "AVDL": 0.03024193548387097,
    "AVDR": 0.023210070810385522,
    "AVEL": 0.052845528455284556,
    "AVER": 0.047092547092547093,
    "AVFL": 0.04079696394686907,
    "AVFR": 0.054376657824933686,
    "AVG": 0.054969879518072286,
    "AVHL": 0.06228956228956229,
    "AVHR": 0.05818181818181818,
    "AVJL": 0.042986425339366516,
    "AVJR": 0.06018518518518518,
    "AVKL": 0.03596802841918295,
    "AVKR": 0.04113110539845758,
    "AVL": 0.032857142857142856,
    "AVM": 0.06311881188118812,
    "AWAL": 0.1,
    "AWAR": 0.034420289855072464,
    "AWBL": 0.057539682539682536,
    "AWBR": 0.04643962848297214,
    "AWCL": 0.04181818181818182,
    "AWCR": 0.06578947368421052,
    "BAGL": 0.05228758169934641,
    "BAGR": 0.05,
    "BDUL": 0.0761904761904762,
    "BDUR": 0.08095238095238096,
    "CANL": 0.0,
    "CANR": 0.0,
    "CEPDL": 0.05952380952380952,
    "CEPDR": 0.0582010582010582,
    "CEPVL": 0.047872340425531915,
    "CEPVR": 0.07602339181286549,
    "DA1": 0.03571428571428571,
    "DA2": 0.059267241379310345,
    "DA3": 0.029411764705882353,
    "DA4": 0.0735930735930736,
    "DA5": 0.05272727272727273,
    "DA6": 0.08333333333333333,
    "DA7": 0.0,
    "DA8": 0.0392156862745098,
    "DA9": 0.06862745098039216,
    "DB1": 0.03571428571428571,
    "DB2": 0.04329004329004329,
    "DB3": 0.04782608695652174,
    "DB4": 0.05263157894736842,
    "DB5": 0.1,
    "DB6": 0.07272727272727272,
    "DB7": 0.018518518518518517,
    "DD1": 0.054713804713804715,
    "DD2": 0.06956521739130435,
    "DD3": 0.04395604395604396,
    "DD4": 0.07272727272727272,
    "DD5": 0.047619047619047616,
    "DD6": 0.022222222222222223,
    "DVA": 0.057053291536050155,
    "DVB": 0.07777777777777778,
    "DVC": 0.06546489563567362,
    "FLPL": 0.058695652173913045,
    "FLPR": 0.049342105263157895,
    "HSNL": 0.05092592592592592,
    "HSNR": 0.0472027972027972,
    "I1L": 0.06656346749226007,
    "I1R": 0.036231884057971016,
    "I2L": 0.12727272727272726,
    "I2R": 0.05454545454545454,
    "I3": 0.06470588235294118,
    "I4": 0.038461538461538464,
    "I5": 0.12091503267973856,
    "I6": 0.03205128205128205,
    "IL1DL": 0.09649122807017543,
    "IL1DR": 0.07051282051282051,
    "IL1L": 0.11538461538461539,
    "IL1R": 0.060526315789473685,
    "IL1VL": 0.09615384615384616,
    "IL1VR": 0.08823529411764706,
    "IL2DL": 0.07142857142857142,
    "IL2DR": 0.08333333333333333,
    "IL2L": 0.037037037037037035,
    "IL2R": 0.03333333333333333,
    "IL2VL": 0.07051282051282051,
    "IL2VR": 0.09090909090909091,
    "LUAL": 0.05474452554744526,
    "LUAR": 0.07792207792207792,
    "M1": 0.0673076923076923,
    "M2L": 0.10084033613445378,
    "M2R": 0.05921052631578947,
    "M3L": 0.02631578947368421,
    "M3R": 0.07516339869281045,
    "M4": 0.0380952380952381,
    "M5": 0.05238095238095238,
    "MCL": 0.06764705882352941,
    "MCR": 0.0457516339869281,
    "MI": 0.06084656084656084,
    "NSML": 0.07916666666666666,
    "NSMR": 0.03787878787878788,
    "OLLL": 0.03571428571428571,
    "OLLR": 0.06666666666666667,
    "OLQDL": 0.05240174672489083,
    "OLQDR": 0.07105263157894737,
    "OLQVL": 0.047839506172839504,
    "OLQVR": 0.06956521739130435,
    "PDA": 0.027777777777777776,
    "PDB": 0.1,
    "PDEL": 0.058695652173913045,
    "PDER": 0.05789473684210526,
    "PHAL": 0.06043956043956044,
    "PHAR": 0.10909090909090909,
    "PHBL": 0.05194805194805195,
    "PHBR": 0.052884615384615384,
    "PHCL": 0.07602339181286549,
    "PHCR": 0.038461538461538464,
    "PLML": 0.03571428571428571,
    "PLMR": 0.04044117647058824,
    "PLNL": 0.0,
    "PLNR": 0.0,
    "PQR": 0.07575757575757576,
    "PVCL": 0.049781181619256015,
    "PVCR": 0.05032467532467533,
    "PVDL": 0.07142857142857142,
    "PVDR": 0.047619047619047616,
    "PVM": 0.044444444444444446,
    "PVNL": 0.06142857142857143,
    "PVNR": 0.05303030303030303,
    "PVPL": 0.07155635062611806,
    "PVPR": 0.05572289156626506,
    "PVQL": 0.047619047619047616,
    "PVQR": 0.03879310344827586,
    "PVR": 0.059953434225844,
    "PVT": 0.045535714285714284,
    "PVWL": 0.08173076923076923,
    "PVWR": 0.10714285714285714,
    "RIAL": 0.04694167852062589,
    "RIAR": 0.08148148148148149,
    "RIBL": 0.04061895551257253,
    "RIBR": 0.04702750665483585,
    "RICL": 0.05396290050590219,
    "RICR": 0.05076923076923077,
    "RID": 0.06904761904761905,
    "RIFL": 0.05917159763313609,
    "RIFR": 0.06302521008403361,
    "RIGL": 0.05564387917329094,
    "RIGR": 0.05990220048899755,
    "RIH": 0.05705996131528046,
    "RIML": 0.05555555555555555,
    "RIMR": 0.05012224938875306,
    "RIPL": 0.07846153846153846,
    "RIPR": 0.04112554112554113,
    "RIR": 0.07065217391304347,
    "RIS": 0.05385556915544676,
    "RIVL": 0.04736842105263158,
    "RIVR": 0.07636363636363637,
    "RMDDL": 0.0670995670995671,
    "RMDDR": 0.06432748538011696,
    "RMDL": 0.04363636363636364,
    "RMDR": 0.065,
    "RMDVL": 0.044412607449856735,
    "RMDVR": 0.07272727272727272,
    "RMED": 0.08095238095238096,
    "RMEL": 0.022222222222222223,
    "RMER": 0.0625,
    "RMEV": 0.0427807486631016,
    "RMFL": 0.08333333333333333,
    "RMFR": 0.03333333333333333,
    "RMGL": 0.07251264755480608,
    "RMGR": 0.05731225296442688,
    "RMHL": 0.05555555555555555,
    "RMHR": 0.06666666666666667,
    "SAADL": 0.1118421052631579,
    "SAADR": 0.08022922636103152,
    "SAAVL": 0.054441260744985676,
    "SAAVR": 0.03636363636363636,
    "SABD": 0.05514705882352941,
    "SABVL": 0.047619047619047616,
    "SABVR": 0.05303030303030303,
    "SDQL": 0.05303030303030303,
    "SDQR": 0.05982905982905983,
    "SIADL": 0.13333333333333333,
    "SIADR": 0.16666666666666666,
    "SIAVL": 0.08333333333333333,
    "SIAVR": 0.047619047619047616,
    "SIBDL": 0.11904761904761904,
    "SIBDR": 0.023809523809523808,
    "SIBVL": 0.09523809523809523,
    "SIBVR": 0.07692307692307693,
    "SMBDL": 0.0761904761904762,
    "SMBDR": 0.04473684210526316,
    "SMBVL": 0.05555555555555555,
    "SMBVR": 0.038461538461538464,
    "SMDDL": 0.06521739130434782,
    "SMDDR": 0.05952380952380952,
    "SMDVL": 0.05615942028985507,
    "SMDVR": 0.08043478260869565,