{
  "clustering_coefficients": {
    "ADAL": 0.04365079365079365,
    "ADAR": 0.05028462998102467,
    "ADEL": 0.06283783783783783,
    "ADER": 0.05652866242038217,
    "ADFL": 0.05454545454545454,
    "ADFR": 0.07160493827160494,
    "ADLL": 0.04608294930875576,
    "ADLR": 0.05,
    "AFDL": 0.022222222222222223,
    "AFDR": 0.05714285714285714,
    "AIAL": 0.04131054131054131,
    "AIAR": 0.065,
    "AIBL": 0.05634920634920635,
    "AIBR": 0.04415954415954416,
    "AIML": 0.05555555555555555,
    "AIMR": 0.058823529411764705,
    "AINL": 0.08373205741626795,
    "AINR": 0.06985294117647059,
    "AIYL": 0.05238095238095238,
    "AIYR": 0.05401234567901234,
    "AIZL": 0.04907161803713528,
    "AIZR": 0.05423280423280423,
    "ALA": 0.08928571428571429,
    "ALML": 0.037815126050420166,
    "ALMR": 0.045454545454545456,
    "ALNL": 0.047619047619047616,
    "ALNR": 0.027777777777777776,
    "AQR": 0.06363636363636363,
    "AS1": 0.04047619047619048,
    "AS10": 0.09722222222222222,
    "AS11": 0.05555555555555555,
    "AS2": 0.057971014492753624,
    "AS3": 0.032679738562091505,
    "AS4": 0.05303030303030303,
    "AS5": 0.06944444444444445,
    "AS6": 0.04945054945054945,
    "AS7": 0.03787878787878788,
    "AS8": 0.05555555555555555,
    "AS9": 0.0,
    "ASEL": 0.08404558404558404,
    "ASER": 0.0611353711790393,
    "ASGL": 0.075,
    "ASGR": 0.07272727272727272,
    "ASHL": 0.07142857142857142,
    "ASHR": 0.05788177339901478,
    "ASIL": 0.05454545454545454,
    "ASIR": 0.03333333333333333,
    "ASJL": 0.022222222222222223,
    "ASJR": 0.03333333333333333,
    "ASKL": 0.040740740740740744,
    "ASKR": 0.07692307692307693,
    "AUAL": 0.07720588235294118,
    "AUAR": 0.05925925925925926,
    "AVAL": 0.04,
    "AVAR": 0.030640191715166038,
    "AVBL": 0.037064492216456635,
    "AVBR": 0.04549831487722677,
    "AVDL": 0.052968568102444706,
    "AVDR": 0.046422487223168656,
    "AVEL": 0.03823814133591481,
    "AVER": 0.04609929078014184,
    "AVFL": 0.05201342281879195,
    "AVFR": 0.051587301587301584,
    "AVG": 0.038580246913580245,
    "AVHL": 0.04838709677419355,
    "AVHR": 0.050724637681159424,
    "AVJL": 0.05976863753213368,
    "AVJR": 0.04562043795620438,
    "AVKL": 0.06453488372093023,
    "AVKR": 0.04131054131054131,
    "AVL": 0.036053130929791274,
    "AVM": 0.06190476190476191,
    "AWAL": 0.022727272727272728,
    "AWAR": 0.08225108225108226,
    "AWBL": 0.0718954248366013,
    "AWBR": 0.06428571428571428,
    "AWCL": 0.06126482213438735,
    "AWCR": 0.042483660130718956,
    "BAGL": 0.053691275167785234,
    "BAGR": 0.0784313725490196,
    "BDUL": 0.08333333333333333,
    "BDUR": 0.04044117647058824,
    "CANL": 0.0,
    "CANR": 0.0,
    "CEPDL": 0.03865546218487395,
    "CEPDR": 0.0367816091954023,
    "CEPVL": 0.06773399014778325,
    "CEPVR": 0.034420289855072464,
    "DA1": 0.02813852813852814,
    "DA2": 0.07004830917874397,
    "DA3": 0.03676470588235294,
    "DA4": 0.09868421052631579,
    "DA5": 0.058333333333333334,
    "DA6": 0.0875,
    "DA7": 0.06666666666666667,
    "DA8": 0.08241758241758242,
    "DA9": 0.05526315789473684,
    "DB1": 0.0436241610738255,
    "DB2": 0.04779411764705882,
    "DB3": 0.008771929824561403,
    "DB4": 0.09210526315789473,
    "DB5": 0.02857142857142857,
    "DB6": 0.1,
    "DB7": 0.1111111111111111,
    "DD1": 0.06220095693779904,
    "DD2": 0.07894736842105263,
    "DD3": 0.0380952380952381,
    "DD4": 0.05555555555555555,
    "DD5": 0.038461538461538464,
    "DD6": 0.03205128205128205,
    "DVA": 0.052968960863697706,
    "DVB": 0.014285714285714285,
    "DVC": 0.05609756097560976,
    "FLPL": 0.05730659025787966,
    "FLPR": 0.07017543859649122,
    "HSNL": 0.044412607449856735,
    "HSNR": 0.05384615384615385,
    "I1L": 0.06521739130434782,
    "I1R": 0.07,
    "I2L": 0.07272727272727272,
    "I2R": 0.03787878787878788,
    "I3": 0.05434782608695652,
    "I4": 0.06666666666666667,
    "I5": 0.082010582010582,
    "I6": 0.07720588235294118,
    "IL1DL": 0.035,
    "IL1DR": 0.06190476190476191,
    "IL1L": 0.045454545454545456,
    "IL1R": 0.0587248322147651,
    "IL1VL": 0.0989010989010989,
    "IL1VR": 0.08102766798418973,
    "IL2DL": 0.03571428571428571,
    "IL2DR": 0.013888888888888888,
    "IL2L": 0.06043956043956044,
    "IL2R": 0.04923076923076923,
    "IL2VL": 0.09848484848484848,
    "IL2VR": 0.03636363636363636,
    "LUAL": 0.08169934640522876,
    "LUAR": 0.037549407114624504,
    "M1": 0.03463203463203463,
    "M2L": 0.0392156862745098,
    "M2R": 0.075,
    "M3L": 0.05228758169934641,
    "M3R": 0.06666666666666667,
    "M4": 0.07083333333333333,
    "M5": 0.0661764705882353,
    "MCL": 0.06181818181818182,
    "MCR": 0.06060606060606061,
    "MI": 0.038018433179723504,
    "NSML": 0.041666666666666664,
    "NSMR": 0.08994708994708994,
    "OLLL": 0.06428571428571428,
    "OLLR": 0.042328042328042326,
    "OLQDL": 0.058823529411764705,
    "OLQDR": 0.07857142857142857,
    "OLQVL": 0.07777777777777778,
    "OLQVR": 0.06578947368421052,
    "PDA": 0.1111111111111111,
    "PDB": 0.0,
    "PDEL": 0.06725146198830409,
    "PDER": 0.05714285714285714,
    "PHAL": 0.10909090909090909,
    "PHAR": 0.1,
    "PHBL": 0.09090909090909091,
    "PHBR": 0.08241758241758242,
    "PHCL": 0.1,
    "PHCR": 0.10227272727272728,
    "PLML": 0.10476190476190476,
    "PLMR": 0.05925925925925926,
    "PLNL": 0.0,
    "PLNR": 0.0,
    "PQR": 0.044444444444444446,
    "PVCL": 0.04,
    "PVCR": 0.046941247728649306,
    "PVDL": 0.023809523809523808,
    "PVDR": 0.07142857142857142,
    "PVM": 0.08181818181818182,
    "PVNL": 0.04985754985754986,
    "PVNR": 0.051587301587301584,
    "PVPL": 0.05268817204301075,
    "PVPR": 0.06155143338954469,
    "PVQL": 0.022222222222222223,
    "PVQR": 0.05076923076923077,
    "PVR": 0.044530493707647625,
    "PVT": 0.05988593155893536,
    "PVWL": 0.058823529411764705,
    "PVWR": 0.06666666666666667,
    "RIAL": 0.06628787878787878,
    "RIAR": 0.045584045584045586,
    "RIBL": 0.046977124183006536,
    "RIBR": 0.04568854568854569,
    "RICL": 0.05291005291005291,
    "RICR": 0.04774535809018567,
    "RID": 0.08695652173913043,
    "RIFL": 0.049342105263157895,
    "RIFR": 0.04411764705882353,
    "RIGL": 0.043237250554323724,
    "RIGR": 0.06165540540540541,
    "RIH": 0.05614406779661017,
    "RIML": 0.03787878787878788,
    "RIMR": 0.029094827586206896,
    "RIPL": 0.06985294117647059,
    "RIPR": 0.03216374269005848,
    "RIR": 0.054441260744985676,
    "RIS": 0.04878048780487805,
    "RIVL": 0.06535947712418301,
    "RIVR": 0.06190476190476191,
    "RMDDL": 0.06086956521739131,
    "RMDDR": 0.07142857142857142,
    "RMDL": 0.03324468085106383,
    "RMDR": 0.05172413793103448,
    "RMDVL": 0.04843304843304843,
    "RMDVR": 0.03,
    "RMED": 0.10606060606060606,
    "RMEL": 0.0989010989010989,
    "RMER": 0.07051282051282051,
    "RMEV": 0.06666666666666667,
    "RMFL": 0.06521739130434782,
    "RMFR": 0.08333333333333333,
    "RMGL": 0.05,
    "RMGR": 0.051515151515151514,
    "RMHL": 0.017857142857142856,
    "RMHR": 0.05555555555555555,
    "SAADL": 0.08571428571428572,
    "SAADR": 0.05921052631578947,
    "SAAVL": 0.04310344827586207,
    "SAAVR": 0.06333333333333334,
    "SABD": 0.04678362573099415,
    "SABVL": 0.029239766081871343,
    "SABVR": 0.05303030303030303,
    "SDQL": 0.09615384615384616,
    "SDQR": 0.04411764705882353,
    "SIADL": 0.05416666666666667,
    "SIADR": 0.10714285714285714,
    "SIAVL": 0.05357142857142857,
    "SIAVR": 0.13333333333333333,
    "SIBDL": 0.1111111111111111,
    "SIBDR": 0.06111111111111111,
    "SIBVL": 0.04411764705882353,
    "SIBVR": 0.03636363636363636,
    "SMBDL": 0.04779411764705882,
    "SMBDR": 0.05272727272727273,
    "SMBVL": 0.04329004329004329,
    "SMBVR": 0.04945054945054945,
    "SMDDL": 0.06324110671936758,
    "SMDDR": 0.06725146198830409,
    "SMDVL": 0.05253623188405797,
    "SMDVR": 0.041501976284584984,
    "URADL": 0.0,
    "URADR": 0.041666666666666664,
    "URAVL": 0.0,