{
  "clustering_coefficients": {
    "ADAL": 0.07407407407407407,
    "ADAR": 0.05846153846153846,
    "ADEL": 0.07454819277108433,
    "ADER": 0.03201970443349754,
    "ADFL": 0.02197802197802198,
    "ADFR": 0.018456375838926176,
    "ADLL": 0.04923076923076923,
    "ADLR": 0.07114624505928854,
    "AFDL": 0.023809523809523808,
    "AFDR": 0.09090909090909091,
    "AIAL": 0.03636363636363636,
    "AIAR": 0.0546218487394958,
    "AIBL": 0.04126984126984127,
    "AIBR": 0.04042553191489362,
    "AIML": 0.06190476190476191,
    "AIMR": 0.1,
    "AINL": 0.06060606060606061,
    "AINR": 0.05090909090909091,
    "AIYL": 0.03896103896103896,
    "AIYR": 0.04497354497354497,
    "AIZL": 0.07673267326732673,
    "AIZR": 0.08166189111747851,
    "ALA": 0.022222222222222223,
    "ALML": 0.06204379562043796,
    "ALMR": 0.1,
    "ALNL": 0.03636363636363636,
    "ALNR": 0.07142857142857142,
    "AQR": 0.052307692307692305,
    "AS1": 0.045454545454545456,
    "AS10": 0.08333333333333333,
    "AS11": 0.09523809523809523,
    "AS2": 0.057692307692307696,
    "AS3": 0.07105263157894737,
    "AS4": 0.045454545454545456,
    "AS5": 0.04678362573099415,
    "AS6": 0.058823529411764705,
    "AS7": 0.1111111111111111,
    "AS8": 0.08333333333333333,
    "AS9": 0.08333333333333333,
    "ASEL": 0.08881578947368421,
    "ASER": 0.05026455026455026,
    "ASGL": 0.06666666666666667,
    "ASGR": 0.038461538461538464,
    "ASHL": 0.04938271604938271,
    "ASHR": 0.10237068965517242,
    "ASIL": 0.06593406593406594,
    "ASIR": 0.056818181818181816,
    "ASJL": 0.07142857142857142,
    "ASJR": 0.017857142857142856,
    "ASKL": 0.06578947368421052,
    "ASKR": 0.038011695906432746,
    "AUAL": 0.04583333333333333,
    "AUAR": 0.07083333333333333,
    "AVAL": 0.04611727416798732,
    "AVAR": 0.04380925021545533,
    "AVBL": 0.03530715642811906,
    "AVBR": 0.04013663535439795,
    "AVDL": 0.04285714285714286,
    "AVDR": 0.05749636098981077,
    "AVEL": 0.056622851365015166,
    "AVER": 0.038288288288288286,
    "AVFL": 0.05016722408026756,
    "AVFR": 0.05555555555555555,
    "AVG": 0.04565217391304348,
    "AVHL": 0.06546489563567362,
    "AVHR": 0.04251012145748988,
    "AVJL": 0.04202586206896552,
    "AVJR": 0.049494949494949494,
    "AVKL": 0.044152046783625734,
    "AVKR": 0.0610079575596817,
    "AVL": 0.03879310344827586,
    "AVM": 0.06944444444444445,
    "AWAL": 0.058823529411764705,
    "AWAR": 0.06907894736842106,
    "AWBL": 0.05238095238095238,
    "AWBR": 0.04528985507246377,
    "AWCL": 0.06140350877192982,
    "AWCR": 0.03787878787878788,
    "BAGL": 0.08658008658008658,
    "BAGR": 0.09064327485380116,
    "BDUL": 0.08088235294117647,
    "BDUR": 0.06209150326797386,
    "CANL": 0.0,
    "CANR": 0.0,
    "CEPDL": 0.08225108225108226,
    "CEPDR": 0.059113300492610835,
    "CEPVL": 0.08545454545454545,
    "CEPVR": 0.05864197530864197,
    "DA1": 0.06315789473684211,
    "DA2": 0.07246376811594203,
    "DA3": 0.07777777777777778,
    "DA4": 0.04411764705882353,
    "DA5": 0.07834757834757834,
    "DA6": 0.05238095238095238,
    "DA7": 0.5,
    "DA8": 0.06666666666666667,
    "DA9": 0.05789473684210526,
    "DB1": 0.05198019801980198,
    "DB2": 0.06666666666666667,
    "DB3": 0.05858585858585859,
    "DB4": 0.10493827160493827,
    "DB5": 0.05555555555555555,
    "DB6": 0.08791208791208792,
    "DB7": 0.10714285714285714,
    "DD1": 0.05585106382978723,
    "DD2": 0.07142857142857142,
    "DD3": 0.10897435897435898,
    "DD4": 0.045454545454545456,
    "DD5": 0.03333333333333333,
    "DD6": 0.06666666666666667,
    "DVA": 0.0559593023255814,
    "DVB": 0.03308823529411765,
    "DVC": 0.059821428571428574,
    "FLPL": 0.05714285714285714,
    "FLPR": 0.05476190476190476,
    "HSNL": 0.04141566265060241,
    "HSNR": 0.046296296296296294,
    "I1L": 0.0595959595959596,
    "I1R": 0.07859531772575251,
    "I2L": 0.08791208791208792,
    "I2R": 0.0625,
    "I3": 0.038011695906432746,
    "I4": 0.03333333333333333,
    "I5": 0.041501976284584984,
    "I6": 0.04945054945054945,
    "IL1DL": 0.06698564593301436,
    "IL1DR": 0.06818181818181818,
    "IL1L": 0.07575757575757576,
    "IL1R": 0.02857142857142857,
    "IL1VL": 0.05555555555555555,
    "IL1VR": 0.05526315789473684,
    "IL2DL": 0.14285714285714285,
    "IL2DR": 0.05555555555555555,
    "IL2L": 0.02962962962962963,
    "IL2R": 0.0670995670995671,
    "IL2VL": 0.07575757575757576,
    "IL2VR": 0.0641025641025641,
    "LUAL": 0.05526315789473684,
    "LUAR": 0.08403361344537816,
    "M1": 0.043333333333333335,
    "M2L": 0.02287581699346405,
    "M2R": 0.09486166007905138,
    "M3L": 0.057971014492753624,
    "M3R": 0.039525691699604744,
    "M4": 0.06126482213438735,
    "M5": 0.1076923076923077,
    "MCL": 0.023411371237458192,
    "MCR": 0.0641025641025641,
    "MI": 0.061507936507936505,
    "NSML": 0.05303030303030303,
    "NSMR": 0.03333333333333333,
    "OLLL": 0.09808612440191387,
    "OLLR": 0.0576036866359447,
    "OLQDL": 0.045454545454545456,
    "OLQDR": 0.0533596837944664,
    "OLQVL": 0.056790123456790124,
    "OLQVR": 0.06140350877192982,
    "PDA": 0.023809523809523808,
    "PDB": 0.045454545454545456,
    "PDEL": 0.05084745762711865,
    "PDER": 0.0718954248366013,
    "PHAL": 0.1,
    "PHAR": 0.08888888888888889,
    "PHBL": 0.04395604395604396,
    "PHBR": 0.08095238095238096,
    "PHCL": 0.0661764705882353,
    "PHCR": 0.07142857142857142,
    "PLML": 0.06153846153846154,
    "PLMR": 0.04395604395604396,
    "PLNL": 0.08333333333333333,
    "PLNR": 0.0,
    "PQR": 0.08888888888888889,
    "PVCL": 0.050054704595185996,
    "PVCR": 0.04867724867724868,
    "PVDL": 0.027777777777777776,
    "PVDR": 0.07142857142857142,
    "PVM": 0.06937799043062201,
    "PVNL": 0.0480295566502463,
    "PVNR": 0.07702702702702703,
    "PVPL": 0.058935361216730035,
    "PVPR": 0.06495263870094722,
    "PVQL": 0.0375,
    "PVQR": 0.052801724137931036,
    "PVR": 0.058758314855875834,
    "PVT": 0.04395604395604396,
    "PVWL": 0.07051282051282051,
    "PVWR": 0.08241758241758242,
    "RIAL": 0.0380952380952381,
    "RIAR": 0.04954954954954955,
    "RIBL": 0.03594771241830065,
    "RIBR": 0.04675716440422323,
    "RICL": 0.08045977011494253,
    "RICR": 0.05476190476190476,
    "RID": 0.030303030303030304,
    "RIFL": 0.033112582781456956,
    "RIFR": 0.05533596837944664,
    "RIGL": 0.04816326530612245,
    "RIGR": 0.046825396825396826,
    "RIH": 0.04907539118065434,
    "RIML": 0.06628787878787878,
    "RIMR": 0.06487488415199258,
    "RIPL": 0.07602339181286549,
    "RIPR": 0.0625,
    "RIR": 0.06357758620689655,
    "RIS": 0.059218559218559216,
    "RIVL": 0.049019607843137254,
    "RIVR": 0.05555555555555555,
    "RMDDL": 0.07427536231884058,
    "RMDDR": 0.047619047619047616,
    "RMDL": 0.037037037037037035,
    "RMDR": 0.07312252964426877,
    "RMDVL": 0.03276353276353276,
    "RMDVR": 0.05172413793103448,
    "RMED": 0.04487179487179487,
    "RMEL": 0.01818181818181818,
    "RMER": 0.05514705882352941,
    "RMEV": 0.041666666666666664,
    "RMFL": 0.05194805194805195,
    "RMFR": 0.15714285714285714,
    "RMGL": 0.049747048903878585,
    "RMGR": 0.03978779840848806,
    "RMHL": 0.04487179487179487,
    "RMHR": 0.05454545454545454,
    "SAADL": 0.05384615384615385,
    "SAADR": 0.025,
    "SAAVL": 0.06140350877192982,
    "SAAVR": 0.04285714285714286,
    "SABD": 0.0718954248366013,
    "SABVL": 0.07916666666666666,
    "SABVR": 0.07575757575757576,
    "SDQL": 0.04583333333333333,
    "SDQR": 0.10818713450292397,
    "SIADL": 0.023809523809523808,
    "SIADR": 0.05,
    "SIAVL": 0.1,
    "SIAVR": 0.02857142857142857,
    "SIBDL": 0.15,
    "SIBDR": 0.027777777777777776,
    "SIBVL": 0.0449438202247191,
    "SIBVR": 0.045454545454545456,
    "SMBDL": 0.06190476190476191,
    "SMBDR": 0.045,
    "SMBVL": 0.06666666666666667,
    "SMBVR": 0.06818181818181818,
    "SMDDL": 0.05384615384615385,
    "SMDDR": 0.042105263157894736,
    "SMDVL": 0.03359683794466403,
    "SMDVR": 0.04734848484848485,