{
  "clustering_coefficients": {
    "ADAL": 0.04310344827586207,
    "ADAR": 0.06,
    "ADEL": 0.06386554621848739,
    "ADER": 0.07736389684813753,
    "ADFL": 0.06944444444444445,
    "ADFR": 0.04909090909090909,
    "ADLL": 0.05541871921182266,
    "ADLR": 0.02894736842105263,
    "AFDL": 0.18518518518518517,
    "AFDR": 0.0641025641025641,
    "AIAL": 0.07585139318885449,
    "AIAR": 0.05434782608695652,
    "AIBL": 0.043184885290148446,
    "AIBR": 0.04292929292929293,
    "AIML": 0.045454545454545456,
    "AIMR": 0.08095238095238096,
    "AINL": 0.1,
    "AINR": 0.10096153846153846,
    "AIYL": 0.05952380952380952,
    "AIYR": 0.0625,
    "AIZL": 0.03636363636363636,
    "AIZR": 0.07,
    "ALA": 0.05844155844155844,
    "ALML": 0.05588235294117647,
    "ALMR": 0.01818181818181818,
    "ALNL": 0.13333333333333333,
    "ALNR": 0.05555555555555555,
    "AQR": 0.0654320987654321,
    "AS1": 0.047692307692307694,
    "AS10": 0.07142857142857142,
    "AS11": 0.07142857142857142,
    "AS2": 0.05416666666666667,
    "AS3": 0.057692307692307696,
    "AS4": 0.05128205128205128,
    "AS5": 0.06666666666666667,
    "AS6": 0.04411764705882353,
    "AS7": 0.07142857142857142,
    "AS8": 0.25,
    "AS9": 0.08496732026143791,
    "ASEL": 0.065,
    "ASER": 0.040123456790123455,
    "ASGL": 0.05555555555555555,
    "ASGR": 0.016666666666666666,
    "ASHL": 0.05387205387205387,
    "ASHR": 0.05709876543209876,
    "ASIL": 0.05454545454545454,
    "ASIR": 0.08928571428571429,
    "ASJL": 0.08888888888888889,
    "ASJR": 0.1,
    "ASKL": 0.06277056277056277,
    "ASKR": 0.1,
    "AUAL": 0.06926406926406926,
    "AUAR": 0.06914893617021277,
    "AVAL": 0.035785785785785784,
    "AVAR": 0.042983395822174614,
    "AVBL": 0.04565047021943574,
    "AVBR": 0.03978450062163282,
    "AVDL": 0.052,
    "AVDR": 0.04292722812755519,
    "AVEL": 0.03938832252085264,
    "AVER": 0.04175475687103594,
    "AVFL": 0.04415954415954416,
    "AVFR": 0.04181818181818182,
    "AVG": 0.05709876543209876,
    "AVHL": 0.044444444444444446,
    "AVHR": 0.047839506172839504,
    "AVJL": 0.05902192242833052,
    "AVJR": 0.0598404255319149,
    "AVKL": 0.05572441742654509,
    "AVKR": 0.06093189964157706,
    "AVL": 0.041474654377880185,
    "AVM": 0.07792207792207792,
    "AWAL": 0.03787878787878788,
    "AWAR": 0.06,
    "AWBL": 0.12121212121212122,
    "AWBR": 0.09210526315789473,
    "AWCL": 0.04473684210526316,
    "AWCR": 0.07720588235294118,
    "BAGL": 0.0761904761904762,
    "BAGR": 0.029166666666666667,
    "BDUL": 0.051470588235294115,
    "BDUR": 0.03508771929824561,
    "CANL": 0.0,
    "CANR": 0.0,
    "CEPDL": 0.03,
    "CEPDR": 0.033783783783783786,
    "CEPVL": 0.026143790849673203,
    "CEPVR": 0.055714285714285716,
    "DA1": 0.07142857142857142,
    "DA2": 0.049019607843137254,
    "DA3": 0.04285714285714286,
    "DA4": 0.06302521008403361,
    "DA5": 0.06944444444444445,
    "DA6": 0.023809523809523808,
    "DA7": 0.10909090909090909,
    "DA8": 0.08095238095238096,
    "DA9": 0.058333333333333334,
    "DB1": 0.05291005291005291,
    "DB2": 0.06296296296296296,
    "DB3": 0.045454545454545456,
    "DB4": 0.058823529411764705,
    "DB5": 0.07368421052631578,
    "DB6": 0.06818181818181818,
    "DB7": 0.05357142857142857,
    "DD1": 0.05272727272727273,
    "DD2": 0.03333333333333333,
    "DD3": 0.045454545454545456,
    "DD4": 0.09848484848484848,
    "DD5": 0.038461538461538464,
    "DD6": 0.06944444444444445,
    "DVA": 0.05736677115987461,
    "DVB": 0.08223684210526316,
    "DVC": 0.06773399014778325,
    "FLPL": 0.051666666666666666,
    "FLPR": 0.026627218934911243,
    "HSNL": 0.07449856733524356,
    "HSNR": 0.0565410199556541,
    "I1L": 0.08333333333333333,
    "I1R": 0.049653579676674366,
    "I2L": 0.044444444444444446,
    "I2R": 0.045454545454545456,
    "I3": 0.043859649122807015,
    "I4": 0.09615384615384616,
    "I5": 0.059602649006622516,
    "I6": 0.07142857142857142,
    "IL1DL": 0.05731225296442688,
    "IL1DR": 0.038461538461538464,
    "IL1L": 0.05627705627705628,
    "IL1R": 0.03463203463203463,
    "IL1VL": 0.04395604395604396,
    "IL1VR": 0.060526315789473685,
    "IL2DL": 0.03571428571428571,
    "IL2DR": 0.041666666666666664,
    "IL2L": 0.08771929824561403,
    "IL2R": 0.07936507936507936,
    "IL2VL": 0.12121212121212122,
    "IL2VR": 0.04093567251461988,
    "LUAL": 0.10846560846560846,
    "LUAR": 0.041666666666666664,
    "M1": 0.050724637681159424,
    "M2L": 0.05194805194805195,
    "M2R": 0.0777988614800759,
    "M3L": 0.035,
    "M3R": 0.04285714285714286,
    "M4": 0.09047619047619047,
    "M5": 0.07142857142857142,
    "MCL": 0.07352941176470588,
    "MCR": 0.06304347826086956,
    "MI": 0.06221198156682028,
    "NSML": 0.038461538461538464,
    "NSMR": 0.045454545454545456,
    "OLLL": 0.059782608695652176,
    "OLLR": 0.05387931034482758,
    "OLQDL": 0.047619047619047616,
    "OLQDR": 0.0880952380952381,
    "OLQVL": 0.06501547987616099,
    "OLQVR": 0.06763925729442971,
    "PDA": 0.1,
    "PDB": 0.16666666666666666,
    "PDEL": 0.09808612440191387,
    "PDER": 0.06190476190476191,
    "PHAL": 0.06818181818181818,
    "PHAR": 0.08173076923076923,
    "PHBL": 0.05714285714285714,
    "PHBR": 0.05714285714285714,
    "PHCL": 0.06296296296296296,
    "PHCR": 0.06818181818181818,
    "PLML": 0.044444444444444446,
    "PLMR": 0.11397058823529412,
    "PLNL": 0.05,
    "PLNR": 0.0,
    "PQR": 0.07692307692307693,
    "PVCL": 0.051145662847790506,
    "PVCR": 0.03903708523096942,
    "PVDL": 0.07142857142857142,
    "PVDR": 0.0,
    "PVM": 0.06818181818181818,
    "PVNL": 0.05216426193118757,
    "PVNR": 0.06400602409638555,
    "PVPL": 0.06518282988871224,
    "PVPR": 0.04459203036053131,
    "PVQL": 0.0782608695652174,
    "PVQR": 0.05026455026455026,
    "PVR": 0.05405405405405406,
    "PVT": 0.05776515151515151,
    "PVWL": 0.027472527472527472,
    "PVWR": 0.14285714285714285,
    "RIAL": 0.04292929292929293,
    "RIAR": 0.06054131054131054,
    "RIBL": 0.04390243902439024,
    "RIBR": 0.05102040816326531,
    "RICL": 0.06277056277056277,
    "RICR": 0.04180602006688963,
    "RID": 0.06521739130434782,
    "RIFL": 0.1,
    "RIFR": 0.057971014492753624,
    "RIGL": 0.047619047619047616,
    "RIGR": 0.052525252525252523,
    "RIH": 0.04129190515126738,
    "RIML": 0.04907539118065434,
    "RIMR": 0.03756613756613757,
    "RIPL": 0.0367965367965368,
    "RIPR": 0.06956521739130435,
    "RIR": 0.04814814814814815,
    "RIS": 0.03609022556390978,
    "RIVL": 0.0718954248366013,
    "RIVR": 0.06324110671936758,
    "RMDDL": 0.0691699604743083,
    "RMDDR": 0.047126436781609195,
    "RMDL": 0.051587301587301584,
    "RMDR": 0.03694581280788178,
    "RMDVL": 0.054924242424242424,
    "RMDVR": 0.02391304347826087,
    "RMED": 0.0784313725490196,
    "RMEL": 0.0,
    "RMER": 0.0375,
    "RMEV": 0.046798029556650245,
    "RMFL": 0.05,
    "RMFR": 0.0,
    "RMGL": 0.04499494438827098,
    "RMGR": 0.04723707664884135,
    "RMHL": 0.06904761904761905,
    "RMHR": 0.05454545454545454,
    "SAADL": 0.0457516339869281,
    "SAADR": 0.05128205128205128,
    "SAAVL": 0.045454545454545456,
    "SAAVR": 0.047619047619047616,
    "SABD": 0.047619047619047616,
    "SABVL": 0.0761904761904762,
    "SABVR": 0.04395604395604396,
    "SDQL": 0.075,
    "SDQR": 0.06209150326797386,
    "SIADL": 0.08333333333333333,
    "SIADR": 0.0,
    "SIAVL": 0.05303030303030303,
    "SIAVR": 0.08333333333333333,
    "SIBDL": 0.05555555555555555,
    "SIBDR": 0.05,
    "SIBVL": 0.03896103896103896,
    "SIBVR": 0.03333333333333333,
    "SMBDL": 0.06125356125356125,
    "SMBDR": 0.0756578947368421,
    "SMBVL": 0.06666666666666667,
    "SMBVR": 0.05555555555555555,
    "SMDDL": 0.08088235294117647,
    "SMDDR": 0.06790123456790123,
    "SMDVL": 0.03676470588235294,
    "SMDVR": 0.0696969696969697,
    "URADL": 0.08333333333333333,
    "URADR": 0.05357142857142857,
    "URAVL": 0.0,
    "URAVR": 0.03333333333333333,
    "URBL": 0.08496732026143791,