{
  "clustering_coefficients": {
    "ADAL": 0.027093596059113302,
    "ADAR": 0.04482758620689655,
    "ADEL": 0.05141129032258065,
    "ADER": 0.07019704433497537,
    "ADFL": 0.03296703296703297,
    "ADFR": 0.05397727272727273,
    "ADLL": 0.04909090909090909,
    "ADLR": 0.05263157894736842,
    "AFDL": 0.07692307692307693,
    "AFDR": 0.03205128205128205,
    "AIAL": 0.05555555555555555,
    "AIAR": 0.05384615384615385,
    "AIBL": 0.02586206896551724,
    "AIBR": 0.0475609756097561,
    "AIML": 0.04415954415954416,
    "AIMR": 0.09523809523809523,
    "AINL": 0.016666666666666666,
    "AINR": 0.03333333333333333,
    "AIYL": 0.07941176470588235,
    "AIYR": 0.06545454545454546,
    "AIZL": 0.05414746543778802,
    "AIZR": 0.04516129032258064,
    "ALA": 0.037037037037037035,
    "ALML": 0.05,
    "ALMR": 0.05555555555555555,
    "ALNL": 0.03333333333333333,
    "ALNR": 0.05357142857142857,
    "AQR": 0.04938271604938271,
    "AS1": 0.049019607843137254,
    "AS10": 0.07777777777777778,
    "AS11": 0.017857142857142856,
    "AS2": 0.019230769230769232,
    "AS3": 0.07142857142857142,
    "AS4": 0.044444444444444446,
    "AS5": 0.07894736842105263,
    "AS6": 0.03684210526315789,
    "AS7": 0.017857142857142856,
    "AS8": 0.0,
    "AS9": 0.0,
    "ASEL": 0.06493506493506493,
    "ASER": 0.04521276595744681,
    "ASGL": 0.06666666666666667,
    "ASGR": 0.08333333333333333,
    "ASHL": 0.05844155844155844,
    "ASHR": 0.05698005698005698,
    "ASIL": 0.15454545454545454,
    "ASIR": 0.1105072463768116,
    "ASJL": 0.10714285714285714,
    "ASJR": 0.0,
    "ASKL": 0.044444444444444446,
    "ASKR": 0.0380952380952381,
    "AUAL": 0.1125,
    "AUAR": 0.04678362573099415,
    "AVAL": 0.03982444733420026,
    "AVAR": 0.044512663085188024,
    "AVBL": 0.027979066022544283,
    "AVBR": 0.05411350637923449,
    "AVDL": 0.054817275747508304,
    "AVDR": 0.04,
    "AVEL": 0.04226415094339623,
    "AVER": 0.057766367137355584,
    "AVFL": 0.06446991404011461,
    "AVFR": 0.06571428571428571,
    "AVG": 0.04497354497354497,
    "AVHL": 0.05965909090909091,
    "AVHR": 0.05889145496535797,
    "AVJL": 0.0641025641025641,
    "AVJR": 0.043010752688172046,
    "AVKL": 0.048669467787114847,
    "AVKR": 0.05028462998102467,
    "AVL": 0.04554655870445344,
    "AVM": 0.0735930735930736,
    "AWAL": 0.06060606060606061,
    "AWAR": 0.042328042328042326,
    "AWBL": 0.05555555555555555,
    "AWBR": 0.08851674641148326,
    "AWCL": 0.0670995670995671,
    "AWCR": 0.06302521008403361,
    "BAGL": 0.0875,
    "BAGR": 0.025735294117647058,
    "BDUL": 0.0989010989010989,
    "BDUR": 0.08893280632411067,
    "CANL": 0.0,
    "CANR": 0.0,
    "CEPDL": 0.06159420289855073,
    "CEPDR": 0.06190476190476191,
    "CEPVL": 0.05518394648829431,
    "CEPVR": 0.06190476190476191,
    "DA1": 0.03827751196172249,
    "DA2": 0.06018518518518518,
    "DA3": 0.07352941176470588,
    "DA4": 0.04285714285714286,
    "DA5": 0.04779411764705882,
    "DA6": 0.044444444444444446,
    "DA7": 0.0,
    "DA8": 0.03787878787878788,
    "DA9": 0.05514705882352941,
    "DB1": 0.07454545454545454,
    "DB2": 0.029166666666666667,
    "DB3": 0.04985754985754986,
    "DB4": 0.07368421052631578,
    "DB5": 0.14772727272727273,
    "DB6": 0.12727272727272726,
    "DB7": 0.12083333333333333,
    "DD1": 0.036923076923076927,
    "DD2": 0.04940711462450593,
    "DD3": 0.058823529411764705,
    "DD4": 0.06190476190476191,
    "DD5": 0.1,
    "DD6": 0.03571428571428571,
    "DVA": 0.04778933680104031,
    "DVB": 0.09615384615384616,
    "DVC": 0.04713804713804714,
    "FLPL": 0.05862068965517241,
    "FLPR": 0.07936507936507936,
    "HSNL": 0.04497354497354497,
    "HSNR": 0.05398110661268556,
    "I1L": 0.09814323607427056,
    "I1R": 0.07023411371237458,
    "I2L": 0.09848484848484848,
    "I2R": 0.0546218487394958,
    "I3": 0.049019607843137254,
    "I4": 0.07142857142857142,
    "I5": 0.05514705882352941,
    "I6": 0.09340659340659341,
    "IL1DL": 0.04044117647058824,
    "IL1DR": 0.04326923076923077,
    "IL1L": 0.08974358974358974,
    "IL1R": 0.09523809523809523,
    "IL1VL": 0.051470588235294115,
    "IL1VR": 0.05588235294117647,
    "IL2DL": 0.03571428571428571,
    "IL2DR": 0.06944444444444445,
    "IL2L": 0.06944444444444445,
    "IL2R": 0.05263157894736842,
    "IL2VL": 0.05303030303030303,
    "IL2VR": 0.02727272727272727,
    "LUAL": 0.02857142857142857,
    "LUAR": 0.047337278106508875,
    "M1": 0.040145985401459854,
    "M2L": 0.0962962962962963,
    "M2R": 0.05864197530864197,
    "M3L": 0.05627705627705628,
    "M3R": 0.0392156862745098,
    "M4": 0.03636363636363636,
    "M5": 0.09090909090909091,
    "MCL": 0.05303030303030303,
    "MCR": 0.04807692307692308,
    "MI": 0.06666666666666667,
    "NSML": 0.0875,
    "NSMR": 0.0761904761904762,
    "OLLL": 0.06181818181818182,
    "OLLR": 0.05665024630541872,
    "OLQDL": 0.04093567251461988,
    "OLQDR": 0.04093567251461988,
    "OLQVL": 0.07818181818181819,
    "OLQVR": 0.05555555555555555,
    "PDA": 0.07142857142857142,
    "PDB": 0.0,
    "PDEL": 0.03308823529411765,
    "PDER": 0.052884615384615384,
    "PHAL": 0.07272727272727272,
    "PHAR": 0.045454545454545456,
    "PHBL": 0.06277056277056277,
    "PHBR": 0.07017543859649122,
    "PHCL": 0.06493506493506493,
    "PHCR": 0.05454545454545454,
    "PLML": 0.047619047619047616,
    "PLMR": 0.06043956043956044,
    "PLNL": 0.0,
    "PLNR": 0.5,
    "PQR": 0.058333333333333334,
    "PVCL": 0.04656129859034601,
    "PVCR": 0.04647361046240075,
    "PVDL": 0.04487179487179487,
    "PVDR": 0.047619047619047616,
    "PVM": 0.08241758241758242,
    "PVNL": 0.05555555555555555,
    "PVNR": 0.06722689075630252,
    "PVPL": 0.046825396825396826,
    "PVPR": 0.054924242424242424,
    "PVQL": 0.03333333333333333,
    "PVQR": 0.052873563218390804,
    "PVR": 0.06148648648648649,
    "PVT": 0.06342780026990553,
    "PVWL": 0.07142857142857142,
    "PVWR": 0.027777777777777776,
    "RIAL": 0.04848966613672496,
    "RIAR": 0.04589963280293757,
    "RIBL": 0.04579093432007401,
    "RIBR": 0.05334281650071124,
    "RICL": 0.058355437665782495,
    "RICR": 0.05,
    "RID": 0.02508361204013378,
    "RIFL": 0.041666666666666664,
    "RIFR": 0.06481481481481481,
    "RIGL": 0.0475609756097561,
    "RIGR": 0.06628787878787878,
    "RIH": 0.059788359788359786,
    "RIML": 0.047311827956989246,
    "RIMR": 0.05391120507399577,
    "RIPL": 0.08157894736842106,
    "RIPR": 0.03373015873015873,
    "RIR": 0.05952380952380952,
    "RIS": 0.054848966613672494,
    "RIVL": 0.05928853754940711,
    "RIVR": 0.06315789473684211,
    "RMDDL": 0.04153846153846154,
    "RMDDR": 0.041666666666666664,
    "RMDL": 0.057539682539682536,
    "RMDR": 0.06666666666666667,
    "RMDVL": 0.046822742474916385,
    "RMDVR": 0.05892857142857143,
    "RMED": 0.01818181818181818,
    "RMEL": 0.044444444444444446,
    "RMER": 0.0735930735930736,
    "RMEV": 0.03985507246376811,
    "RMFL": 0.07083333333333333,
    "RMFR": 0.044444444444444446,
    "RMGL": 0.036053130929791274,
    "RMGR": 0.06565656565656566,
    "RMHL": 0.06764705882352941,
    "RMHR": 0.05416666666666667,
    "SAADL": 0.0989010989010989,
    "SAADR": 0.0661764705882353,
    "SAAVL": 0.0761904761904762,
    "SAAVR": 0.0875,
    "SABD": 0.0392156862745098,
    "SABVL": 0.0392156862745098,
    "SABVR": 0.0,
    "SDQL": 0.06296296296296296,
    "SDQR": 0.045584045584045586,
    "SIADL": 0.1,
    "SIADR": 0.16666666666666666,
    "SIAVL": 0.0,
    "SIAVR": 0.0,
    "SIBDL": 0.0,
    "SIBDR": 0.03333333333333333,
    "SIBVL": 0.043859649122807015,
    "SIBVR": 0.0962962962962963,
    "SMBDL": 0.052884615384615384,
    "SMBDR": 0.05,
    "SMBVL": 0.08441558441558442,
    "SMBVR": 0.06985294117647059,
    "SMDDL": 0.06521739130434782,
    "SMDDR": 0.041935483870967745,
    "SMDVL": 0.04279279279279279,
    "SMDVR": 0.05741626794258373,
    "URADL": 0.06818181818181818,
    "URADR": 0.11904761904761904,
    "URAVL": 0.14285714285714285,
    "URAVR": 0.1,