{
  "clustering_coefficients": {
    "ADAL": 0.042986425339366516,
    "ADAR": 0.048723897911832945,
    "ADEL": 0.06349206349206349,
    "ADER": 0.05311973018549747,
    "ADFL": 0.06296296296296296,
    "ADFR": 0.042993630573248405,
    "ADLL": 0.04103671706263499,
    "ADLR": 0.05555555555555555,
    "AFDL": 0.07777777777777778,
    "AFDR": 0.0375,
    "AIAL": 0.02923076923076923,
    "AIAR": 0.06876606683804627,
    "AIBL": 0.03931451612903226,
    "AIBR": 0.05065856129685917,
    "AIML": 0.0691699604743083,
    "AIMR": 0.05514705882352941,
    "AINL": 0.06719367588932806,
    "AINR": 0.038011695906432746,
    "AIYL": 0.034420289855072464,
    "AIYR": 0.0661764705882353,
    "AIZL": 0.046296296296296294,
    "AIZR": 0.04297994269340974,
    "ALA": 0.06666666666666667,
    "ALML": 0.08496732026143791,
    "ALMR": 0.08333333333333333,
    "ALNL": 0.08888888888888889,
    "ALNR": 0.08928571428571429,
    "AQR": 0.07621247113163972,
    "AS1": 0.0641025641025641,
    "AS10": 0.056818181818181816,
    "AS11": 0.08791208791208792,
    "AS2": 0.07936507936507936,
    "AS3": 0.07051282051282051,
    "AS4": 0.06593406593406594,
    "AS5": 0.05238095238095238,
    "AS6": 0.09243697478991597,
    "AS7": 0.054945054945054944,
    "AS8": 0.0,
    "AS9": 0.023809523809523808,
    "ASEL": 0.0735930735930736,
    "ASER": 0.06153846153846154,
    "ASGL": 0.07142857142857142,
    "ASGR": 0.07142857142857142,
    "ASHL": 0.061507936507936505,
    "ASHR": 0.07699619771863118,
    "ASIL": 0.08571428571428572,
    "ASIR": 0.05303030303030303,
    "ASJL": 0.05357142857142857,
    "ASJR": 0.05,
    "ASKL": 0.04285714285714286,
    "ASKR": 0.07142857142857142,
    "AUAL": 0.06914893617021277,
    "AUAR": 0.06043956043956044,
    "AVAL": 0.046056503825779874,
    "AVAR": 0.03691467968974432,
    "AVBL": 0.03223960320488363,
    "AVBR": 0.02745995423340961,
    "AVDL": 0.049389567147613764,
    "AVDR": 0.04214729370008873,
    "AVEL": 0.03900709219858156,
    "AVER": 0.0417036379769299,
    "AVFL": 0.05,
    "AVFR": 0.05844155844155844,
    "AVG": 0.047872340425531915,
    "AVHL": 0.05128205128205128,
    "AVHR": 0.0670995670995671,
    "AVJL": 0.06072874493927125,
    "AVJR": 0.045714285714285714,
    "AVKL": 0.03733031674208145,
    "AVKR": 0.052100840336134456,
    "AVL": 0.04633620689655173,
    "AVM": 0.04643962848297214,
    "AWAL": 0.07692307692307693,
    "AWAR": 0.045,
    "AWBL": 0.05454545454545454,
    "AWBR": 0.058394160583941604,
    "AWCL": 0.10740740740740741,
    "AWCR": 0.058823529411764705,
    "BAGL": 0.06324110671936758,
    "BAGR": 0.0718954248366013,
    "BDUL": 0.07792207792207792,
    "BDUR": 0.04395604395604396,
    "CANL": 0.0,
    "CANR": 0.0,
    "CEPDL": 0.03804347826086957,
    "CEPDR": 0.06463878326996197,
    "CEPVL": 0.0718954248366013,
    "CEPVR": 0.05476190476190476,
    "DA1": 0.0625,
    "DA2": 0.06084656084656084,
    "DA3": 0.12380952380952381,
    "DA4": 0.09210526315789473,
    "DA5": 0.0496031746031746,
    "DA6": 0.054945054945054944,
    "DA7": 0.08333333333333333,
    "DA8": 0.027777777777777776,
    "DA9": 0.07916666666666666,
    "DB1": 0.05555555555555555,
    "DB2": 0.054945054945054944,
    "DB3": 0.047692307692307694,
    "DB4": 0.05476190476190476,
    "DB5": 0.045454545454545456,
    "DB6": 0.09722222222222222,
    "DB7": 0.06944444444444445,
    "DD1": 0.05263157894736842,
    "DD2": 0.038011695906432746,
    "DD3": 0.07380952380952381,
    "DD4": 0.16666666666666666,
    "DD5": 0.023809523809523808,
    "DD6": 0.04945054945054945,
    "DVA": 0.05810147299509002,
    "DVB": 0.06818181818181818,
    "DVC": 0.07834757834757834,
    "FLPL": 0.06926406926406926,
    "FLPR": 0.0875,
    "HSNL": 0.046153846153846156,
    "HSNR": 0.04487179487179487,
    "I1L": 0.04523809523809524,
    "I1R": 0.04497354497354497,
    "I2L": 0.06666666666666667,
    "I2R": 0.12222222222222222,
    "I3": 0.036057692307692304,
    "I4": 0.08888888888888889,
    "I5": 0.07309941520467836,
    "I6": 0.07051282051282051,
    "IL1DL": 0.05240174672489083,
    "IL1DR": 0.0970873786407767,
    "IL1L": 0.07792207792207792,
    "IL1R": 0.074,
    "IL1VL": 0.06764705882352941,
    "IL1VR": 0.12087912087912088,
    "IL2DL": 0.07142857142857142,
    "IL2DR": 0.1388888888888889,
    "IL2L": 0.06140350877192982,
    "IL2R": 0.05476190476190476,
    "IL2VL": 0.030303030303030304,
    "IL2VR": 0.09230769230769231,
    "LUAL": 0.0625,
    "LUAR": 0.05238095238095238,
    "M1": 0.06159420289855073,
    "M2L": 0.05416666666666667,
    "M2R": 0.05413105413105413,
    "M3L": 0.07142857142857142,
    "M3R": 0.05980861244019139,
    "M4": 0.03896103896103896,
    "M5": 0.04945054945054945,
    "MCL": 0.07380952380952381,
    "MCR": 0.06904761904761905,
    "MI": 0.06386861313868614,
    "NSML": 0.08088235294117647,
    "NSMR": 0.06818181818181818,
    "OLLL": 0.06432748538011696,
    "OLLR": 0.04938271604938271,
    "OLQDL": 0.0457516339869281,
    "OLQDR": 0.04985754985754986,
    "OLQVL": 0.05434782608695652,
    "OLQVR": 0.0761904761904762,
    "PDA": 0.11904761904761904,
    "PDB": 0.075,
    "PDEL": 0.05555555555555555,
    "PDER": 0.08373205741626795,
    "PHAL": 0.09803921568627451,
    "PHAR": 0.1,
    "PHBL": 0.09523809523809523,
    "PHBR": 0.0718954248366013,
    "PHCL": 0.04814814814814815,
    "PHCR": 0.1111111111111111,
    "PLML": 0.041666666666666664,
    "PLMR": 0.06666666666666667,
    "PLNL": 0.0,
    "PLNR": 0.0,
    "PQR": 0.03361344537815126,
    "PVCL": 0.0506631299734748,
    "PVCR": 0.047045951859956234,
    "PVDL": 0.03571428571428571,
    "PVDR": 0.047619047619047616,
    "PVM": 0.045454545454545456,
    "PVNL": 0.06336405529953917,
    "PVNR": 0.055693069306930694,
    "PVPL": 0.04279279279279279,
    "PVPR": 0.04685494223363286,
    "PVQL": 0.05864197530864197,
    "PVQR": 0.03753753753753754,
    "PVR": 0.06351351351351352,
    "PVT": 0.046489563567362426,
    "PVWL": 0.044444444444444446,
    "PVWR": 0.0,
    "RIAL": 0.06691729323308271,
    "RIAR": 0.03901273885350318,
    "RIBL": 0.036019536019536016,
    "RIBR": 0.049466537342386034,
    "RICL": 0.052941176470588235,
    "RICR": 0.05076923076923077,
    "RID": 0.04953917050691244,
    "RIFL": 0.049019607843137254,
    "RIFR": 0.05980861244019139,
    "RIGL": 0.051111111111111114,
    "RIGR": 0.03594351732991014,
    "RIH": 0.054497354497354496,
    "RIML": 0.03314393939393939,
    "RIMR": 0.033419023136246784,
    "RIPL": 0.10197368421052631,
    "RIPR": 0.056768558951965066,
    "RIR": 0.05413105413105413,
    "RIS": 0.04873949579831933,
    "RIVL": 0.05253623188405797,
    "RIVR": 0.05434782608695652,
    "RMDDL": 0.05,
    "RMDDR": 0.07037037037037037,
    "RMDL": 0.05026455026455026,
    "RMDR": 0.037037037037037035,
    "RMDVL": 0.06481481481481481,
    "RMDVR": 0.05555555555555555,
    "RMED": 0.08881578947368421,
    "RMEL": 0.07692307692307693,
    "RMER": 0.0380952380952381,
    "RMEV": 0.04710144927536232,
    "RMFL": 0.03823529411764706,
    "RMFR": 0.10256410256410256,
    "RMGL": 0.08151260504201681,
    "RMGR": 0.05574324324324324,
    "RMHL": 0.06944444444444445,
    "RMHR": 0.06666666666666667,
    "SAADL": 0.09615384615384616,
    "SAADR": 0.05818181818181818,
    "SAAVL": 0.08571428571428572,
    "SAAVR": 0.07236842105263158,
    "SABD": 0.061669829222011384,
    "SABVL": 0.047619047619047616,
    "SABVR": 0.042328042328042326,
    "SDQL": 0.03333333333333333,
    "SDQR": 0.04142011834319527,
    "SIADL": 0.05,
    "SIADR": 0.05357142857142857,
    "SIAVL": 0.07142857142857142,
    "SIAVR": 0.023809523809523808,
    "SIBDL": 0.1,
    "SIBDR": 0.045454545454545456,
    "SIBVL": 0.06904761904761905,
    "SIBVR": 0.07777777777777778,
    "SMBDL": 0.06739130434782609,
    "SMBDR": 0.05263157894736842,
    "SMBVL": 0.04945054945054945,
    "SMBVR": 0.09444444444444444,
    "SMDDL": 0.051587301587301584,
    "SMDDR": 0.08428571428571428,
    "SMDVL": 0.05851063829787234,
    "SMDVR": 0.05846153846153846,
    "URADL": 0.07142857142857142,