{
  "clustering_coefficients": {
    "ADAL": 0.0,
    "ADAR": 0.0,
    "ADEL": 0.049201901850908475,
    "ADER": 0.07229958303831327,
    "ADFL": 0.05254441433303222,
    "ADFR": 0.019572417946401688,
    "ADLL": 0.7,
    "ADLR": 0.35714285714285715,
    "AFDL": 0.0,
    "AFDR": 0.8,
    "AIAL": 0.6111111111111112,
    "AIAR": 0.4642857142857143,
    "AIBL": 0.6222222222222222,
    "AIBR": 0.6428571428571429,
    "AIML": 0.36666666666666664,
    "AIMR": 0.5512820512820513,
    "AINL": 0.0,
    "AINR": 0.0,
    "AIYL": 0.5454545454545454,
    "AIYR": 0.5545454545454546,
    "AIZL": 0.4727272727272727,
    "AIZR": 0.4642857142857143,
    "ALA": 0.0,
    "ALML": 0.5454545454545454,
    "ALMR": 0.375,
    "ALNL": 0.6,
    "ALNR": 0.42857142857142855,
    "AQR": 0.0,
    "AS1": 0.3888888888888889,
    "AS10": 0.41818181818181815,
    "AS11": 0.4,
    "AS2": 0.625,
    "AS3": 0.48484848484848486,
    "AS4": 0.5454545454545454,
    "AS5": 0.4358974358974359,
    "AS6": 0.5363636363636364,
    "AS7": 0.4166666666666667,
    "AS8": 0.4727272727272727,
    "AS9": 0.65,
    "ASEL": 0.4722222222222222,
    "ASER": 0.8333333333333334,
    "ASGL": 0.5,
    "ASGR": 0.48717948717948717,
    "ASHL": 0.5833333333333334,
    "ASHR": 0.5444444444444444,
    "ASIL": 0.55,
    "ASIR": 0.5727272727272728,
    "ASJL": 0.0,
    "ASJR": 0.0,
    "ASKL": 0.48214285714285715,
    "ASKR": 0.6190476190476191,
    "AUAL": 0.5666666666666667,
    "AUAR": 0.48484848484848486,
    "AVAL": 0.0,
    "AVAR": 0.0,
    "AVBL": 1.0,
    "AVBR": 0.6111111111111112,
    "AVDL": 0.0,
    "AVDR": 0.0,
    "AVEL": 0.0,
    "AVER": 0.0,
    "AVFL": 0.6,
    "AVFR": 0.6666666666666666,
    "AVG": 0.0,
    "AVHL": 0.75,
    "AVHR": 1.0,
    "AVJL": 0.6136363636363636,
    "AVJR": 0.5454545454545454,
    "AVKL": 0.0,
    "AVKR": 0.0,
    "AVL": 0.5636363636363636,
    "AVM": 0.4909090909090909,
    "AWAL": 0.0,
    "AWAR": 0.0,
    "AWBL": 0.6222222222222222,
    "AWBR": 0.6190476190476191,
    "AWCL": 0.509090909090909,
    "AWCR": 0.6111111111111112,
    "BAGL": 0.0,
    "BAGR": 0.6428571428571429,
    "BDUL": 1.0,
    "BDUR": 0.0,
    "CANL": 0.30952380952380953,
    "CANR": 0.7857142857142857,
    "CEPDL": 0.06874294013232209,
    "CEPDR": 0.0649151841125362,
    "CEPVL": 0.07430415490116983,
    "CEPVR": 0.06467031620230411,
    "DA1": 0.3,
    "DA2": 0.45555555555555555,
    "DA3": 0.5,
    "DA4": 0.35714285714285715,
    "DA5": 0.4523809523809524,
    "DA6": 0.42727272727272725,
    "DA7": 0.5448717948717948,
    "DA8": 0.5303030303030303,
    "DA9": 0.4444444444444444,
    "DB1": 0.4583333333333333,
    "DB2": 0.5727272727272728,
    "DB3": 0.6805555555555556,
    "DB4": 0.509090909090909,
    "DB5": 0.5769230769230769,
    "DB6": 0.45555555555555555,
    "DB7": 0.6,
    "DD1": 0.509090909090909,
    "DD2": 0.5416666666666666,
    "DD3": 0.6,
    "DD4": 0.6111111111111112,
    "DD5": 0.5363636363636364,
    "DD6": 0.5777777777777777,
    "DVA": 0.5833333333333334,
    "DVB": 0.0,
    "DVC": 0.5,
    "FLPL": 0.3,
    "FLPR": 0.5,
    "HSNL": 0.09938875305623472,
    "HSNR": 0.09032983508245877,
    "I1L": 0.6333333333333333,
    "I1R": 0.6454545454545455,
    "I2L": 0.7333333333333333,
    "I2R": 0.6089743589743589,
    "I3": 0.6,
    "I4": 0.8333333333333334,
    "I5": 0.0,
    "I6": 0.44871794871794873,
    "IL1DL": 0.5,
    "IL1DR": 1.0,
    "IL1L": 0.5892857142857143,
    "IL1R": 0.5,
    "IL1VL": 0.6666666666666666,
    "IL1VR": 0.8,
    "IL2DL": 0.4861111111111111,
    "IL2DR": 0.44696969696969696,
    "IL2L": 0.6,
    "IL2R": 0.4722222222222222,
    "IL2VL": 0.6428571428571429,
    "IL2VR": 0.6071428571428571,
    "LUAL": 0.5833333333333334,
    "LUAR": 0.5,
    "M1": 0.5909090909090909,
    "M2L": 0.5892857142857143,
    "M2R": 0.7321428571428571,
    "M3L": 0.7142857142857143,
    "M3R": 0.5892857142857143,
    "M4": 0.5555555555555556,
    "M5": 0.7,
    "MCL": 0.75,
    "MCR": 0.5476190476190477,
    "MI": 0.0,
    "NSML": 0.10749414519906324,
    "NSMR": 0.09575,
    "OLLL": 0.0,
    "OLLR": 0.6454545454545455,
    "OLQDL": 0.4642857142857143,
    "OLQDR": 0.4888888888888889,
    "OLQVL": 0.5222222222222223,
    "OLQVR": 0.3,
    "PDA": 0.5227272727272727,
    "PDB": 0.0,
    "PDEL": 0.0692651439920556,
    "PDER": 0.04980757182493511,
    "PHAL": 0.6666666666666666,
    "PHAR": 0.625,
    "PHBL": 0.5333333333333333,
    "PHBR": 0.65,
    "PHCL": 0.5416666666666666,
    "PHCR": 0.5694444444444444,
    "PLML": 0.5555555555555556,
    "PLMR": 0.5952380952380952,
    "PLNL": 0.6666666666666666,
    "PLNR": 0.5666666666666667,
    "PQR": 0.7619047619047619,
    "PVCL": 0.5,
    "PVCR": 0.0,
    "PVDL": 0.5555555555555556,
    "PVDR": 0.35714285714285715,
    "PVM": 0.0,
    "PVNL": 0.0,
    "PVNR": 0.0,
    "PVPL": 0.0,
    "PVPR": 0.0,
    "PVQL": 0.509090909090909,
    "PVQR": 0.5,
    "PVR": 0.0,
    "PVT": 0.46794871794871795,
    "PVWL": 0.0,
    "PVWR": 0.0,
    "RIAL": 0.5444444444444444,
    "RIAR": 0.5272727272727272,
    "RIBL": 0.5111111111111111,
    "RIBR": 0.6964285714285714,
    "RICL": 0.19472182596291013,
    "RICR": 0.1769578313253012,
    "RID": 0.4166666666666667,
    "RIFL": 0.0,
    "RIFR": 0.0,
    "RIGL": 0.0,
    "RIGR": 0.0,
    "RIH": 0.0,
    "RIML": 0.05949315625423499,
    "RIMR": 0.06220229756234239,
    "RIPL": 0.0,
    "RIPR": 0.0,
    "RIR": 0.0,
    "RIS": 0.5636363636363636,
    "RIVL": 0.0,
    "RIVR": 0.0,
    "RMDDL": 0.35714285714285715,
    "RMDDR": 0.4583333333333333,
    "RMDL": 0.6190476190476191,
    "RMDR": 0.5833333333333334,
    "RMDVL": 0.6,
    "RMDVR": 0.4888888888888889,
    "RMED": 0.5416666666666666,
    "RMEL": 0.4772727272727273,
    "RMER": 0.6,
    "RMEV": 0.5416666666666666,
    "RMFL": 0.5357142857142857,
    "RMFR": 0.6,
    "RMGL": 0.0,
    "RMGR": 0.0,
    "RMHL": 0.4636363636363636,
    "RMHR": 0.65,
    "SAADL": 0.0,
    "SAADR": 0.0,
    "SAAVL": 0.0,
    "SAAVR": 0.0,
    "SABD": 0.5535714285714286,
    "SABVL": 0.4777777777777778,
    "SABVR": 0.5576923076923077,
    "SDQL": 0.45,
    "SDQR": 0.8333333333333334,
    "SIADL": 0.5272727272727272,
    "SIADR": 0.4666666666666667,
    "SIAVL": 0.5,
    "SIAVR": 0.5384615384615384,
    "SIBDL": 0.45,
    "SIBDR": 0.625,
    "SIBVL": 0.5714285714285714,
    "SIBVR": 0.44642857142857145,
    "SMBDL": 0.0,
    "SMBDR": 0.0,
    "SMBVL": 0.0,
    "SMBVR": 0.0,
    "SMDDL": 0.8333333333333334,
    "SMDDR": 1.0,
    "SMDVL": 0.6190476190476191,
    "SMDVR": 0.0,
    "URADL": 0.0,
    "URADR": 0.0,
    "URAVL": 0.0,
    "URAVR": 0.0,
    "URBL": 0.0,
    "URBR": 0.0,
    "URXL": 0.0,
    "URXR": 0.0,
    "URYDL": 0.625,
    "URYDR": 0.4111111111111111,
    "URYVL": 0.5444444444444444,
    "URYVR": 0.48484848484848486,
    "VA1": 0.5357142857142857,
    "VA10": 0.6666666666666666,
    "VA11": 0.7142857142857143,
    "VA12": 0.6666666666666666,
    "VA2": 0.47619047619047616,
    "VA3": 0.55,
    "VA4": 0.5416666666666666,
    "VA5": 0.5555555555555556,
    "VA6": 0.3333333333333333,
    "VA7": 0.39285714285714285,
    "VA8": 0.6388888888888888,
    "VA9": 0.5,
    "VB1": 0.48214285714285715,
    "VB10": 0.44545454545454544,
    "VB11": 0.3333333333333333,
    "VB2": 0.40476190476190477,
    "VB3": 0.4107142857142857,
    "VB4": 0.5,
    "VB5": 0.43333333333333335,
    "VB6": 0.45,
    "VB7": 0.4305555555555556,
    "VB8": 0.4642857142857143,
    "VB9": 0.5535714285714286,
    "VC1": 0.0,
    "VC2": 0.0,
    "VC3": 0.0,
    "VC4": 0.0,
    "VC5": 0.0,
    "VC6": 0.0,
    "VD1": 0.5714285714285714,
    "VD10": 0.4727272727272727,
    "VD11": 0.4696969696969697,
    "VD12": 0.6666666666666666,
    "VD13": 0.5555555555555556,
    "VD2": 0.4727272727272727,
    "VD3": 0.5,
    "VD4": 0.4777777777777778,
    "VD5": 0.5694444444444444,
    "VD6": 0.4621212121212121,
    "VD7": 0.5416666666666666,
    "VD8": 0.47619047619047616,
    "VD9": 0.48484848484848486
  },
  "density": 0.02147367494664584,
  "global_efficiency": 0.7262074992055926,
  "maximum_modularity": 0.0978887773783929,