{
  "clustering_coefficients": {
    "ADAL": 0.0,
    "ADAR": 0.0,
    "ADEL": 0.06377377717391304,
    "ADER": 0.06748826291079812,
    "ADFL": 0.02604637157482686,
    "ADFR": 0.03507979524239687,
    "ADLL": 0.6666666666666666,
    "ADLR": 0.75,
    "AFDL": 0.8333333333333334,
    "AFDR": 0.4166666666666667,
    "AIAL": 0.5714285714285714,
    "AIAR": 0.5757575757575758,
    "AIBL": 0.5238095238095238,
    "AIBR": 0.5,
    "AIML": 0.5,
    "AIMR": 0.5448717948717948,
    "AINL": 0.0,
    "AINR": 0.0,
    "AIYL": 0.5333333333333333,
    "AIYR": 0.5111111111111111,
    "AIZL": 0.5178571428571429,
    "AIZR": 0.6527777777777778,
    "ALA": 0.0,
    "ALML": 0.5,
    "ALMR": 0.5888888888888889,
    "ALNL": 0.5892857142857143,
    "ALNR": 0.47802197802197804,
    "AQR": 0.0,
    "AS1": 0.5972222222222222,
    "AS10": 0.5666666666666667,
    "AS11": 0.6071428571428571,
    "AS2": 0.3,
    "AS3": 0.5138888888888888,
    "AS4": 0.3333333333333333,
    "AS5": 0.7333333333333333,
    "AS6": 0.44642857142857145,
    "AS7": 0.5972222222222222,
    "AS8": 0.45054945054945056,
    "AS9": 0.5138888888888888,
    "ASEL": 0.6363636363636364,
    "ASER": 0.39285714285714285,
    "ASGL": 0.5535714285714286,
    "ASGR": 0.35714285714285715,
    "ASHL": 0.5378787878787878,
    "ASHR": 0.4523809523809524,
    "ASIL": 0.3333333333333333,
    "ASIR": 0.5,
    "ASJL": 0.0,
    "ASJR": 0.0,
    "ASKL": 0.509090909090909,
    "ASKR": 0.4861111111111111,
    "AUAL": 0.4583333333333333,
    "AUAR": 0.4888888888888889,
    "AVAL": 0.0,
    "AVAR": 0.0,
    "AVBL": 0.3,
    "AVBR": 0.5952380952380952,
    "AVDL": 0.0,
    "AVDR": 0.0,
    "AVEL": 0.0,
    "AVER": 0.0,
    "AVFL": 0.5,
    "AVFR": 0.5727272727272728,
    "AVG": 0.0,
    "AVHL": 0.5,
    "AVHR": 0.5,
    "AVJL": 0.8095238095238095,
    "AVJR": 0.5727272727272728,
    "AVKL": 0.0,
    "AVKR": 0.0,
    "AVL": 0.6363636363636364,
    "AVM": 0.35,
    "AWAL": 0.0,
    "AWAR": 0.0,
    "AWBL": 0.5303030303030303,
    "AWBR": 0.6060606060606061,
    "AWCL": 1.0,
    "AWCR": 0.6666666666666666,
    "BAGL": 0.5333333333333333,
    "BAGR": 0.5,
    "BDUL": 0.6666666666666666,
    "BDUR": 1.0,
    "CANL": 0.5892857142857143,
    "CANR": 0.5454545454545454,
    "CEPDL": 0.07470754336425978,
    "CEPDR": 0.07217973231357552,
    "CEPVL": 0.07314853123707075,
    "CEPVR": 0.06496815286624204,
    "DA1": 0.44545454545454544,
    "DA2": 0.5151515151515151,
    "DA3": 0.5512820512820513,
    "DA4": 0.5,
    "DA5": 0.5378787878787878,
    "DA6": 0.5277777777777778,
    "DA7": 0.38181818181818183,
    "DA8": 0.6111111111111112,
    "DA9": 0.4861111111111111,
    "DB1": 0.5727272727272728,
    "DB2": 0.5192307692307693,
    "DB3": 0.6222222222222222,
    "DB4": 0.3888888888888889,
    "DB5": 0.5272727272727272,
    "DB6": 0.4318181818181818,
    "DB7": 0.5378787878787878,
    "DD1": 0.5222222222222223,
    "DD2": 0.5636363636363636,
    "DD3": 0.6666666666666666,
    "DD4": 0.4772727272727273,
    "DD5": 0.4305555555555556,
    "DD6": 0.5818181818181818,
    "DVA": 0.6607142857142857,
    "DVB": 0.0,
    "DVC": 0.5714285714285714,
    "FLPL": 0.75,
    "FLPR": 0.5535714285714286,
    "HSNL": 0.10217696629213484,
    "HSNR": 0.10542944067399954,
    "I1L": 0.0,
    "I1R": 0.6904761904761905,
    "I2L": 0.5111111111111111,
    "I2R": 0.5128205128205128,
    "I3": 0.5972222222222222,
    "I4": 0.5714285714285714,
    "I5": 0.0,
    "I6": 0.5714285714285714,
    "IL1DL": 0.6666666666666666,
    "IL1DR": 0.5,
    "IL1L": 0.3333333333333333,
    "IL1R": 0.5,
    "IL1VL": 0.6666666666666666,
    "IL1VR": 0.5833333333333334,
    "IL2DL": 0.6111111111111112,
    "IL2DR": 0.6181818181818182,
    "IL2L": 0.3392857142857143,
    "IL2R": 0.6111111111111112,
    "IL2VL": 0.4166666666666667,
    "IL2VR": 0.5238095238095238,
    "LUAL": 0.625,
    "LUAR": 0.5952380952380952,
    "M1": 0.6,
    "M2L": 0.5535714285714286,
    "M2R": 0.5,
    "M3L": 0.5972222222222222,
    "M3R": 0.7,
    "M4": 0.4393939393939394,
    "M5": 0.6555555555555556,
    "MCL": 0.6333333333333333,
    "MCR": 0.5384615384615384,
    "MI": 0.0,
    "NSML": 0.06921539230384807,
    "NSMR": 0.10868039307440337,
    "OLLL": 0.0,
    "OLLR": 0.45,
    "OLQDL": 0.8333333333333334,
    "OLQDR": 0.6181818181818182,
    "OLQVL": 0.4444444444444444,
    "OLQVR": 0.6666666666666666,
    "PDA": 0.5363636363636364,
    "PDB": 0.0,
    "PDEL": 0.06367397600330989,
    "PDER": 0.02961451247165533,
    "PHAL": 0.5,
    "PHAR": 0.6,
    "PHBL": 0.5,
    "PHBR": 0.5666666666666667,
    "PHCL": 0.47619047619047616,
    "PHCR": 0.5666666666666667,
    "PLML": 0.5454545454545454,
    "PLMR": 0.6607142857142857,
    "PLNL": 0.41818181818181815,
    "PLNR": 0.5,
    "PQR": 0.4111111111111111,
    "PVCL": 0.8333333333333334,
    "PVCR": 0.5,
    "PVDL": 0.5222222222222223,
    "PVDR": 0.5178571428571429,
    "PVM": 0.0,
    "PVNL": 0.0,
    "PVNR": 0.0,
    "PVPL": 0.0,
    "PVPR": 0.0,
    "PVQL": 0.6666666666666666,
    "PVQR": 0.7619047619047619,
    "PVR": 0.0,
    "PVT": 0.625,
    "PVWL": 0.0,
    "PVWR": 0.0,
    "RIAL": 0.554945054945055,
    "RIAR": 0.5545454545454546,
    "RIBL": 0.5714285714285714,
    "RIBR": 0.5222222222222223,
    "RICL": 0.1875891583452211,
    "RICR": 0.17564102564102563,
    "RID": 0.38181818181818183,
    "RIFL": 0.0,
    "RIFR": 0.0,
    "RIGL": 0.0,
    "RIGR": 0.0,
    "RIH": 0.0,
    "RIML": 0.07889385929239529,
    "RIMR": 0.07517711886643925,
    "RIPL": 0.0,
    "RIPR": 0.0,
    "RIR": 0.0,
    "RIS": 0.5138888888888888,
    "RIVL": 0.0,
    "RIVR": 0.0,
    "RMDDL": 0.4523809523809524,
    "RMDDR": 0.5545454545454546,
    "RMDL": 0.5757575757575758,
    "RMDR": 0.5952380952380952,
    "RMDVL": 0.5777777777777777,
    "RMDVR": 0.5714285714285714,
    "RMED": 0.5454545454545454,
    "RMEL": 0.40476190476190477,
    "RMER": 0.30357142857142855,
    "RMEV": 0.6785714285714286,
    "RMFL": 0.6785714285714286,
    "RMFR": 0.6333333333333333,
    "RMGL": 0.0,
    "RMGR": 0.0,
    "RMHL": 0.5892857142857143,
    "RMHR": 0.5181818181818182,
    "SAADL": 0.0,
    "SAADR": 0.0,
    "SAAVL": 0.0,
    "SAAVR": 0.0,
    "SABD": 0.5444444444444444,
    "SABVL": 0.0,
    "SABVR": 0.0,
    "SDQL": 0.0,
    "SDQR": 0.7666666666666667,
    "SIADL": 0.4666666666666667,
    "SIADR": 0.553030303030303,
    "SIAVL": 0.6333333333333333,
    "SIAVR": 0.3888888888888889,
    "SIBDL": 0.45,
    "SIBDR": 0.6060606060606061,
    "SIBVL": 0.5138888888888888,
    "SIBVR": 0.625,
    "SMBDL": 0.0,
    "SMBDR": 0.0,
    "SMBVL": 0.0,
    "SMBVR": 0.0,
    "SMDDL": 0.6181818181818182,
    "SMDDR": 0.0,
    "SMDVL": 0.16666666666666666,
    "SMDVR": 0.5555555555555556,
    "URADL": 0.0,
    "URADR": 0.0,
    "URAVL": 0.0,
    "URAVR": 0.0,
    "URBL": 0.0,
    "URBR": 0.0,
    "URXL": 0.0,
    "URXR": 0.0,
    "URYDL": 0.4107142857142857,
    "URYDR": 0.6,
    "URYVL": 0.3888888888888889,
    "URYVR": 0.5363636363636364,
    "VA1": 0.4,
    "VA10": 0.43333333333333335,
    "VA11": 0.5277777777777778,
    "VA12": 0.5222222222222223,
    "VA2": 0.6666666666666666,
    "VA3": 0.6666666666666666,
    "VA4": 0.5357142857142857,
    "VA5": 0.4222222222222222,
    "VA6": 0.4166666666666667,
    "VA7": 0.4166666666666667,
    "VA8": 0.5714285714285714,
    "VA9": 0.5,
    "VB1": 0.5,
    "VB10": 0.5,
    "VB11": 0.4772727272727273,
    "VB2": 0.5636363636363636,
    "VB3": 0.5222222222222223,
    "VB4": 0.4305555555555556,
    "VB5": 0.5888888888888889,
    "VB6": 0.6181818181818182,
    "VB7": 0.5222222222222223,
    "VB8": 0.3,
    "VB9": 0.5333333333333333,
    "VC1": 0.0,
    "VC2": 0.0,
    "VC3": 0.0,
    "VC4": 0.0,
    "VC5": 0.0,
    "VC6": 0.0,
    "VD1": 0.5681818181818182,
    "VD10": 0.5,
    "VD11": 0.4027777777777778,
    "VD12": 0.4642857142857143,
    "VD13": 0.5666666666666667,
    "VD2": 0.6333333333333333,
    "VD3": 0.5272727272727272,
    "VD4": 0.38181818181818183,
    "VD5": 0.7333333333333333,
    "VD6": 0.5,
    "VD7": 0.6527777777777778,
    "VD8": 0.6111111111111112,