{
  "clustering_coefficients": {
    "ADAL": 0.0,
    "ADAR": 0.0,
    "ADEL": 0.044422856133533514,
    "ADER": 0.05334842008213896,
    "ADFL": 0.031466425775368866,
    "ADFR": 0.049834387232761214,
    "ADLL": 0.5714285714285714,
    "ADLR": 0.5238095238095238,
    "AFDL": 0.25,
    "AFDR": 0.6428571428571429,
    "AIAL": 0.4583333333333333,
    "AIAR": 0.5714285714285714,
    "AIBL": 0.5303030303030303,
    "AIBR": 0.43333333333333335,
    "AIML": 0.42727272727272725,
    "AIMR": 0.5,
    "AINL": 0.0,
    "AINR": 0.0,
    "AIYL": 0.5272727272727272,
    "AIYR": 0.5,
    "AIZL": 0.4722222222222222,
    "AIZR": 0.5178571428571429,
    "ALA": 0.0,
    "ALML": 0.43333333333333335,
    "ALMR": 0.5384615384615384,
    "ALNL": 0.5128205128205128,
    "ALNR": 0.6111111111111112,
    "AQR": 0.0,
    "AS1": 1.0,
    "AS10": 0.625,
    "AS11": 0.5238095238095238,
    "AS2": 0.5178571428571429,
    "AS3": 0.45555555555555555,
    "AS4": 0.6333333333333333,
    "AS5": 0.3888888888888889,
    "AS6": 0.4642857142857143,
    "AS7": 0.375,
    "AS8": 0.5,
    "AS9": 0.38095238095238093,
    "ASEL": 0.5416666666666666,
    "ASER": 0.509090909090909,
    "ASGL": 0.7,
    "ASGR": 0.5,
    "ASHL": 0.5909090909090909,
    "ASHR": 0.5666666666666667,
    "ASIL": 0.5535714285714286,
    "ASIR": 0.6190476190476191,
    "ASJL": 0.0,
    "ASJR": 0.0,
    "ASKL": 0.4861111111111111,
    "ASKR": 0.4,
    "AUAL": 0.4,
    "AUAR": 0.4818181818181818,
    "AVAL": 0.0,
    "AVAR": 0.0,
    "AVBL": 0.5333333333333333,
    "AVBR": 0.75,
    "AVDL": 0.0,
    "AVDR": 0.0,
    "AVEL": 0.0,
    "AVER": 0.0,
    "AVFL": 0.5972222222222222,
    "AVFR": 0.4222222222222222,
    "AVG": 0.0,
    "AVHL": 0.0,
    "AVHR": 0.5,
    "AVJL": 0.65,
    "AVJR": 0.5714285714285714,
    "AVKL": 0.0,
    "AVKR": 0.0,
    "AVL": 0.5333333333333333,
    "AVM": 0.4,
    "AWAL": 0.0,
    "AWAR": 0.0,
    "AWBL": 0.42857142857142855,
    "AWBR": 0.4166666666666667,
    "AWCL": 0.7333333333333333,
    "AWCR": 0.5,
    "BAGL": 0.5,
    "BAGR": 0.0,
    "BDUL": 0.55,
    "BDUR": 0.6666666666666666,
    "CANL": 0.509090909090909,
    "CANR": 0.4111111111111111,
    "CEPDL": 0.06748593181065872,
    "CEPDR": 0.042666666666666665,
    "CEPVL": 0.06404560315198256,
    "CEPVR": 0.0642442329407969,
    "DA1": 0.5111111111111111,
    "DA2": 0.375,
    "DA3": 0.5,
    "DA4": 0.5,
    "DA5": 0.5192307692307693,
    "DA6": 0.5238095238095238,
    "DA7": 0.5576923076923077,
    "DA8": 0.39285714285714285,
    "DA9": 0.5,
    "DB1": 0.5181818181818182,
    "DB2": 0.5555555555555556,
    "DB3": 0.5666666666666667,
    "DB4": 0.4888888888888889,
    "DB5": 0.5576923076923077,
    "DB6": 0.4818181818181818,
    "DB7": 0.5,
    "DD1": 0.43333333333333335,
    "DD2": 0.6666666666666666,
    "DD3": 0.5454545454545454,
    "DD4": 0.39285714285714285,
    "DD5": 0.46794871794871795,
    "DD6": 0.5181818181818182,
    "DVA": 0.5,
    "DVB": 0.0,
    "DVC": 0.4166666666666667,
    "FLPL": 0.625,
    "FLPR": 0.5448717948717948,
    "HSNL": 0.09711219013544595,
    "HSNR": 0.0815686274509804,
    "I1L": 0.5357142857142857,
    "I1R": 0.4111111111111111,
    "I2L": 0.4444444444444444,
    "I2R": 0.5833333333333334,
    "I3": 0.4,
    "I4": 0.5178571428571429,
    "I5": 0.0,
    "I6": 0.5,
    "IL1DL": 0.5,
    "IL1DR": 0.5,
    "IL1L": 0.5,
    "IL1R": 0.6904761904761905,
    "IL1VL": 0.5181818181818182,
    "IL1VR": 0.5111111111111111,
    "IL2DL": 0.4666666666666667,
    "IL2DR": 0.4444444444444444,
    "IL2L": 0.4444444444444444,
    "IL2R": 0.5833333333333334,
    "IL2VL": 0.5,
    "IL2VR": 0.625,
    "LUAL": 0.5,
    "LUAR": 0.3333333333333333,
    "M1": 0.5,
    "M2L": 0.44545454545454544,
    "M2R": 0.5909090909090909,
    "M3L": 0.5,
    "M3R": 0.4835164835164835,
    "M4": 0.5178571428571429,
    "M5": 0.5555555555555556,
    "MCL": 0.46794871794871795,
    "MCR": 0.4666666666666667,
    "MI": 0.0,
    "NSML": 0.10589749590451673,
    "NSMR": 0.10444342647732478,
    "OLLL": 0.5,
    "OLLR": 0.42424242424242425,
    "OLQDL": 0.5,
    "OLQDR": 0.35,
    "OLQVL": 0.6428571428571429,
    "OLQVR": 0.5,
    "PDA": 0.5238095238095238,
    "PDB": 0.0,
    "PDEL": 0.06824279007377598,
    "PDER": 0.06019361244415026,
    "PHAL": 0.4666666666666667,
    "PHAR": 0.5357142857142857,
    "PHBL": 0.6666666666666666,
    "PHBR": 0.3333333333333333,
    "PHCL": 0.5333333333333333,
    "PHCR": 0.5833333333333334,
    "PLML": 0.4166666666666667,
    "PLMR": 0.55,
    "PLNL": 0.26785714285714285,
    "PLNR": 0.47619047619047616,
    "PQR": 0.5238095238095238,
    "PVCL": 0.8,
    "PVCR": 0.5833333333333334,
    "PVDL": 0.4107142857142857,
    "PVDR": 0.5227272727272727,
    "PVM": 0.0,
    "PVNL": 0.0,
    "PVNR": 0.0,
    "PVPL": 0.0,
    "PVPR": 0.0,
    "PVQL": 0.6071428571428571,
    "PVQR": 0.5972222222222222,
    "PVR": 0.0,
    "PVT": 0.4027777777777778,
    "PVWL": 0.0,
    "PVWR": 0.0,
    "RIAL": 0.509090909090909,
    "RIAR": 0.4835164835164835,
    "RIBL": 0.6428571428571429,
    "RIBR": 0.42857142857142855,
    "RICL": 0.15634920634920635,
    "RICR": 0.198586118251928,
    "RID": 0.5054945054945055,
    "RIFL": 0.0,
    "RIFR": 0.0,
    "RIGL": 0.0,
    "RIGR": 0.0,
    "RIH": 0.0,
    "RIML": 0.06652670253247606,
    "RIMR": 0.06790601600826233,
    "RIPL": 0.0,
    "RIPR": 0.0,
    "RIR": 0.0,
    "RIS": 0.509090909090909,
    "RIVL": 0.0,
    "RIVR": 0.0,
    "RMDDL": 0.55,
    "RMDDR": 0.4772727272727273,
    "RMDL": 0.5,
    "RMDR": 0.6,
    "RMDVL": 0.4423076923076923,
    "RMDVR": 0.4777777777777778,
    "RMED": 0.6666666666666666,
    "RMEL": 0.5,
    "RMER": 0.3333333333333333,
    "RMEV": 0.509090909090909,
    "RMFL": 0.5714285714285714,
    "RMFR": 0.4861111111111111,
    "RMGL": 0.0,
    "RMGR": 0.0,
    "RMHL": 0.4722222222222222,
    "RMHR": 0.5972222222222222,
    "SAADL": 0.0,
    "SAADR": 0.0,
    "SAAVL": 0.0,
    "SAAVR": 0.0,
    "SABD": 0.5,
    "SABVL": 0.16666666666666666,
    "SABVR": 0.3333333333333333,
    "SDQL": 0.5439560439560439,
    "SDQR": 0.5,
    "SIADL": 0.5,
    "SIADR": 0.5476190476190477,
    "SIAVL": 0.4444444444444444,
    "SIAVR": 0.5178571428571429,
    "SIBDL": 0.4777777777777778,
    "SIBDR": 0.5972222222222222,
    "SIBVL": 0.5,
    "SIBVR": 0.5333333333333333,
    "SMBDL": 0.0,
    "SMBDR": 0.0,
    "SMBVL": 0.0,
    "SMBVR": 0.0,
    "SMDDL": 0.0,
    "SMDDR": 0.5,
    "SMDVL": 0.5,
    "SMDVR": 0.43333333333333335,
    "URADL": 0.0,
    "URADR": 0.0,
    "URAVL": 0.0,
    "URAVR": 0.0,
    "URBL": 0.0,
    "URBR": 0.0,
    "URXL": 0.0,
    "URXR": 0.0,
    "URYDL": 0.3194444444444444,
    "URYDR": 0.5777777777777777,
    "URYVL": 0.4772727272727273,
    "URYVR": 0.4909090909090909,
    "VA1": 0.5227272727272727,
    "VA10": 0.4,
    "VA11": 0.43636363636363634,
    "VA12": 0.5555555555555556,
    "VA2": 0.5636363636363636,
    "VA3": 0.4444444444444444,
    "VA4": 0.5,
    "VA5": 0.5777777777777777,
    "VA6": 0.4909090909090909,
    "VA7": 0.4305555555555556,
    "VA8": 0.5555555555555556,
    "VA9": 0.5,
    "VB1": 0.4166666666666667,
    "VB10": 0.4393939393939394,
    "VB11": 0.4111111111111111,
    "VB2": 0.5476190476190477,
    "VB3": 0.4777777777777778,
    "VB4": 0.5357142857142857,
    "VB5": 0.5833333333333334,
    "VB6": 0.6607142857142857,
    "VB7": 0.4583333333333333,
    "VB8": 0.5416666666666666,
    "VB9": 0.4393939393939394,
    "VC1": 0.0,
    "VC2": 0.0,
    "VC3": 0.0,
    "VC4": 0.0,
    "VC5": 0.0,
    "VC6": 0.0,
    "VD1": 0.6,
    "VD10": 0.5333333333333333,
    "VD11": 0.6,
    "VD12": 0.3939393939393939,
    "VD13": 0.5277777777777778,
    "VD2": 0.4861111111111111,
    "VD3": 0.6,
    "VD4": 0.5075757575757576,
    "VD5": 0.6071428571428571,
    "VD6": 0.8333333333333334,
    "VD7": 0.4818181818181818,
    "VD8": 0.5272727272727272,
    "VD9": 0.5535714285714286
  },
  "density": 0.02147367494664584,
  "global_efficiency": 0.723501028318304,
  "maximum_modularity": 0.10320357640755173,
  "mean_path_length": 1.5859041290934979,