{
  "clustering_coefficients": {
    "ADAL": 0.0,
    "ADAR": 0.0,
    "ADEL": 0.06353234686854783,
    "ADER": 0.06009554940910234,
    "ADFL": 0.031616982836495035,
    "ADFR": 0.07542908762420958,
    "ADLL": 0.6666666666666666,
    "ADLR": 0.5952380952380952,
    "AFDL": 0.5555555555555556,
    "AFDR": 0.5,
    "AIAL": 0.6444444444444445,
    "AIAR": 0.5892857142857143,
    "AIBL": 0.554945054945055,
    "AIBR": 0.35714285714285715,
    "AIML": 0.5909090909090909,
    "AIMR": 0.5448717948717948,
    "AINL": 0.0,
    "AINR": 0.0,
    "AIYL": 0.7142857142857143,
    "AIYR": 0.5694444444444444,
    "AIZL": 0.39090909090909093,
    "AIZR": 0.5378787878787878,
    "ALA": 0.0,
    "ALML": 0.509090909090909,
    "ALMR": 0.6666666666666666,
    "ALNL": 0.5274725274725275,
    "ALNR": 0.5555555555555556,
    "AQR": 0.0,
    "AS1": 0.45555555555555555,
    "AS10": 0.6428571428571429,
    "AS11": 0.6,
    "AS2": 0.4111111111111111,
    "AS3": 0.5,
    "AS4": 0.5277777777777778,
    "AS5": 0.5888888888888889,
    "AS6": 0.5357142857142857,
    "AS7": 0.5,
    "AS8": 0.5555555555555556,
    "AS9": 0.7,
    "ASEL": 0.6,
    "ASER": 0.6111111111111112,
    "ASGL": 0.4727272727272727,
    "ASGR": 0.625,
    "ASHL": 0.6071428571428571,
    "ASHR": 0.6785714285714286,
    "ASIL": 0.6388888888888888,
    "ASIR": 0.6,
    "ASJL": 0.0,
    "ASJR": 0.0,
    "ASKL": 0.48214285714285715,
    "ASKR": 0.532967032967033,
    "AUAL": 0.5769230769230769,
    "AUAR": 0.6333333333333333,
    "AVAL": 0.0,
    "AVAR": 0.0,
    "AVBL": 0.0,
    "AVBR": 0.55,
    "AVDL": 0.0,
    "AVDR": 0.0,
    "AVEL": 0.0,
    "AVER": 0.0,
    "AVFL": 0.5178571428571429,
    "AVFR": 0.4722222222222222,
    "AVG": 0.0,
    "AVHL": 0.532051282051282,
    "AVHR": 0.4666666666666667,
    "AVJL": 0.5714285714285714,
    "AVJR": 0.5892857142857143,
    "AVKL": 0.0,
    "AVKR": 0.0,
    "AVL": 0.5454545454545454,
    "AVM": 0.5357142857142857,
    "AWAL": 0.0,
    "AWAR": 0.0,
    "AWBL": 0.6333333333333333,
    "AWBR": 0.5833333333333334,
    "AWCL": 0.6333333333333333,
    "AWCR": 0.5,
    "BAGL": 0.5333333333333333,
    "BAGR": 0.5606060606060606,
    "BDUL": 0.5555555555555556,
    "BDUR": 1.0,
    "CANL": 0.5222222222222223,
    "CANR": 0.5494505494505495,
    "CEPDL": 0.080704270235819,
    "CEPDR": 0.064613266798589,
    "CEPVL": 0.06763733161248689,
    "CEPVR": 0.06702883751327506,
    "DA1": 0.4107142857142857,
    "DA2": 0.8,
    "DA3": 0.5,
    "DA4": 0.6,
    "DA5": 0.532051282051282,
    "DA6": 0.6071428571428571,
    "DA7": 0.6,
    "DA8": 0.4636363636363636,
    "DA9": 0.8333333333333334,
    "DB1": 0.4666666666666667,
    "DB2": 0.6181818181818182,
    "DB3": 0.5606060606060606,
    "DB4": 0.5,
    "DB5": 0.4861111111111111,
    "DB6": 0.509090909090909,
    "DB7": 0.5888888888888889,
    "DD1": 0.5444444444444444,
    "DD2": 0.6,
    "DD3": 0.5357142857142857,
    "DD4": 0.45454545454545453,
    "DD5": 0.4722222222222222,
    "DD6": 0.44545454545454544,
    "DVA": 0.4666666666666667,
    "DVB": 0.0,
    "DVC": 0.4,
    "FLPL": 0.3333333333333333,
    "FLPR": 0.5972222222222222,
    "HSNL": 0.08593554833874593,
    "HSNR": 0.07998129092609915,
    "I1L": 0.5476190476190477,
    "I1R": 0.5555555555555556,
    "I2L": 0.6333333333333333,
    "I2R": 0.5833333333333334,
    "I3": 0.7380952380952381,
    "I4": 0.55,
    "I5": 0.0,
    "I6": 0.4818181818181818,
    "IL1DL": 0.4861111111111111,
    "IL1DR": 0.6666666666666666,
    "IL1L": 0.3333333333333333,
    "IL1R": 0.7222222222222222,
    "IL1VL": 0.5333333333333333,
    "IL1VR": 0.8333333333333334,
    "IL2DL": 0.4444444444444444,
    "IL2DR": 0.5238095238095238,
    "IL2L": 0.3,
    "IL2R": 0.6388888888888888,
    "IL2VL": 0.5151515151515151,
    "IL2VR": 0.625,
    "LUAL": 0.3333333333333333,
    "LUAR": 0.6666666666666666,
    "M1": 0.5694444444444444,
    "M2L": 0.6666666666666666,
    "M2R": 0.5833333333333334,
    "M3L": 0.5454545454545454,
    "M3R": 0.625,
    "M4": 0.5333333333333333,
    "M5": 0.5833333333333334,
    "MCL": 0.625,
    "MCR": 0.6666666666666666,
    "MI": 0.0,
    "NSML": 0.12568744271310725,
    "NSMR": 0.07449032932566649,
    "OLLL": 1.0,
    "OLLR": 0.6666666666666666,
    "OLQDL": 0.5,
    "OLQDR": 0.0,
    "OLQVL": 0.0,
    "OLQVR": 0.0,
    "PDA": 0.5888888888888889,
    "PDB": 0.0,
    "PDEL": 0.04956842369898601,
    "PDER": 0.07195465077788811,
    "PHAL": 0.6666666666666666,
    "PHAR": 0.5,
    "PHBL": 0.5888888888888889,
    "PHBR": 0.43333333333333335,
    "PHCL": 0.5444444444444444,
    "PHCR": 0.5833333333333334,
    "PLML": 0.4107142857142857,
    "PLMR": 0.5,
    "PLNL": 0.5777777777777777,
    "PLNR": 0.4722222222222222,
    "PQR": 0.44642857142857145,
    "PVCL": 0.5,
    "PVCR": 0.0,
    "PVDL": 0.5555555555555556,
    "PVDR": 0.6527777777777778,
    "PVM": 0.0,
    "PVNL": 0.0,
    "PVNR": 0.0,
    "PVPL": 0.0,
    "PVPR": 0.0,
    "PVQL": 0.5,
    "PVQR": 0.5444444444444444,
    "PVR": 0.0,
    "PVT": 0.6666666666666666,
    "PVWL": 0.0,
    "PVWR": 0.0,
    "RIAL": 0.5,
    "RIAR": 0.49242424242424243,
    "RIBL": 0.4107142857142857,
    "RIBR": 0.5714285714285714,
    "RICL": 0.1588235294117647,
    "RICR": 0.1246031746031746,
    "RID": 0.4583333333333333,
    "RIFL": 0.0,
    "RIFR": 0.0,
    "RIGL": 0.0,
    "RIGR": 0.0,
    "RIH": 0.0,
    "RIML": 0.07386666666666666,
    "RIMR": 0.07321873769846476,
    "RIPL": 0.0,
    "RIPR": 0.0,
    "RIR": 0.0,
    "RIS": 0.5,
    "RIVL": 0.0,
    "RIVR": 0.0,
    "RMDDL": 0.5,
    "RMDDR": 0.5238095238095238,
    "RMDL": 0.5535714285714286,
    "RMDR": 0.6428571428571429,
    "RMDVL": 0.5454545454545454,
    "RMDVR": 0.6444444444444445,
    "RMED": 0.6111111111111112,
    "RMEL": 0.5897435897435898,
    "RMER": 0.7222222222222222,
    "RMEV": 0.5892857142857143,
    "RMFL": 0.6428571428571429,
    "RMFR": 0.5606060606060606,
    "RMGL": 0.0,
    "RMGR": 0.0,
    "RMHL": 0.5,
    "RMHR": 0.5357142857142857,
    "SAADL": 0.0,
    "SAADR": 0.0,
    "SAAVL": 0.0,
    "SAAVR": 0.0,
    "SABD": 0.0,
    "SABVL": 0.7,
    "SABVR": 0.0,
    "SDQL": 0.3333333333333333,
    "SDQR": 0.0,
    "SIADL": 0.43636363636363634,
    "SIADR": 0.4772727272727273,
    "SIAVL": 0.5984848484848485,
    "SIAVR": 0.5714285714285714,
    "SIBDL": 0.5181818181818182,
    "SIBDR": 0.6090909090909091,
    "SIBVL": 0.5380952380952381,
    "SIBVR": 0.5757575757575758,
    "SMBDL": 0.0,
    "SMBDR": 0.0,
    "SMBVL": 0.0,
    "SMBVR": 0.0,
    "SMDDL": 0.5666666666666667,
    "SMDDR": 0.5,
    "SMDVL": 0.6181818181818182,
    "SMDVR": 0.75,
    "URADL": 0.0,
    "URADR": 0.0,
    "URAVL": 0.0,
    "URAVR": 0.0,
    "URBL": 0.0,
    "URBR": 0.0,
    "URXL": 0.0,
    "URXR": 0.0,
    "URYDL": 0.6090909090909091,
    "URYDR": 0.5277777777777778,
    "URYVL": 0.5151515151515151,
    "URYVR": 0.5378787878787878,
    "VA1": 0.4772727272727273,
    "VA10": 0.42857142857142855,
    "VA11": 0.5,
    "VA12": 0.4888888888888889,
    "VA2": 0.5,
    "VA3": 0.6090909090909091,
    "VA4": 0.4305555555555556,
    "VA5": 0.7638888888888888,
    "VA6": 0.4818181818181818,
    "VA7": 0.5,
    "VA8": 0.5,
    "VA9": 0.5075757575757576,
    "VB1": 0.5178571428571429,
    "VB10": 0.5333333333333333,
    "VB11": 0.38095238095238093,
    "VB2": 0.5555555555555556,
    "VB3": 0.5,
    "VB4": 0.5272727272727272,
    "VB5": 0.5277777777777778,
    "VB6": 0.35,
    "VB7": 0.5384615384615384,
    "VB8": 0.5111111111111111,
    "VB9": 0.5357142857142857,
    "VC1": 0.0,
    "VC2": 0.0,
    "VC3": 0.0,
    "VC4": 0.0,
    "VC5": 0.0,
    "VC6": 0.0,
    "VD1": 0.5333333333333333,
    "VD10": 0.48214285714285715,
    "VD11": 0.4722222222222222,
    "VD12": 0.5192307692307693,
    "VD13": 0.6272727272727273,
    "VD2": 0.5714285714285714,
    "VD3": 0.5075757575757576,
    "VD4": 0.35714285714285715,
    "VD5": 0.5972222222222222,
    "VD6": 0.6222222222222222,
    "VD7": 0.5363636363636364,
    "VD8": 0.6,
    "VD9": 0.6904761904761905
  },
  "density": 0.02147367494664584,