{
  "clustering_coefficients": {
    "ADAL": 0.0,
    "ADAR": 0.0,
    "ADEL": 0.0658613271553864,
    "ADER": 0.07676280741890677,
    "ADFL": 0.028756398675097862,
    "ADFR": 0.04110207768744354,
    "ADLL": 0.2,
    "ADLR": 0.5833333333333334,
    "AFDL": 0.0,
    "AFDR": 0.0,
    "AIAL": 0.5,
    "AIAR": 0.6666666666666666,
    "AIBL": 0.6,
    "AIBR": 0.5444444444444444,
    "AIML": 0.5277777777777778,
    "AIMR": 0.5256410256410257,
    "AINL": 0.0,
    "AINR": 0.0,
    "AIYL": 0.5833333333333334,
    "AIYR": 0.5727272727272728,
    "AIZL": 0.5378787878787878,
    "AIZR": 0.6333333333333333,
    "ALA": 0.0,
    "ALML": 0.5777777777777777,
    "ALMR": 0.4727272727272727,
    "ALNL": 0.6,
    "ALNR": 0.5512820512820513,
    "AQR": 0.0,
    "AS1": 0.5444444444444444,
    "AS10": 0.5,
    "AS11": 0.553030303030303,
    "AS2": 0.40476190476190477,
    "AS3": 0.4,
    "AS4": 0.48214285714285715,
    "AS5": 0.6818181818181818,
    "AS6": 0.3,
    "AS7": 0.5,
    "AS8": 0.553030303030303,
    "AS9": 0.6333333333333333,
    "ASEL": 0.5984848484848485,
    "ASER": 0.6333333333333333,
    "ASGL": 0.6666666666666666,
    "ASGR": 0.4722222222222222,
    "ASHL": 0.4444444444444444,
    "ASHR": 0.75,
    "ASIL": 0.6111111111111112,
    "ASIR": 0.45,
    "ASJL": 0.0,
    "ASJR": 0.0,
    "ASKL": 0.5363636363636364,
    "ASKR": 0.4107142857142857,
    "AUAL": 0.6666666666666666,
    "AUAR": 0.48214285714285715,
    "AVAL": 0.0,
    "AVAR": 0.0,
    "AVBL": 0.0,
    "AVBR": 0.5,
    "AVDL": 0.0,
    "AVDR": 0.0,
    "AVEL": 0.0,
    "AVER": 0.0,
    "AVFL": 0.4666666666666667,
    "AVFR": 0.49242424242424243,
    "AVG": 0.0,
    "AVHL": 0.5222222222222223,
    "AVHR": 0.8333333333333334,
    "AVJL": 0.625,
    "AVJR": 0.4666666666666667,
    "AVKL": 0.0,
    "AVKR": 0.0,
    "AVL": 0.625,
    "AVM": 0.7222222222222222,
    "AWAL": 0.0,
    "AWAR": 0.0,
    "AWBL": 0.47802197802197804,
    "AWBR": 0.7888888888888889,
    "AWCL": 1.0,
    "AWCR": 0.75,
    "BAGL": 0.6212121212121212,
    "BAGR": 0.8,
    "BDUL": 0.0,
    "BDUR": 0.6666666666666666,
    "CANL": 0.4166666666666667,
    "CANR": 0.6944444444444444,
    "CEPDL": 0.07834835301429459,
    "CEPDR": 0.06368345079392035,
    "CEPVL": 0.07357444343292228,
    "CEPVR": 0.07796780684104627,
    "DA1": 0.8333333333333334,
    "DA2": 0.5,
    "DA3": 0.7321428571428571,
    "DA4": 0.7333333333333333,
    "DA5": 0.6909090909090909,
    "DA6": 0.5888888888888889,
    "DA7": 0.2,
    "DA8": 0.4727272727272727,
    "DA9": 0.4945054945054945,
    "DB1": 0.7111111111111111,
    "DB2": 0.7,
    "DB3": 0.45,
    "DB4": 0.4111111111111111,
    "DB5": 0.5714285714285714,
    "DB6": 0.6527777777777778,
    "DB7": 0.36666666666666664,
    "DD1": 0.6727272727272727,
    "DD2": 0.5303030303030303,
    "DD3": 0.5714285714285714,
    "DD4": 0.5833333333333334,
    "DD5": 0.6454545454545455,
    "DD6": 0.6287878787878788,
    "DVA": 0.6888888888888889,
    "DVB": 0.0,
    "DVC": 0.5178571428571429,
    "FLPL": 0.5416666666666666,
    "FLPR": 0.6111111111111112,
    "HSNL": 0.08178730075777371,
    "HSNR": 0.07757146347422429,
    "I1L": 0.39090909090909093,
    "I1R": 0.5555555555555556,
    "I2L": 0.5694444444444444,
    "I2R": 0.5833333333333334,
    "I3": 0.5444444444444444,
    "I4": 0.7321428571428571,
    "I5": 0.0,
    "I6": 0.7666666666666667,
    "IL1DL": 1.0,
    "IL1DR": 0.0,
    "IL1L": 0.8095238095238095,
    "IL1R": 0.5,
    "IL1VL": 0.6666666666666666,
    "IL1VR": 0.6666666666666666,
    "IL2DL": 0.553030303030303,
    "IL2DR": 0.5,
    "IL2L": 0.5555555555555556,
    "IL2R": 0.532051282051282,
    "IL2VL": 0.5,
    "IL2VR": 0.6388888888888888,
    "LUAL": 0.6666666666666666,
    "LUAR": 0.0,
    "M1": 0.6964285714285714,
    "M2L": 0.4857142857142857,
    "M2R": 0.8095238095238095,
    "M3L": 0.6666666666666666,
    "M3R": 0.5606060606060606,
    "M4": 0.5333333333333333,
    "M5": 0.6527777777777778,
    "MCL": 0.7,
    "MCR": 0.6454545454545455,
    "MI": 0.0,
    "NSML": 0.08013681895919864,
    "NSMR": 0.09938875305623472,
    "OLLL": 0.5333333333333333,
    "OLLR": 0.0,
    "OLQDL": 0.5,
    "OLQDR": 0.7333333333333333,
    "OLQVL": 0.6666666666666666,
    "OLQVR": 0.0,
    "PDA": 0.5333333333333333,
    "PDB": 0.0,
    "PDEL": 0.08047599838644615,
    "PDER": 0.07796127085254421,
    "PHAL": 0.3333333333333333,
    "PHAR": 0.8333333333333334,
    "PHBL": 0.5,
    "PHBR": 0.5,
    "PHCL": 0.5641025641025641,
    "PHCR": 0.4818181818181818,
    "PLML": 0.6944444444444444,
    "PLMR": 0.5952380952380952,
    "PLNL": 0.5757575757575758,
    "PLNR": 0.4523809523809524,
    "PQR": 0.4666666666666667,
    "PVCL": 1.0,
    "PVCR": 0.0,
    "PVDL": 0.4666666666666667,
    "PVDR": 0.6666666666666666,
    "PVM": 0.0,
    "PVNL": 0.0,
    "PVNR": 0.0,
    "PVPL": 0.0,
    "PVPR": 0.0,
    "PVQL": 0.6181818181818182,
    "PVQR": 0.7888888888888889,
    "PVR": 0.0,
    "PVT": 0.6742424242424242,
    "PVWL": 0.0,
    "PVWR": 0.0,
    "RIAL": 0.48717948717948717,
    "RIAR": 0.375,
    "RIBL": 0.6388888888888888,
    "RIBR": 0.5181818181818182,
    "RICL": 0.19943019943019943,
    "RICR": 0.19230769230769232,
    "RID": 0.9166666666666666,
    "RIFL": 0.0,
    "RIFR": 0.0,
    "RIGL": 0.0,
    "RIGR": 0.0,
    "RIH": 0.0,
    "RIML": 0.0825242718446602,
    "RIMR": 0.08391287232646634,
    "RIPL": 0.0,
    "RIPR": 0.0,
    "RIR": 0.0,
    "RIS": 0.7,
    "RIVL": 0.0,
    "RIVR": 0.0,
    "RMDDL": 0.5727272727272728,
    "RMDDR": 0.6111111111111112,
    "RMDL": 0.5277777777777778,
    "RMDR": 0.5681818181818182,
    "RMDVL": 0.5694444444444444,
    "RMDVR": 0.5909090909090909,
    "RMED": 0.5833333333333334,
    "RMEL": 0.5818181818181818,
    "RMER": 0.6666666666666666,
    "RMEV": 0.6333333333333333,
    "RMFL": 0.5892857142857143,
    "RMFR": 0.5892857142857143,
    "RMGL": 0.0,
    "RMGR": 0.0,
    "RMHL": 0.5,
    "RMHR": 0.7,
    "SAADL": 0.0,
    "SAADR": 0.0,
    "SAAVL": 0.0,
    "SAAVR": 0.0,
    "SABD": 0.5,
    "SABVL": 0.5,
    "SABVR": 0.0,
    "SDQL": 0.8333333333333334,
    "SDQR": 0.5277777777777778,
    "SIADL": 0.532967032967033,
    "SIADR": 0.6,
    "SIAVL": 0.5277777777777778,
    "SIAVR": 0.7142857142857143,
    "SIBDL": 0.6,
    "SIBDR": 0.5833333333333334,
    "SIBVL": 0.39285714285714285,
    "SIBVR": 0.4305555555555556,
    "SMBDL": 0.0,
    "SMBDR": 0.0,
    "SMBVL": 0.0,
    "SMBVR": 0.0,
    "SMDDL": 0.7,
    "SMDDR": 0.5444444444444444,
    "SMDVL": 0.0,
    "SMDVR": 0.5,
    "URADL": 0.0,
    "URADR": 0.0,
    "URAVL": 0.0,
    "URAVR": 0.0,
    "URBL": 0.0,
    "URBR": 0.0,
    "URXL": 0.0,
    "URXR": 0.0,
    "URYDL": 0.5555555555555556,
    "URYDR": 0.5833333333333334,
    "URYVL": 0.5,
    "URYVR": 0.5333333333333333,
    "VA1": 0.6904761904761905,
    "VA10": 0.5454545454545454,
    "VA11": 0.6025641025641025,
    "VA12": 0.5555555555555556,
    "VA2": 0.5444444444444444,
    "VA3": 0.5555555555555556,
    "VA4": 0.5,
    "VA5": 0.7,
    "VA6": 0.5714285714285714,
    "VA7": 0.4111111111111111,
    "VA8": 0.5576923076923077,
    "VA9": 0.6071428571428571,
    "VB1": 0.5333333333333333,
    "VB10": 0.5681818181818182,
    "VB11": 0.5984848484848485,
    "VB2": 0.5833333333333334,
    "VB3": 0.5833333333333334,
    "VB4": 0.554945054945055,
    "VB5": 0.7321428571428571,
    "VB6": 0.5535714285714286,
    "VB7": 0.6607142857142857,
    "VB8": 0.4,
    "VB9": 0.6181818181818182,
    "VC1": 0.0,
    "VC2": 0.0,
    "VC3": 0.0,
    "VC4": 0.0,
    "VC5": 0.0,
    "VC6": 0.0,
    "VD1": 0.5833333333333334,
    "VD10": 0.6666666666666666,
    "VD11": 0.5769230769230769,
    "VD12": 0.5909090909090909,
    "VD13": 0.6944444444444444,
    "VD2": 0.5384615384615384,
    "VD3": 0.6363636363636364,
    "VD4": 0.5833333333333334,
    "VD5": 0.5333333333333333,
    "VD6": 0.5818181818181818,
    "VD7": 0.47619047619047616,
    "VD8": 0.5535714285714286,
    "VD9": 0.4523809523809524
  },
  "density": 0.02147367494664584,
  "global_efficiency": 0.7269826073081218,