{
  "clustering_coefficients": {
    "ADAL": 0.0,
    "ADAR": 0.0,
    "ADEL": 0.05886976667218269,
    "ADER": 0.055113160100586756,
    "ADFL": 0.056910569105691054,
    "ADFR": 0.05676001204456489,
    "ADLL": 0.5714285714285714,
    "ADLR": 0.5892857142857143,
    "AFDL": 0.0,
    "AFDR": 0.5,
    "AIAL": 0.5545454545454546,
    "AIAR": 0.6,
    "AIBL": 0.6944444444444444,
    "AIBR": 0.4727272727272727,
    "AIML": 0.4861111111111111,
    "AIMR": 0.5384615384615384,
    "AINL": 0.0,
    "AINR": 0.0,
    "AIYL": 0.5714285714285714,
    "AIYR": 0.6,
    "AIZL": 0.6666666666666666,
    "AIZR": 0.5952380952380952,
    "ALA": 0.0,
    "ALML": 0.5416666666666666,
    "ALMR": 0.5363636363636364,
    "ALNL": 0.44642857142857145,
    "ALNR": 0.6,
    "AQR": 0.0,
    "AS1": 0.4,
    "AS10": 0.40476190476190477,
    "AS11": 0.5512820512820513,
    "AS2": 0.5444444444444444,
    "AS3": 0.5535714285714286,
    "AS4": 0.5,
    "AS5": 0.5694444444444444,
    "AS6": 0.5714285714285714,
    "AS7": 0.4861111111111111,
    "AS8": 0.4722222222222222,
    "AS9": 0.5972222222222222,
    "ASEL": 0.5727272727272728,
    "ASER": 0.5681818181818182,
    "ASGL": 0.5111111111111111,
    "ASGR": 0.5694444444444444,
    "ASHL": 0.6607142857142857,
    "ASHR": 0.5892857142857143,
    "ASIL": 0.5,
    "ASIR": 0.5416666666666666,
    "ASJL": 0.0,
    "ASJR": 0.0,
    "ASKL": 0.5555555555555556,
    "ASKR": 0.5222222222222223,
    "AUAL": 0.6805555555555556,
    "AUAR": 0.6,
    "AVAL": 0.0,
    "AVAR": 0.0,
    "AVBL": 0.6071428571428571,
    "AVBR": 0.3333333333333333,
    "AVDL": 0.0,
    "AVDR": 0.0,
    "AVEL": 0.0,
    "AVER": 0.0,
    "AVFL": 0.5,
    "AVFR": 0.6,
    "AVG": 0.0,
    "AVHL": 0.8333333333333334,
    "AVHR": 1.0,
    "AVJL": 0.5604395604395604,
    "AVJR": 0.5666666666666667,
    "AVKL": 0.0,
    "AVKR": 0.0,
    "AVL": 0.4777777777777778,
    "AVM": 0.4696969696969697,
    "AWAL": 0.0,
    "AWAR": 0.0,
    "AWBL": 0.6181818181818182,
    "AWBR": 0.5888888888888889,
    "AWCL": 0.0,
    "AWCR": 0.5476190476190477,
    "BAGL": 0.6904761904761905,
    "BAGR": 1.0,
    "BDUL": 0.75,
    "BDUR": 0.5178571428571429,
    "CANL": 0.5818181818181818,
    "CANR": 0.48214285714285715,
    "CEPDL": 0.06927538599787599,
    "CEPDR": 0.07005718954248366,
    "CEPVL": 0.06588514010293277,
    "CEPVR": 0.07451589182122723,
    "DA1": 0.5972222222222222,
    "DA2": 0.5636363636363636,
    "DA3": 0.4727272727272727,
    "DA4": 0.6428571428571429,
    "DA5": 0.5,
    "DA6": 0.5277777777777778,
    "DA7": 0.4523809523809524,
    "DA8": 0.6190476190476191,
    "DA9": 0.4107142857142857,
    "DB1": 0.6222222222222222,
    "DB2": 0.47619047619047616,
    "DB3": 0.6428571428571429,
    "DB4": 0.4666666666666667,
    "DB5": 0.5238095238095238,
    "DB6": 0.44642857142857145,
    "DB7": 0.4523809523809524,
    "DD1": 0.5256410256410257,
    "DD2": 0.4722222222222222,
    "DD3": 0.5363636363636364,
    "DD4": 0.5454545454545454,
    "DD5": 0.5833333333333334,
    "DD6": 0.5818181818181818,
    "DVA": 0.5555555555555556,
    "DVB": 0.0,
    "DVC": 0.5,
    "FLPL": 0.43333333333333335,
    "FLPR": 0.6444444444444445,
    "HSNL": 0.07443249701314217,
    "HSNR": 0.07886089813800658,
    "I1L": 0.5,
    "I1R": 0.5818181818181818,
    "I2L": 0.5333333333333333,
    "I2R": 0.5984848484848485,
    "I3": 0.5454545454545454,
    "I4": 0.5972222222222222,
    "I5": 0.0,
    "I6": 0.5476190476190477,
    "IL1DL": 0.5357142857142857,
    "IL1DR": 0.4166666666666667,
    "IL1L": 0.0,
    "IL1R": 1.0,
    "IL1VL": 0.5555555555555556,
    "IL1VR": 0.0,
    "IL2DL": 0.5416666666666666,
    "IL2DR": 0.5972222222222222,
    "IL2L": 0.6666666666666666,
    "IL2R": 0.4621212121212121,
    "IL2VL": 0.5448717948717948,
    "IL2VR": 0.625,
    "LUAL": 0.6666666666666666,
    "LUAR": 0.6666666666666666,
    "M1": 0.48214285714285715,
    "M2L": 0.5333333333333333,
    "M2R": 0.7,
    "M3L": 0.8333333333333334,
    "M3R": 0.6666666666666666,
    "M4": 0.6904761904761905,
    "M5": 0.5909090909090909,
    "MCL": 0.5111111111111111,
    "MCR": 0.5535714285714286,
    "MI": 0.0,
    "NSML": 0.0997250687328168,
    "NSMR": 0.07275985663082438,
    "OLLL": 0.8333333333333334,
    "OLLR": 0.5833333333333334,
    "OLQDL": 0.5,
    "OLQDR": 1.0,
    "OLQVL": 0.3333333333333333,
    "OLQVR": 0.0,
    "PDA": 0.5357142857142857,
    "PDB": 0.0,
    "PDEL": 0.06324392288348701,
    "PDER": 0.060315198256350074,
    "PHAL": 1.0,
    "PHAR": 0.35,
    "PHBL": 0.5,
    "PHBR": 0.4,
    "PHCL": 0.48484848484848486,
    "PHCR": 0.5833333333333334,
    "PLML": 0.5333333333333333,
    "PLMR": 0.6555555555555556,
    "PLNL": 0.5897435897435898,
    "PLNR": 0.5,
    "PQR": 0.6785714285714286,
    "PVCL": 0.5,
    "PVCR": 0.5,
    "PVDL": 0.5972222222222222,
    "PVDR": 0.4727272727272727,
    "PVM": 0.0,
    "PVNL": 0.0,
    "PVNR": 0.0,
    "PVPL": 0.0,
    "PVPR": 0.0,
    "PVQL": 0.5416666666666666,
    "PVQR": 0.4696969696969697,
    "PVR": 0.0,
    "PVT": 0.5909090909090909,
    "PVWL": 0.0,
    "PVWR": 0.0,
    "RIAL": 0.6545454545454545,
    "RIAR": 0.5555555555555556,
    "RIBL": 0.5,
    "RIBR": 0.5138888888888888,
    "RICL": 0.2009472259810555,
    "RICR": 0.17593984962406015,
    "RID": 0.5833333333333334,
    "RIFL": 0.0,
    "RIFR": 0.0,
    "RIGL": 0.0,
    "RIGR": 0.0,
    "RIH": 0.0,
    "RIML": 0.09227249618708694,
    "RIMR": 0.0801704105344694,
    "RIPL": 0.0,
    "RIPR": 0.0,
    "RIR": 0.0,
    "RIS": 0.5384615384615384,
    "RIVL": 0.0,
    "RIVR": 0.0,
    "RMDDL": 0.5,
    "RMDDR": 0.6666666666666666,
    "RMDL": 0.43333333333333335,
    "RMDR": 0.5222222222222223,
    "RMDVL": 0.6,
    "RMDVR": 0.5178571428571429,
    "RMED": 0.42857142857142855,
    "RMEL": 0.5416666666666666,
    "RMER": 0.4090909090909091,
    "RMEV": 0.6,
    "RMFL": 0.48717948717948717,
    "RMFR": 0.6944444444444444,
    "RMGL": 0.0,
    "RMGR": 0.0,
    "RMHL": 0.75,
    "RMHR": 0.55,
    "SAADL": 0.0,
    "SAADR": 0.0,
    "SAAVL": 0.0,
    "SAAVR": 0.0,
    "SABD": 0.6666666666666666,
    "SABVL": 0.7142857142857143,
    "SABVR": 0.6222222222222222,
    "SDQL": 0.5,
    "SDQR": 0.8333333333333334,
    "SIADL": 0.45,
    "SIADR": 0.6136363636363636,
    "SIAVL": 0.5138888888888888,
    "SIAVR": 0.5333333333333333,
    "SIBDL": 0.6527777777777778,
    "SIBDR": 0.5892857142857143,
    "SIBVL": 0.5333333333333333,
    "SIBVR": 0.5892857142857143,
    "SMBDL": 0.0,
    "SMBDR": 0.0,
    "SMBVL": 0.0,
    "SMBVR": 0.0,
    "SMDDL": 0.4166666666666667,
    "SMDDR": 0.5555555555555556,
    "SMDVL": 0.6805555555555556,
    "SMDVR": 0.625,
    "URADL": 0.0,
    "URADR": 0.0,
    "URAVL": 0.0,
    "URAVR": 0.0,
    "URBL": 0.0,
    "URBR": 0.0,
    "URXL": 0.0,
    "URXR": 0.0,
    "URYDL": 0.4861111111111111,
    "URYDR": 0.45454545454545453,
    "URYVL": 0.5892857142857143,
    "URYVR": 0.6666666666666666,
    "VA1": 0.6,
    "VA10": 0.6428571428571429,
    "VA11": 0.5151515151515151,
    "VA12": 0.5444444444444444,
    "VA2": 0.6181818181818182,
    "VA3": 0.5,
    "VA4": 0.6444444444444445,
    "VA5": 0.5666666666666667,
    "VA6": 0.5666666666666667,
    "VA7": 0.6,
    "VA8": 0.5833333333333334,
    "VA9": 0.5,
    "VB1": 0.509090909090909,
    "VB10": 0.4861111111111111,
    "VB11": 0.5357142857142857,
    "VB2": 0.5454545454545454,
    "VB3": 0.55,
    "VB4": 0.5357142857142857,
    "VB5": 0.5909090909090909,
    "VB6": 0.7142857142857143,
    "VB7": 0.42727272727272725,
    "VB8": 0.5238095238095238,
    "VB9": 0.5,
    "VC1": 0.0,
    "VC2": 0.0,
    "VC3": 0.0,
    "VC4": 0.0,
    "VC5": 0.0,
    "VC6": 0.0,
    "VD1": 0.5681818181818182,
    "VD10": 0.5138888888888888,
    "VD11": 0.47619047619047616,
    "VD12": 0.5238095238095238,
    "VD13": 0.5181818181818182,
    "VD2": 0.5378787878787878,
    "VD3": 0.5272727272727272,
    "VD4": 0.6607142857142857,
    "VD5": 0.6454545454545455,
    "VD6": 0.7361111111111112,
    "VD7": 0.6964285714285714,
    "VD8": 0.5606060606060606,
    "VD9": 0.6222222222222222
  },