{
  "clustering_coefficients": {
    "ADAL": 0.0,
    "ADAR": 0.0,
    "ADEL": 0.05071403991741225,
    "ADER": 0.08416226297792975,
    "ADFL": 0.05495332731105089,
    "ADFR": 0.019722975007527854,
    "ADLL": 0.8,
    "ADLR": 0.6,
    "AFDL": 0.5178571428571429,
    "AFDR": 0.0,
    "AIAL": 0.45,
    "AIAR": 0.4523809523809524,
    "AIBL": 0.7,
    "AIBR": 0.5303030303030303,
    "AIML": 0.7083333333333334,
    "AIMR": 0.5,
    "AINL": 0.0,
    "AINR": 0.0,
    "AIYL": 0.5952380952380952,
    "AIYR": 0.5166666666666667,
    "AIZL": 0.6636363636363637,
    "AIZR": 0.3888888888888889,
    "ALA": 0.0,
    "ALML": 0.48214285714285715,
    "ALMR": 0.4107142857142857,
    "ALNL": 0.6363636363636364,
    "ALNR": 0.4444444444444444,
    "AQR": 0.0,
    "AS1": 0.75,
    "AS10": 0.5277777777777778,
    "AS11": 0.5256410256410257,
    "AS2": 0.36666666666666664,
    "AS3": 0.5454545454545454,
    "AS4": 0.5833333333333334,
    "AS5": 0.6388888888888888,
    "AS6": 0.4523809523809524,
    "AS7": 0.5,
    "AS8": 0.5892857142857143,
    "AS9": 0.6428571428571429,
    "ASEL": 0.47619047619047616,
    "ASER": 0.4027777777777778,
    "ASGL": 0.32142857142857145,
    "ASGR": 0.4727272727272727,
    "ASHL": 0.6439393939393939,
    "ASHR": 0.5,
    "ASIL": 0.3611111111111111,
    "ASIR": 0.6428571428571429,
    "ASJL": 0.0,
    "ASJR": 0.0,
    "ASKL": 0.5636363636363636,
    "ASKR": 0.5666666666666667,
    "AUAL": 0.5535714285714286,
    "AUAR": 0.4444444444444444,
    "AVAL": 0.0,
    "AVAR": 0.0,
    "AVBL": 1.0,
    "AVBR": 0.5,
    "AVDL": 0.0,
    "AVDR": 0.0,
    "AVEL": 0.0,
    "AVER": 0.0,
    "AVFL": 0.6,
    "AVFR": 0.6388888888888888,
    "AVG": 0.0,
    "AVHL": 0.6607142857142857,
    "AVHR": 1.0,
    "AVJL": 0.5416666666666666,
    "AVJR": 0.5,
    "AVKL": 0.0,
    "AVKR": 0.0,
    "AVL": 0.4444444444444444,
    "AVM": 0.5128205128205128,
    "AWAL": 0.0,
    "AWAR": 0.0,
    "AWBL": 0.5333333333333333,
    "AWBR": 0.5961538461538461,
    "AWCL": 0.5,
    "AWCR": 0.0,
    "BAGL": 0.3333333333333333,
    "BAGR": 0.5,
    "BDUL": 0.3333333333333333,
    "BDUR": 0.0,
    "CANL": 0.4772727272727273,
    "CANR": 0.45454545454545453,
    "CEPDL": 0.07582318816896805,
    "CEPDR": 0.06641562525862782,
    "CEPVL": 0.07740400129073895,
    "CEPVR": 0.06098072087175189,
    "DA1": 0.6444444444444445,
    "DA2": 0.8333333333333334,
    "DA3": 0.509090909090909,
    "DA4": 0.5714285714285714,
    "DA5": 0.6666666666666666,
    "DA6": 0.5,
    "DA7": 0.8333333333333334,
    "DA8": 0.6111111111111112,
    "DA9": 0.5,
    "DB1": 0.4,
    "DB2": 0.5833333333333334,
    "DB3": 0.5952380952380952,
    "DB4": 0.4583333333333333,
    "DB5": 0.6666666666666666,
    "DB6": 0.43333333333333335,
    "DB7": 0.6,
    "DD1": 0.5138888888888888,
    "DD2": 0.5636363636363636,
    "DD3": 0.5535714285714286,
    "DD4": 0.5961538461538461,
    "DD5": 0.5909090909090909,
    "DD6": 0.5888888888888889,
    "DVA": 0.6,
    "DVB": 0.0,
    "DVC": 0.5694444444444444,
    "FLPL": 0.5714285714285714,
    "FLPR": 0.375,
    "HSNL": 0.08506477633830359,
    "HSNR": 0.10329985652797705,
    "I1L": 0.5636363636363636,
    "I1R": 0.5606060606060606,
    "I2L": 0.5378787878787878,
    "I2R": 0.4666666666666667,
    "I3": 0.7619047619047619,
    "I4": 0.5416666666666666,
    "I5": 0.0,
    "I6": 0.6333333333333333,
    "IL1DL": 0.5,
    "IL1DR": 0.5357142857142857,
    "IL1L": 0.6666666666666666,
    "IL1R": 0.0,
    "IL1VL": 0.5666666666666667,
    "IL1VR": 0.5333333333333333,
    "IL2DL": 0.5666666666666667,
    "IL2DR": 0.5,
    "IL2L": 0.4318181818181818,
    "IL2R": 0.6,
    "IL2VL": 0.4636363636363636,
    "IL2VR": 0.7083333333333334,
    "LUAL": 0.3,
    "LUAR": 0.0,
    "M1": 0.6,
    "M2L": 0.6666666666666666,
    "M2R": 0.75,
    "M3L": 0.4861111111111111,
    "M3R": 0.509090909090909,
    "M4": 0.6333333333333333,
    "M5": 0.5555555555555556,
    "MCL": 0.6388888888888888,
    "MCR": 0.5909090909090909,
    "MI": 0.0,
    "NSML": 0.09452363090772693,
    "NSMR": 0.10339979550102249,
    "OLLL": 0.0,
    "OLLR": 0.6,
    "OLQDL": 0.5833333333333334,
    "OLQDR": 0.6666666666666666,
    "OLQVL": 0.7380952380952381,
    "OLQVR": 0.3333333333333333,
    "PDA": 0.5303030303030303,
    "PDB": 0.0,
    "PDEL": 0.07683601609657947,
    "PDER": 0.06731476186586063,
    "PHAL": 0.25,
    "PHAR": 0.5714285714285714,
    "PHBL": 0.5333333333333333,
    "PHBR": 0.0,
    "PHCL": 0.5454545454545454,
    "PHCR": 0.45454545454545453,
    "PLML": 0.5641025641025641,
    "PLMR": 0.6888888888888889,
    "PLNL": 0.5,
    "PLNR": 0.4909090909090909,
    "PQR": 0.5777777777777777,
    "PVCL": 0.5833333333333334,
    "PVCR": 0.5,
    "PVDL": 0.6090909090909091,
    "PVDR": 0.5,
    "PVM": 0.0,
    "PVNL": 0.0,
    "PVNR": 0.0,
    "PVPL": 0.0,
    "PVPR": 0.0,
    "PVQL": 0.4358974358974359,
    "PVQR": 0.5972222222222222,
    "PVR": 0.0,
    "PVT": 0.6666666666666666,
    "PVWL": 0.0,
    "PVWR": 0.0,
    "RIAL": 0.48214285714285715,
    "RIAR": 0.5444444444444444,
    "RIBL": 0.5363636363636364,
    "RIBR": 0.5222222222222223,
    "RICL": 0.19028662420382167,
    "RICR": 0.1837837837837838,
    "RID": 0.5111111111111111,
    "RIFL": 0.0,
    "RIFR": 0.0,
    "RIGL": 0.0,
    "RIGR": 0.0,
    "RIH": 0.0,
    "RIML": 0.08135415299829418,
    "RIMR": 0.04780931386056765,
    "RIPL": 0.0,
    "RIPR": 0.0,
    "RIR": 0.0,
    "RIS": 0.5545454545454546,
    "RIVL": 0.0,
    "RIVR": 0.0,
    "RMDDL": 0.7333333333333333,
    "RMDDR": 0.625,
    "RMDL": 0.5333333333333333,
    "RMDR": 0.5777777777777777,
    "RMDVL": 0.6545454545454545,
    "RMDVR": 0.5064102564102564,
    "RMED": 0.6439393939393939,
    "RMEL": 0.6818181818181818,
    "RMER": 0.39285714285714285,
    "RMEV": 0.4666666666666667,
    "RMFL": 0.6272727272727273,
    "RMFR": 0.7380952380952381,
    "RMGL": 0.0,
    "RMGR": 0.0,
    "RMHL": 0.5555555555555556,
    "RMHR": 0.5666666666666667,
    "SAADL": 0.0,
    "SAADR": 0.0,
    "SAAVL": 0.0,
    "SAAVR": 0.0,
    "SABD": 0.5,
    "SABVL": 1.0,
    "SABVR": 0.4666666666666667,
    "SDQL": 0.0,
    "SDQR": 0.4,
    "SIADL": 0.45714285714285713,
    "SIADR": 0.5909090909090909,
    "SIAVL": 0.5952380952380952,
    "SIAVR": 0.4666666666666667,
    "SIBDL": 0.75,
    "SIBDR": 0.6,
    "SIBVL": 0.5641025641025641,
    "SIBVR": 0.5909090909090909,
    "SMBDL": 0.0,
    "SMBDR": 0.0,
    "SMBVL": 0.0,
    "SMBVR": 0.0,
    "SMDDL": 1.0,
    "SMDDR": 0.0,
    "SMDVL": 0.5555555555555556,
    "SMDVR": 0.5833333333333334,
    "URADL": 0.0,
    "URADR": 0.0,
    "URAVL": 0.0,
    "URAVR": 0.0,
    "URBL": 0.0,
    "URBR": 0.0,
    "URXL": 0.0,
    "URXR": 0.0,
    "URYDL": 0.5151515151515151,
    "URYDR": 0.6818181818181818,
    "URYVL": 0.4107142857142857,
    "URYVR": 0.5909090909090909,
    "VA1": 0.5909090909090909,
    "VA10": 0.95,
    "VA11": 0.4861111111111111,
    "VA12": 0.4,
    "VA2": 0.5,
    "VA3": 0.5277777777777778,
    "VA4": 0.7222222222222222,
    "VA5": 0.4,
    "VA6": 0.5833333333333334,
    "VA7": 0.5545454545454546,
    "VA8": 0.6333333333333333,
    "VA9": 0.6089743589743589,
    "VB1": 0.5909090909090909,
    "VB10": 0.8809523809523809,
    "VB11": 0.4523809523809524,
    "VB2": 0.5454545454545454,
    "VB3": 0.3333333333333333,
    "VB4": 0.6666666666666666,
    "VB5": 0.5714285714285714,
    "VB6": 0.47619047619047616,
    "VB7": 0.7380952380952381,
    "VB8": 0.5909090909090909,
    "VB9": 0.75,
    "VC1": 0.0,
    "VC2": 0.0,
    "VC3": 0.0,
    "VC4": 0.0,
    "VC5": 0.0,
    "VC6": 0.0,
    "VD1": 0.6190476190476191,
    "VD10": 0.49523809523809526,
    "VD11": 0.5151515151515151,
    "VD12": 0.7380952380952381,
    "VD13": 0.6909090909090909,
    "VD2": 0.509090909090909,
    "VD3": 0.48484848484848486,
    "VD4": 0.5892857142857143,
    "VD5": 0.5909090909090909,
    "VD6": 0.4727272727272727,
    "VD7": 0.5888888888888889,
    "VD8": 0.5694444444444444,
    "VD9": 0.4423076923076923
  },
  "density": 0.02147367494664584,
  "global_efficiency": 0.7237383325423192,