{
  "clustering_coefficients": {
    "ADAL": 0.0,
    "ADAR": 0.0,
    "ADEL": 0.06660798122065728,
    "ADER": 0.06309474555233761,
    "ADFL": 0.037639265281541705,
    "ADFR": 0.044263775971093045,
    "ADLL": 0.6527777777777778,
    "ADLR": 0.16666666666666666,
    "AFDL": 0.5777777777777777,
    "AFDR": 0.0,
    "AIAL": 0.7,
    "AIAR": 0.625,
    "AIBL": 0.6428571428571429,
    "AIBR": 0.5,
    "AIML": 0.6428571428571429,
    "AIMR": 0.5476190476190477,
    "AINL": 0.0,
    "AINR": 0.0,
    "AIYL": 0.38095238095238093,
    "AIYR": 0.5138888888888888,
    "AIZL": 0.5666666666666667,
    "AIZR": 0.5,
    "ALA": 0.0,
    "ALML": 0.4166666666666667,
    "ALMR": 0.25,
    "ALNL": 0.3333333333333333,
    "ALNR": 0.4818181818181818,
    "AQR": 0.0,
    "AS1": 0.5,
    "AS10": 0.5972222222222222,
    "AS11": 0.5,
    "AS2": 0.6,
    "AS3": 0.5694444444444444,
    "AS4": 0.5,
    "AS5": 0.5,
    "AS6": 0.5,
    "AS7": 0.6428571428571429,
    "AS8": 0.45,
    "AS9": 0.5545454545454546,
    "ASEL": 0.4666666666666667,
    "ASER": 0.4523809523809524,
    "ASGL": 0.6190476190476191,
    "ASGR": 0.4166666666666667,
    "ASHL": 0.4,
    "ASHR": 0.554945054945055,
    "ASIL": 0.4107142857142857,
    "ASIR": 0.4166666666666667,
    "ASJL": 0.0,
    "ASJR": 0.0,
    "ASKL": 0.5476190476190477,
    "ASKR": 0.4818181818181818,
    "AUAL": 0.625,
    "AUAR": 0.5378787878787878,
    "AVAL": 0.0,
    "AVAR": 0.0,
    "AVBL": 1.0,
    "AVBR": 0.5833333333333334,
    "AVDL": 0.0,
    "AVDR": 0.0,
    "AVEL": 0.0,
    "AVER": 0.0,
    "AVFL": 0.5222222222222223,
    "AVFR": 0.5384615384615384,
    "AVG": 0.0,
    "AVHL": 0.0,
    "AVHR": 0.5448717948717948,
    "AVJL": 0.5892857142857143,
    "AVJR": 0.5727272727272728,
    "AVKL": 0.0,
    "AVKR": 0.0,
    "AVL": 0.5,
    "AVM": 0.5666666666666667,
    "AWAL": 0.0,
    "AWAR": 0.0,
    "AWBL": 0.5,
    "AWBR": 0.375,
    "AWCL": 0.625,
    "AWCR": 0.5694444444444444,
    "BAGL": 1.0,
    "BAGR": 0.3333333333333333,
    "BDUL": 0.5535714285714286,
    "BDUR": 0.5714285714285714,
    "CANL": 0.47619047619047616,
    "CANR": 0.5694444444444444,
    "CEPDL": 0.06968954248366013,
    "CEPDR": 0.05924209829554857,
    "CEPVL": 0.07133875429625283,
    "CEPVR": 0.06714792708501371,
    "DA1": 0.6666666666666666,
    "DA2": 0.6071428571428571,
    "DA3": 0.5714285714285714,
    "DA4": 0.4444444444444444,
    "DA5": 0.5,
    "DA6": 0.4835164835164835,
    "DA7": 0.375,
    "DA8": 0.5192307692307693,
    "DA9": 0.6666666666666666,
    "DB1": 0.5545454545454546,
    "DB2": 0.5714285714285714,
    "DB3": 0.42948717948717946,
    "DB4": 0.5303030303030303,
    "DB5": 0.4,
    "DB6": 0.6333333333333333,
    "DB7": 0.6333333333333333,
    "DD1": 0.4888888888888889,
    "DD2": 0.5888888888888889,
    "DD3": 0.55,
    "DD4": 0.6428571428571429,
    "DD5": 0.5444444444444444,
    "DD6": 0.4772727272727273,
    "DVA": 0.6,
    "DVB": 0.0,
    "DVC": 0.3333333333333333,
    "FLPL": 0.44642857142857145,
    "FLPR": 0.5178571428571429,
    "HSNL": 0.08440342429106475,
    "HSNR": 0.08446420215255031,
    "I1L": 0.4,
    "I1R": 0.45555555555555555,
    "I2L": 0.44642857142857145,
    "I2R": 0.5384615384615384,
    "I3": 0.4777777777777778,
    "I4": 0.5277777777777778,
    "I5": 0.0,
    "I6": 0.6222222222222222,
    "IL1DL": 0.5,
    "IL1DR": 0.6666666666666666,
    "IL1L": 1.0,
    "IL1R": 0.6666666666666666,
    "IL1VL": 0.5222222222222223,
    "IL1VR": 1.0,
    "IL2DL": 0.4166666666666667,
    "IL2DR": 0.4444444444444444,
    "IL2L": 0.47619047619047616,
    "IL2R": 0.6,
    "IL2VL": 0.6666666666666666,
    "IL2VR": 0.4,
    "LUAL": 0.6,
    "LUAR": 0.5777777777777777,
    "M1": 0.5714285714285714,
    "M2L": 0.49242424242424243,
    "M2R": 0.5714285714285714,
    "M3L": 0.75,
    "M3R": 0.5909090909090909,
    "M4": 0.6388888888888888,
    "M5": 0.40476190476190477,
    "MCL": 0.5454545454545454,
    "MCR": 0.5714285714285714,
    "MI": 0.0,
    "NSML": 0.11235955056179775,
    "NSMR": 0.09510996724379972,
    "OLLL": 0.4523809523809524,
    "OLLR": 0.6555555555555556,
    "OLQDL": 0.5,
    "OLQDR": 0.35,
    "OLQVL": 0.0,
    "OLQVR": 0.49242424242424243,
    "PDA": 0.36666666666666664,
    "PDB": 0.0,
    "PDEL": 0.049507539440425345,
    "PDER": 0.05239025218646515,
    "PHAL": 0.5138888888888888,
    "PHAR": 0.5833333333333334,
    "PHBL": 1.0,
    "PHBR": 0.3333333333333333,
    "PHCL": 0.5888888888888889,
    "PHCR": 0.4835164835164835,
    "PLML": 0.3888888888888889,
    "PLMR": 0.6666666666666666,
    "PLNL": 0.4861111111111111,
    "PLNR": 0.5333333333333333,
    "PQR": 0.6666666666666666,
    "PVCL": 0.75,
    "PVCR": 0.6805555555555556,
    "PVDL": 0.5277777777777778,
    "PVDR": 0.6527777777777778,
    "PVM": 0.0,
    "PVNL": 0.0,
    "PVNR": 0.0,
    "PVPL": 0.0,
    "PVPR": 0.0,
    "PVQL": 0.4777777777777778,
    "PVQR": 0.4777777777777778,
    "PVR": 0.0,
    "PVT": 0.6527777777777778,
    "PVWL": 0.0,
    "PVWR": 0.0,
    "RIAL": 0.5535714285714286,
    "RIAR": 0.4027777777777778,
    "RIBL": 0.5181818181818182,
    "RIBR": 0.6785714285714286,
    "RICL": 0.12626262626262627,
    "RICR": 0.17329910141206675,
    "RID": 0.5714285714285714,
    "RIFL": 0.0,
    "RIFR": 0.0,
    "RIGL": 0.0,
    "RIGR": 0.0,
    "RIH": 0.0,
    "RIML": 0.07254361799816346,
    "RIMR": 0.06635887541345094,
    "RIPL": 0.0,
    "RIPR": 0.0,
    "RIR": 0.0,
    "RIS": 0.5,
    "RIVL": 0.0,
    "RIVR": 0.0,
    "RMDDL": 0.4909090909090909,
    "RMDDR": 0.6388888888888888,
    "RMDL": 0.42857142857142855,
    "RMDR": 0.5222222222222223,
    "RMDVL": 0.6,
    "RMDVR": 0.5,
    "RMED": 0.6527777777777778,
    "RMEL": 0.5181818181818182,
    "RMER": 0.4909090909090909,
    "RMEV": 0.6428571428571429,
    "RMFL": 0.6,
    "RMFR": 0.5984848484848485,
    "RMGL": 0.0,
    "RMGR": 0.0,
    "RMHL": 0.4444444444444444,
    "RMHR": 0.38095238095238093,
    "SAADL": 0.0,
    "SAADR": 0.0,
    "SAAVL": 0.0,
    "SAAVR": 0.0,
    "SABD": 0.6333333333333333,
    "SABVL": 0.5151515151515151,
    "SABVR": 0.5,
    "SDQL": 0.6666666666666666,
    "SDQR": 0.8333333333333334,
    "SIADL": 0.6111111111111112,
    "SIADR": 0.7666666666666667,
    "SIAVL": 0.5444444444444444,
    "SIAVR": 0.4621212121212121,
    "SIBDL": 0.4807692307692308,
    "SIBDR": 0.4727272727272727,
    "SIBVL": 0.5075757575757576,
    "SIBVR": 0.4523809523809524,
    "SMBDL": 0.0,
    "SMBDR": 0.0,
    "SMBVL": 0.0,
    "SMBVR": 0.0,
    "SMDDL": 0.5681818181818182,
    "SMDDR": 0.44642857142857145,
    "SMDVL": 0.5833333333333334,
    "SMDVR": 0.3333333333333333,
    "URADL": 0.0,
    "URADR": 0.0,
    "URAVL": 0.0,
    "URAVR": 0.0,
    "URBL": 0.0,
    "URBR": 0.0,
    "URXL": 0.0,
    "URXR": 0.0,
    "URYDL": 0.5,
    "URYDR": 0.5138888888888888,
    "URYVL": 0.532967032967033,
    "URYVR": 0.5,
    "VA1": 0.48214285714285715,
    "VA10": 0.4777777777777778,
    "VA11": 0.5,
    "VA12": 0.5303030303030303,
    "VA2": 0.5,
    "VA3": 0.48214285714285715,
    "VA4": 0.5277777777777778,
    "VA5": 0.39285714285714285,
    "VA6": 0.5476190476190477,
    "VA7": 0.6607142857142857,
    "VA8": 0.4935897435897436,
    "VA9": 0.6785714285714286,
    "VB1": 0.48214285714285715,
    "VB10": 0.6785714285714286,
    "VB11": 0.5694444444444444,
    "VB2": 0.25,
    "VB3": 0.42727272727272725,
    "VB4": 0.5833333333333334,
    "VB5": 0.5888888888888889,
    "VB6": 0.48214285714285715,
    "VB7": 0.5666666666666667,
    "VB8": 0.5444444444444444,
    "VB9": 0.6527777777777778,
    "VC1": 0.0,
    "VC2": 0.0,
    "VC3": 0.0,
    "VC4": 0.0,
    "VC5": 0.0,
    "VC6": 0.0,
    "VD1": 0.6071428571428571,
    "VD10": 0.6666666666666666,
    "VD11": 0.4358974358974359,
    "VD12": 0.42857142857142855,
    "VD13": 0.6090909090909091,
    "VD2": 0.5138888888888888,
    "VD3": 0.7666666666666667,
    "VD4": 0.6388888888888888,
    "VD5": 0.5277777777777778,
    "VD6": 0.5363636363636364,
    "VD7": 0.6,
    "VD8": 0.5555555555555556,
    "VD9": 0.5892857142857143
  },
  "density": 0.02147367494664584,