{
  "clustering_coefficients": {
    "ADAL": 0.0,
    "ADAR": 0.0,
    "ADEL": 0.07405017342905541,
    "ADER": 0.08308418568056648,
    "ADFL": 0.08566696778078892,
    "ADFR": 0.05254441433303222,
    "ADLL": 0.7222222222222222,
    "ADLR": 0.6666666666666666,
    "AFDL": 0.5,
    "AFDR": 0.55,
    "AIAL": 0.6727272727272727,
    "AIAR": 0.5952380952380952,
    "AIBL": 0.6363636363636364,
    "AIBR": 0.5952380952380952,
    "AIML": 0.6287878787878788,
    "AIMR": 0.5222222222222223,
    "AINL": 0.0,
    "AINR": 0.0,
    "AIYL": 0.7777777777777778,
    "AIYR": 0.6909090909090909,
    "AIZL": 0.6363636363636364,
    "AIZR": 0.75,
    "ALA": 0.0,
    "ALML": 0.5138888888888888,
    "ALMR": 0.5909090909090909,
    "ALNL": 0.49242424242424243,
    "ALNR": 0.5272727272727272,
    "AQR": 0.0,
    "AS1": 0.6474358974358975,
    "AS10": 0.6222222222222222,
    "AS11": 0.45,
    "AS2": 0.5833333333333334,
    "AS3": 0.5833333333333334,
    "AS4": 0.6607142857142857,
    "AS5": 0.6428571428571429,
    "AS6": 0.5818181818181818,
    "AS7": 0.625,
    "AS8": 0.6666666666666666,
    "AS9": 0.5666666666666667,
    "ASEL": 0.5727272727272728,
    "ASER": 0.7142857142857143,
    "ASGL": 0.6346153846153846,
    "ASGR": 0.6217948717948718,
    "ASHL": 0.6590909090909091,
    "ASHR": 0.6555555555555556,
    "ASIL": 0.2,
    "ASIR": 0.65,
    "ASJL": 0.0,
    "ASJR": 0.0,
    "ASKL": 0.6904761904761905,
    "ASKR": 0.509090909090909,
    "AUAL": 0.5757575757575758,
    "AUAR": 0.6515151515151515,
    "AVAL": 0.0,
    "AVAR": 0.0,
    "AVBL": 0.5,
    "AVBR": 0.7142857142857143,
    "AVDL": 0.0,
    "AVDR": 0.0,
    "AVEL": 0.0,
    "AVER": 0.0,
    "AVFL": 0.6444444444444445,
    "AVFR": 0.5892857142857143,
    "AVG": 0.0,
    "AVHL": 0.0,
    "AVHR": 0.5,
    "AVJL": 0.75,
    "AVJR": 0.6217948717948718,
    "AVKL": 0.0,
    "AVKR": 0.0,
    "AVL": 0.6666666666666666,
    "AVM": 0.6607142857142857,
    "AWAL": 0.0,
    "AWAR": 0.0,
    "AWBL": 0.6666666666666666,
    "AWBR": 0.6964285714285714,
    "AWCL": 0.7333333333333333,
    "AWCR": 0.5,
    "BAGL": 0.6515151515151515,
    "BAGR": 0.8333333333333334,
    "BDUL": 0.6444444444444445,
    "BDUR": 1.0,
    "CANL": 0.5818181818181818,
    "CANR": 0.7222222222222222,
    "CEPDL": 0.06550712489522213,
    "CEPDR": 0.07381413359148112,
    "CEPVL": 0.0900078678206137,
    "CEPVR": 0.0638428232987501,
    "DA1": 0.6111111111111112,
    "DA2": 0.4,
    "DA3": 0.7,
    "DA4": 0.7,
    "DA5": 0.5222222222222223,
    "DA6": 0.3333333333333333,
    "DA7": 0.6893939393939394,
    "DA8": 0.4666666666666667,
    "DA9": 0.5666666666666667,
    "DB1": 0.5909090909090909,
    "DB2": 0.5238095238095238,
    "DB3": 0.5303030303030303,
    "DB4": 0.6090909090909091,
    "DB5": 0.6363636363636364,
    "DB6": 0.6071428571428571,
    "DB7": 0.5666666666666667,
    "DD1": 0.6287878787878788,
    "DD2": 0.8035714285714286,
    "DD3": 0.5454545454545454,
    "DD4": 0.48214285714285715,
    "DD5": 0.6444444444444445,
    "DD6": 0.5833333333333334,
    "DVA": 0.7638888888888888,
    "DVB": 0.0,
    "DVC": 0.7666666666666667,
    "FLPL": 0.5277777777777778,
    "FLPR": 0.7380952380952381,
    "HSNL": 0.11291800274851123,
    "HSNR": 0.11276908023483366,
    "I1L": 0.6333333333333333,
    "I1R": 0.26666666666666666,
    "I2L": 0.6666666666666666,
    "I2R": 0.6636363636363637,
    "I3": 0.4,
    "I4": 0.7678571428571429,
    "I5": 0.0,
    "I6": 0.5714285714285714,
    "IL1DL": 0.6666666666666666,
    "IL1DR": 0.8333333333333334,
    "IL1L": 0.5,
    "IL1R": 1.0,
    "IL1VL": 0.6111111111111112,
    "IL1VR": 0.0,
    "IL2DL": 0.6964285714285714,
    "IL2DR": 0.5,
    "IL2L": 0.6190476190476191,
    "IL2R": 0.5416666666666666,
    "IL2VL": 0.6428571428571429,
    "IL2VR": 0.6071428571428571,
    "LUAL": 0.6666666666666666,
    "LUAR": 0.0,
    "M1": 0.7,
    "M2L": 0.6090909090909091,
    "M2R": 0.5769230769230769,
    "M3L": 0.6190476190476191,
    "M3R": 0.5952380952380952,
    "M4": 0.4107142857142857,
    "M5": 0.75,
    "MCL": 0.7111111111111111,
    "MCR": 0.75,
    "MI": 0.0,
    "NSML": 0.0852055449330784,
    "NSMR": 0.11787723159696747,
    "OLLL": 0.5,
    "OLLR": 0.0,
    "OLQDL": 0.3333333333333333,
    "OLQDR": 0.6,
    "OLQVL": 0.5,
    "OLQVR": 0.7,
    "PDA": 0.6089743589743589,
    "PDB": 0.0,
    "PDEL": 0.07780665716441687,
    "PDER": 0.0680637049455155,
    "PHAL": 0.5,
    "PHAR": 0.9166666666666666,
    "PHBL": 0.6818181818181818,
    "PHBR": 0.8333333333333334,
    "PHCL": 0.6444444444444445,
    "PHCR": 0.45,
    "PLML": 0.5833333333333334,
    "PLMR": 0.5833333333333334,
    "PLNL": 0.5666666666666667,
    "PLNR": 0.6666666666666666,
    "PQR": 0.7142857142857143,
    "PVCL": 0.0,
    "PVCR": 0.8,
    "PVDL": 0.5178571428571429,
    "PVDR": 0.6153846153846154,
    "PVM": 0.0,
    "PVNL": 0.0,
    "PVNR": 0.0,
    "PVPL": 0.0,
    "PVPR": 0.0,
    "PVQL": 0.6785714285714286,
    "PVQR": 0.5178571428571429,
    "PVR": 0.0,
    "PVT": 0.6111111111111112,
    "PVWL": 0.0,
    "PVWR": 0.0,
    "RIAL": 0.5138888888888888,
    "RIAR": 0.7,
    "RIBL": 0.5833333333333334,
    "RIBR": 0.6527777777777778,
    "RICL": 0.1728307254623044,
    "RICR": 0.14017857142857143,
    "RID": 0.75,
    "RIFL": 0.0,
    "RIFR": 0.0,
    "RIGL": 0.0,
    "RIGR": 0.0,
    "RIH": 0.0,
    "RIML": 0.09118058203075359,
    "RIMR": 0.0881213686249193,
    "RIPL": 0.0,
    "RIPR": 0.0,
    "RIR": 0.0,
    "RIS": 0.6388888888888888,
    "RIVL": 0.0,
    "RIVR": 0.0,
    "RMDDL": 0.5888888888888889,
    "RMDDR": 0.6,
    "RMDL": 0.6428571428571429,
    "RMDR": 0.5769230769230769,
    "RMDVL": 0.5,
    "RMDVR": 0.6071428571428571,
    "RMED": 0.6363636363636364,
    "RMEL": 0.6666666666666666,
    "RMER": 0.5769230769230769,
    "RMEV": 0.6111111111111112,
    "RMFL": 0.7619047619047619,
    "RMFR": 0.7666666666666667,
    "RMGL": 0.0,
    "RMGR": 0.0,
    "RMHL": 0.5888888888888889,
    "RMHR": 0.6545454545454545,
    "SAADL": 0.0,
    "SAADR": 0.0,
    "SAAVL": 0.0,
    "SAAVR": 0.0,
    "SABD": 0.6607142857142857,
    "SABVL": 1.0,
    "SABVR": 1.0,
    "SDQL": 0.7222222222222222,
    "SDQR": 0.5,
    "SIADL": 0.6,
    "SIADR": 0.6090909090909091,
    "SIAVL": 0.5694444444444444,
    "SIAVR": 0.6944444444444444,
    "SIBDL": 0.7,
    "SIBDR": 0.55,
    "SIBVL": 0.5888888888888889,
    "SIBVR": 0.5714285714285714,
    "SMBDL": 0.0,
    "SMBDR": 0.0,
    "SMBVL": 0.0,
    "SMBVR": 0.0,
    "SMDDL": 1.0,
    "SMDDR": 0.0,
    "SMDVL": 0.7142857142857143,
    "SMDVR": 0.6181818181818182,
    "URADL": 0.0,
    "URADR": 0.0,
    "URAVL": 0.0,
    "URAVR": 0.0,
    "URBL": 0.0,
    "URBR": 0.0,
    "URXL": 0.0,
    "URXR": 0.0,
    "URYDL": 0.6666666666666666,
    "URYDR": 0.6636363636363637,
    "URYVL": 0.6964285714285714,
    "URYVR": 0.7361111111111112,
    "VA1": 0.6666666666666666,
    "VA10": 0.6904761904761905,
    "VA11": 0.6515151515151515,
    "VA12": 0.6607142857142857,
    "VA2": 0.6909090909090909,
    "VA3": 0.6527777777777778,
    "VA4": 0.6666666666666666,
    "VA5": 0.5,
    "VA6": 0.5714285714285714,
    "VA7": 0.7083333333333334,
    "VA8": 0.5961538461538461,
    "VA9": 0.6538461538461539,
    "VB1": 0.5777777777777777,
    "VB10": 0.625,
    "VB11": 0.5,
    "VB2": 0.6333333333333333,
    "VB3": 0.6,
    "VB4": 0.75,
    "VB5": 0.6727272727272727,
    "VB6": 0.6805555555555556,
    "VB7": 0.5380952380952381,
    "VB8": 0.5833333333333334,
    "VB9": 0.7666666666666667,
    "VC1": 0.0,
    "VC2": 0.0,
    "VC3": 0.0,
    "VC4": 0.0,
    "VC5": 0.0,
    "VC6": 0.0,
    "VD1": 0.7555555555555555,
    "VD10": 0.6904761904761905,
    "VD11": 0.5714285714285714,
    "VD12": 0.6666666666666666,
    "VD13": 0.6363636363636364,
    "VD2": 0.5555555555555556,
    "VD3": 0.7361111111111112,
    "VD4": 0.7678571428571429,
    "VD5": 0.49523809523809526,
    "VD6": 0.7,
    "VD7": 0.7333333333333333,
    "VD8": 0.6212121212121212,
    "VD9": 0.6727272727272727
  },
  "density": 0.02147367494664584,
  "global_efficiency": 0.7247148440615777,