{
  "clustering_coefficients": {
    "ADAL": 0.0,
    "ADAR": 0.0,
    "ADEL": 0.07522966150790367,
    "ADER": 0.06707516339869281,
    "ADFL": 0.04095152062631737,
    "ADFR": 0.052393857271906055,
    "ADLL": 0.6666666666666666,
    "ADLR": 0.7380952380952381,
    "AFDL": 0.5636363636363636,
    "AFDR": 0.0,
    "AIAL": 0.7083333333333334,
    "AIAR": 0.5909090909090909,
    "AIBL": 0.5535714285714286,
    "AIBR": 0.5054945054945055,
    "AIML": 0.5555555555555556,
    "AIMR": 0.5769230769230769,
    "AINL": 0.0,
    "AINR": 0.0,
    "AIYL": 0.5972222222222222,
    "AIYR": 0.55,
    "AIZL": 0.7857142857142857,
    "AIZR": 0.5909090909090909,
    "ALA": 0.0,
    "ALML": 0.4642857142857143,
    "ALMR": 0.5636363636363636,
    "ALNL": 0.5512820512820513,
    "ALNR": 0.6428571428571429,
    "AQR": 0.0,
    "AS1": 0.6545454545454545,
    "AS10": 0.5416666666666666,
    "AS11": 0.6388888888888888,
    "AS2": 0.5,
    "AS3": 0.8333333333333334,
    "AS4": 0.5,
    "AS5": 0.7111111111111111,
    "AS6": 0.5,
    "AS7": 0.5,
    "AS8": 0.4305555555555556,
    "AS9": 0.6222222222222222,
    "ASEL": 0.6111111111111112,
    "ASER": 0.6607142857142857,
    "ASGL": 0.7333333333333333,
    "ASGR": 0.6888888888888889,
    "ASHL": 0.5178571428571429,
    "ASHR": 0.6590909090909091,
    "ASIL": 0.85,
    "ASIR": 0.5111111111111111,
    "ASJL": 0.0,
    "ASJR": 0.0,
    "ASKL": 0.6527777777777778,
    "ASKR": 0.5694444444444444,
    "AUAL": 0.7857142857142857,
    "AUAR": 0.5454545454545454,
    "AVAL": 0.0,
    "AVAR": 0.0,
    "AVBL": 0.5694444444444444,
    "AVBR": 0.0,
    "AVDL": 0.0,
    "AVDR": 0.0,
    "AVEL": 0.0,
    "AVER": 0.0,
    "AVFL": 0.5454545454545454,
    "AVFR": 0.8333333333333334,
    "AVG": 0.0,
    "AVHL": 0.6153846153846154,
    "AVHR": 0.8333333333333334,
    "AVJL": 0.5888888888888889,
    "AVJR": 0.8333333333333334,
    "AVKL": 0.0,
    "AVKR": 0.0,
    "AVL": 0.5681818181818182,
    "AVM": 0.5378787878787878,
    "AWAL": 0.0,
    "AWAR": 0.0,
    "AWBL": 0.7,
    "AWBR": 0.5444444444444444,
    "AWCL": 0.4166666666666667,
    "AWCR": 0.0,
    "BAGL": 1.0,
    "BAGR": 1.0,
    "BDUL": 0.6071428571428571,
    "BDUR": 0.5,
    "CANL": 0.5384615384615384,
    "CANR": 0.625,
    "CEPDL": 0.07188962401161852,
    "CEPDR": 0.07511995595060175,
    "CEPVL": 0.08225055160578573,
    "CEPVR": 0.08083904800322711,
    "DA1": 0.6444444444444445,
    "DA2": 0.5416666666666666,
    "DA3": 0.48214285714285715,
    "DA4": 0.6527777777777778,
    "DA5": 0.4722222222222222,
    "DA6": 0.6181818181818182,
    "DA7": 0.5555555555555556,
    "DA8": 0.44642857142857145,
    "DA9": 0.7619047619047619,
    "DB1": 0.5,
    "DB2": 0.6666666666666666,
    "DB3": 0.5681818181818182,
    "DB4": 0.5111111111111111,
    "DB5": 0.5,
    "DB6": 0.5151515151515151,
    "DB7": 0.6444444444444445,
    "DD1": 0.521978021978022,
    "DD2": 0.7363636363636363,
    "DD3": 0.6607142857142857,
    "DD4": 0.6111111111111112,
    "DD5": 0.5178571428571429,
    "DD6": 0.5972222222222222,
    "DVA": 0.7321428571428571,
    "DVB": 0.0,
    "DVC": 0.5545454545454546,
    "FLPL": 0.6025641025641025,
    "FLPR": 0.6,
    "HSNL": 0.074125,
    "HSNR": 0.11154026217228465,
    "I1L": 0.5476190476190477,
    "I1R": 0.5833333333333334,
    "I2L": 0.7142857142857143,
    "I2R": 0.5,
    "I3": 0.625,
    "I4": 0.7142857142857143,
    "I5": 0.0,
    "I6": 0.4861111111111111,
    "IL1DL": 0.3333333333333333,
    "IL1DR": 0.6444444444444445,
    "IL1L": 0.5,
    "IL1R": 0.8333333333333334,
    "IL1VL": 0.85,
    "IL1VR": 0.6,
    "IL2DL": 0.6742424242424242,
    "IL2DR": 0.5,
    "IL2L": 0.6136363636363636,
    "IL2R": 0.5476190476190477,
    "IL2VL": 0.6428571428571429,
    "IL2VR": 0.6090909090909091,
    "LUAL": 0.0,
    "LUAR": 0.5892857142857143,
    "M1": 0.6,
    "M2L": 0.5,
    "M2R": 0.5666666666666667,
    "M3L": 0.7272727272727273,
    "M3R": 0.6777777777777778,
    "M4": 0.7380952380952381,
    "M5": 0.4523809523809524,
    "MCL": 0.5984848484848485,
    "MCR": 0.6818181818181818,
    "MI": 0.0,
    "NSML": 0.09005376344086022,
    "NSMR": 0.10703181057163358,
    "OLLL": 0.0,
    "OLLR": 0.0,
    "OLQDL": 0.6111111111111112,
    "OLQDR": 0.5272727272727272,
    "OLQVL": 0.16666666666666666,
    "OLQVR": 0.3333333333333333,
    "PDA": 0.5892857142857143,
    "PDB": 0.0,
    "PDEL": 0.06828025477707006,
    "PDER": 0.06605196982397318,
    "PHAL": 0.6666666666666666,
    "PHAR": 0.65,
    "PHBL": 0.0,
    "PHBR": 0.5,
    "PHCL": 0.6428571428571429,
    "PHCR": 0.6909090909090909,
    "PLML": 0.7083333333333334,
    "PLMR": 0.5512820512820513,
    "PLNL": 0.5178571428571429,
    "PLNR": 0.3,
    "PQR": 0.6,
    "PVCL": 0.0,
    "PVCR": 0.0,
    "PVDL": 0.5636363636363636,
    "PVDR": 0.6,
    "PVM": 0.0,
    "PVNL": 0.0,
    "PVNR": 0.0,
    "PVPL": 0.0,
    "PVPR": 0.0,
    "PVQL": 0.6666666666666666,
    "PVQR": 0.5333333333333333,
    "PVR": 0.0,
    "PVT": 0.5892857142857143,
    "PVWL": 0.0,
    "PVWR": 0.0,
    "RIAL": 0.6136363636363636,
    "RIAR": 0.6636363636363637,
    "RIBL": 0.6071428571428571,
    "RIBR": 0.5824175824175825,
    "RICL": 0.20695970695970695,
    "RICR": 0.20563035495716034,
    "RID": 0.6428571428571429,
    "RIFL": 0.0,
    "RIFR": 0.0,
    "RIGL": 0.0,
    "RIGR": 0.0,
    "RIH": 0.0,
    "RIML": 0.08000275633958104,
    "RIMR": 0.07352181771236767,
    "RIPL": 0.0,
    "RIPR": 0.0,
    "RIR": 0.0,
    "RIS": 0.5416666666666666,
    "RIVL": 0.0,
    "RIVR": 0.0,
    "RMDDL": 0.6666666666666666,
    "RMDDR": 0.6212121212121212,
    "RMDL": 0.8333333333333334,
    "RMDR": 0.7222222222222222,
    "RMDVL": 0.7380952380952381,
    "RMDVR": 0.4,
    "RMED": 0.7638888888888888,
    "RMEL": 0.6388888888888888,
    "RMER": 0.6964285714285714,
    "RMEV": 0.7555555555555555,
    "RMFL": 0.5,
    "RMFR": 0.75,
    "RMGL": 0.0,
    "RMGR": 0.0,
    "RMHL": 0.6904761904761905,
    "RMHR": 0.5769230769230769,
    "SAADL": 0.0,
    "SAADR": 0.0,
    "SAAVL": 0.0,
    "SAAVR": 0.0,
    "SABD": 0.6666666666666666,
    "SABVL": 0.5892857142857143,
    "SABVR": 0.6545454545454545,
    "SDQL": 0.0,
    "SDQR": 0.5277777777777778,
    "SIADL": 0.5714285714285714,
    "SIADR": 0.6,
    "SIAVL": 0.625,
    "SIAVR": 0.5892857142857143,
    "SIBDL": 0.4807692307692308,
    "SIBDR": 0.5238095238095238,
    "SIBVL": 0.6527777777777778,
    "SIBVR": 0.6388888888888888,
    "SMBDL": 0.0,
    "SMBDR": 0.0,
    "SMBVL": 0.0,
    "SMBVR": 0.0,
    "SMDDL": 0.5,
    "SMDDR": 0.6666666666666666,
    "SMDVL": 0.8333333333333334,
    "SMDVR": 0.55,
    "URADL": 0.0,
    "URADR": 0.0,
    "URAVL": 0.0,
    "URAVR": 0.0,
    "URBL": 0.0,
    "URBR": 0.0,
    "URXL": 0.0,
    "URXR": 0.0,
    "URYDL": 0.5111111111111111,
    "URYDR": 0.5357142857142857,
    "URYVL": 0.7321428571428571,
    "URYVR": 0.5138888888888888,
    "VA1": 0.5972222222222222,
    "VA10": 0.5777777777777777,
    "VA11": 0.42857142857142855,
    "VA12": 0.5909090909090909,
    "VA2": 0.5879120879120879,
    "VA3": 0.6111111111111112,
    "VA4": 0.5818181818181818,
    "VA5": 0.7777777777777778,
    "VA6": 0.5714285714285714,
    "VA7": 0.5384615384615384,
    "VA8": 0.5952380952380952,
    "VA9": 0.4861111111111111,
    "VB1": 0.5972222222222222,
    "VB10": 0.5769230769230769,
    "VB11": 0.6527777777777778,
    "VB2": 0.5972222222222222,
    "VB3": 0.6444444444444445,
    "VB4": 0.7333333333333333,
    "VB5": 0.38095238095238093,
    "VB6": 0.6428571428571429,
    "VB7": 0.6090909090909091,
    "VB8": 0.5666666666666667,
    "VB9": 0.6071428571428571,
    "VC1": 0.0,
    "VC2": 0.0,
    "VC3": 0.0,
    "VC4": 0.0,
    "VC5": 0.0,
    "VC6": 0.0,
    "VD1": 0.6964285714285714,
    "VD10": 0.7,
    "VD11": 0.6090909090909091,
    "VD12": 0.47619047619047616,
    "VD13": 0.6,
    "VD2": 0.7678571428571429,
    "VD3": 0.5357142857142857,
    "VD4": 0.6666666666666666,
    "VD5": 0.6904761904761905,
    "VD6": 0.4636363636363636,
    "VD7": 0.7857142857142857,
    "VD8": 0.5777777777777777,