{
  "clustering_coefficients": {
    "ADAL": 0.0,
    "ADAR": 0.0,
    "ADEL": 0.06777600804761505,
    "ADER": 0.06458861018057031,
    "ADFL": 0.028455284552845527,
    "ADFR": 0.04200542005420054,
    "ADLL": 0.8333333333333334,
    "ADLR": 0.5111111111111111,
    "AFDL": 0.45555555555555555,
    "AFDR": 0.0,
    "AIAL": 0.5,
    "AIAR": 0.8,
    "AIBL": 0.5064102564102564,
    "AIBR": 0.5888888888888889,
    "AIML": 0.5777777777777777,
    "AIMR": 0.6904761904761905,
    "AINL": 0.0,
    "AINR": 0.0,
    "AIYL": 0.5238095238095238,
    "AIYR": 0.5555555555555556,
    "AIZL": 0.5666666666666667,
    "AIZR": 0.8,
    "ALA": 0.0,
    "ALML": 0.4696969696969697,
    "ALMR": 0.43333333333333335,
    "ALNL": 0.5555555555555556,
    "ALNR": 0.47619047619047616,
    "AQR": 0.0,
    "AS1": 0.5636363636363636,
    "AS10": 0.45454545454545453,
    "AS11": 0.375,
    "AS2": 0.4666666666666667,
    "AS3": 0.3333333333333333,
    "AS4": 0.5416666666666666,
    "AS5": 0.4909090909090909,
    "AS6": 0.30952380952380953,
    "AS7": 0.16666666666666666,
    "AS8": 0.4166666666666667,
    "AS9": 0.3333333333333333,
    "ASEL": 0.4722222222222222,
    "ASER": 0.4772727272727273,
    "ASGL": 0.5694444444444444,
    "ASGR": 0.65,
    "ASHL": 0.4107142857142857,
    "ASHR": 0.5333333333333333,
    "ASIL": 0.6,
    "ASIR": 0.4107142857142857,
    "ASJL": 0.0,
    "ASJR": 0.0,
    "ASKL": 0.5555555555555556,
    "ASKR": 0.43956043956043955,
    "AUAL": 0.4666666666666667,
    "AUAR": 0.4666666666666667,
    "AVAL": 0.0,
    "AVAR": 0.0,
    "AVBL": 0.0,
    "AVBR": 0.5,
    "AVDL": 0.0,
    "AVDR": 0.0,
    "AVEL": 0.0,
    "AVER": 0.0,
    "AVFL": 0.40384615384615385,
    "AVFR": 0.5694444444444444,
    "AVG": 0.0,
    "AVHL": 0.4,
    "AVHR": 0.3333333333333333,
    "AVJL": 0.5694444444444444,
    "AVJR": 0.4642857142857143,
    "AVKL": 0.0,
    "AVKR": 0.0,
    "AVL": 0.3888888888888889,
    "AVM": 0.3392857142857143,
    "AWAL": 0.0,
    "AWAR": 0.0,
    "AWBL": 0.5757575757575758,
    "AWBR": 0.4642857142857143,
    "AWCL": 0.0,
    "AWCR": 1.0,
    "BAGL": 0.5,
    "BAGR": 0.16666666666666666,
    "BDUL": 0.8333333333333334,
    "BDUR": 0.5833333333333334,
    "CANL": 0.4583333333333333,
    "CANR": 0.5222222222222223,
    "CEPDL": 0.0516084038008892,
    "CEPDR": 0.05752249957547971,
    "CEPVL": 0.04429926615357079,
    "CEPVR": 0.05665779498346641,
    "DA1": 0.4444444444444444,
    "DA2": 0.41818181818181815,
    "DA3": 0.5,
    "DA4": 0.4722222222222222,
    "DA5": 0.5476190476190477,
    "DA6": 0.44505494505494503,
    "DA7": 0.5075757575757576,
    "DA8": 0.4777777777777778,
    "DA9": 0.37777777777777777,
    "DB1": 0.5694444444444444,
    "DB2": 0.5694444444444444,
    "DB3": 0.5,
    "DB4": 0.5303030303030303,
    "DB5": 0.4722222222222222,
    "DB6": 0.4888888888888889,
    "DB7": 0.5075757575757576,
    "DD1": 0.5666666666666667,
    "DD2": 0.5064102564102564,
    "DD3": 0.5666666666666667,
    "DD4": 0.4861111111111111,
    "DD5": 0.4444444444444444,
    "DD6": 0.45555555555555555,
    "DVA": 0.5222222222222223,
    "DVB": 0.0,
    "DVC": 0.5333333333333333,
    "FLPL": 0.5,
    "FLPR": 0.4444444444444444,
    "HSNL": 0.0885794523753803,
    "HSNR": 0.10148218981592158,
    "I1L": 0.30952380952380953,
    "I1R": 0.42948717948717946,
    "I2L": 0.5227272727272727,
    "I2R": 0.42424242424242425,
    "I3": 0.375,
    "I4": 0.4727272727272727,
    "I5": 0.0,
    "I6": 0.4444444444444444,
    "IL1DL": 0.5,
    "IL1DR": 0.5,
    "IL1L": 0.5,
    "IL1R": 0.5,
    "IL1VL": 0.5,
    "IL1VR": 0.5,
    "IL2DL": 0.4722222222222222,
    "IL2DR": 0.43333333333333335,
    "IL2L": 0.45,
    "IL2R": 0.5833333333333334,
    "IL2VL": 0.4861111111111111,
    "IL2VR": 0.4583333333333333,
    "LUAL": 0.3333333333333333,
    "LUAR": 1.0,
    "M1": 0.5333333333333333,
    "M2L": 0.48214285714285715,
    "M2R": 0.4027777777777778,
    "M3L": 0.5,
    "M3R": 0.44696969696969696,
    "M4": 0.45,
    "M5": 0.46153846153846156,
    "MCL": 0.36666666666666664,
    "MCR": 0.5576923076923077,
    "MI": 0.0,
    "NSML": 0.08207004704652378,
    "NSMR": 0.08458781362007169,
    "OLLL": 0.5,
    "OLLR": 0.553030303030303,
    "OLQDL": 0.0,
    "OLQDR": 0.3333333333333333,
    "OLQVL": 0.5075757575757576,
    "OLQVR": 0.0,
    "PDA": 0.55,
    "PDB": 0.0,
    "PDEL": 0.05534733722653186,
    "PDER": 0.06898946164529042,
    "PHAL": 0.0,
    "PHAR": 0.6111111111111112,
    "PHBL": 1.0,
    "PHBR": 0.5,
    "PHCL": 0.5,
    "PHCR": 0.38095238095238093,
    "PLML": 0.45,
    "PLMR": 0.5178571428571429,
    "PLNL": 0.5,
    "PLNR": 0.5,
    "PQR": 0.6,
    "PVCL": 0.5,
    "PVCR": 0.5888888888888889,
    "PVDL": 0.4888888888888889,
    "PVDR": 0.42857142857142855,
    "PVM": 0.0,
    "PVNL": 0.0,
    "PVNR": 0.0,
    "PVPL": 0.0,
    "PVPR": 0.0,
    "PVQL": 0.5606060606060606,
    "PVQR": 0.4166666666666667,
    "PVR": 0.0,
    "PVT": 0.43636363636363634,
    "PVWL": 0.0,
    "PVWR": 0.0,
    "RIAL": 0.5111111111111111,
    "RIAR": 0.553030303030303,
    "RIBL": 0.4,
    "RIBR": 0.5151515151515151,
    "RICL": 0.16719745222929935,
    "RICR": 0.13247863247863248,
    "RID": 0.5892857142857143,
    "RIFL": 0.0,
    "RIFR": 0.0,
    "RIGL": 0.0,
    "RIGR": 0.0,
    "RIH": 0.0,
    "RIML": 0.07124457700650759,
    "RIMR": 0.0714,
    "RIPL": 0.0,
    "RIPR": 0.0,
    "RIR": 0.0,
    "RIS": 0.38461538461538464,
    "RIVL": 0.0,
    "RIVR": 0.0,
    "RMDDL": 0.7,
    "RMDDR": 0.47619047619047616,
    "RMDL": 0.5,
    "RMDR": 0.5238095238095238,
    "RMDVL": 0.5075757575757576,
    "RMDVR": 0.38095238095238093,
    "RMED": 0.47435897435897434,
    "RMEL": 0.4777777777777778,
    "RMER": 0.4935897435897436,
    "RMEV": 0.5277777777777778,
    "RMFL": 0.5178571428571429,
    "RMFR": 0.25,
    "RMGL": 0.0,
    "RMGR": 0.0,
    "RMHL": 0.6,
    "RMHR": 0.35714285714285715,
    "SAADL": 0.0,
    "SAADR": 0.0,
    "SAAVL": 0.0,
    "SAAVR": 0.0,
    "SABD": 0.5666666666666667,
    "SABVL": 1.0,
    "SABVR": 0.2,
    "SDQL": 0.0,
    "SDQR": 0.6785714285714286,
    "SIADL": 0.5555555555555556,
    "SIADR": 0.42948717948717946,
    "SIAVL": 0.46153846153846156,
    "SIAVR": 0.40476190476190477,
    "SIBDL": 0.35714285714285715,
    "SIBDR": 0.45555555555555555,
    "SIBVL": 0.5222222222222223,
    "SIBVR": 0.55,
    "SMBDL": 0.0,
    "SMBDR": 0.0,
    "SMBVL": 0.0,
    "SMBVR": 0.0,
    "SMDDL": 0.3333333333333333,
    "SMDDR": 0.5,
    "SMDVL": 0.4772727272727273,
    "SMDVR": 0.5111111111111111,
    "URADL": 0.0,
    "URADR": 0.0,
    "URAVL": 0.0,
    "URAVR": 0.0,
    "URBL": 0.0,
    "URBR": 0.0,
    "URXL": 0.0,
    "URXR": 0.0,
    "URYDL": 0.44642857142857145,
    "URYDR": 0.48214285714285715,
    "URYVL": 0.43636363636363634,
    "URYVR": 0.46153846153846156,
    "VA1": 0.4444444444444444,
    "VA10": 0.5714285714285714,
    "VA11": 0.5363636363636364,
    "VA12": 0.3888888888888889,
    "VA2": 0.4861111111111111,
    "VA3": 0.36363636363636365,
    "VA4": 0.3939393939393939,
    "VA5": 0.44642857142857145,
    "VA6": 0.5075757575757576,
    "VA7": 0.4305555555555556,
    "VA8": 0.5128205128205128,
    "VA9": 0.4696969696969697,
    "VB1": 0.6666666666666666,
    "VB10": 0.44696969696969696,
    "VB11": 0.4166666666666667,
    "VB2": 0.5333333333333333,
    "VB3": 0.5075757575757576,
    "VB4": 0.4722222222222222,
    "VB5": 0.5357142857142857,
    "VB6": 0.5,
    "VB7": 0.4166666666666667,
    "VB8": 0.4722222222222222,
    "VB9": 0.5,
    "VC1": 0.0,
    "VC2": 0.0,
    "VC3": 0.0,
    "VC4": 0.0,
    "VC5": 0.0,
    "VC6": 0.0,
    "VD1": 0.4818181818181818,
    "VD10": 0.4772727272727273,
    "VD11": 0.4393939393939394,
    "VD12": 0.5333333333333333,
    "VD13": 0.5,
    "VD2": 0.3611111111111111,
    "VD3": 0.4358974358974359,
    "VD4": 0.509090909090909,
    "VD5": 0.4818181818181818,
    "VD6": 0.45555555555555555,
    "VD7": 0.4,
    "VD8": 0.5545454545454546,
    "VD9": 0.5238095238095238
  },
  "density": 0.02147367494664584,
  "global_efficiency": 0.7209246901811249,