{
  "clustering_coefficients": {
    "ADAL": 0.0,
    "ADAR": 0.0,
    "ADEL": 0.055628165332462017,
    "ADER": 0.07566957082929977,
    "ADFL": 0.0644384221619994,
    "ADFR": 0.03688647997591087,
    "ADLL": 0.6777777777777778,
    "ADLR": 0.6333333333333333,
    "AFDL": 0.8,
    "AFDR": 1.0,
    "AIAL": 0.5681818181818182,
    "AIAR": 0.6428571428571429,
    "AIBL": 0.625,
    "AIBR": 0.6666666666666666,
    "AIML": 0.7666666666666667,
    "AIMR": 0.6090909090909091,
    "AINL": 0.0,
    "AINR": 0.0,
    "AIYL": 0.5178571428571429,
    "AIYR": 0.5,
    "AIZL": 0.44642857142857145,
    "AIZR": 0.4888888888888889,
    "ALA": 0.0,
    "ALML": 0.5192307692307693,
    "ALMR": 0.6181818181818182,
    "ALNL": 0.6964285714285714,
    "ALNR": 0.4444444444444444,
    "AQR": 0.0,
    "AS1": 0.4523809523809524,
    "AS10": 0.7,
    "AS11": 0.5909090909090909,
    "AS2": 0.75,
    "AS3": 0.5555555555555556,
    "AS4": 0.5,
    "AS5": 0.48214285714285715,
    "AS6": 0.6287878787878788,
    "AS7": 0.6333333333333333,
    "AS8": 0.5636363636363636,
    "AS9": 0.6090909090909091,
    "ASEL": 0.5178571428571429,
    "ASER": 0.5274725274725275,
    "ASGL": 0.5892857142857143,
    "ASGR": 0.5,
    "ASHL": 0.5111111111111111,
    "ASHR": 0.5892857142857143,
    "ASIL": 0.625,
    "ASIR": 0.5,
    "ASJL": 0.0,
    "ASJR": 0.0,
    "ASKL": 0.6527777777777778,
    "ASKR": 0.5238095238095238,
    "AUAL": 0.5,
    "AUAR": 0.6111111111111112,
    "AVAL": 0.0,
    "AVAR": 0.0,
    "AVBL": 0.6666666666666666,
    "AVBR": 0.0,
    "AVDL": 0.0,
    "AVDR": 0.0,
    "AVEL": 0.0,
    "AVER": 0.0,
    "AVFL": 0.553030303030303,
    "AVFR": 0.5454545454545454,
    "AVG": 0.0,
    "AVHL": 0.0,
    "AVHR": 0.5,
    "AVJL": 0.625,
    "AVJR": 0.5378787878787878,
    "AVKL": 0.0,
    "AVKR": 0.0,
    "AVL": 0.5416666666666666,
    "AVM": 0.5818181818181818,
    "AWAL": 0.0,
    "AWAR": 0.0,
    "AWBL": 0.625,
    "AWBR": 0.4722222222222222,
    "AWCL": 0.0,
    "AWCR": 0.0,
    "BAGL": 0.5,
    "BAGR": 0.6,
    "BDUL": 0.42857142857142855,
    "BDUR": 0.9166666666666666,
    "CANL": 0.45,
    "CANR": 0.6,
    "CEPDL": 0.0645372110121722,
    "CEPDR": 0.08128277531262607,
    "CEPVL": 0.06599635882158225,
    "CEPVR": 0.0697331740342493,
    "DA1": 0.5111111111111111,
    "DA2": 0.5545454545454546,
    "DA3": 0.6060606060606061,
    "DA4": 0.6111111111111112,
    "DA5": 0.5,
    "DA6": 0.5714285714285714,
    "DA7": 0.6428571428571429,
    "DA8": 0.5454545454545454,
    "DA9": 0.5636363636363636,
    "DB1": 0.7380952380952381,
    "DB2": 0.5777777777777777,
    "DB3": 0.5818181818181818,
    "DB4": 0.6136363636363636,
    "DB5": 0.6217948717948718,
    "DB6": 0.5606060606060606,
    "DB7": 0.44642857142857145,
    "DD1": 0.5535714285714286,
    "DD2": 0.6363636363636364,
    "DD3": 0.5833333333333334,
    "DD4": 0.5454545454545454,
    "DD5": 0.5909090909090909,
    "DD6": 0.5636363636363636,
    "DVA": 0.5256410256410257,
    "DVB": 0.0,
    "DVC": 0.5476190476190477,
    "FLPL": 0.6388888888888888,
    "FLPR": 0.6090909090909091,
    "HSNL": 0.11854066985645934,
    "HSNR": 0.09558054393305439,
    "I1L": 0.6333333333333333,
    "I1R": 0.6439393939393939,
    "I2L": 0.6555555555555556,
    "I2R": 0.5694444444444444,
    "I3": 0.6527777777777778,
    "I4": 0.6111111111111112,
    "I5": 0.0,
    "I6": 0.5416666666666666,
    "IL1DL": 0.35,
    "IL1DR": 1.0,
    "IL1L": 0.5,
    "IL1R": 0.5,
    "IL1VL": 1.0,
    "IL1VR": 0.6666666666666666,
    "IL2DL": 0.4444444444444444,
    "IL2DR": 0.48484848484848486,
    "IL2L": 0.4666666666666667,
    "IL2R": 0.5238095238095238,
    "IL2VL": 0.6,
    "IL2VR": 0.6388888888888888,
    "LUAL": 0.5,
    "LUAR": 0.5833333333333334,
    "M1": 0.5357142857142857,
    "M2L": 0.5357142857142857,
    "M2R": 0.6333333333333333,
    "M3L": 0.5,
    "M3R": 0.5818181818181818,
    "M4": 0.8,
    "M5": 0.5535714285714286,
    "MCL": 0.5694444444444444,
    "MCR": 0.5757575757575758,
    "MI": 0.0,
    "NSML": 0.10829548171169018,
    "NSMR": 0.10675,
    "OLLL": 0.0,
    "OLLR": 0.5833333333333334,
    "OLQDL": 0.0,
    "OLQDR": 0.9,
    "OLQVL": 0.8333333333333334,
    "OLQVR": 0.8333333333333334,
    "PDA": 0.5181818181818182,
    "PDB": 0.0,
    "PDEL": 0.06207013670714104,
    "PDER": 0.05548387096774193,
    "PHAL": 0.8333333333333334,
    "PHAR": 0.5,
    "PHBL": 0.8333333333333334,
    "PHBR": 0.5833333333333334,
    "PHCL": 0.5111111111111111,
    "PHCR": 0.65,
    "PLML": 0.5333333333333333,
    "PLMR": 0.75,
    "PLNL": 0.5238095238095238,
    "PLNR": 0.5378787878787878,
    "PQR": 0.5476190476190477,
    "PVCL": 0.5833333333333334,
    "PVCR": 0.6666666666666666,
    "PVDL": 0.6964285714285714,
    "PVDR": 0.6666666666666666,
    "PVM": 0.0,
    "PVNL": 0.0,
    "PVNR": 0.0,
    "PVPL": 0.0,
    "PVPR": 0.0,
    "PVQL": 0.4888888888888889,
    "PVQR": 0.5,
    "PVR": 0.0,
    "PVT": 0.5694444444444444,
    "PVWL": 0.0,
    "PVWR": 0.0,
    "RIAL": 0.5454545454545454,
    "RIAR": 0.5476190476190477,
    "RIBL": 0.6527777777777778,
    "RIBR": 0.625,
    "RICL": 0.1925545571245186,
    "RICR": 0.212998712998713,
    "RID": 0.6212121212121212,
    "RIFL": 0.0,
    "RIFR": 0.0,
    "RIGL": 0.0,
    "RIGR": 0.0,
    "RIH": 0.0,
    "RIML": 0.09006755066299725,
    "RIMR": 0.08912425729785585,
    "RIPL": 0.0,
    "RIPR": 0.0,
    "RIR": 0.0,
    "RIS": 0.6363636363636364,
    "RIVL": 0.0,
    "RIVR": 0.0,
    "RMDDL": 0.5833333333333334,
    "RMDDR": 0.4772727272727273,
    "RMDL": 0.6888888888888889,
    "RMDR": 0.5714285714285714,
    "RMDVL": 0.5333333333333333,
    "RMDVR": 0.6181818181818182,
    "RMED": 0.4777777777777778,
    "RMEL": 0.5545454545454546,
    "RMER": 0.47619047619047616,
    "RMEV": 0.5277777777777778,
    "RMFL": 0.6666666666666666,
    "RMFR": 0.5178571428571429,
    "RMGL": 0.0,
    "RMGR": 0.0,
    "RMHL": 0.5151515151515151,
    "RMHR": 0.6,
    "SAADL": 0.0,
    "SAADR": 0.0,
    "SAAVL": 0.0,
    "SAAVR": 0.0,
    "SABD": 0.625,
    "SABVL": 0.0,
    "SABVR": 0.0,
    "SDQL": 1.0,
    "SDQR": 0.75,
    "SIADL": 0.6666666666666666,
    "SIADR": 0.5714285714285714,
    "SIAVL": 0.5075757575757576,
    "SIAVR": 0.5222222222222223,
    "SIBDL": 0.5555555555555556,
    "SIBDR": 0.5333333333333333,
    "SIBVL": 0.5952380952380952,
    "SIBVR": 0.5833333333333334,
    "SMBDL": 0.0,
    "SMBDR": 0.0,
    "SMBVL": 0.0,
    "SMBVR": 0.0,
    "SMDDL": 0.0,
    "SMDDR": 0.5,
    "SMDVL": 0.5,
    "SMDVR": 0.3333333333333333,
    "URADL": 0.0,
    "URADR": 0.0,
    "URAVL": 0.0,
    "URAVR": 0.0,
    "URBL": 0.0,
    "URBR": 0.0,
    "URXL": 0.0,
    "URXR": 0.0,
    "URYDL": 0.6272727272727273,
    "URYDR": 0.5357142857142857,
    "URYVL": 0.5,
    "URYVR": 0.5277777777777778,
    "VA1": 0.5705128205128205,
    "VA10": 0.6222222222222222,
    "VA11": 0.5888888888888889,
    "VA12": 0.5384615384615384,
    "VA2": 0.5,
    "VA3": 0.40476190476190477,
    "VA4": 0.75,
    "VA5": 0.65,
    "VA6": 0.5555555555555556,
    "VA7": 0.5,
    "VA8": 0.5535714285714286,
    "VA9": 0.6,
    "VB1": 0.5666666666666667,
    "VB10": 0.6439393939393939,
    "VB11": 0.6217948717948718,
    "VB2": 0.6777777777777778,
    "VB3": 0.5888888888888889,
    "VB4": 0.6805555555555556,
    "VB5": 0.6,
    "VB6": 0.7083333333333334,
    "VB7": 0.5833333333333334,
    "VB8": 0.7666666666666667,
    "VB9": 0.5555555555555556,
    "VC1": 0.0,
    "VC2": 0.0,
    "VC3": 0.0,
    "VC4": 0.0,
    "VC5": 0.0,
    "VC6": 0.0,
    "VD1": 0.6666666666666666,
    "VD10": 0.6111111111111112,
    "VD11": 0.5705128205128205,
    "VD12": 0.6071428571428571,
    "VD13": 0.5192307692307693,
    "VD2": 0.5416666666666666,
    "VD3": 0.7380952380952381,
    "VD4": 0.5,
    "VD5": 0.5,
    "VD6": 0.6388888888888888,
    "VD7": 0.4722222222222222,
    "VD8": 0.5666666666666667,
    "VD9": 0.625
  },
  "density": 0.02147367494664584,
  "global_efficiency": 0.7249960279631394,
  "maximum_modularity": 0.09521786188188658,
  "mean_path_length": 1.580791229742612,