{
  "clustering_coefficients": {
    "ADAL": 0.0,
    "ADAR": 0.0,
    "ADEL": 0.07736990722065348,
    "ADER": 0.06616186693147964,
    "ADFL": 0.04953327311050888,
    "ADFR": 0.08054802770249925,
    "ADLL": 0.7361111111111112,
    "ADLR": 0.5714285714285714,
    "AFDL": 0.5,
    "AFDR": 0.0,
    "AIAL": 0.6212121212121212,
    "AIAR": 0.7142857142857143,
    "AIBL": 0.7,
    "AIBR": 0.43333333333333335,
    "AIML": 0.7222222222222222,
    "AIMR": 0.5892857142857143,
    "AINL": 0.0,
    "AINR": 0.0,
    "AIYL": 0.6818181818181818,
    "AIYR": 0.5,
    "AIZL": 0.6904761904761905,
    "AIZR": 0.7321428571428571,
    "ALA": 0.0,
    "ALML": 0.55,
    "ALMR": 0.6388888888888888,
    "ALNL": 0.7181818181818181,
    "ALNR": 0.6777777777777778,
    "AQR": 0.0,
    "AS1": 0.6190476190476191,
    "AS10": 0.5333333333333333,
    "AS11": 0.7333333333333333,
    "AS2": 0.26666666666666666,
    "AS3": 0.7333333333333333,
    "AS4": 0.6888888888888889,
    "AS5": 0.7142857142857143,
    "AS6": 0.5,
    "AS7": 0.5666666666666667,
    "AS8": 0.7333333333333333,
    "AS9": 0.6222222222222222,
    "ASEL": 0.5333333333333333,
    "ASER": 0.6607142857142857,
    "ASGL": 0.6607142857142857,
    "ASGR": 0.6090909090909091,
    "ASHL": 0.7857142857142857,
    "ASHR": 0.6212121212121212,
    "ASIL": 0.6904761904761905,
    "ASIR": 0.6555555555555556,
    "ASJL": 0.0,
    "ASJR": 0.0,
    "ASKL": 0.5934065934065934,
    "ASKR": 0.6,
    "AUAL": 0.6666666666666666,
    "AUAR": 0.6111111111111112,
    "AVAL": 0.0,
    "AVAR": 0.0,
    "AVBL": 0.5,
    "AVBR": 0.5,
    "AVDL": 0.0,
    "AVDR": 0.0,
    "AVEL": 0.0,
    "AVER": 0.0,
    "AVFL": 0.6666666666666666,
    "AVFR": 0.5454545454545454,
    "AVG": 0.0,
    "AVHL": 0.8333333333333334,
    "AVHR": 0.6666666666666666,
    "AVJL": 0.553030303030303,
    "AVJR": 0.5277777777777778,
    "AVKL": 0.0,
    "AVKR": 0.0,
    "AVL": 0.5545454545454546,
    "AVM": 0.625,
    "AWAL": 0.0,
    "AWAR": 0.0,
    "AWBL": 0.553030303030303,
    "AWBR": 0.6111111111111112,
    "AWCL": 0.5694444444444444,
    "AWCR": 1.0,
    "BAGL": 0.5,
    "BAGR": 0.65,
    "BDUL": 0.6222222222222222,
    "BDUR": 0.75,
    "CANL": 0.5952380952380952,
    "CANR": 0.5769230769230769,
    "CEPDL": 0.0779193908797484,
    "CEPDR": 0.07212304081803704,
    "CEPVL": 0.06772322522669716,
    "CEPVR": 0.07605727054539435,
    "DA1": 0.5555555555555556,
    "DA2": 0.6111111111111112,
    "DA3": 0.3333333333333333,
    "DA4": 0.6666666666666666,
    "DA5": 0.6636363636363637,
    "DA6": 0.7333333333333333,
    "DA7": 0.6636363636363637,
    "DA8": 0.6666666666666666,
    "DA9": 0.5714285714285714,
    "DB1": 0.6444444444444445,
    "DB2": 0.6333333333333333,
    "DB3": 0.6363636363636364,
    "DB4": 0.6,
    "DB5": 0.8035714285714286,
    "DB6": 0.6666666666666666,
    "DB7": 0.6428571428571429,
    "DD1": 0.5961538461538461,
    "DD2": 0.5272727272727272,
    "DD3": 0.5545454545454546,
    "DD4": 0.7111111111111111,
    "DD5": 0.6888888888888889,
    "DD6": 0.5989010989010989,
    "DVA": 0.6111111111111112,
    "DVB": 0.0,
    "DVC": 0.5333333333333333,
    "FLPL": 0.6111111111111112,
    "FLPR": 0.6181818181818182,
    "HSNL": 0.11014426379665675,
    "HSNR": 0.10448430493273543,
    "I1L": 0.5,
    "I1R": 0.5272727272727272,
    "I2L": 0.6071428571428571,
    "I2R": 0.6346153846153846,
    "I3": 0.6805555555555556,
    "I4": 0.7333333333333333,
    "I5": 0.0,
    "I6": 0.696969696969697,
    "IL1DL": 0.8333333333333334,
    "IL1DR": 1.0,
    "IL1L": 0.5,
    "IL1R": 0.6666666666666666,
    "IL1VL": 1.0,
    "IL1VR": 0.6888888888888889,
    "IL2DL": 0.6607142857142857,
    "IL2DR": 0.5694444444444444,
    "IL2L": 0.5535714285714286,
    "IL2R": 0.5818181818181818,
    "IL2VL": 0.8,
    "IL2VR": 0.5892857142857143,
    "LUAL": 0.0,
    "LUAR": 0.6333333333333333,
    "M1": 0.6904761904761905,
    "M2L": 0.5333333333333333,
    "M2R": 0.6444444444444445,
    "M3L": 0.5833333333333334,
    "M3R": 0.6666666666666666,
    "M4": 0.7222222222222222,
    "M5": 0.7,
    "MCL": 0.7083333333333334,
    "MCR": 0.5454545454545454,
    "MI": 0.0,
    "NSML": 0.11666276620641236,
    "NSMR": 0.10505381375760411,
    "OLLL": 0.6666666666666666,
    "OLLR": 0.0,
    "OLQDL": 0.5,
    "OLQDR": 0.7142857142857143,
    "OLQVL": 0.85,
    "OLQVR": 0.6444444444444445,
    "PDA": 0.6,
    "PDB": 0.0,
    "PDEL": 0.06804065499717674,
    "PDER": 0.07133399536577292,
    "PHAL": 0.5833333333333334,
    "PHAR": 0.6333333333333333,
    "PHBL": 0.5,
    "PHBR": 1.0,
    "PHCL": 0.6636363636363637,
    "PHCR": 0.5256410256410257,
    "PLML": 0.6428571428571429,
    "PLMR": 0.5,
    "PLNL": 0.6,
    "PLNR": 0.7083333333333334,
    "PQR": 0.6136363636363636,
    "PVCL": 0.5952380952380952,
    "PVCR": 0.5,
    "PVDL": 0.553030303030303,
    "PVDR": 0.6444444444444445,
    "PVM": 0.0,
    "PVNL": 0.0,
    "PVNR": 0.0,
    "PVPL": 0.0,
    "PVPR": 0.0,
    "PVQL": 0.6090909090909091,
    "PVQR": 0.5555555555555556,
    "PVR": 0.0,
    "PVT": 0.625,
    "PVWL": 0.0,
    "PVWR": 0.0,
    "RIAL": 0.5666666666666667,
    "RIAR": 0.6904761904761905,
    "RIBL": 0.6287878787878788,
    "RIBR": 0.6805555555555556,
    "RICL": 0.2300771208226221,
    "RICR": 0.1292929292929293,
    "RID": 0.5416666666666666,
    "RIFL": 0.0,
    "RIFR": 0.0,
    "RIGL": 0.0,
    "RIGR": 0.0,
    "RIH": 0.0,
    "RIML": 0.08715538051073561,
    "RIMR": 0.09679802955665025,
    "RIPL": 0.0,
    "RIPR": 0.0,
    "RIR": 0.0,
    "RIS": 0.5641025641025641,
    "RIVL": 0.0,
    "RIVR": 0.0,
    "RMDDL": 0.6555555555555556,
    "RMDDR": 0.6222222222222222,
    "RMDL": 0.6181818181818182,
    "RMDR": 0.7380952380952381,
    "RMDVL": 0.6944444444444444,
    "RMDVR": 0.7083333333333334,
    "RMED": 0.6428571428571429,
    "RMEL": 0.5476190476190477,
    "RMER": 0.6181818181818182,
    "RMEV": 0.6545454545454545,
    "RMFL": 0.6060606060606061,
    "RMFR": 0.5833333333333334,
    "RMGL": 0.0,
    "RMGR": 0.0,
    "RMHL": 0.5952380952380952,
    "RMHR": 0.5769230769230769,
    "SAADL": 0.0,
    "SAADR": 0.0,
    "SAAVL": 0.0,
    "SAAVR": 0.0,
    "SABD": 0.6666666666666666,
    "SABVL": 0.5,
    "SABVR": 0.6222222222222222,
    "SDQL": 1.0,
    "SDQR": 0.75,
    "SIADL": 0.5879120879120879,
    "SIADR": 0.65,
    "SIAVL": 0.6111111111111112,
    "SIAVR": 0.36666666666666664,
    "SIBDL": 0.85,
    "SIBDR": 0.5333333333333333,
    "SIBVL": 0.7083333333333334,
    "SIBVR": 0.6333333333333333,
    "SMBDL": 0.0,
    "SMBDR": 0.0,
    "SMBVL": 0.0,
    "SMBVR": 0.0,
    "SMDDL": 0.5,
    "SMDDR": 0.6666666666666666,
    "SMDVL": 0.8333333333333334,
    "SMDVR": 0.8333333333333334,
    "URADL": 0.0,
    "URADR": 0.0,
    "URAVL": 0.0,
    "URAVR": 0.0,
    "URBL": 0.0,
    "URBR": 0.0,
    "URXL": 0.0,
    "URXR": 0.0,
    "URYDL": 0.7,
    "URYDR": 0.7121212121212122,
    "URYVL": 0.6,
    "URYVR": 0.5904761904761905,
    "VA1": 0.5705128205128205,
    "VA10": 0.6666666666666666,
    "VA11": 0.7142857142857143,
    "VA12": 0.5636363636363636,
    "VA2": 0.6428571428571429,
    "VA3": 0.6964285714285714,
    "VA4": 0.6333333333333333,
    "VA5": 0.5454545454545454,
    "VA6": 0.6785714285714286,
    "VA7": 0.5892857142857143,
    "VA8": 0.6666666666666666,
    "VA9": 0.6636363636363637,
    "VB1": 0.5555555555555556,
    "VB10": 0.6,
    "VB11": 0.6904761904761905,
    "VB2": 0.6363636363636364,
    "VB3": 0.6363636363636364,
    "VB4": 0.6785714285714286,
    "VB5": 0.6666666666666666,
    "VB6": 0.6666666666666666,
    "VB7": 0.6444444444444445,
    "VB8": 0.6666666666666666,
    "VB9": 0.5138888888888888,
    "VC1": 0.0,
    "VC2": 0.0,
    "VC3": 0.0,
    "VC4": 0.0,
    "VC5": 0.0,
    "VC6": 0.0,
    "VD1": 0.6388888888888888,
    "VD10": 0.7083333333333334,
    "VD11": 0.6153846153846154,
    "VD12": 0.6439393939393939,
    "VD13": 0.625,
    "VD2": 0.6785714285714286,
    "VD3": 0.5666666666666667,
    "VD4": 0.5238095238095238,
    "VD5": 0.7321428571428571,
    "VD6": 0.5576923076923077,
    "VD7": 0.4777777777777778,