{
  "clustering_coefficients": {
    "ADAL": 0.0,
    "ADAR": 0.0,
    "ADEL": 0.0575859178541492,
    "ADER": 0.0623271020202867,
    "ADFL": 0.05660945498343872,
    "ADFR": 0.04953327311050888,
    "ADLL": 0.5238095238095238,
    "ADLR": 0.39285714285714285,
    "AFDL": 0.6388888888888888,
    "AFDR": 0.0,
    "AIAL": 0.4666666666666667,
    "AIAR": 0.35714285714285715,
    "AIBL": 0.5277777777777778,
    "AIBR": 0.5303030303030303,
    "AIML": 0.6964285714285714,
    "AIMR": 0.521978021978022,
    "AINL": 0.0,
    "AINR": 0.0,
    "AIYL": 0.5909090909090909,
    "AIYR": 0.5181818181818182,
    "AIZL": 0.6,
    "AIZR": 0.42857142857142855,
    "ALA": 0.0,
    "ALML": 0.6666666666666666,
    "ALMR": 0.5714285714285714,
    "ALNL": 0.6071428571428571,
    "ALNR": 0.6111111111111112,
    "AQR": 0.0,
    "AS1": 0.32142857142857145,
    "AS10": 0.5277777777777778,
    "AS11": 0.4818181818181818,
    "AS2": 0.5333333333333333,
    "AS3": 0.5,
    "AS4": 0.5535714285714286,
    "AS5": 0.4444444444444444,
    "AS6": 0.5333333333333333,
    "AS7": 0.5892857142857143,
    "AS8": 0.6555555555555556,
    "AS9": 0.4909090909090909,
    "ASEL": 0.5476190476190477,
    "ASER": 0.375,
    "ASGL": 0.4444444444444444,
    "ASGR": 0.4444444444444444,
    "ASHL": 0.4305555555555556,
    "ASHR": 0.5555555555555556,
    "ASIL": 0.4166666666666667,
    "ASIR": 0.0,
    "ASJL": 0.0,
    "ASJR": 0.0,
    "ASKL": 0.4305555555555556,
    "ASKR": 0.510989010989011,
    "AUAL": 0.4909090909090909,
    "AUAR": 0.4666666666666667,
    "AVAL": 0.0,
    "AVAR": 0.0,
    "AVBL": 0.0,
    "AVBR": 0.5,
    "AVDL": 0.0,
    "AVDR": 0.0,
    "AVEL": 0.0,
    "AVER": 0.0,
    "AVFL": 0.42727272727272725,
    "AVFR": 0.5238095238095238,
    "AVG": 0.0,
    "AVHL": 0.5972222222222222,
    "AVHR": 0.4,
    "AVJL": 0.6428571428571429,
    "AVJR": 0.5357142857142857,
    "AVKL": 0.0,
    "AVKR": 0.0,
    "AVL": 0.5,
    "AVM": 0.44642857142857145,
    "AWAL": 0.0,
    "AWAR": 0.0,
    "AWBL": 0.4772727272727273,
    "AWBR": 0.5,
    "AWCL": 0.3333333333333333,
    "AWCR": 0.5,
    "BAGL": 0.0,
    "BAGR": 0.35,
    "BDUL": 0.5535714285714286,
    "BDUR": 0.5,
    "CANL": 0.5,
    "CANR": 0.5,
    "CEPDL": 0.05641240569991618,
    "CEPDR": 0.06669976828864614,
    "CEPVL": 0.06721984745620652,
    "CEPVR": 0.07595185651353052,
    "DA1": 0.4666666666666667,
    "DA2": 0.4222222222222222,
    "DA3": 0.4777777777777778,
    "DA4": 0.6,
    "DA5": 0.5,
    "DA6": 0.625,
    "DA7": 0.6111111111111112,
    "DA8": 0.5,
    "DA9": 0.5178571428571429,
    "DB1": 0.6428571428571429,
    "DB2": 0.5277777777777778,
    "DB3": 0.6666666666666666,
    "DB4": 0.48214285714285715,
    "DB5": 0.4,
    "DB6": 0.4423076923076923,
    "DB7": 0.4423076923076923,
    "DD1": 0.5256410256410257,
    "DD2": 0.5222222222222223,
    "DD3": 0.6666666666666666,
    "DD4": 0.5555555555555556,
    "DD5": 0.35,
    "DD6": 0.5972222222222222,
    "DVA": 0.44642857142857145,
    "DVB": 0.0,
    "DVC": 0.4818181818181818,
    "FLPL": 0.6607142857142857,
    "FLPR": 0.47802197802197804,
    "HSNL": 0.07996934082779765,
    "HSNR": 0.0633859320673977,
    "I1L": 0.5333333333333333,
    "I1R": 0.38181818181818183,
    "I2L": 0.48095238095238096,
    "I2R": 0.5095238095238095,
    "I3": 0.4818181818181818,
    "I4": 0.5777777777777777,
    "I5": 0.0,
    "I6": 0.65,
    "IL1DL": 1.0,
    "IL1DR": 0.16666666666666666,
    "IL1L": 0.8333333333333334,
    "IL1R": 0.6666666666666666,
    "IL1VL": 0.5,
    "IL1VR": 0.5,
    "IL2DL": 0.6111111111111112,
    "IL2DR": 0.5357142857142857,
    "IL2L": 0.5666666666666667,
    "IL2R": 0.5454545454545454,
    "IL2VL": 0.5818181818181818,
    "IL2VR": 0.5,
    "LUAL": 0.0,
    "LUAR": 0.4727272727272727,
    "M1": 0.4722222222222222,
    "M2L": 0.5,
    "M2R": 0.6527777777777778,
    "M3L": 0.5,
    "M3R": 0.6428571428571429,
    "M4": 0.5454545454545454,
    "M5": 0.5818181818181818,
    "MCL": 0.509090909090909,
    "MCR": 0.4621212121212121,
    "MI": 0.0,
    "NSML": 0.09924450549450549,
    "NSMR": 0.09325,
    "OLLL": 0.5535714285714286,
    "OLLR": 0.8333333333333334,
    "OLQDL": 1.0,
    "OLQDR": 0.6666666666666666,
    "OLQVL": 0.0,
    "OLQVR": 1.0,
    "PDA": 0.5238095238095238,
    "PDB": 0.0,
    "PDEL": 0.04985618408437201,
    "PDER": 0.062287703804347824,
    "PHAL": 0.5,
    "PHAR": 0.45454545454545453,
    "PHBL": 0.6666666666666666,
    "PHBR": 0.4523809523809524,
    "PHCL": 0.5222222222222223,
    "PHCR": 0.4642857142857143,
    "PLML": 0.509090909090909,
    "PLMR": 0.553030303030303,
    "PLNL": 0.4888888888888889,
    "PLNR": 0.4722222222222222,
    "PQR": 0.6071428571428571,
    "PVCL": 0.6666666666666666,
    "PVCR": 0.0,
    "PVDL": 0.5238095238095238,
    "PVDR": 0.5164835164835165,
    "PVM": 0.0,
    "PVNL": 0.0,
    "PVNR": 0.0,
    "PVPL": 0.0,
    "PVPR": 0.0,
    "PVQL": 0.5277777777777778,
    "PVQR": 0.5363636363636364,
    "PVR": 0.0,
    "PVT": 0.5416666666666666,
    "PVWL": 0.0,
    "PVWR": 0.0,
    "RIAL": 0.5128205128205128,
    "RIAR": 0.6428571428571429,
    "RIBL": 0.48484848484848486,
    "RIBR": 0.4583333333333333,
    "RICL": 0.15128205128205127,
    "RICR": 0.20166163141993956,
    "RID": 0.5151515151515151,
    "RIFL": 0.0,
    "RIFR": 0.0,
    "RIGL": 0.0,
    "RIGR": 0.0,
    "RIH": 0.0,
    "RIML": 0.07513973577235772,
    "RIMR": 0.07972885732730794,
    "RIPL": 0.0,
    "RIPR": 0.0,
    "RIR": 0.0,
    "RIS": 0.6,
    "RIVL": 0.0,
    "RIVR": 0.0,
    "RMDDL": 0.5357142857142857,
    "RMDDR": 0.5181818181818182,
    "RMDL": 0.6190476190476191,
    "RMDR": 0.6111111111111112,
    "RMDVL": 0.5545454545454546,
    "RMDVR": 0.7333333333333333,
    "RMED": 0.6444444444444445,
    "RMEL": 0.5972222222222222,
    "RMER": 0.5545454545454546,
    "RMEV": 0.5892857142857143,
    "RMFL": 0.4444444444444444,
    "RMFR": 0.6,
    "RMGL": 0.0,
    "RMGR": 0.0,
    "RMHL": 0.5545454545454546,
    "RMHR": 0.5818181818181818,
    "SAADL": 0.0,
    "SAADR": 0.0,
    "SAAVL": 0.0,
    "SAAVR": 0.0,
    "SABD": 0.7,
    "SABVL": 0.5,
    "SABVR": 0.5,
    "SDQL": 0.75,
    "SDQR": 0.0,
    "SIADL": 0.4725274725274725,
    "SIADR": 0.6666666666666666,
    "SIAVL": 0.4551282051282051,
    "SIAVR": 0.32142857142857145,
    "SIBDL": 0.43333333333333335,
    "SIBDR": 0.5333333333333333,
    "SIBVL": 0.5454545454545454,
    "SIBVR": 0.5,
    "SMBDL": 0.0,
    "SMBDR": 0.0,
    "SMBVL": 0.0,
    "SMBVR": 0.0,
    "SMDDL": 0.5,
    "SMDDR": 0.6333333333333333,
    "SMDVL": 0.0,
    "SMDVR": 0.0,
    "URADL": 0.0,
    "URADR": 0.0,
    "URAVL": 0.0,
    "URAVR": 0.0,
    "URBL": 0.0,
    "URBR": 0.0,
    "URXL": 0.0,
    "URXR": 0.0,
    "URYDL": 0.4888888888888889,
    "URYDR": 0.4909090909090909,
    "URYVL": 0.5178571428571429,
    "URYVR": 0.5075757575757576,
    "VA1": 0.625,
    "VA10": 0.5545454545454546,
    "VA11": 0.35,
    "VA12": 0.521978021978022,
    "VA2": 0.48214285714285715,
    "VA3": 0.553030303030303,
    "VA4": 0.37777777777777777,
    "VA5": 0.7,
    "VA6": 0.7142857142857143,
    "VA7": 0.46153846153846156,
    "VA8": 0.5833333333333334,
    "VA9": 0.48214285714285715,
    "VB1": 0.5363636363636364,
    "VB10": 0.6666666666666666,
    "VB11": 0.6428571428571429,
    "VB2": 0.6,
    "VB3": 0.5952380952380952,
    "VB4": 0.5333333333333333,
    "VB5": 0.47619047619047616,
    "VB6": 0.4727272727272727,
    "VB7": 0.6666666666666666,
    "VB8": 0.625,
    "VB9": 0.47619047619047616,
    "VC1": 0.0,
    "VC2": 0.0,
    "VC3": 0.0,
    "VC4": 0.0,
    "VC5": 0.0,
    "VC6": 0.0,
    "VD1": 0.553030303030303,
    "VD10": 0.5972222222222222,
    "VD11": 0.5757575757575758,
    "VD12": 0.4818181818181818,
    "VD13": 0.47802197802197804,
    "VD2": 0.5128205128205128,
    "VD3": 0.6666666666666666,
    "VD4": 0.5357142857142857,
    "VD5": 0.5818181818181818,
    "VD6": 0.4444444444444444,
    "VD7": 0.4696969696969697,
    "VD8": 0.5111111111111111,
    "VD9": 0.5606060606060606
  },
  "density": 0.02147367494664584,