{
  "clustering_coefficients": {
    "ADAL": 0.0,
    "ADAR": 0.0,
    "ADEL": 0.06919934640522876,
    "ADER": 0.06901688182720954,
    "ADFL": 0.04832881662149955,
    "ADFR": 0.04742547425474255,
    "ADLL": 0.3333333333333333,
    "ADLR": 0.7,
    "AFDL": 0.0,
    "AFDR": 0.5,
    "AIAL": 0.55,
    "AIAR": 0.47619047619047616,
    "AIBL": 0.7,
    "AIBR": 0.44696969696969696,
    "AIML": 0.5,
    "AIMR": 0.3,
    "AINL": 0.0,
    "AINR": 0.0,
    "AIYL": 0.5,
    "AIYR": 0.75,
    "AIZL": 0.65,
    "AIZR": 0.5272727272727272,
    "ALA": 0.0,
    "ALML": 0.4909090909090909,
    "ALMR": 0.489010989010989,
    "ALNL": 0.6,
    "ALNR": 0.5833333333333334,
    "AQR": 0.0,
    "AS1": 0.5416666666666666,
    "AS10": 0.44642857142857145,
    "AS11": 0.4945054945054945,
    "AS2": 0.5833333333333334,
    "AS3": 0.5,
    "AS4": 0.5666666666666667,
    "AS5": 0.4666666666666667,
    "AS6": 0.5476190476190477,
    "AS7": 0.5192307692307693,
    "AS8": 0.42857142857142855,
    "AS9": 0.5277777777777778,
    "ASEL": 0.5833333333333334,
    "ASER": 0.5777777777777777,
    "ASGL": 0.5535714285714286,
    "ASGR": 0.6333333333333333,
    "ASHL": 0.6222222222222222,
    "ASHR": 0.5892857142857143,
    "ASIL": 0.6333333333333333,
    "ASIR": 0.5714285714285714,
    "ASJL": 0.0,
    "ASJR": 0.0,
    "ASKL": 0.5952380952380952,
    "ASKR": 0.5448717948717948,
    "AUAL": 0.5277777777777778,
    "AUAR": 0.5,
    "AVAL": 0.0,
    "AVAR": 0.0,
    "AVBL": 0.5833333333333334,
    "AVBR": 0.0,
    "AVDL": 0.0,
    "AVDR": 0.0,
    "AVEL": 0.0,
    "AVER": 0.0,
    "AVFL": 0.5694444444444444,
    "AVFR": 0.6,
    "AVG": 0.0,
    "AVHL": 0.0,
    "AVHR": 0.16666666666666666,
    "AVJL": 0.6904761904761905,
    "AVJR": 0.6785714285714286,
    "AVKL": 0.0,
    "AVKR": 0.0,
    "AVL": 0.4666666666666667,
    "AVM": 0.16666666666666666,
    "AWAL": 0.0,
    "AWAR": 0.0,
    "AWBL": 0.45,
    "AWBR": 0.5333333333333333,
    "AWCL": 0.0,
    "AWCR": 0.5416666666666666,
    "BAGL": 0.75,
    "BAGR": 0.5,
    "BDUL": 0.5,
    "BDUR": 0.5757575757575758,
    "CANL": 0.6904761904761905,
    "CANR": 0.5138888888888888,
    "CEPDL": 0.06538139145012574,
    "CEPDR": 0.07468334262726041,
    "CEPVL": 0.06271901879579483,
    "CEPVR": 0.07903017589156043,
    "DA1": 0.4861111111111111,
    "DA2": 0.5636363636363636,
    "DA3": 0.5606060606060606,
    "DA4": 0.5075757575757576,
    "DA5": 0.5545454545454546,
    "DA6": 0.4444444444444444,
    "DA7": 0.5363636363636364,
    "DA8": 0.5666666666666667,
    "DA9": 0.6428571428571429,
    "DB1": 0.4305555555555556,
    "DB2": 0.5972222222222222,
    "DB3": 0.5892857142857143,
    "DB4": 0.5,
    "DB5": 0.5833333333333334,
    "DB6": 0.5,
    "DB7": 0.3,
    "DD1": 0.6222222222222222,
    "DD2": 0.6090909090909091,
    "DD3": 0.5,
    "DD4": 0.6545454545454545,
    "DD5": 0.5,
    "DD6": 0.5833333333333334,
    "DVA": 0.5272727272727272,
    "DVB": 0.0,
    "DVC": 0.5535714285714286,
    "FLPL": 0.5909090909090909,
    "FLPR": 0.6222222222222222,
    "HSNL": 0.07655930470347648,
    "HSNR": 0.0898876404494382,
    "I1L": 0.4358974358974359,
    "I1R": 0.3888888888888889,
    "I2L": 0.375,
    "I2R": 0.6089743589743589,
    "I3": 0.7321428571428571,
    "I4": 0.55,
    "I5": 0.0,
    "I6": 0.6428571428571429,
    "IL1DL": 0.7,
    "IL1DR": 1.0,
    "IL1L": 0.6666666666666666,
    "IL1R": 0.3333333333333333,
    "IL1VL": 0.5,
    "IL1VR": 0.35,
    "IL2DL": 0.5476190476190477,
    "IL2DR": 0.5,
    "IL2L": 0.5727272727272728,
    "IL2R": 0.43333333333333335,
    "IL2VL": 0.6090909090909091,
    "IL2VR": 0.40476190476190477,
    "LUAL": 0.0,
    "LUAR": 0.5476190476190477,
    "M1": 0.5363636363636364,
    "M2L": 0.4,
    "M2R": 0.5952380952380952,
    "M3L": 0.5694444444444444,
    "M3R": 0.6388888888888888,
    "M4": 0.5535714285714286,
    "M5": 0.4444444444444444,
    "MCL": 0.6333333333333333,
    "MCR": 0.5727272727272728,
    "MI": 0.0,
    "NSML": 0.0953525641025641,
    "NSMR": 0.10847288177955511,
    "OLLL": 0.5,
    "OLLR": 0.7,
    "OLQDL": 0.9166666666666666,
    "OLQDR": 0.5,
    "OLQVL": 0.8333333333333334,
    "OLQVR": 0.7,
    "PDA": 0.5272727272727272,
    "PDB": 0.0,
    "PDEL": 0.0627150722642808,
    "PDER": 0.05844155844155844,
    "PHAL": 0.5,
    "PHAR": 0.5,
    "PHBL": 0.6428571428571429,
    "PHBR": 0.5535714285714286,
    "PHCL": 0.4621212121212121,
    "PHCR": 0.6181818181818182,
    "PLML": 0.4523809523809524,
    "PLMR": 0.49047619047619045,
    "PLNL": 0.75,
    "PLNR": 0.5178571428571429,
    "PQR": 0.6071428571428571,
    "PVCL": 0.3333333333333333,
    "PVCR": 1.0,
    "PVDL": 0.5694444444444444,
    "PVDR": 0.5303030303030303,
    "PVM": 0.0,
    "PVNL": 0.0,
    "PVNR": 0.0,
    "PVPL": 0.0,
    "PVPR": 0.0,
    "PVQL": 0.5,
    "PVQR": 0.5727272727272728,
    "PVR": 0.0,
    "PVT": 0.5641025641025641,
    "PVWL": 0.0,
    "PVWR": 0.0,
    "RIAL": 0.5111111111111111,
    "RIAR": 0.4818181818181818,
    "RIBL": 0.4945054945054945,
    "RIBR": 0.5694444444444444,
    "RICL": 0.1810012836970475,
    "RICR": 0.19298245614035087,
    "RID": 0.5952380952380952,
    "RIFL": 0.0,
    "RIFR": 0.0,
    "RIGL": 0.0,
    "RIGR": 0.0,
    "RIH": 0.0,
    "RIML": 0.059680582796301486,
    "RIMR": 0.07372192365991456,
    "RIPL": 0.0,
    "RIPR": 0.0,
    "RIR": 0.0,
    "RIS": 0.5,
    "RIVL": 0.0,
    "RIVR": 0.0,
    "RMDDL": 0.5972222222222222,
    "RMDDR": 0.5378787878787878,
    "RMDL": 0.7380952380952381,
    "RMDR": 0.6555555555555556,
    "RMDVL": 0.6428571428571429,
    "RMDVR": 0.7142857142857143,
    "RMED": 0.6805555555555556,
    "RMEL": 0.4696969696969697,
    "RMER": 0.4305555555555556,
    "RMEV": 0.5444444444444444,
    "RMFL": 0.6,
    "RMFR": 0.6363636363636364,
    "RMGL": 0.0,
    "RMGR": 0.0,
    "RMHL": 0.7666666666666667,
    "RMHR": 0.553030303030303,
    "SAADL": 0.0,
    "SAADR": 0.0,
    "SAAVL": 0.0,
    "SAAVR": 0.0,
    "SABD": 0.5727272727272728,
    "SABVL": 0.75,
    "SABVR": 0.5476190476190477,
    "SDQL": 0.65,
    "SDQR": 0.7666666666666667,
    "SIADL": 0.4642857142857143,
    "SIADR": 0.6090909090909091,
    "SIAVL": 0.5454545454545454,
    "SIAVR": 0.5333333333333333,
    "SIBDL": 0.4583333333333333,
    "SIBDR": 0.5416666666666666,
    "SIBVL": 0.46794871794871795,
    "SIBVR": 0.5,
    "SMBDL": 0.0,
    "SMBDR": 0.0,
    "SMBVL": 0.0,
    "SMBVR": 0.0,
    "SMDDL": 0.5,
    "SMDDR": 0.7,
    "SMDVL": 0.5,
    "SMDVR": 0.5555555555555556,
    "URADL": 0.0,
    "URADR": 0.0,
    "URAVL": 0.0,
    "URAVR": 0.0,
    "URBL": 0.0,
    "URBR": 0.0,
    "URXL": 0.0,
    "URXR": 0.0,
    "URYDL": 0.625,
    "URYDR": 0.5757575757575758,
    "URYVL": 0.5181818181818182,
    "URYVR": 0.5535714285714286,
    "VA1": 0.75,
    "VA10": 0.5535714285714286,
    "VA11": 0.5,
    "VA12": 0.5818181818181818,
    "VA2": 0.4722222222222222,
    "VA3": 0.6212121212121212,
    "VA4": 0.8333333333333334,
    "VA5": 0.5111111111111111,
    "VA6": 0.5378787878787878,
    "VA7": 0.5555555555555556,
    "VA8": 0.5444444444444444,
    "VA9": 0.6454545454545455,
    "VB1": 0.5357142857142857,
    "VB10": 0.6,
    "VB11": 0.6428571428571429,
    "VB2": 0.5909090909090909,
    "VB3": 0.4583333333333333,
    "VB4": 0.5277777777777778,
    "VB5": 0.4666666666666667,
    "VB6": 0.5238095238095238,
    "VB7": 0.5,
    "VB8": 0.553030303030303,
    "VB9": 0.6888888888888889,
    "VC1": 0.0,
    "VC2": 0.0,
    "VC3": 0.0,
    "VC4": 0.0,
    "VC5": 0.0,
    "VC6": 0.0,
    "VD1": 0.5,
    "VD10": 0.5636363636363636,
    "VD11": 0.5064102564102564,
    "VD12": 0.5972222222222222,
    "VD13": 0.5555555555555556,
    "VD2": 0.5,
    "VD3": 0.5277777777777778,
    "VD4": 0.5285714285714286,
    "VD5": 0.5,
    "VD6": 0.554945054945055,
    "VD7": 0.5666666666666667,
    "VD8": 0.5111111111111111,
    "VD9": 0.5444444444444444
  },
  "density": 0.02147367494664584,
  "global_efficiency": 0.7194945420028476,
  "maximum_modularity": 0.1021653390385649,
  "mean_path_length": 1.611532985287138,
  "modules": {
    "ADAL": 10,