{
  "clustering_coefficients": {
    "ADAL": 0.0,
    "ADAR": 0.0,
    "ADEL": 0.06736587333602259,
    "ADER": 0.06001173413795994,
    "ADFL": 0.05721168322794339,
    "ADFR": 0.052845528455284556,
    "ADLL": 0.5,
    "ADLR": 0.5494505494505495,
    "AFDL": 0.4722222222222222,
    "AFDR": 0.5714285714285714,
    "AIAL": 0.6666666666666666,
    "AIAR": 0.6428571428571429,
    "AIBL": 0.5545454545454546,
    "AIBR": 0.5757575757575758,
    "AIML": 0.6190476190476191,
    "AIMR": 0.5636363636363636,
    "AINL": 0.0,
    "AINR": 0.0,
    "AIYL": 0.5151515151515151,
    "AIYR": 0.6190476190476191,
    "AIZL": 0.6071428571428571,
    "AIZR": 0.625,
    "ALA": 0.0,
    "ALML": 0.6666666666666666,
    "ALMR": 0.7,
    "ALNL": 0.43333333333333335,
    "ALNR": 0.5277777777777778,
    "AQR": 0.0,
    "AS1": 0.46153846153846156,
    "AS10": 0.4523809523809524,
    "AS11": 0.489010989010989,
    "AS2": 0.43333333333333335,
    "AS3": 0.5606060606060606,
    "AS4": 0.5666666666666667,
    "AS5": 0.7,
    "AS6": 0.4888888888888889,
    "AS7": 0.5303030303030303,
    "AS8": 0.6428571428571429,
    "AS9": 0.7142857142857143,
    "ASEL": 0.4696969696969697,
    "ASER": 0.5714285714285714,
    "ASGL": 0.6071428571428571,
    "ASGR": 0.5,
    "ASHL": 0.6777777777777778,
    "ASHR": 0.4945054945054945,
    "ASIL": 0.55,
    "ASIR": 0.5,
    "ASJL": 0.0,
    "ASJR": 0.0,
    "ASKL": 0.39285714285714285,
    "ASKR": 0.5535714285714286,
    "AUAL": 0.5,
    "AUAR": 0.5,
    "AVAL": 0.0,
    "AVAR": 0.0,
    "AVBL": 0.0,
    "AVBR": 0.4861111111111111,
    "AVDL": 0.0,
    "AVDR": 0.0,
    "AVEL": 0.0,
    "AVER": 0.0,
    "AVFL": 0.5714285714285714,
    "AVFR": 0.47619047619047616,
    "AVG": 0.0,
    "AVHL": 0.3333333333333333,
    "AVHR": 0.5,
    "AVJL": 0.5952380952380952,
    "AVJR": 0.45555555555555555,
    "AVKL": 0.0,
    "AVKR": 0.0,
    "AVL": 0.5378787878787878,
    "AVM": 0.5555555555555556,
    "AWAL": 0.0,
    "AWAR": 0.0,
    "AWBL": 0.6428571428571429,
    "AWBR": 0.5333333333333333,
    "AWCL": 1.0,
    "AWCR": 0.6666666666666666,
    "BAGL": 0.4166666666666667,
    "BAGR": 0.5,
    "BDUL": 0.0,
    "BDUR": 0.6666666666666666,
    "CANL": 0.5535714285714286,
    "CANR": 0.4621212121212121,
    "CEPDL": 0.05221505376344086,
    "CEPDR": 0.07651557396638253,
    "CEPVL": 0.07243687989029604,
    "CEPVR": 0.054580645161290325,
    "DA1": 0.5,
    "DA2": 0.4935897435897436,
    "DA3": 0.45,
    "DA4": 0.6333333333333333,
    "DA5": 0.5972222222222222,
    "DA6": 0.46794871794871795,
    "DA7": 0.4636363636363636,
    "DA8": 0.4772727272727273,
    "DA9": 0.5178571428571429,
    "DB1": 0.5892857142857143,
    "DB2": 0.4727272727272727,
    "DB3": 0.5666666666666667,
    "DB4": 0.5606060606060606,
    "DB5": 0.5555555555555556,
    "DB6": 0.5,
    "DB7": 0.36666666666666664,
    "DD1": 0.5,
    "DD2": 0.3888888888888889,
    "DD3": 0.5892857142857143,
    "DD4": 0.5757575757575758,
    "DD5": 0.5777777777777777,
    "DD6": 0.5181818181818182,
    "DVA": 0.7083333333333334,
    "DVB": 0.0,
    "DVC": 0.5,
    "FLPL": 0.5222222222222223,
    "FLPR": 0.5727272727272728,
    "HSNL": 0.10809598564700605,
    "HSNR": 0.07653197752207654,
    "I1L": 0.5777777777777777,
    "I1R": 0.6428571428571429,
    "I2L": 0.5,
    "I2R": 0.6388888888888888,
    "I3": 0.5897435897435898,
    "I4": 0.40476190476190477,
    "I5": 0.0,
    "I6": 0.5535714285714286,
    "IL1DL": 0.44545454545454544,
    "IL1DR": 0.3333333333333333,
    "IL1L": 0.5833333333333334,
    "IL1R": 0.0,
    "IL1VL": 0.0,
    "IL1VR": 0.0,
    "IL2DL": 0.6428571428571429,
    "IL2DR": 0.6071428571428571,
    "IL2L": 0.5727272727272728,
    "IL2R": 0.5694444444444444,
    "IL2VL": 0.6666666666666666,
    "IL2VR": 0.35,
    "LUAL": 0.5892857142857143,
    "LUAR": 0.5138888888888888,
    "M1": 0.6666666666666666,
    "M2L": 0.5138888888888888,
    "M2R": 0.5357142857142857,
    "M3L": 0.5181818181818182,
    "M3R": 0.4861111111111111,
    "M4": 0.6428571428571429,
    "M5": 0.5454545454545454,
    "MCL": 0.43333333333333335,
    "MCR": 0.5448717948717948,
    "MI": 0.0,
    "NSML": 0.08918987988755431,
    "NSMR": 0.1377104377104377,
    "OLLL": 0.5444444444444444,
    "OLLR": 0.5,
    "OLQDL": 0.6666666666666666,
    "OLQDR": 0.0,
    "OLQVL": 0.5,
    "OLQVR": 0.6333333333333333,
    "PDA": 0.5178571428571429,
    "PDB": 0.0,
    "PDEL": 0.04826221610461115,
    "PDER": 0.0736196319018405,
    "PHAL": 0.0,
    "PHAR": 0.40476190476190477,
    "PHBL": 0.5,
    "PHBR": 0.5,
    "PHCL": 0.42948717948717946,
    "PHCR": 0.6666666666666666,
    "PLML": 0.3333333333333333,
    "PLMR": 0.5705128205128205,
    "PLNL": 0.5,
    "PLNR": 0.5694444444444444,
    "PQR": 0.48214285714285715,
    "PVCL": 0.5,
    "PVCR": 0.5333333333333333,
    "PVDL": 0.5151515151515151,
    "PVDR": 0.6428571428571429,
    "PVM": 0.0,
    "PVNL": 0.0,
    "PVNR": 0.0,
    "PVPL": 0.0,
    "PVPR": 0.0,
    "PVQL": 0.5,
    "PVQR": 0.5972222222222222,
    "PVR": 0.0,
    "PVT": 0.6555555555555556,
    "PVWL": 0.0,
    "PVWR": 0.0,
    "RIAL": 0.5357142857142857,
    "RIAR": 0.4818181818181818,
    "RIBL": 0.5714285714285714,
    "RIBR": 0.4583333333333333,
    "RICL": 0.18929110105580693,
    "RICR": 0.162873399715505,
    "RID": 0.5666666666666667,
    "RIFL": 0.0,
    "RIFR": 0.0,
    "RIGL": 0.0,
    "RIGR": 0.0,
    "RIH": 0.0,
    "RIML": 0.06296597532872442,
    "RIMR": 0.06017075484482992,
    "RIPL": 0.0,
    "RIPR": 0.0,
    "RIR": 0.0,
    "RIS": 0.48214285714285715,
    "RIVL": 0.0,
    "RIVR": 0.0,
    "RMDDL": 0.6071428571428571,
    "RMDDR": 0.5416666666666666,
    "RMDL": 0.625,
    "RMDR": 0.5277777777777778,
    "RMDVL": 0.5256410256410257,
    "RMDVR": 0.5833333333333334,
    "RMED": 0.6222222222222222,
    "RMEL": 0.42857142857142855,
    "RMER": 0.5714285714285714,
    "RMEV": 0.5769230769230769,
    "RMFL": 0.6,
    "RMFR": 0.6071428571428571,
    "RMGL": 0.0,
    "RMGR": 0.0,
    "RMHL": 0.5555555555555556,
    "RMHR": 0.7666666666666667,
    "SAADL": 0.0,
    "SAADR": 0.0,
    "SAAVL": 0.0,
    "SAAVR": 0.0,
    "SABD": 0.8333333333333334,
    "SABVL": 0.5833333333333334,
    "SABVR": 0.4166666666666667,
    "SDQL": 0.5,
    "SDQR": 0.5833333333333334,
    "SIADL": 0.44545454545454544,
    "SIADR": 0.5833333333333334,
    "SIAVL": 0.5151515151515151,
    "SIAVR": 0.4,
    "SIBDL": 0.6428571428571429,
    "SIBDR": 0.625,
    "SIBVL": 0.5272727272727272,
    "SIBVR": 0.6111111111111112,
    "SMBDL": 0.0,
    "SMBDR": 0.0,
    "SMBVL": 0.0,
    "SMBVR": 0.0,
    "SMDDL": 0.0,
    "SMDDR": 0.9166666666666666,
    "SMDVL": 0.5476190476190477,
    "SMDVR": 0.0,
    "URADL": 0.0,
    "URADR": 0.0,
    "URAVL": 0.0,
    "URAVR": 0.0,
    "URBL": 0.0,
    "URBR": 0.0,
    "URXL": 0.0,
    "URXR": 0.0,
    "URYDL": 0.5888888888888889,
    "URYDR": 0.532051282051282,
    "URYVL": 0.6190476190476191,
    "URYVR": 0.48484848484848486,
    "VA1": 0.5545454545454546,
    "VA10": 0.4888888888888889,
    "VA11": 0.5128205128205128,
    "VA12": 0.4861111111111111,
    "VA2": 0.47619047619047616,
    "VA3": 0.48214285714285715,
    "VA4": 0.5694444444444444,
    "VA5": 0.5714285714285714,
    "VA6": 0.16666666666666666,
    "VA7": 0.55,
    "VA8": 0.509090909090909,
    "VA9": 0.5075757575757576,
    "VB1": 0.5666666666666667,
    "VB10": 0.6111111111111112,
    "VB11": 0.40476190476190477,
    "VB2": 0.5181818181818182,
    "VB3": 0.5363636363636364,
    "VB4": 0.5636363636363636,
    "VB5": 0.521978021978022,
    "VB6": 0.40476190476190477,
    "VB7": 0.5714285714285714,
    "VB8": 0.5357142857142857,
    "VB9": 0.4777777777777778,
    "VC1": 0.0,
    "VC2": 0.0,
    "VC3": 0.0,
    "VC4": 0.0,
    "VC5": 0.0,
    "VC6": 0.0,
    "VD1": 0.6190476190476191,
    "VD10": 0.5666666666666667,
    "VD11": 0.4722222222222222,
    "VD12": 0.5333333333333333,
    "VD13": 0.0,
    "VD2": 0.5,
    "VD3": 0.6111111111111112,
    "VD4": 0.5227272727272727,
    "VD5": 0.4666666666666667,
    "VD6": 0.6190476190476191,