{
  "clustering_coefficients": {
    "ADAL": 0.0,
    "ADAR": 0.0,
    "ADEL": 0.07234470617822114,
    "ADER": 0.06206000670465974,
    "ADFL": 0.045167118337850046,
    "ADFR": 0.04019873532068654,
    "ADLL": 0.5897435897435898,
    "ADLR": 0.5,
    "AFDL": 0.75,
    "AFDR": 0.75,
    "AIAL": 0.7,
    "AIAR": 0.45,
    "AIBL": 0.6904761904761905,
    "AIBR": 0.5818181818181818,
    "AIML": 0.6805555555555556,
    "AIMR": 0.6888888888888889,
    "AINL": 0.0,
    "AINR": 0.0,
    "AIYL": 0.5494505494505495,
    "AIYR": 0.5272727272727272,
    "AIZL": 0.6090909090909091,
    "AIZR": 0.6,
    "ALA": 0.0,
    "ALML": 0.5,
    "ALMR": 0.40476190476190477,
    "ALNL": 0.5227272727272727,
    "ALNR": 0.5666666666666667,
    "AQR": 0.0,
    "AS1": 0.5111111111111111,
    "AS10": 0.5909090909090909,
    "AS11": 0.5454545454545454,
    "AS2": 0.5888888888888889,
    "AS3": 0.5714285714285714,
    "AS4": 0.42857142857142855,
    "AS5": 0.5,
    "AS6": 0.4818181818181818,
    "AS7": 0.6428571428571429,
    "AS8": 0.5178571428571429,
    "AS9": 0.6666666666666666,
    "ASEL": 0.6805555555555556,
    "ASER": 0.5333333333333333,
    "ASGL": 0.696969696969697,
    "ASGR": 0.5333333333333333,
    "ASHL": 0.5555555555555556,
    "ASHR": 0.6333333333333333,
    "ASIL": 0.5,
    "ASIR": 0.5833333333333334,
    "ASJL": 0.0,
    "ASJR": 0.0,
    "ASKL": 0.5694444444444444,
    "ASKR": 0.5818181818181818,
    "AUAL": 0.5818181818181818,
    "AUAR": 0.7619047619047619,
    "AVAL": 0.0,
    "AVAR": 0.0,
    "AVBL": 0.0,
    "AVBR": 0.6666666666666666,
    "AVDL": 0.0,
    "AVDR": 0.0,
    "AVEL": 0.0,
    "AVER": 0.0,
    "AVFL": 0.5238095238095238,
    "AVFR": 0.6805555555555556,
    "AVG": 0.0,
    "AVHL": 0.6666666666666666,
    "AVHR": 0.5,
    "AVJL": 0.5,
    "AVJR": 0.6346153846153846,
    "AVKL": 0.0,
    "AVKR": 0.0,
    "AVL": 0.5,
    "AVM": 0.6282051282051282,
    "AWAL": 0.0,
    "AWAR": 0.0,
    "AWBL": 0.6333333333333333,
    "AWBR": 0.6805555555555556,
    "AWCL": 0.0,
    "AWCR": 0.3333333333333333,
    "BAGL": 0.6666666666666666,
    "BAGR": 0.6111111111111112,
    "BDUL": 0.47619047619047616,
    "BDUR": 0.7666666666666667,
    "CANL": 0.5833333333333334,
    "CANR": 0.6090909090909091,
    "CEPDL": 0.07756534365924492,
    "CEPDR": 0.08522634417388462,
    "CEPVL": 0.07683823529411765,
    "CEPVR": 0.06488426486006936,
    "DA1": 0.6904761904761905,
    "DA2": 0.5,
    "DA3": 0.5,
    "DA4": 0.5769230769230769,
    "DA5": 0.36666666666666664,
    "DA6": 0.5363636363636364,
    "DA7": 0.5075757575757576,
    "DA8": 0.5416666666666666,
    "DA9": 0.6666666666666666,
    "DB1": 0.5777777777777777,
    "DB2": 0.25,
    "DB3": 0.5757575757575758,
    "DB4": 0.47619047619047616,
    "DB5": 0.4642857142857143,
    "DB6": 0.5934065934065934,
    "DB7": 0.5277777777777778,
    "DD1": 0.6181818181818182,
    "DD2": 0.6428571428571429,
    "DD3": 0.5934065934065934,
    "DD4": 0.5659340659340659,
    "DD5": 0.6,
    "DD6": 0.6181818181818182,
    "DVA": 0.6590909090909091,
    "DVB": 0.0,
    "DVC": 0.6666666666666666,
    "FLPL": 0.5448717948717948,
    "FLPR": 0.5363636363636364,
    "HSNL": 0.11202749140893471,
    "HSNR": 0.09743276283618582,
    "I1L": 0.5757575757575758,
    "I1R": 0.5227272727272727,
    "I2L": 0.6222222222222222,
    "I2R": 0.6,
    "I3": 0.4,
    "I4": 0.6060606060606061,
    "I5": 0.0,
    "I6": 0.6363636363636364,
    "IL1DL": 0.0,
    "IL1DR": 0.6666666666666666,
    "IL1L": 1.0,
    "IL1R": 0.0,
    "IL1VL": 0.8333333333333334,
    "IL1VR": 0.0,
    "IL2DL": 0.5555555555555556,
    "IL2DR": 0.4888888888888889,
    "IL2L": 0.6666666666666666,
    "IL2R": 0.6333333333333333,
    "IL2VL": 0.5,
    "IL2VR": 0.4583333333333333,
    "LUAL": 0.5,
    "LUAR": 0.6777777777777778,
    "M1": 0.5694444444444444,
    "M2L": 0.6363636363636364,
    "M2R": 0.5972222222222222,
    "M3L": 0.6363636363636364,
    "M3R": 0.4444444444444444,
    "M4": 0.75,
    "M5": 0.625,
    "MCL": 0.6060606060606061,
    "MCR": 0.5892857142857143,
    "MI": 0.0,
    "NSML": 0.094668897920153,
    "NSMR": 0.06871064878182316,
    "OLLL": 0.7321428571428571,
    "OLLR": 0.5,
    "OLQDL": 1.0,
    "OLQDR": 0.0,
    "OLQVL": 0.0,
    "OLQVR": 0.0,
    "PDA": 0.6777777777777778,
    "PDB": 0.0,
    "PDEL": 0.06767428037700603,
    "PDER": 0.07684550221863655,
    "PHAL": 1.0,
    "PHAR": 0.5666666666666667,
    "PHBL": 0.5,
    "PHBR": 0.6666666666666666,
    "PHCL": 0.5333333333333333,
    "PHCR": 0.5256410256410257,
    "PLML": 0.6,
    "PLMR": 0.6428571428571429,
    "PLNL": 0.5,
    "PLNR": 0.5769230769230769,
    "PQR": 0.25,
    "PVCL": 0.0,
    "PVCR": 0.5833333333333334,
    "PVDL": 0.5888888888888889,
    "PVDR": 0.5535714285714286,
    "PVM": 0.0,
    "PVNL": 0.0,
    "PVNR": 0.0,
    "PVPL": 0.0,
    "PVPR": 0.0,
    "PVQL": 0.6727272727272727,
    "PVQR": 0.5555555555555556,
    "PVR": 0.0,
    "PVT": 0.5757575757575758,
    "PVWL": 0.0,
    "PVWR": 0.0,
    "RIAL": 0.6333333333333333,
    "RIAR": 0.5833333333333334,
    "RIBL": 0.5833333333333334,
    "RIBR": 0.6333333333333333,
    "RICL": 0.21309370988446727,
    "RICR": 0.19127086007702182,
    "RID": 0.5444444444444444,
    "RIFL": 0.0,
    "RIFR": 0.0,
    "RIGL": 0.0,
    "RIGR": 0.0,
    "RIH": 0.0,
    "RIML": 0.09208185053380782,
    "RIMR": 0.08715657508668978,
    "RIPL": 0.0,
    "RIPR": 0.0,
    "RIR": 0.0,
    "RIS": 0.4642857142857143,
    "RIVL": 0.0,
    "RIVR": 0.0,
    "RMDDL": 0.7,
    "RMDDR": 0.6333333333333333,
    "RMDL": 0.7272727272727273,
    "RMDR": 0.625,
    "RMDVL": 0.6545454545454545,
    "RMDVR": 0.5333333333333333,
    "RMED": 0.8095238095238095,
    "RMEL": 0.6607142857142857,
    "RMER": 0.7142857142857143,
    "RMEV": 0.6071428571428571,
    "RMFL": 0.4888888888888889,
    "RMFR": 0.6964285714285714,
    "RMGL": 0.0,
    "RMGR": 0.0,
    "RMHL": 0.6805555555555556,
    "RMHR": 0.6111111111111112,
    "SAADL": 0.0,
    "SAADR": 0.0,
    "SAAVL": 0.0,
    "SAAVR": 0.0,
    "SABD": 0.5,
    "SABVL": 0.8333333333333334,
    "SABVR": 0.5,
    "SDQL": 0.8333333333333334,
    "SDQR": 0.0,
    "SIADL": 0.4583333333333333,
    "SIADR": 0.5984848484848485,
    "SIAVL": 0.5641025641025641,
    "SIAVR": 0.5454545454545454,
    "SIBDL": 0.5,
    "SIBDR": 0.6,
    "SIBVL": 0.4583333333333333,
    "SIBVR": 0.5833333333333334,
    "SMBDL": 0.0,
    "SMBDR": 0.0,
    "SMBVL": 0.0,
    "SMBVR": 0.0,
    "SMDDL": 1.0,
    "SMDDR": 0.6794871794871795,
    "SMDVL": 0.6666666666666666,
    "SMDVR": 1.0,
    "URADL": 0.0,
    "URADR": 0.0,
    "URAVL": 0.0,
    "URAVR": 0.0,
    "URBL": 0.0,
    "URBR": 0.0,
    "URXL": 0.0,
    "URXR": 0.0,
    "URYDL": 0.5714285714285714,
    "URYDR": 0.42857142857142855,
    "URYVL": 0.7,
    "URYVR": 0.5535714285714286,
    "VA1": 0.5333333333333333,
    "VA10": 0.5476190476190477,
    "VA11": 0.6111111111111112,
    "VA12": 0.6964285714285714,
    "VA2": 0.6071428571428571,
    "VA3": 0.5190476190476191,
    "VA4": 0.4166666666666667,
    "VA5": 0.4861111111111111,
    "VA6": 0.6777777777777778,
    "VA7": 0.6666666666666666,
    "VA8": 0.6636363636363637,
    "VA9": 0.3333333333333333,
    "VB1": 0.4861111111111111,
    "VB10": 0.5666666666666667,
    "VB11": 0.7361111111111112,
    "VB2": 0.5272727272727272,
    "VB3": 0.6428571428571429,
    "VB4": 0.6666666666666666,
    "VB5": 0.6904761904761905,
    "VB6": 0.5454545454545454,
    "VB7": 0.6071428571428571,
    "VB8": 0.4583333333333333,
    "VB9": 0.5769230769230769,
    "VC1": 0.0,
    "VC2": 0.0,
    "VC3": 0.0,
    "VC4": 0.0,
    "VC5": 0.0,
    "VC6": 0.0,
    "VD1": 0.5,
    "VD10": 0.6222222222222222,
    "VD11": 0.5818181818181818,
    "VD12": 0.5714285714285714,
    "VD13": 0.6454545454545455,
    "VD2": 0.6363636363636364,
    "VD3": 0.6602564102564102,
    "VD4": 0.5333333333333333,
    "VD5": 0.5128205128205128,
    "VD6": 0.5961538461538461,
    "VD7": 0.4722222222222222,
    "VD8": 0.6590909090909091,
    "VD9": 0.6333333333333333
  },
  "density": 0.02147367494664584,