{
  "clustering_coefficients": {
    "ADAL": 0.0,
    "ADAR": 0.0,
    "ADEL": 0.058337749514220105,
    "ADER": 0.07882577869831912,
    "ADFL": 0.023788015657934355,
    "ADFR": 0.05721168322794339,
    "ADLL": 0.5,
    "ADLR": 0.5,
    "AFDL": 0.0,
    "AFDR": 0.6444444444444445,
    "AIAL": 0.5238095238095238,
    "AIAR": 0.6111111111111112,
    "AIBL": 0.5,
    "AIBR": 0.5138888888888888,
    "AIML": 0.5238095238095238,
    "AIMR": 0.4107142857142857,
    "AINL": 0.0,
    "AINR": 0.0,
    "AIYL": 0.5714285714285714,
    "AIYR": 0.6666666666666666,
    "AIZL": 0.5363636363636364,
    "AIZR": 0.4807692307692308,
    "ALA": 0.0,
    "ALML": 0.4935897435897436,
    "ALMR": 0.65,
    "ALNL": 0.6,
    "ALNR": 0.6089743589743589,
    "AQR": 0.0,
    "AS1": 0.5333333333333333,
    "AS10": 0.5888888888888889,
    "AS11": 0.6428571428571429,
    "AS2": 0.45,
    "AS3": 0.5181818181818182,
    "AS4": 0.5277777777777778,
    "AS5": 0.4714285714285714,
    "AS6": 0.5545454545454546,
    "AS7": 0.6190476190476191,
    "AS8": 0.4909090909090909,
    "AS9": 0.45,
    "ASEL": 0.5818181818181818,
    "ASER": 0.5448717948717948,
    "ASGL": 0.5818181818181818,
    "ASGR": 0.5727272727272728,
    "ASHL": 0.5952380952380952,
    "ASHR": 0.5681818181818182,
    "ASIL": 0.4,
    "ASIR": 0.7,
    "ASJL": 0.0,
    "ASJR": 0.0,
    "ASKL": 0.509090909090909,
    "ASKR": 0.6777777777777778,
    "AUAL": 0.4818181818181818,
    "AUAR": 0.44696969696969696,
    "AVAL": 0.0,
    "AVAR": 0.0,
    "AVBL": 0.75,
    "AVBR": 0.3333333333333333,
    "AVDL": 0.0,
    "AVDR": 0.0,
    "AVEL": 0.0,
    "AVER": 0.0,
    "AVFL": 0.5,
    "AVFR": 0.5636363636363636,
    "AVG": 0.0,
    "AVHL": 0.0,
    "AVHR": 0.7,
    "AVJL": 0.5714285714285714,
    "AVJR": 0.5444444444444444,
    "AVKL": 0.0,
    "AVKR": 0.0,
    "AVL": 0.4166666666666667,
    "AVM": 0.6545454545454545,
    "AWAL": 0.0,
    "AWAR": 0.0,
    "AWBL": 0.625,
    "AWBR": 0.5,
    "AWCL": 0.0,
    "AWCR": 0.5,
    "BAGL": 0.0,
    "BAGR": 0.0,
    "BDUL": 0.5238095238095238,
    "BDUR": 0.6666666666666666,
    "CANL": 0.6363636363636364,
    "CANR": 0.5545454545454546,
    "CEPDL": 0.06248448233054705,
    "CEPDR": 0.07469320327249843,
    "CEPVL": 0.07377379799935463,
    "CEPVR": 0.06318412024179056,
    "DA1": 0.7083333333333334,
    "DA2": 0.4393939393939394,
    "DA3": 0.5833333333333334,
    "DA4": 0.5727272727272728,
    "DA5": 0.5378787878787878,
    "DA6": 0.5476190476190477,
    "DA7": 0.5888888888888889,
    "DA8": 0.6111111111111112,
    "DA9": 0.5,
    "DB1": 0.4423076923076923,
    "DB2": 0.5727272727272728,
    "DB3": 0.5238095238095238,
    "DB4": 0.5833333333333334,
    "DB5": 0.4666666666666667,
    "DB6": 0.5333333333333333,
    "DB7": 0.5,
    "DD1": 0.5833333333333334,
    "DD2": 0.5444444444444444,
    "DD3": 0.45555555555555555,
    "DD4": 0.6428571428571429,
    "DD5": 0.4583333333333333,
    "DD6": 0.625,
    "DVA": 0.5694444444444444,
    "DVB": 0.0,
    "DVC": 0.6071428571428571,
    "FLPL": 0.48214285714285715,
    "FLPR": 0.5416666666666666,
    "HSNL": 0.09134385461501673,
    "HSNR": 0.09780065512400561,
    "I1L": 0.6428571428571429,
    "I1R": 0.6,
    "I2L": 0.6363636363636364,
    "I2R": 0.5777777777777777,
    "I3": 0.5,
    "I4": 0.6428571428571429,
    "I5": 0.0,
    "I6": 0.6555555555555556,
    "IL1DL": 0.5666666666666667,
    "IL1DR": 0.5,
    "IL1L": 0.5,
    "IL1R": 0.0,
    "IL1VL": 0.0,
    "IL1VR": 0.55,
    "IL2DL": 0.6090909090909091,
    "IL2DR": 0.6666666666666666,
    "IL2L": 0.5888888888888889,
    "IL2R": 0.5666666666666667,
    "IL2VL": 0.6222222222222222,
    "IL2VR": 0.5666666666666667,
    "LUAL": 0.4,
    "LUAR": 0.4166666666666667,
    "M1": 0.65,
    "M2L": 0.75,
    "M2R": 0.7,
    "M3L": 0.6428571428571429,
    "M3R": 0.5444444444444444,
    "M4": 0.4107142857142857,
    "M5": 0.5416666666666666,
    "MCL": 0.5714285714285714,
    "MCR": 0.6785714285714286,
    "MI": 0.0,
    "NSML": 0.0918954248366013,
    "NSMR": 0.06968967362225789,
    "OLLL": 0.6666666666666666,
    "OLLR": 0.55,
    "OLQDL": 0.5,
    "OLQDR": 0.5,
    "OLQVL": 0.5,
    "OLQVR": 0.0,
    "PDA": 0.43333333333333335,
    "PDB": 0.0,
    "PDEL": 0.06615149456521739,
    "PDER": 0.0698775989268947,
    "PHAL": 0.0,
    "PHAR": 0.5666666666666667,
    "PHBL": 0.8333333333333334,
    "PHBR": 0.5,
    "PHCL": 0.5833333333333334,
    "PHCR": 0.5833333333333334,
    "PLML": 0.5535714285714286,
    "PLMR": 0.5303030303030303,
    "PLNL": 0.25,
    "PLNR": 0.47619047619047616,
    "PQR": 0.4777777777777778,
    "PVCL": 0.75,
    "PVCR": 0.8333333333333334,
    "PVDL": 0.48214285714285715,
    "PVDR": 0.5303030303030303,
    "PVM": 0.0,
    "PVNL": 0.0,
    "PVNR": 0.0,
    "PVPL": 0.0,
    "PVPR": 0.0,
    "PVQL": 0.55,
    "PVQR": 0.6785714285714286,
    "PVR": 0.0,
    "PVT": 0.6181818181818182,
    "PVWL": 0.0,
    "PVWR": 0.0,
    "RIAL": 0.5303030303030303,
    "RIAR": 0.4818181818181818,
    "RIBL": 0.5892857142857143,
    "RIBR": 0.5681818181818182,
    "RICL": 0.17611336032388664,
    "RICR": 0.18928571428571428,
    "RID": 0.7,
    "RIFL": 0.0,
    "RIFR": 0.0,
    "RIGL": 0.0,
    "RIGR": 0.0,
    "RIH": 0.0,
    "RIML": 0.07912347460963128,
    "RIMR": 0.05578512396694215,
    "RIPL": 0.0,
    "RIPR": 0.0,
    "RIR": 0.0,
    "RIS": 0.5333333333333333,
    "RIVL": 0.0,
    "RIVR": 0.0,
    "RMDDL": 0.5909090909090909,
    "RMDDR": 0.5222222222222223,
    "RMDL": 0.5961538461538461,
    "RMDR": 0.6333333333333333,
    "RMDVL": 0.5363636363636364,
    "RMDVR": 0.6388888888888888,
    "RMED": 0.4642857142857143,
    "RMEL": 0.5384615384615384,
    "RMER": 0.4444444444444444,
    "RMEV": 0.4305555555555556,
    "RMFL": 0.6333333333333333,
    "RMFR": 0.6363636363636364,
    "RMGL": 0.0,
    "RMGR": 0.0,
    "RMHL": 0.75,
    "RMHR": 0.4666666666666667,
    "SAADL": 0.0,
    "SAADR": 0.0,
    "SAAVL": 0.0,
    "SAAVR": 0.0,
    "SABD": 0.8333333333333334,
    "SABVL": 0.5128205128205128,
    "SABVR": 0.0,
    "SDQL": 0.0,
    "SDQR": 0.0,
    "SIADL": 0.5,
    "SIADR": 0.5238095238095238,
    "SIAVL": 0.5333333333333333,
    "SIAVR": 0.4909090909090909,
    "SIBDL": 0.3333333333333333,
    "SIBDR": 0.5128205128205128,
    "SIBVL": 0.30952380952380953,
    "SIBVR": 0.48484848484848486,
    "SMBDL": 0.0,
    "SMBDR": 0.0,
    "SMBVL": 0.0,
    "SMBVR": 0.0,
    "SMDDL": 0.0,
    "SMDDR": 0.6388888888888888,
    "SMDVL": 0.16666666666666666,
    "SMDVR": 0.6944444444444444,
    "URADL": 0.0,
    "URADR": 0.0,
    "URAVL": 0.0,
    "URAVR": 0.0,
    "URBL": 0.0,
    "URBR": 0.0,
    "URXL": 0.0,
    "URXR": 0.0,
    "URYDL": 0.6222222222222222,
    "URYDR": 0.6785714285714286,
    "URYVL": 0.4772727272727273,
    "URYVR": 0.5138888888888888,
    "VA1": 0.4,
    "VA10": 0.4666666666666667,
    "VA11": 0.6111111111111112,
    "VA12": 0.6071428571428571,
    "VA2": 0.4107142857142857,
    "VA3": 0.5833333333333334,
    "VA4": 0.4318181818181818,
    "VA5": 0.6607142857142857,
    "VA6": 0.4636363636363636,
    "VA7": 0.4621212121212121,
    "VA8": 0.6666666666666666,
    "VA9": 0.5357142857142857,
    "VB1": 0.5636363636363636,
    "VB10": 0.6666666666666666,
    "VB11": 0.5972222222222222,
    "VB2": 0.5666666666666667,
    "VB3": 0.5833333333333334,
    "VB4": 0.47802197802197804,
    "VB5": 0.5972222222222222,
    "VB6": 0.39285714285714285,
    "VB7": 0.5,
    "VB8": 0.7666666666666667,
    "VB9": 0.4222222222222222,
    "VC1": 0.0,
    "VC2": 0.0,
    "VC3": 0.0,
    "VC4": 0.0,
    "VC5": 0.0,
    "VC6": 0.0,
    "VD1": 0.5151515151515151,
    "VD10": 0.6333333333333333,
    "VD11": 0.6,
    "VD12": 0.4666666666666667,
    "VD13": 0.5512820512820513,
    "VD2": 0.5727272727272728,
    "VD3": 0.5681818181818182,
    "VD4": 0.4166666666666667,
    "VD5": 0.5303030303030303,
    "VD6": 0.5222222222222223,
    "VD7": 0.5378787878787878,
    "VD8": 0.5222222222222223,
    "VD9": 0.4818181818181818
  },
  "density": 0.02147367494664584,
  "global_efficiency": 0.725432719151312,