{
  "clustering_coefficients": {
    "ADAL": 0.0,
    "ADAR": 0.0,
    "ADEL": 0.07047720215721523,
    "ADER": 0.07169117647058823,
    "ADFL": 0.044715447154471545,
    "ADFR": 0.06775067750677506,
    "ADLL": 0.6666666666666666,
    "ADLR": 0.6777777777777778,
    "AFDL": 0.5666666666666667,
    "AFDR": 0.7,
    "AIAL": 0.6,
    "AIAR": 0.6111111111111112,
    "AIBL": 0.6,
    "AIBR": 0.6333333333333333,
    "AIML": 0.5416666666666666,
    "AIMR": 0.5,
    "AINL": 0.0,
    "AINR": 0.0,
    "AIYL": 0.35714285714285715,
    "AIYR": 0.45555555555555555,
    "AIZL": 0.5363636363636364,
    "AIZR": 0.5494505494505495,
    "ALA": 0.0,
    "ALML": 0.6333333333333333,
    "ALMR": 0.5277777777777778,
    "ALNL": 0.5545454545454546,
    "ALNR": 0.4909090909090909,
    "AQR": 0.0,
    "AS1": 0.5714285714285714,
    "AS10": 0.6190476190476191,
    "AS11": 0.4909090909090909,
    "AS2": 0.5555555555555556,
    "AS3": 0.5,
    "AS4": 0.5535714285714286,
    "AS5": 0.5178571428571429,
    "AS6": 0.4166666666666667,
    "AS7": 0.4666666666666667,
    "AS8": 0.5,
    "AS9": 1.0,
    "ASEL": 0.5238095238095238,
    "ASER": 0.5,
    "ASGL": 0.5892857142857143,
    "ASGR": 0.4861111111111111,
    "ASHL": 0.5555555555555556,
    "ASHR": 0.47619047619047616,
    "ASIL": 0.5714285714285714,
    "ASIR": 0.25,
    "ASJL": 0.0,
    "ASJR": 0.0,
    "ASKL": 0.6090909090909091,
    "ASKR": 0.6555555555555556,
    "AUAL": 0.5448717948717948,
    "AUAR": 0.6222222222222222,
    "AVAL": 0.0,
    "AVAR": 0.0,
    "AVBL": 0.5892857142857143,
    "AVBR": 1.0,
    "AVDL": 0.0,
    "AVDR": 0.0,
    "AVEL": 0.0,
    "AVER": 0.0,
    "AVFL": 0.7,
    "AVFR": 0.5909090909090909,
    "AVG": 0.0,
    "AVHL": 0.5833333333333334,
    "AVHR": 0.5,
    "AVJL": 0.5075757575757576,
    "AVJR": 0.47619047619047616,
    "AVKL": 0.0,
    "AVKR": 0.0,
    "AVL": 0.48214285714285715,
    "AVM": 0.6964285714285714,
    "AWAL": 0.0,
    "AWAR": 0.0,
    "AWBL": 0.5909090909090909,
    "AWBR": 0.5277777777777778,
    "AWCL": 0.0,
    "AWCR": 0.5888888888888889,
    "BAGL": 0.5952380952380952,
    "BAGR": 0.5892857142857143,
    "BDUL": 1.0,
    "BDUR": 0.5,
    "CANL": 0.6964285714285714,
    "CANR": 0.30952380952380953,
    "CEPDL": 0.08558663558663558,
    "CEPDR": 0.06380337636544191,
    "CEPVL": 0.07587319068596601,
    "CEPVR": 0.07046507778881166,
    "DA1": 0.5138888888888888,
    "DA2": 0.625,
    "DA3": 0.45555555555555555,
    "DA4": 0.5833333333333334,
    "DA5": 0.6,
    "DA6": 0.48214285714285715,
    "DA7": 0.4583333333333333,
    "DA8": 0.3,
    "DA9": 0.5494505494505495,
    "DB1": 0.5454545454545454,
    "DB2": 0.48214285714285715,
    "DB3": 0.6444444444444445,
    "DB4": 0.5666666666666667,
    "DB5": 0.35555555555555557,
    "DB6": 0.4166666666666667,
    "DB7": 0.5444444444444444,
    "DD1": 0.5555555555555556,
    "DD2": 0.46794871794871795,
    "DD3": 0.6,
    "DD4": 0.5909090909090909,
    "DD5": 0.5075757575757576,
    "DD6": 0.5303030303030303,
    "DVA": 0.48214285714285715,
    "DVB": 0.0,
    "DVC": 0.625,
    "FLPL": 0.42857142857142855,
    "FLPR": 0.47435897435897434,
    "HSNL": 0.08945527236381809,
    "HSNR": 0.08597850537365659,
    "I1L": 0.6153846153846154,
    "I1R": 0.5444444444444444,
    "I2L": 0.625,
    "I2R": 0.45555555555555555,
    "I3": 0.5439560439560439,
    "I4": 0.5138888888888888,
    "I5": 0.0,
    "I6": 0.6272727272727273,
    "IL1DL": 0.0,
    "IL1DR": 0.6190476190476191,
    "IL1L": 0.5,
    "IL1R": 0.0,
    "IL1VL": 0.7083333333333334,
    "IL1VR": 0.6666666666666666,
    "IL2DL": 0.5833333333333334,
    "IL2DR": 0.5333333333333333,
    "IL2L": 0.5833333333333334,
    "IL2R": 0.6222222222222222,
    "IL2VL": 0.5757575757575758,
    "IL2VR": 0.5972222222222222,
    "LUAL": 0.6,
    "LUAR": 0.5972222222222222,
    "M1": 0.625,
    "M2L": 0.6333333333333333,
    "M2R": 0.6,
    "M3L": 0.5222222222222223,
    "M3R": 0.5416666666666666,
    "M4": 0.5892857142857143,
    "M5": 0.6666666666666666,
    "MCL": 0.5277777777777778,
    "MCR": 0.5277777777777778,
    "MI": 0.0,
    "NSML": 0.09731051344743276,
    "NSMR": 0.06460443471119627,
    "OLLL": 0.5,
    "OLLR": 0.8333333333333334,
    "OLQDL": 0.5972222222222222,
    "OLQDR": 0.5138888888888888,
    "OLQVL": 0.0,
    "OLQVR": 1.0,
    "PDA": 0.4107142857142857,
    "PDB": 0.0,
    "PDEL": 0.04766884531590414,
    "PDER": 0.056090846524432206,
    "PHAL": 0.5833333333333334,
    "PHAR": 0.5,
    "PHBL": 0.5,
    "PHBR": 0.5972222222222222,
    "PHCL": 0.5333333333333333,
    "PHCR": 0.5984848484848485,
    "PLML": 0.6545454545454545,
    "PLMR": 0.5636363636363636,
    "PLNL": 0.5378787878787878,
    "PLNR": 0.6666666666666666,
    "PQR": 0.4,
    "PVCL": 0.5,
    "PVCR": 1.0,
    "PVDL": 0.5757575757575758,
    "PVDR": 0.5714285714285714,
    "PVM": 0.0,
    "PVNL": 0.0,
    "PVNR": 0.0,
    "PVPL": 0.0,
    "PVPR": 0.0,
    "PVQL": 0.5818181818181818,
    "PVQR": 0.4807692307692308,
    "PVR": 0.0,
    "PVT": 0.7142857142857143,
    "PVWL": 0.0,
    "PVWR": 0.0,
    "RIAL": 0.5535714285714286,
    "RIAR": 0.6555555555555556,
    "RIBL": 0.4945054945054945,
    "RIBR": 0.5666666666666667,
    "RICL": 0.1685897435897436,
    "RICR": 0.17617689015691868,
    "RID": 0.5416666666666666,
    "RIFL": 0.0,
    "RIFR": 0.0,
    "RIGL": 0.0,
    "RIGR": 0.0,
    "RIH": 0.0,
    "RIML": 0.07051029778302506,
    "RIMR": 0.08353018372703412,
    "RIPL": 0.0,
    "RIPR": 0.0,
    "RIR": 0.0,
    "RIS": 0.5192307692307693,
    "RIVL": 0.0,
    "RIVR": 0.0,
    "RMDDL": 0.6,
    "RMDDR": 0.5694444444444444,
    "RMDL": 0.6333333333333333,
    "RMDR": 0.6666666666666666,
    "RMDVL": 0.6527777777777778,
    "RMDVR": 0.5,
    "RMED": 0.5111111111111111,
    "RMEL": 0.6666666666666666,
    "RMER": 0.6555555555555556,
    "RMEV": 0.5555555555555556,
    "RMFL": 0.5333333333333333,
    "RMFR": 0.5227272727272727,
    "RMGL": 0.0,
    "RMGR": 0.0,
    "RMHL": 0.4861111111111111,
    "RMHR": 0.36666666666666664,
    "SAADL": 0.0,
    "SAADR": 0.0,
    "SAAVL": 0.0,
    "SAAVR": 0.0,
    "SABD": 0.0,
    "SABVL": 0.6666666666666666,
    "SABVR": 0.5,
    "SDQL": 0.0,
    "SDQR": 0.5694444444444444,
    "SIADL": 0.5606060606060606,
    "SIADR": 0.5545454545454546,
    "SIAVL": 0.5777777777777777,
    "SIAVR": 0.21428571428571427,
    "SIBDL": 0.44642857142857145,
    "SIBDR": 0.7380952380952381,
    "SIBVL": 0.4818181818181818,
    "SIBVR": 0.5833333333333334,
    "SMBDL": 0.0,
    "SMBDR": 0.0,
    "SMBVL": 0.0,
    "SMBVR": 0.0,
    "SMDDL": 0.5,
    "SMDDR": 1.0,
    "SMDVL": 0.7678571428571429,
    "SMDVR": 0.5,
    "URADL": 0.0,
    "URADR": 0.0,
    "URAVL": 0.0,
    "URAVR": 0.0,
    "URBL": 0.0,
    "URBR": 0.0,
    "URXL": 0.0,
    "URXR": 0.0,
    "URYDL": 0.5238095238095238,
    "URYDR": 0.6428571428571429,
    "URYVL": 0.5694444444444444,
    "URYVR": 0.6,
    "VA1": 0.5,
    "VA10": 0.43333333333333335,
    "VA11": 0.4666666666666667,
    "VA12": 0.5178571428571429,
    "VA2": 0.4,
    "VA3": 0.55,
    "VA4": 0.6527777777777778,
    "VA5": 0.5416666666666666,
    "VA6": 0.6527777777777778,
    "VA7": 0.5,
    "VA8": 0.45,
    "VA9": 0.6190476190476191,
    "VB1": 0.6666666666666666,
    "VB10": 0.6555555555555556,
    "VB11": 0.6818181818181818,
    "VB2": 0.5,
    "VB3": 0.5357142857142857,
    "VB4": 0.5,
    "VB5": 0.5535714285714286,
    "VB6": 0.47619047619047616,
    "VB7": 0.5454545454545454,
    "VB8": 0.6111111111111112,
    "VB9": 0.5769230769230769,
    "VC1": 0.0,
    "VC2": 0.0,
    "VC3": 0.0,
    "VC4": 0.0,
    "VC5": 0.0,
    "VC6": 0.0,
    "VD1": 0.5416666666666666,
    "VD10": 0.6,
    "VD11": 0.5777777777777777,
    "VD12": 0.5448717948717948,
    "VD13": 0.7333333333333333,
    "VD2": 0.5277777777777778,
    "VD3": 0.6545454545454545,
    "VD4": 0.5636363636363636,
    "VD5": 0.5448717948717948,
    "VD6": 0.5972222222222222,
    "VD7": 0.6727272727272727,
    "VD8": 0.5454545454545454,
    "VD9": 0.553030303030303
  },
  "density": 0.02147367494664584,