{
  "clustering_coefficients": {
    "ADAL": 0.0,
    "ADAR": 0.0,
    "ADEL": 0.09275397401759057,
    "ADER": 0.07651768935370537,
    "ADFL": 0.0689551339957844,
    "ADFR": 0.0676001204456489,
    "ADLL": 0.8333333333333334,
    "ADLR": 1.0,
    "AFDL": 0.8333333333333334,
    "AFDR": 0.8333333333333334,
    "AIAL": 0.7181818181818181,
    "AIAR": 0.9166666666666666,
    "AIBL": 0.85,
    "AIBR": 0.7857142857142857,
    "AIML": 0.3333333333333333,
    "AIMR": 0.6964285714285714,
    "AINL": 0.0,
    "AINR": 0.0,
    "AIYL": 0.6388888888888888,
    "AIYR": 0.7321428571428571,
    "AIZL": 0.6666666666666666,
    "AIZR": 0.7666666666666667,
    "ALA": 0.0,
    "ALML": 0.5714285714285714,
    "ALMR": 0.5727272727272728,
    "ALNL": 0.8,
    "ALNR": 0.7142857142857143,
    "AQR": 0.0,
    "AS1": 0.6888888888888889,
    "AS10": 0.75,
    "AS11": 0.6909090909090909,
    "AS2": 0.7454545454545455,
    "AS3": 0.6444444444444445,
    "AS4": 0.7090909090909091,
    "AS5": 0.5238095238095238,
    "AS6": 0.6428571428571429,
    "AS7": 0.6636363636363637,
    "AS8": 0.8214285714285714,
    "AS9": 0.5555555555555556,
    "ASEL": 0.6190476190476191,
    "ASER": 0.7045454545454546,
    "ASGL": 0.5,
    "ASGR": 0.7181818181818181,
    "ASHL": 0.6818181818181818,
    "ASHR": 0.6523809523809524,
    "ASIL": 1.0,
    "ASIR": 0.6964285714285714,
    "ASJL": 0.0,
    "ASJR": 0.0,
    "ASKL": 0.6727272727272727,
    "ASKR": 0.6444444444444445,
    "AUAL": 0.6090909090909091,
    "AUAR": 0.5333333333333333,
    "AVAL": 0.0,
    "AVAR": 0.0,
    "AVBL": 1.0,
    "AVBR": 0.3333333333333333,
    "AVDL": 0.0,
    "AVDR": 0.0,
    "AVEL": 0.0,
    "AVER": 0.0,
    "AVFL": 0.9166666666666666,
    "AVFR": 0.4777777777777778,
    "AVG": 0.0,
    "AVHL": 0.5,
    "AVHR": 0.5,
    "AVJL": 0.6555555555555556,
    "AVJR": 0.5888888888888889,
    "AVKL": 0.0,
    "AVKR": 0.0,
    "AVL": 0.5892857142857143,
    "AVM": 0.5,
    "AWAL": 0.0,
    "AWAR": 0.0,
    "AWBL": 0.7,
    "AWBR": 0.7380952380952381,
    "AWCL": 0.5,
    "AWCR": 0.6818181818181818,
    "BAGL": 0.0,
    "BAGR": 0.5,
    "BDUL": 0.5833333333333334,
    "BDUR": 0.6904761904761905,
    "CANL": 0.6111111111111112,
    "CANR": 0.7,
    "CEPDL": 0.07703914829407327,
    "CEPDR": 0.08379888268156424,
    "CEPVL": 0.08563448981197389,
    "CEPVR": 0.09091982059957511,
    "DA1": 0.5178571428571429,
    "DA2": 0.7777777777777778,
    "DA3": 0.7196969696969697,
    "DA4": 0.5892857142857143,
    "DA5": 0.5,
    "DA6": 0.6444444444444445,
    "DA7": 0.7,
    "DA8": 0.43333333333333335,
    "DA9": 0.625,
    "DB1": 0.9,
    "DB2": 0.6333333333333333,
    "DB3": 0.7636363636363637,
    "DB4": 0.5833333333333334,
    "DB5": 0.6111111111111112,
    "DB6": 0.6333333333333333,
    "DB7": 0.6071428571428571,
    "DD1": 0.7555555555555555,
    "DD2": 0.5972222222222222,
    "DD3": 0.8,
    "DD4": 1.0,
    "DD5": 0.7638888888888888,
    "DD6": 0.6285714285714286,
    "DVA": 0.6333333333333333,
    "DVB": 0.0,
    "DVC": 0.7181818181818181,
    "FLPL": 0.6666666666666666,
    "FLPR": 0.5666666666666667,
    "HSNL": 0.1286368843069874,
    "HSNR": 0.10060832943378568,
    "I1L": 0.6727272727272727,
    "I1R": 0.6987179487179487,
    "I2L": 0.8472222222222222,
    "I2R": 0.7636363636363637,
    "I3": 0.7307692307692307,
    "I4": 0.625,
    "I5": 0.0,
    "I6": 0.5909090909090909,
    "IL1DL": 0.9285714285714286,
    "IL1DR": 0.5,
    "IL1L": 0.5,
    "IL1R": 0.6964285714285714,
    "IL1VL": 1.0,
    "IL1VR": 0.7,
    "IL2DL": 0.6666666666666666,
    "IL2DR": 0.6527777777777778,
    "IL2L": 0.5818181818181818,
    "IL2R": 0.7818181818181819,
    "IL2VL": 0.48214285714285715,
    "IL2VR": 0.7272727272727273,
    "LUAL": 0.9285714285714286,
    "LUAR": 0.6590909090909091,
    "M1": 0.8555555555555555,
    "M2L": 0.7818181818181819,
    "M2R": 0.7666666666666667,
    "M3L": 0.8,
    "M3R": 0.8035714285714286,
    "M4": 0.75,
    "M5": 0.7666666666666667,
    "MCL": 0.85,
    "MCR": 0.7272727272727273,
    "MI": 0.0,
    "NSML": 0.10271408516612072,
    "NSMR": 0.12897310513447433,
    "OLLL": 1.0,
    "OLLR": 0.6,
    "OLQDL": 0.5,
    "OLQDR": 0.5,
    "OLQVL": 0.7,
    "OLQVR": 0.5,
    "PDA": 0.6428571428571429,
    "PDB": 0.0,
    "PDEL": 0.08032610494951167,
    "PDER": 0.07842366081963345,
    "PHAL": 0.8333333333333334,
    "PHAR": 0.5,
    "PHBL": 0.8,
    "PHBR": 0.5,
    "PHCL": 0.6785714285714286,
    "PHCR": 0.6282051282051282,
    "PLML": 0.6888888888888889,
    "PLMR": 0.6818181818181818,
    "PLNL": 0.7638888888888888,
    "PLNR": 0.7222222222222222,
    "PQR": 0.680952380952381,
    "PVCL": 0.0,
    "PVCR": 1.0,
    "PVDL": 0.6888888888888889,
    "PVDR": 0.5727272727272728,
    "PVM": 0.0,
    "PVNL": 0.0,
    "PVNR": 0.0,
    "PVPL": 0.0,
    "PVPR": 0.0,
    "PVQL": 0.7142857142857143,
    "PVQR": 0.5476190476190477,
    "PVR": 0.0,
    "PVT": 0.6439393939393939,
    "PVWL": 0.0,
    "PVWR": 0.0,
    "RIAL": 0.6648351648351648,
    "RIAR": 0.6904761904761905,
    "RIBL": 0.7222222222222222,
    "RIBR": 0.5989010989010989,
    "RICL": 0.16691729323308271,
    "RICR": 0.2206601466992665,
    "RID": 0.7857142857142857,
    "RIFL": 0.0,
    "RIFR": 0.0,
    "RIGL": 0.0,
    "RIGR": 0.0,
    "RIH": 0.0,
    "RIML": 0.1084485208629376,
    "RIMR": 0.07733023495997934,
    "RIPL": 0.0,
    "RIPR": 0.0,
    "RIR": 0.0,
    "RIS": 0.7818181818181819,
    "RIVL": 0.0,
    "RIVR": 0.0,
    "RMDDL": 0.5238095238095238,
    "RMDDR": 0.6089743589743589,
    "RMDL": 0.7363636363636363,
    "RMDR": 0.5892857142857143,
    "RMDVL": 0.7115384615384616,
    "RMDVR": 0.7454545454545455,
    "RMED": 0.7857142857142857,
    "RMEL": 0.6428571428571429,
    "RMER": 0.625,
    "RMEV": 0.6454545454545455,
    "RMFL": 0.6363636363636364,
    "RMFR": 0.6727272727272727,
    "RMGL": 0.0,
    "RMGR": 0.0,
    "RMHL": 0.6222222222222222,
    "RMHR": 0.7090909090909091,
    "SAADL": 0.0,
    "SAADR": 0.0,
    "SAAVL": 0.0,
    "SAAVR": 0.0,
    "SABD": 0.8,
    "SABVL": 1.0,
    "SABVR": 0.7333333333333333,
    "SDQL": 0.8333333333333334,
    "SDQR": 0.35,
    "SIADL": 0.5333333333333333,
    "SIADR": 0.6666666666666666,
    "SIAVL": 0.6777777777777778,
    "SIAVR": 0.7777777777777778,
    "SIBDL": 0.6090909090909091,
    "SIBDR": 0.6,
    "SIBVL": 0.7,
    "SIBVR": 0.5777777777777777,
    "SMBDL": 0.0,
    "SMBDR": 0.0,
    "SMBVL": 0.0,
    "SMBVR": 0.0,
    "SMDDL": 1.0,
    "SMDDR": 0.0,
    "SMDVL": 0.6333333333333333,
    "SMDVR": 0.0,
    "URADL": 0.0,
    "URADR": 0.0,
    "URAVL": 0.0,
    "URAVR": 0.0,
    "URBL": 0.0,
    "URBR": 0.0,
    "URXL": 0.0,
    "URXR": 0.0,
    "URYDL": 0.7,
    "URYDR": 0.6090909090909091,
    "URYVL": 0.8090909090909091,
    "URYVR": 0.6439393939393939,
    "VA1": 0.7678571428571429,
    "VA10": 0.6346153846153846,
    "VA11": 0.7651515151515151,
    "VA12": 0.7121212121212122,
    "VA2": 0.5972222222222222,
    "VA3": 0.6,
    "VA4": 0.6181818181818182,
    "VA5": 0.7121212121212122,
    "VA6": 0.5833333333333334,
    "VA7": 0.5714285714285714,
    "VA8": 0.7727272727272727,
    "VA9": 0.6181818181818182,
    "VB1": 0.6888888888888889,
    "VB10": 0.75,
    "VB11": 0.7454545454545455,
    "VB2": 0.6666666666666666,
    "VB3": 0.5714285714285714,
    "VB4": 0.55,
    "VB5": 0.6607142857142857,
    "VB6": 0.9,
    "VB7": 0.6904761904761905,
    "VB8": 0.5,
    "VB9": 0.7361111111111112,
    "VC1": 0.0,
    "VC2": 0.0,
    "VC3": 0.0,
    "VC4": 0.0,
    "VC5": 0.0,
    "VC6": 0.0,
    "VD1": 0.6818181818181818,
    "VD10": 0.5,
    "VD11": 0.6742424242424242,
    "VD12": 0.6333333333333333,
    "VD13": 0.6272727272727273,
    "VD2": 0.8571428571428571,
    "VD3": 0.7727272727272727,
    "VD4": 0.7777777777777778,
    "VD5": 0.6593406593406593,
    "VD6": 0.7444444444444445,
    "VD7": 0.7,
    "VD8": 0.6777777777777778,
    "VD9": 0.6785714285714286
  },
  "density": 0.02147367494664584,
  "global_efficiency": 0.7240547381743396,
  "maximum_modularity": 0.09811185669174953,