{
  "clustering_coefficients": {
    "ADAL": 0.0,
    "ADAR": 0.0,
    "ADEL": 0.07753126260588947,
    "ADER": 0.06364443010405743,
    "ADFL": 0.044263775971093045,
    "ADFR": 0.045769346582354715,
    "ADLL": 0.16666666666666666,
    "ADLR": 0.5178571428571429,
    "AFDL": 0.6666666666666666,
    "AFDR": 0.0,
    "AIAL": 0.5,
    "AIAR": 0.5833333333333334,
    "AIBL": 0.5,
    "AIBR": 0.5,
    "AIML": 0.5818181818181818,
    "AIMR": 0.5,
    "AINL": 0.0,
    "AINR": 0.0,
    "AIYL": 0.5444444444444444,
    "AIYR": 0.5,
    "AIZL": 0.6190476190476191,
    "AIZR": 0.48214285714285715,
    "ALA": 0.0,
    "ALML": 0.5111111111111111,
    "ALMR": 0.5,
    "ALNL": 0.5,
    "ALNR": 0.509090909090909,
    "AQR": 0.0,
    "AS1": 0.6111111111111112,
    "AS10": 0.4583333333333333,
    "AS11": 0.5,
    "AS2": 0.5075757575757576,
    "AS3": 0.6805555555555556,
    "AS4": 0.39285714285714285,
    "AS5": 0.6333333333333333,
    "AS6": 0.4444444444444444,
    "AS7": 0.36666666666666664,
    "AS8": 0.4888888888888889,
    "AS9": 0.4772727272727273,
    "ASEL": 0.5694444444444444,
    "ASER": 0.4642857142857143,
    "ASGL": 0.5272727272727272,
    "ASGR": 0.6527777777777778,
    "ASHL": 0.5,
    "ASHR": 0.5,
    "ASIL": 0.6190476190476191,
    "ASIR": 0.5694444444444444,
    "ASJL": 0.0,
    "ASJR": 0.0,
    "ASKL": 0.5151515151515151,
    "ASKR": 0.5,
    "AUAL": 0.5454545454545454,
    "AUAR": 0.5606060606060606,
    "AVAL": 0.0,
    "AVAR": 0.0,
    "AVBL": 0.8333333333333334,
    "AVBR": 0.5555555555555556,
    "AVDL": 0.0,
    "AVDR": 0.0,
    "AVEL": 0.0,
    "AVER": 0.0,
    "AVFL": 0.47619047619047616,
    "AVFR": 0.6444444444444445,
    "AVG": 0.0,
    "AVHL": 0.6333333333333333,
    "AVHR": 0.5,
    "AVJL": 0.6,
    "AVJR": 0.6666666666666666,
    "AVKL": 0.0,
    "AVKR": 0.0,
    "AVL": 0.4861111111111111,
    "AVM": 0.4393939393939394,
    "AWAL": 0.0,
    "AWAR": 0.0,
    "AWBL": 0.4642857142857143,
    "AWBR": 0.5178571428571429,
    "AWCL": 0.4727272727272727,
    "AWCR": 0.0,
    "BAGL": 0.3333333333333333,
    "BAGR": 0.6666666666666666,
    "BDUL": 0.5,
    "BDUR": 0.35,
    "CANL": 0.5606060606060606,
    "CANR": 0.5272727272727272,
    "CEPDL": 0.07449983865763149,
    "CEPDR": 0.046737640132268735,
    "CEPVL": 0.057787024456521736,
    "CEPVR": 0.0636437908496732,
    "DA1": 0.4444444444444444,
    "DA2": 0.4166666666666667,
    "DA3": 0.5272727272727272,
    "DA4": 0.75,
    "DA5": 0.3888888888888889,
    "DA6": 0.45454545454545453,
    "DA7": 0.5,
    "DA8": 0.5535714285714286,
    "DA9": 0.5897435897435898,
    "DB1": 0.5454545454545454,
    "DB2": 0.5357142857142857,
    "DB3": 0.3888888888888889,
    "DB4": 0.5714285714285714,
    "DB5": 0.6090909090909091,
    "DB6": 0.5277777777777778,
    "DB7": 0.6,
    "DD1": 0.5222222222222223,
    "DD2": 0.7380952380952381,
    "DD3": 0.5777777777777777,
    "DD4": 0.4642857142857143,
    "DD5": 0.5727272727272728,
    "DD6": 0.6607142857142857,
    "DVA": 0.5,
    "DVB": 0.0,
    "DVC": 0.5555555555555556,
    "FLPL": 0.0,
    "FLPR": 0.5238095238095238,
    "HSNL": 0.11961503208065995,
    "HSNR": 0.09795971749934607,
    "I1L": 0.4583333333333333,
    "I1R": 0.5888888888888889,
    "I2L": 0.45454545454545453,
    "I2R": 0.5555555555555556,
    "I3": 0.46153846153846156,
    "I4": 0.55,
    "I5": 0.0,
    "I6": 0.5333333333333333,
    "IL1DL": 0.5535714285714286,
    "IL1DR": 0.5,
    "IL1L": 0.0,
    "IL1R": 0.0,
    "IL1VL": 0.0,
    "IL1VR": 0.0,
    "IL2DL": 0.6071428571428571,
    "IL2DR": 0.5476190476190477,
    "IL2L": 0.4523809523809524,
    "IL2R": 0.5833333333333334,
    "IL2VL": 0.4722222222222222,
    "IL2VR": 0.48214285714285715,
    "LUAL": 0.45,
    "LUAR": 0.5,
    "M1": 0.4722222222222222,
    "M2L": 0.42857142857142855,
    "M2R": 0.47619047619047616,
    "M3L": 0.8,
    "M3R": 0.5272727272727272,
    "M4": 0.5833333333333334,
    "M5": 0.5545454545454546,
    "MCL": 0.4444444444444444,
    "MCR": 0.55,
    "MI": 0.0,
    "NSML": 0.10975895155628364,
    "NSMR": 0.11090272568142036,
    "OLLL": 0.5,
    "OLLR": 0.5818181818181818,
    "OLQDL": 0.75,
    "OLQDR": 0.3333333333333333,
    "OLQVL": 0.5694444444444444,
    "OLQVR": 0.5222222222222223,
    "PDA": 0.4777777777777778,
    "PDB": 0.0,
    "PDEL": 0.05243270782032776,
    "PDER": 0.05698029891304348,
    "PHAL": 0.5178571428571429,
    "PHAR": 0.509090909090909,
    "PHBL": 0.5,
    "PHBR": 0.75,
    "PHCL": 0.5357142857142857,
    "PHCR": 0.5448717948717948,
    "PLML": 0.45555555555555555,
    "PLMR": 0.6,
    "PLNL": 0.5476190476190477,
    "PLNR": 0.35,
    "PQR": 0.48214285714285715,
    "PVCL": 0.0,
    "PVCR": 0.6666666666666666,
    "PVDL": 0.4696969696969697,
    "PVDR": 0.6,
    "PVM": 0.0,
    "PVNL": 0.0,
    "PVNR": 0.0,
    "PVPL": 0.0,
    "PVPR": 0.0,
    "PVQL": 0.5666666666666667,
    "PVQR": 0.5476190476190477,
    "PVR": 0.0,
    "PVT": 0.5054945054945055,
    "PVWL": 0.0,
    "PVWR": 0.0,
    "RIAL": 0.4861111111111111,
    "RIAR": 0.5138888888888888,
    "RIBL": 0.3333333333333333,
    "RIBR": 0.6190476190476191,
    "RICL": 0.19728915662650603,
    "RICR": 0.15064102564102563,
    "RID": 0.5054945054945055,
    "RIFL": 0.0,
    "RIFR": 0.0,
    "RIGL": 0.0,
    "RIGR": 0.0,
    "RIH": 0.0,
    "RIML": 0.06497175141242938,
    "RIMR": 0.049478412054476964,
    "RIPL": 0.0,
    "RIPR": 0.0,
    "RIR": 0.0,
    "RIS": 0.4305555555555556,
    "RIVL": 0.0,
    "RIVR": 0.0,
    "RMDDL": 0.5777777777777777,
    "RMDDR": 0.42857142857142855,
    "RMDL": 0.4636363636363636,
    "RMDR": 0.5714285714285714,
    "RMDVL": 0.5714285714285714,
    "RMDVR": 0.625,
    "RMED": 0.5818181818181818,
    "RMEL": 0.5636363636363636,
    "RMER": 0.5714285714285714,
    "RMEV": 0.5476190476190477,
    "RMFL": 0.5476190476190477,
    "RMFR": 0.4,
    "RMGL": 0.0,
    "RMGR": 0.0,
    "RMHL": 0.75,
    "RMHR": 0.4,
    "SAADL": 0.0,
    "SAADR": 0.0,
    "SAAVL": 0.0,
    "SAAVR": 0.0,
    "SABD": 1.0,
    "SABVL": 0.6071428571428571,
    "SABVR": 0.25,
    "SDQL": 0.8333333333333334,
    "SDQR": 0.4523809523809524,
    "SIADL": 0.5333333333333333,
    "SIADR": 0.45555555555555555,
    "SIAVL": 0.4722222222222222,
    "SIAVR": 0.44871794871794873,
    "SIBDL": 0.6607142857142857,
    "SIBDR": 0.5138888888888888,
    "SIBVL": 0.5,
    "SIBVR": 0.3333333333333333,
    "SMBDL": 0.0,
    "SMBDR": 0.0,
    "SMBVL": 0.0,
    "SMBVR": 0.0,
    "SMDDL": 0.4666666666666667,
    "SMDDR": 0.5111111111111111,
    "SMDVL": 0.6666666666666666,
    "SMDVR": 0.5,
    "URADL": 0.0,
    "URADR": 0.0,
    "URAVL": 0.0,
    "URAVR": 0.0,
    "URBL": 0.0,
    "URBR": 0.0,
    "URXL": 0.0,
    "URXR": 0.0,
    "URYDL": 0.6111111111111112,
    "URYDR": 0.5777777777777777,
    "URYVL": 0.5,
    "URYVR": 0.5138888888888888,
    "VA1": 0.5972222222222222,
    "VA10": 0.4727272727272727,
    "VA11": 0.5138888888888888,
    "VA12": 0.4818181818181818,
    "VA2": 0.5,
    "VA3": 0.45555555555555555,
    "VA4": 0.5448717948717948,
    "VA5": 0.4725274725274725,
    "VA6": 0.41818181818181815,
    "VA7": 0.49242424242424243,
    "VA8": 0.6190476190476191,
    "VA9": 0.5833333333333334,
    "VB1": 0.5666666666666667,
    "VB10": 0.38095238095238093,
    "VB11": 0.65,
    "VB2": 0.4,
    "VB3": 0.5818181818181818,
    "VB4": 0.6190476190476191,
    "VB5": 0.5,
    "VB6": 0.6666666666666666,
    "VB7": 0.5178571428571429,
    "VB8": 0.6666666666666666,
    "VB9": 0.5,
    "VC1": 0.0,
    "VC2": 0.0,
    "VC3": 0.0,
    "VC4": 0.0,
    "VC5": 0.0,
    "VC6": 0.0,
    "VD1": 0.47619047619047616,
    "VD10": 0.4305555555555556,
    "VD11": 0.5,
    "VD12": 0.4523809523809524,
    "VD13": 0.49047619047619045,
    "VD2": 0.5444444444444444,
    "VD3": 0.6515151515151515,
    "VD4": 0.5984848484848485,
    "VD5": 0.4393939393939394,
    "VD6": 0.5444444444444444,
    "VD7": 0.5984848484848485,
    "VD8": 0.553030303030303,
    "VD9": 0.5
  },
  "density": 0.02147367494664584,
  "global_efficiency": 0.7401027311450764,