{
  "clustering_coefficients": {
    "ADAL": 0.0,
    "ADAR": 0.0,
    "ADEL": 0.06094273343681072,
    "ADER": 0.04838293480130741,
    "ADFL": 0.06157783800060223,
    "ADFR": 0.0326708822643782,
    "ADLL": 0.4107142857142857,
    "ADLR": 0.5416666666666666,
    "AFDL": 0.0,
    "AFDR": 0.0,
    "AIAL": 0.5952380952380952,
    "AIAR": 0.5952380952380952,
    "AIBL": 0.5416666666666666,
    "AIBR": 0.43333333333333335,
    "AIML": 0.4727272727272727,
    "AIMR": 0.5357142857142857,
    "AINL": 0.0,
    "AINR": 0.0,
    "AIYL": 0.4166666666666667,
    "AIYR": 0.5714285714285714,
    "AIZL": 0.46703296703296704,
    "AIZR": 0.42727272727272725,
    "ALA": 0.0,
    "ALML": 0.4642857142857143,
    "ALMR": 0.5555555555555556,
    "ALNL": 0.4727272727272727,
    "ALNR": 0.5277777777777778,
    "AQR": 0.0,
    "AS1": 0.3,
    "AS10": 0.4107142857142857,
    "AS11": 0.4,
    "AS2": 0.45454545454545453,
    "AS3": 0.4777777777777778,
    "AS4": 0.5,
    "AS5": 0.5,
    "AS6": 0.08333333333333333,
    "AS7": 0.39285714285714285,
    "AS8": 0.43636363636363634,
    "AS9": 0.4444444444444444,
    "ASEL": 0.43333333333333335,
    "ASER": 0.36666666666666664,
    "ASGL": 0.5,
    "ASGR": 0.5454545454545454,
    "ASHL": 0.5277777777777778,
    "ASHR": 0.4861111111111111,
    "ASIL": 0.4305555555555556,
    "ASIR": 0.4551282051282051,
    "ASJL": 0.0,
    "ASJR": 0.0,
    "ASKL": 0.5128205128205128,
    "ASKR": 0.4642857142857143,
    "AUAL": 0.5363636363636364,
    "AUAR": 0.4636363636363636,
    "AVAL": 0.0,
    "AVAR": 0.0,
    "AVBL": 0.25,
    "AVBR": 0.0,
    "AVDL": 0.0,
    "AVDR": 0.0,
    "AVEL": 0.0,
    "AVER": 0.0,
    "AVFL": 0.4777777777777778,
    "AVFR": 0.4,
    "AVG": 0.0,
    "AVHL": 0.0,
    "AVHR": 1.0,
    "AVJL": 0.38181818181818183,
    "AVJR": 0.5277777777777778,
    "AVKL": 0.0,
    "AVKR": 0.0,
    "AVL": 0.4523809523809524,
    "AVM": 0.4583333333333333,
    "AWAL": 0.0,
    "AWAR": 0.0,
    "AWBL": 0.4722222222222222,
    "AWBR": 0.4107142857142857,
    "AWCL": 0.0,
    "AWCR": 0.5535714285714286,
    "BAGL": 0.0,
    "BAGR": 0.4583333333333333,
    "BDUL": 0.0,
    "BDUR": 0.5,
    "CANL": 0.42857142857142855,
    "CANR": 0.4583333333333333,
    "CEPDL": 0.04455530707035954,
    "CEPDR": 0.07165032679738562,
    "CEPVL": 0.0650560619504719,
    "CEPVR": 0.06549441456350848,
    "DA1": 0.4621212121212121,
    "DA2": 0.5416666666666666,
    "DA3": 0.6607142857142857,
    "DA4": 0.5,
    "DA5": 0.5178571428571429,
    "DA6": 0.4340659340659341,
    "DA7": 0.4888888888888889,
    "DA8": 0.4111111111111111,
    "DA9": 0.5,
    "DB1": 0.4861111111111111,
    "DB2": 0.3939393939393939,
    "DB3": 0.39285714285714285,
    "DB4": 0.5111111111111111,
    "DB5": 0.4423076923076923,
    "DB6": 0.5,
    "DB7": 0.4818181818181818,
    "DD1": 0.4318181818181818,
    "DD2": 0.5181818181818182,
    "DD3": 0.42424242424242425,
    "DD4": 0.42948717948717946,
    "DD5": 0.3888888888888889,
    "DD6": 0.4722222222222222,
    "DVA": 0.6388888888888888,
    "DVB": 0.0,
    "DVC": 0.375,
    "FLPL": 0.4727272727272727,
    "FLPR": 0.46153846153846156,
    "HSNL": 0.10238708167563773,
    "HSNR": 0.06443850267379679,
    "I1L": 0.509090909090909,
    "I1R": 0.4777777777777778,
    "I2L": 0.4583333333333333,
    "I2R": 0.4,
    "I3": 0.4909090909090909,
    "I4": 0.5,
    "I5": 0.0,
    "I6": 0.4642857142857143,
    "IL1DL": 0.5,
    "IL1DR": 0.0,
    "IL1L": 0.5,
    "IL1R": 0.6666666666666666,
    "IL1VL": 0.5666666666666667,
    "IL1VR": 0.45,
    "IL2DL": 0.3333333333333333,
    "IL2DR": 0.42424242424242425,
    "IL2L": 0.4090909090909091,
    "IL2R": 0.43333333333333335,
    "IL2VL": 0.5222222222222223,
    "IL2VR": 0.4423076923076923,
    "LUAL": 0.5272727272727272,
    "LUAR": 0.6666666666666666,
    "M1": 0.4642857142857143,
    "M2L": 0.5416666666666666,
    "M2R": 0.5476190476190477,
    "M3L": 0.5138888888888888,
    "M3R": 0.6,
    "M4": 0.4642857142857143,
    "M5": 0.5238095238095238,
    "MCL": 0.5444444444444444,
    "MCR": 0.4777777777777778,
    "MI": 0.0,
    "NSML": 0.08451392281387396,
    "NSMR": 0.07715966836052421,
    "OLLL": 0.5138888888888888,
    "OLLR": 0.0,
    "OLQDL": 0.5,
    "OLQDR": 0.3333333333333333,
    "OLQVL": 0.5,
    "OLQVR": 0.0,
    "PDA": 0.5833333333333334,
    "PDB": 0.0,
    "PDEL": 0.062287703804347824,
    "PDER": 0.05447057824573321,
    "PHAL": 0.0,
    "PHAR": 0.0,
    "PHBL": 0.0,
    "PHBR": 0.42857142857142855,
    "PHCL": 0.46794871794871795,
    "PHCR": 0.47619047619047616,
    "PLML": 0.6071428571428571,
    "PLMR": 0.3111111111111111,
    "PLNL": 0.4888888888888889,
    "PLNR": 0.509090909090909,
    "PQR": 0.4727272727272727,
    "PVCL": 0.5,
    "PVCR": 0.6,
    "PVDL": 0.45555555555555555,
    "PVDR": 0.5,
    "PVM": 0.0,
    "PVNL": 0.0,
    "PVNR": 0.0,
    "PVPL": 0.0,
    "PVPR": 0.0,
    "PVQL": 0.4772727272727273,
    "PVQR": 0.42424242424242425,
    "PVR": 0.0,
    "PVT": 0.3,
    "PVWL": 0.0,
    "PVWR": 0.0,
    "RIAL": 0.5,
    "RIAR": 0.5666666666666667,
    "RIBL": 0.5476190476190477,
    "RIBR": 0.4818181818181818,
    "RICL": 0.19173441734417343,
    "RICR": 0.1422893481717011,
    "RID": 0.5181818181818182,
    "RIFL": 0.0,
    "RIFR": 0.0,
    "RIGL": 0.0,
    "RIGR": 0.0,
    "RIH": 0.0,
    "RIML": 0.05081967213114754,
    "RIMR": 0.0527536231884058,
    "RIPL": 0.0,
    "RIPR": 0.0,
    "RIR": 0.0,
    "RIS": 0.5694444444444444,
    "RIVL": 0.0,
    "RIVR": 0.0,
    "RMDDL": 0.5,
    "RMDDR": 0.5777777777777777,
    "RMDL": 0.5,
    "RMDR": 0.5666666666666667,
    "RMDVL": 0.4318181818181818,
    "RMDVR": 0.5694444444444444,
    "RMED": 0.47619047619047616,
    "RMEL": 0.43636363636363634,
    "RMER": 0.40384615384615385,
    "RMEV": 0.5277777777777778,
    "RMFL": 0.625,
    "RMFR": 0.35714285714285715,
    "RMGL": 0.0,
    "RMGR": 0.0,
    "RMHL": 0.5151515151515151,
    "RMHR": 0.4444444444444444,
    "SAADL": 0.0,
    "SAADR": 0.0,
    "SAAVL": 0.0,
    "SAAVR": 0.0,
    "SABD": 0.0,
    "SABVL": 0.5,
    "SABVR": 0.6666666666666666,
    "SDQL": 0.5,
    "SDQR": 0.5,
    "SIADL": 0.46153846153846156,
    "SIADR": 0.45714285714285713,
    "SIAVL": 0.3,
    "SIAVR": 0.4444444444444444,
    "SIBDL": 0.6666666666666666,
    "SIBDR": 0.43333333333333335,
    "SIBVL": 0.5333333333333333,
    "SIBVR": 0.4166666666666667,
    "SMBDL": 0.0,
    "SMBDR": 0.0,
    "SMBVL": 0.0,
    "SMBVR": 0.0,
    "SMDDL": 0.5,
    "SMDDR": 0.5833333333333334,
    "SMDVL": 0.4166666666666667,
    "SMDVR": 0.4523809523809524,
    "URADL": 0.0,
    "URADR": 0.0,
    "URAVL": 0.0,
    "URAVR": 0.0,
    "URBL": 0.0,
    "URBR": 0.0,
    "URXL": 0.0,
    "URXR": 0.0,
    "URYDL": 0.5272727272727272,
    "URYDR": 0.4777777777777778,
    "URYVL": 0.5636363636363636,
    "URYVR": 0.41818181818181815,
    "VA1": 0.4666666666666667,
    "VA10": 0.45,
    "VA11": 0.4725274725274725,
    "VA12": 0.4666666666666667,
    "VA2": 0.41818181818181815,
    "VA3": 0.4583333333333333,
    "VA4": 0.4807692307692308,
    "VA5": 0.6222222222222222,
    "VA6": 0.5,
    "VA7": 0.5,
    "VA8": 0.4722222222222222,
    "VA9": 0.5777777777777777,
    "VB1": 0.4393939393939394,
    "VB10": 0.5,
    "VB11": 0.4583333333333333,
    "VB2": 0.4666666666666667,
    "VB3": 0.3333333333333333,
    "VB4": 0.5277777777777778,
    "VB5": 0.35714285714285715,
    "VB6": 0.42727272727272725,
    "VB7": 0.5238095238095238,
    "VB8": 0.5178571428571429,
    "VB9": 0.4583333333333333,
    "VC1": 0.0,
    "VC2": 0.0,
    "VC3": 0.0,
    "VC4": 0.0,
    "VC5": 0.0,
    "VC6": 0.0,
    "VD1": 0.41818181818181815,
    "VD10": 0.35714285714285715,
    "VD11": 0.4015151515151515,
    "VD12": 0.34444444444444444,
    "VD13": 0.4636363636363636,
    "VD2": 0.42948717948717946,
    "VD3": 0.44696969696969696,
    "VD4": 0.5,
    "VD5": 0.4777777777777778,
    "VD6": 0.45454545454545453,
    "VD7": 0.5888888888888889,
    "VD8": 0.4583333333333333,
    "VD9": 0.5
  },
  "density": 0.02147367494664584,
  "global_efficiency": 0.7233142720991185,