{
  "clustering_coefficients": {
    "ADAL": 0.0,
    "ADAR": 0.0,
    "ADEL": 0.07210556418008007,
    "ADER": 0.0666268418956591,
    "ADFL": 0.04200542005420054,
    "ADFR": 0.0784402288467329,
    "ADLL": 0.3333333333333333,
    "ADLR": 0.5,
    "AFDL": 0.3333333333333333,
    "AFDR": 0.625,
    "AIAL": 0.5277777777777778,
    "AIAR": 0.5833333333333334,
    "AIBL": 0.5333333333333333,
    "AIBR": 0.8,
    "AIML": 0.5545454545454546,
    "AIMR": 0.5111111111111111,
    "AINL": 0.0,
    "AINR": 0.0,
    "AIYL": 0.5256410256410257,
    "AIYR": 0.5892857142857143,
    "AIZL": 0.6111111111111112,
    "AIZR": 0.5444444444444444,
    "ALA": 0.0,
    "ALML": 0.39285714285714285,
    "ALMR": 0.4166666666666667,
    "ALNL": 0.6,
    "ALNR": 0.4166666666666667,
    "AQR": 0.0,
    "AS1": 0.5,
    "AS10": 0.5714285714285714,
    "AS11": 0.7083333333333334,
    "AS2": 0.4523809523809524,
    "AS3": 0.6212121212121212,
    "AS4": 0.6136363636363636,
    "AS5": 0.5694444444444444,
    "AS6": 0.5272727272727272,
    "AS7": 0.6944444444444444,
    "AS8": 0.5555555555555556,
    "AS9": 0.625,
    "ASEL": 0.553030303030303,
    "ASER": 0.4722222222222222,
    "ASGL": 0.5,
    "ASGR": 0.5138888888888888,
    "ASHL": 0.6333333333333333,
    "ASHR": 0.5714285714285714,
    "ASIL": 0.8,
    "ASIR": 0.7333333333333333,
    "ASJL": 0.0,
    "ASJR": 0.0,
    "ASKL": 0.5,
    "ASKR": 0.6515151515151515,
    "AUAL": 0.6222222222222222,
    "AUAR": 0.7,
    "AVAL": 0.0,
    "AVAR": 0.0,
    "AVBL": 0.5,
    "AVBR": 0.0,
    "AVDL": 0.0,
    "AVDR": 0.0,
    "AVEL": 0.0,
    "AVER": 0.0,
    "AVFL": 0.6944444444444444,
    "AVFR": 0.6060606060606061,
    "AVG": 0.0,
    "AVHL": 0.0,
    "AVHR": 0.6666666666666666,
    "AVJL": 0.4818181818181818,
    "AVJR": 0.6428571428571429,
    "AVKL": 0.0,
    "AVKR": 0.0,
    "AVL": 0.6527777777777778,
    "AVM": 0.5714285714285714,
    "AWAL": 0.0,
    "AWAR": 0.0,
    "AWBL": 0.5555555555555556,
    "AWBR": 0.5476190476190477,
    "AWCL": 0.5833333333333334,
    "AWCR": 0.6666666666666666,
    "BAGL": 0.6785714285714286,
    "BAGR": 0.8,
    "BDUL": 0.75,
    "BDUR": 1.0,
    "CANL": 0.5,
    "CANR": 0.7083333333333334,
    "CEPDL": 0.07373346240722814,
    "CEPDR": 0.07021666401147045,
    "CEPVL": 0.08189446506374053,
    "CEPVR": 0.07013142174432498,
    "DA1": 0.0,
    "DA2": 0.6,
    "DA3": 0.532051282051282,
    "DA4": 0.5,
    "DA5": 0.7,
    "DA6": 0.625,
    "DA7": 0.5535714285714286,
    "DA8": 0.5274725274725275,
    "DA9": 0.5888888888888889,
    "DB1": 0.5138888888888888,
    "DB2": 0.6,
    "DB3": 0.5512820512820513,
    "DB4": 0.6590909090909091,
    "DB5": 0.509090909090909,
    "DB6": 0.4666666666666667,
    "DB7": 0.7857142857142857,
    "DD1": 0.6333333333333333,
    "DD2": 0.6111111111111112,
    "DD3": 0.48484848484848486,
    "DD4": 0.4523809523809524,
    "DD5": 0.6727272727272727,
    "DD6": 0.5961538461538461,
    "DVA": 0.5909090909090909,
    "DVB": 0.0,
    "DVC": 0.9166666666666666,
    "FLPL": 0.7142857142857143,
    "FLPR": 0.3333333333333333,
    "HSNL": 0.05320855614973262,
    "HSNR": 0.06896551724137931,
    "I1L": 0.35,
    "I1R": 0.4166666666666667,
    "I2L": 0.25,
    "I2R": 0.5727272727272728,
    "I3": 0.4888888888888889,
    "I4": 0.5476190476190477,
    "I5": 0.0,
    "I6": 0.5606060606060606,
    "IL1DL": 0.9,
    "IL1DR": 1.0,
    "IL1L": 0.16666666666666666,
    "IL1R": 0.6904761904761905,
    "IL1VL": 0.6363636363636364,
    "IL1VR": 0.0,
    "IL2DL": 0.5833333333333334,
    "IL2DR": 0.6,
    "IL2L": 0.7,
    "IL2R": 0.5909090909090909,
    "IL2VL": 0.6590909090909091,
    "IL2VR": 0.6181818181818182,
    "LUAL": 0.5416666666666666,
    "LUAR": 1.0,
    "M1": 0.5454545454545454,
    "M2L": 0.5416666666666666,
    "M2R": 0.6428571428571429,
    "M3L": 0.6388888888888888,
    "M3R": 0.625,
    "M4": 0.6666666666666666,
    "M5": 0.5444444444444444,
    "MCL": 0.6071428571428571,
    "MCR": 0.6111111111111112,
    "MI": 0.0,
    "NSML": 0.09259711702907403,
    "NSMR": 0.12659001956947163,
    "OLLL": 1.0,
    "OLLR": 0.625,
    "OLQDL": 0.6607142857142857,
    "OLQDR": 0.0,
    "OLQVL": 0.6666666666666666,
    "OLQVR": 0.7380952380952381,
    "PDA": 0.7,
    "PDB": 0.0,
    "PDEL": 0.06240860215053763,
    "PDER": 0.07125219053688067,
    "PHAL": 0.6964285714285714,
    "PHAR": 0.6333333333333333,
    "PHBL": 0.0,
    "PHBR": 0.6666666666666666,
    "PHCL": 0.5357142857142857,
    "PHCR": 0.6555555555555556,
    "PLML": 0.4777777777777778,
    "PLMR": 0.6444444444444445,
    "PLNL": 0.6071428571428571,
    "PLNR": 0.6607142857142857,
    "PQR": 0.5138888888888888,
    "PVCL": 0.5138888888888888,
    "PVCR": 0.6527777777777778,
    "PVDL": 0.6060606060606061,
    "PVDR": 0.5238095238095238,
    "PVM": 0.0,
    "PVNL": 0.0,
    "PVNR": 0.0,
    "PVPL": 0.0,
    "PVPR": 0.0,
    "PVQL": 0.5984848484848485,
    "PVQR": 0.5833333333333334,
    "PVR": 0.0,
    "PVT": 0.5909090909090909,
    "PVWL": 0.0,
    "PVWR": 0.0,
    "RIAL": 0.4666666666666667,
    "RIAR": 0.5454545454545454,
    "RIBL": 0.6333333333333333,
    "RIBR": 0.5363636363636364,
    "RICL": 0.25919117647058826,
    "RICR": 0.22444444444444445,
    "RID": 0.5222222222222223,
    "RIFL": 0.0,
    "RIFR": 0.0,
    "RIGL": 0.0,
    "RIGR": 0.0,
    "RIH": 0.0,
    "RIML": 0.08467796610169491,
    "RIMR": 0.06430410624745901,
    "RIPL": 0.0,
    "RIPR": 0.0,
    "RIR": 0.0,
    "RIS": 0.4666666666666667,
    "RIVL": 0.0,
    "RIVR": 0.0,
    "RMDDL": 0.75,
    "RMDDR": 0.7142857142857143,
    "RMDL": 0.8,
    "RMDR": 0.7380952380952381,
    "RMDVL": 0.5272727272727272,
    "RMDVR": 0.625,
    "RMED": 0.5,
    "RMEL": 0.41818181818181815,
    "RMER": 0.38095238095238093,
    "RMEV": 0.6555555555555556,
    "RMFL": 0.6,
    "RMFR": 0.5238095238095238,
    "RMGL": 0.0,
    "RMGR": 0.0,
    "RMHL": 0.5952380952380952,
    "RMHR": 0.5909090909090909,
    "SAADL": 0.0,
    "SAADR": 0.0,
    "SAAVL": 0.0,
    "SAAVR": 0.0,
    "SABD": 0.5909090909090909,
    "SABVL": 0.5,
    "SABVR": 0.5,
    "SDQL": 0.5,
    "SDQR": 1.0,
    "SIADL": 0.8214285714285714,
    "SIADR": 0.5909090909090909,
    "SIAVL": 0.4642857142857143,
    "SIAVR": 0.48214285714285715,
    "SIBDL": 0.3333333333333333,
    "SIBDR": 0.4722222222222222,
    "SIBVL": 0.6666666666666666,
    "SIBVR": 0.48214285714285715,
    "SMBDL": 0.0,
    "SMBDR": 0.0,
    "SMBVL": 0.0,
    "SMBVR": 0.0,
    "SMDDL": 0.9166666666666666,
    "SMDDR": 0.5138888888888888,
    "SMDVL": 0.0,
    "SMDVR": 0.0,
    "URADL": 0.0,
    "URADR": 0.0,
    "URAVL": 0.0,
    "URAVR": 0.0,
    "URBL": 0.0,
    "URBR": 0.0,
    "URXL": 0.0,
    "URXR": 0.0,
    "URYDL": 0.42857142857142855,
    "URYDR": 0.625,
    "URYVL": 0.6607142857142857,
    "URYVR": 0.5636363636363636,
    "VA1": 0.6090909090909091,
    "VA10": 0.5972222222222222,
    "VA11": 0.7,
    "VA12": 0.5666666666666667,
    "VA2": 0.0,
    "VA3": 0.5892857142857143,
    "VA4": 0.6727272727272727,
    "VA5": 0.5714285714285714,
    "VA6": 0.6444444444444445,
    "VA7": 0.4642857142857143,
    "VA8": 0.4621212121212121,
    "VA9": 0.45,
    "VB1": 0.4166666666666667,
    "VB10": 0.40476190476190477,
    "VB11": 0.6111111111111112,
    "VB2": 0.509090909090909,
    "VB3": 0.625,
    "VB4": 0.5694444444444444,
    "VB5": 0.6785714285714286,
    "VB6": 0.5,
    "VB7": 0.5535714285714286,
    "VB8": 0.5291666666666667,
    "VB9": 0.5757575757575758,
    "VC1": 0.0,
    "VC2": 0.0,
    "VC3": 0.0,
    "VC4": 0.0,
    "VC5": 0.0,
    "VC6": 0.0,
    "VD1": 0.532967032967033,
    "VD10": 0.6111111111111112,
    "VD11": 0.5178571428571429,
    "VD12": 0.6444444444444445,
    "VD13": 0.4523809523809524,
    "VD2": 0.625,
    "VD3": 0.6888888888888889,
    "VD4": 0.6111111111111112,
    "VD5": 0.6090909090909091,
    "VD6": 0.5448717948717948,
    "VD7": 0.6555555555555556,
    "VD8": 0.5555555555555556,
    "VD9": 0.5277777777777778
  },
  "density": 0.02147367494664584,
  "global_efficiency": 0.7304086538461538,