{
  "clustering_coefficients": {
    "ADAL": 0.0,
    "ADAR": 0.0,
    "ADEL": 0.07711918419375398,
    "ADER": 0.0636211232187762,
    "ADFL": 0.036585365853658534,
    "ADFR": 0.04546823246010238,
    "ADLL": 0.5,
    "ADLR": 0.4666666666666667,
    "AFDL": 0.0,
    "AFDR": 0.5972222222222222,
    "AIAL": 0.5555555555555556,
    "AIAR": 0.7142857142857143,
    "AIBL": 0.6428571428571429,
    "AIBR": 0.6555555555555556,
    "AIML": 0.7666666666666667,
    "AIMR": 0.5694444444444444,
    "AINL": 0.0,
    "AINR": 0.0,
    "AIYL": 0.5357142857142857,
    "AIYR": 0.5727272727272728,
    "AIZL": 0.75,
    "AIZR": 0.6527777777777778,
    "ALA": 0.0,
    "ALML": 0.6190476190476191,
    "ALMR": 0.5,
    "ALNL": 0.44545454545454544,
    "ALNR": 0.5897435897435898,
    "AQR": 0.0,
    "AS1": 0.6,
    "AS10": 0.5448717948717948,
    "AS11": 0.5,
    "AS2": 0.6089743589743589,
    "AS3": 0.4666666666666667,
    "AS4": 0.5727272727272728,
    "AS5": 0.8333333333333334,
    "AS6": 0.7222222222222222,
    "AS7": 0.6111111111111112,
    "AS8": 0.5666666666666667,
    "AS9": 0.39285714285714285,
    "ASEL": 0.6428571428571429,
    "ASER": 0.5952380952380952,
    "ASGL": 0.3392857142857143,
    "ASGR": 0.5555555555555556,
    "ASHL": 0.5818181818181818,
    "ASHR": 0.6527777777777778,
    "ASIL": 0.7,
    "ASIR": 0.8333333333333334,
    "ASJL": 0.0,
    "ASJR": 0.0,
    "ASKL": 0.6555555555555556,
    "ASKR": 0.5,
    "AUAL": 0.5363636363636364,
    "AUAR": 0.5256410256410257,
    "AVAL": 0.0,
    "AVAR": 0.0,
    "AVBL": 0.4,
    "AVBR": 0.5,
    "AVDL": 0.0,
    "AVDR": 0.0,
    "AVEL": 0.0,
    "AVER": 0.0,
    "AVFL": 0.4666666666666667,
    "AVFR": 0.6111111111111112,
    "AVG": 0.0,
    "AVHL": 0.0,
    "AVHR": 0.5972222222222222,
    "AVJL": 0.625,
    "AVJR": 0.7222222222222222,
    "AVKL": 0.0,
    "AVKR": 0.0,
    "AVL": 0.6222222222222222,
    "AVM": 0.7619047619047619,
    "AWAL": 0.0,
    "AWAR": 0.0,
    "AWBL": 0.5714285714285714,
    "AWBR": 0.5444444444444444,
    "AWCL": 0.7666666666666667,
    "AWCR": 1.0,
    "BAGL": 0.5138888888888888,
    "BAGR": 1.0,
    "BDUL": 0.6666666666666666,
    "BDUR": 0.5,
    "CANL": 0.35,
    "CANR": 0.5,
    "CEPDL": 0.07517947890618698,
    "CEPDR": 0.07277605433051061,
    "CEPVL": 0.0698937908496732,
    "CEPVR": 0.07763084521628295,
    "DA1": 0.44642857142857145,
    "DA2": 0.16666666666666666,
    "DA3": 0.6666666666666666,
    "DA4": 0.5984848484848485,
    "DA5": 0.6428571428571429,
    "DA6": 0.5535714285714286,
    "DA7": 0.6888888888888889,
    "DA8": 0.5757575757575758,
    "DA9": 0.5888888888888889,
    "DB1": 0.6666666666666666,
    "DB2": 0.44642857142857145,
    "DB3": 0.5666666666666667,
    "DB4": 0.4,
    "DB5": 0.5274725274725275,
    "DB6": 0.5333333333333333,
    "DB7": 0.4888888888888889,
    "DD1": 0.5777777777777777,
    "DD2": 0.7,
    "DD3": 0.5769230769230769,
    "DD4": 0.5333333333333333,
    "DD5": 0.6111111111111112,
    "DD6": 0.5333333333333333,
    "DVA": 0.5128205128205128,
    "DVB": 0.0,
    "DVC": 0.5,
    "FLPL": 0.5757575757575758,
    "FLPR": 0.5714285714285714,
    "HSNL": 0.10104752171691364,
    "HSNR": 0.07456907319510367,
    "I1L": 0.4,
    "I1R": 0.5333333333333333,
    "I2L": 0.5545454545454546,
    "I2R": 0.6454545454545455,
    "I3": 0.55,
    "I4": 0.6785714285714286,
    "I5": 0.0,
    "I6": 0.3333333333333333,
    "IL1DL": 1.0,
    "IL1DR": 0.6666666666666666,
    "IL1L": 0.7,
    "IL1R": 0.5333333333333333,
    "IL1VL": 1.0,
    "IL1VR": 0.6666666666666666,
    "IL2DL": 0.5222222222222223,
    "IL2DR": 0.6805555555555556,
    "IL2L": 0.4888888888888889,
    "IL2R": 0.6428571428571429,
    "IL2VL": 0.8,
    "IL2VR": 0.6964285714285714,
    "LUAL": 0.6666666666666666,
    "LUAR": 0.5,
    "M1": 0.6666666666666666,
    "M2L": 0.75,
    "M2R": 0.7666666666666667,
    "M3L": 0.5909090909090909,
    "M3R": 0.5444444444444444,
    "M4": 0.7222222222222222,
    "M5": 0.7333333333333333,
    "MCL": 0.39285714285714285,
    "MCR": 0.5681818181818182,
    "MI": 0.0,
    "NSML": 0.10959559703278296,
    "NSMR": 0.10846687395359962,
    "OLLL": 0.0,
    "OLLR": 0.6727272727272727,
    "OLQDL": 0.0,
    "OLQDR": 0.0,
    "OLQVL": 0.7666666666666667,
    "OLQVR": 0.7222222222222222,
    "PDA": 0.5705128205128205,
    "PDB": 0.0,
    "PDEL": 0.06792566463047406,
    "PDER": 0.06294526862794401,
    "PHAL": 0.5833333333333334,
    "PHAR": 0.55,
    "PHBL": 0.6190476190476191,
    "PHBR": 0.0,
    "PHCL": 0.5384615384615384,
    "PHCR": 0.5277777777777778,
    "PLML": 0.7,
    "PLMR": 0.6893939393939394,
    "PLNL": 0.4861111111111111,
    "PLNR": 0.65,
    "PQR": 0.3974358974358974,
    "PVCL": 0.4523809523809524,
    "PVCR": 0.5,
    "PVDL": 0.5833333333333334,
    "PVDR": 0.5222222222222223,
    "PVM": 0.0,
    "PVNL": 0.0,
    "PVNR": 0.0,
    "PVPL": 0.0,
    "PVPR": 0.0,
    "PVQL": 0.6060606060606061,
    "PVQR": 0.6181818181818182,
    "PVR": 0.0,
    "PVT": 0.6590909090909091,
    "PVWL": 0.0,
    "PVWR": 0.0,
    "RIAL": 0.5128205128205128,
    "RIAR": 0.5555555555555556,
    "RIBL": 0.7142857142857143,
    "RIBR": 0.6666666666666666,
    "RICL": 0.17942942942942944,
    "RICR": 0.1831081081081081,
    "RID": 0.5222222222222223,
    "RIFL": 0.0,
    "RIFR": 0.0,
    "RIGL": 0.0,
    "RIGR": 0.0,
    "RIH": 0.0,
    "RIML": 0.07036988457502623,
    "RIMR": 0.09420196280991736,
    "RIPL": 0.0,
    "RIPR": 0.0,
    "RIR": 0.0,
    "RIS": 0.6454545454545455,
    "RIVL": 0.0,
    "RIVR": 0.0,
    "RMDDL": 0.6363636363636364,
    "RMDDR": 0.6727272727272727,
    "RMDL": 0.6333333333333333,
    "RMDR": 0.5128205128205128,
    "RMDVL": 0.6666666666666666,
    "RMDVR": 0.6944444444444444,
    "RMED": 0.6545454545454545,
    "RMEL": 0.6555555555555556,
    "RMER": 0.6111111111111112,
    "RMEV": 0.7666666666666667,
    "RMFL": 0.5833333333333334,
    "RMFR": 0.5892857142857143,
    "RMGL": 0.0,
    "RMGR": 0.0,
    "RMHL": 0.6111111111111112,
    "RMHR": 0.6,
    "SAADL": 0.0,
    "SAADR": 0.0,
    "SAAVL": 0.0,
    "SAAVR": 0.0,
    "SABD": 0.5714285714285714,
    "SABVL": 0.6666666666666666,
    "SABVR": 0.3,
    "SDQL": 1.0,
    "SDQR": 0.6666666666666666,
    "SIADL": 0.4444444444444444,
    "SIADR": 0.5604395604395604,
    "SIAVL": 0.5256410256410257,
    "SIAVR": 0.6666666666666666,
    "SIBDL": 0.6388888888888888,
    "SIBDR": 0.6909090909090909,
    "SIBVL": 0.5727272727272728,
    "SIBVR": 0.6111111111111112,
    "SMBDL": 0.0,
    "SMBDR": 0.0,
    "SMBVL": 0.0,
    "SMBVR": 0.0,
    "SMDDL": 1.0,
    "SMDDR": 0.0,
    "SMDVL": 0.55,
    "SMDVR": 0.5879120879120879,
    "URADL": 0.0,
    "URADR": 0.0,
    "URAVL": 0.0,
    "URAVR": 0.0,
    "URBL": 0.0,
    "URBR": 0.0,
    "URXL": 0.0,
    "URXR": 0.0,
    "URYDL": 0.5138888888888888,
    "URYDR": 0.45555555555555555,
    "URYVL": 0.6428571428571429,
    "URYVR": 0.5272727272727272,
    "VA1": 0.45454545454545453,
    "VA10": 0.5138888888888888,
    "VA11": 0.5897435897435898,
    "VA12": 0.5,
    "VA2": 0.48214285714285715,
    "VA3": 0.42857142857142855,
    "VA4": 0.40476190476190477,
    "VA5": 0.7,
    "VA6": 0.6222222222222222,
    "VA7": 0.5380952380952381,
    "VA8": 0.0,
    "VA9": 0.5222222222222223,
    "VB1": 0.6,
    "VB10": 0.5833333333333334,
    "VB11": 0.44642857142857145,
    "VB2": 0.6388888888888888,
    "VB3": 0.2619047619047619,
    "VB4": 0.6287878787878788,
    "VB5": 0.6666666666666666,
    "VB6": 0.6222222222222222,
    "VB7": 0.6111111111111112,
    "VB8": 0.7666666666666667,
    "VB9": 0.4696969696969697,
    "VC1": 0.0,
    "VC2": 0.0,
    "VC3": 0.0,
    "VC4": 0.0,
    "VC5": 0.0,
    "VC6": 0.0,
    "VD1": 0.7181818181818181,
    "VD10": 0.6964285714285714,
    "VD11": 0.5535714285714286,
    "VD12": 0.4727272727272727,
    "VD13": 0.5151515151515151,
    "VD2": 0.5833333333333334,
    "VD3": 0.4722222222222222,
    "VD4": 0.6111111111111112,
    "VD5": 0.4772727272727273,
    "VD6": 0.5681818181818182,
    "VD7": 0.6111111111111112,
    "VD8": 0.6111111111111112,