{
  "clustering_coefficients": {
    "ADAL": 0.0,
    "ADAR": 0.0,
    "ADEL": 0.07903752689028763,
    "ADER": 0.05091856562444798,
    "ADFL": 0.029208069858476363,
    "ADFR": 0.025594700391448358,
    "ADLL": 0.44696969696969696,
    "ADLR": 0.4166666666666667,
    "AFDL": 1.0,
    "AFDR": 0.5,
    "AIAL": 0.8,
    "AIAR": 0.5151515151515151,
    "AIBL": 0.75,
    "AIBR": 0.6,
    "AIML": 0.5727272727272728,
    "AIMR": 0.5606060606060606,
    "AINL": 0.0,
    "AINR": 0.0,
    "AIYL": 0.5454545454545454,
    "AIYR": 0.4861111111111111,
    "AIZL": 0.5727272727272728,
    "AIZR": 0.6785714285714286,
    "ALA": 0.0,
    "ALML": 0.553030303030303,
    "ALMR": 0.5909090909090909,
    "ALNL": 0.5272727272727272,
    "ALNR": 0.5636363636363636,
    "AQR": 0.0,
    "AS1": 0.5666666666666667,
    "AS10": 0.5,
    "AS11": 0.4523809523809524,
    "AS2": 0.43333333333333335,
    "AS3": 0.5545454545454546,
    "AS4": 0.5,
    "AS5": 0.44642857142857145,
    "AS6": 0.4222222222222222,
    "AS7": 0.6,
    "AS8": 0.42857142857142855,
    "AS9": 0.4444444444444444,
    "ASEL": 0.5,
    "ASER": 0.5192307692307693,
    "ASGL": 0.4772727272727273,
    "ASGR": 0.6,
    "ASHL": 0.6272727272727273,
    "ASHR": 0.6,
    "ASIL": 0.38095238095238093,
    "ASIR": 0.5,
    "ASJL": 0.0,
    "ASJR": 0.0,
    "ASKL": 0.7333333333333333,
    "ASKR": 0.5636363636363636,
    "AUAL": 0.4909090909090909,
    "AUAR": 0.3333333333333333,
    "AVAL": 0.0,
    "AVAR": 0.0,
    "AVBL": 0.3333333333333333,
    "AVBR": 0.0,
    "AVDL": 0.0,
    "AVDR": 0.0,
    "AVEL": 0.0,
    "AVER": 0.0,
    "AVFL": 0.5,
    "AVFR": 0.5476190476190477,
    "AVG": 0.0,
    "AVHL": 0.5,
    "AVHR": 0.5,
    "AVJL": 0.5714285714285714,
    "AVJR": 0.47619047619047616,
    "AVKL": 0.0,
    "AVKR": 0.0,
    "AVL": 0.7361111111111112,
    "AVM": 0.5138888888888888,
    "AWAL": 0.0,
    "AWAR": 0.0,
    "AWBL": 0.8,
    "AWBR": 0.4523809523809524,
    "AWCL": 0.35,
    "AWCR": 0.6666666666666666,
    "BAGL": 0.7142857142857143,
    "BAGR": 0.16666666666666666,
    "BDUL": 0.0,
    "BDUR": 0.5606060606060606,
    "CANL": 0.5666666666666667,
    "CANR": 0.7142857142857143,
    "CEPDL": 0.07730557066273017,
    "CEPDR": 0.07309592096876992,
    "CEPVL": 0.06466890192791283,
    "CEPVR": 0.06287145525556122,
    "DA1": 0.7380952380952381,
    "DA2": 0.6636363636363637,
    "DA3": 0.6904761904761905,
    "DA4": 0.5555555555555556,
    "DA5": 0.6527777777777778,
    "DA6": 0.5714285714285714,
    "DA7": 0.5054945054945055,
    "DA8": 0.6666666666666666,
    "DA9": 0.49242424242424243,
    "DB1": 0.4523809523809524,
    "DB2": 0.3333333333333333,
    "DB3": 0.4,
    "DB4": 0.5833333333333334,
    "DB5": 0.5879120879120879,
    "DB6": 0.5972222222222222,
    "DB7": 0.4777777777777778,
    "DD1": 0.5555555555555556,
    "DD2": 0.5,
    "DD3": 0.5303030303030303,
    "DD4": 0.5111111111111111,
    "DD5": 0.5075757575757576,
    "DD6": 0.65,
    "DVA": 0.6666666666666666,
    "DVB": 0.0,
    "DVC": 0.7380952380952381,
    "FLPL": 0.6,
    "FLPR": 0.5277777777777778,
    "HSNL": 0.1196441114493093,
    "HSNR": 0.1031984007996002,
    "I1L": 0.5416666666666666,
    "I1R": 0.5,
    "I2L": 0.5604395604395604,
    "I2R": 0.5777777777777777,
    "I3": 0.6333333333333333,
    "I4": 0.6071428571428571,
    "I5": 0.0,
    "I6": 0.4666666666666667,
    "IL1DL": 0.6666666666666666,
    "IL1DR": 0.7,
    "IL1L": 0.8333333333333334,
    "IL1R": 1.0,
    "IL1VL": 0.0,
    "IL1VR": 0.6666666666666666,
    "IL2DL": 0.5454545454545454,
    "IL2DR": 0.6,
    "IL2L": 0.5454545454545454,
    "IL2R": 0.65,
    "IL2VL": 0.625,
    "IL2VR": 0.47619047619047616,
    "LUAL": 0.6333333333333333,
    "LUAR": 0.6666666666666666,
    "M1": 0.6444444444444445,
    "M2L": 0.6666666666666666,
    "M2R": 0.4666666666666667,
    "M3L": 0.7619047619047619,
    "M3R": 0.5666666666666667,
    "M4": 0.38095238095238093,
    "M5": 0.5972222222222222,
    "MCL": 0.5777777777777777,
    "MCR": 0.44505494505494503,
    "MI": 0.0,
    "NSML": 0.08360617399438727,
    "NSMR": 0.09838670251772183,
    "OLLL": 0.5476190476190477,
    "OLLR": 0.5,
    "OLQDL": 0.75,
    "OLQDR": 0.5,
    "OLQVL": 0.55,
    "OLQVR": 0.7321428571428571,
    "PDA": 0.42857142857142855,
    "PDB": 0.0,
    "PDEL": 0.06980298913043478,
    "PDER": 0.054021505376344085,
    "PHAL": 0.5,
    "PHAR": 0.3,
    "PHBL": 0.5681818181818182,
    "PHBR": 0.65,
    "PHCL": 0.4818181818181818,
    "PHCR": 0.8333333333333334,
    "PLML": 0.6090909090909091,
    "PLMR": 0.6666666666666666,
    "PLNL": 0.4,
    "PLNR": 0.5227272727272727,
    "PQR": 0.5833333333333334,
    "PVCL": 0.5,
    "PVCR": 0.5,
    "PVDL": 0.5,
    "PVDR": 0.5909090909090909,
    "PVM": 0.0,
    "PVNL": 0.0,
    "PVNR": 0.0,
    "PVPL": 0.0,
    "PVPR": 0.0,
    "PVQL": 0.5777777777777777,
    "PVQR": 0.5641025641025641,
    "PVR": 0.0,
    "PVT": 0.5227272727272727,
    "PVWL": 0.0,
    "PVWR": 0.0,
    "RIAL": 0.6428571428571429,
    "RIAR": 0.5714285714285714,
    "RIBL": 0.5727272727272728,
    "RIBR": 0.6025641025641025,
    "RICL": 0.21285714285714286,
    "RICR": 0.2249357326478149,
    "RID": 0.5111111111111111,
    "RIFL": 0.0,
    "RIFR": 0.0,
    "RIGL": 0.0,
    "RIGR": 0.0,
    "RIH": 0.0,
    "RIML": 0.08822352627367298,
    "RIMR": 0.08941281138790036,
    "RIPL": 0.0,
    "RIPR": 0.0,
    "RIR": 0.0,
    "RIS": 0.6805555555555556,
    "RIVL": 0.0,
    "RIVR": 0.0,
    "RMDDL": 0.5277777777777778,
    "RMDDR": 0.5138888888888888,
    "RMDL": 0.5,
    "RMDR": 0.5606060606060606,
    "RMDVL": 0.5,
    "RMDVR": 0.6527777777777778,
    "RMED": 0.6666666666666666,
    "RMEL": 0.3333333333333333,
    "RMER": 0.5833333333333334,
    "RMEV": 0.5636363636363636,
    "RMFL": 0.5714285714285714,
    "RMFR": 0.7666666666666667,
    "RMGL": 0.0,
    "RMGR": 0.0,
    "RMHL": 0.625,
    "RMHR": 0.6222222222222222,
    "SAADL": 0.0,
    "SAADR": 0.0,
    "SAAVL": 0.0,
    "SAAVR": 0.0,
    "SABD": 0.5,
    "SABVL": 0.3333333333333333,
    "SABVR": 0.5,
    "SDQL": 0.5,
    "SDQR": 0.5833333333333334,
    "SIADL": 0.5138888888888888,
    "SIADR": 0.4835164835164835,
    "SIAVL": 0.5909090909090909,
    "SIAVR": 0.5,
    "SIBDL": 0.5,
    "SIBDR": 0.6388888888888888,
    "SIBVL": 0.6,
    "SIBVR": 0.6964285714285714,
    "SMBDL": 0.0,
    "SMBDR": 0.0,
    "SMBVL": 0.0,
    "SMBVR": 0.0,
    "SMDDL": 1.0,
    "SMDDR": 0.5,
    "SMDVL": 1.0,
    "SMDVR": 0.5,
    "URADL": 0.0,
    "URADR": 0.0,
    "URAVL": 0.0,
    "URAVR": 0.0,
    "URBL": 0.0,
    "URBR": 0.0,
    "URXL": 0.0,
    "URXR": 0.0,
    "URYDL": 0.5178571428571429,
    "URYDR": 0.5277777777777778,
    "URYVL": 0.5694444444444444,
    "URYVR": 0.6777777777777778,
    "VA1": 0.5357142857142857,
    "VA10": 0.6090909090909091,
    "VA11": 0.6444444444444445,
    "VA12": 0.7,
    "VA2": 0.5666666666666667,
    "VA3": 0.5555555555555556,
    "VA4": 0.5363636363636364,
    "VA5": 0.6272727272727273,
    "VA6": 0.5909090909090909,
    "VA7": 0.25,
    "VA8": 0.48214285714285715,
    "VA9": 0.5833333333333334,
    "VB1": 0.4642857142857143,
    "VB10": 0.35,
    "VB11": 0.5,
    "VB2": 0.510989010989011,
    "VB3": 0.6607142857142857,
    "VB4": 0.375,
    "VB5": 0.5277777777777778,
    "VB6": 0.6410256410256411,
    "VB7": 0.5909090909090909,
    "VB8": 0.5972222222222222,
    "VB9": 0.3333333333333333,
    "VC1": 0.0,
    "VC2": 0.0,
    "VC3": 0.0,
    "VC4": 0.0,
    "VC5": 0.0,
    "VC6": 0.0,
    "VD1": 0.5512820512820513,
    "VD10": 0.6060606060606061,
    "VD11": 0.7333333333333333,
    "VD12": 0.5606060606060606,
    "VD13": 0.625,
    "VD2": 0.5636363636363636,
    "VD3": 0.5448717948717948,
    "VD4": 0.6904761904761905,
    "VD5": 0.43636363636363634,
    "VD6": 0.6555555555555556,
    "VD7": 0.4888888888888889,
    "VD8": 0.5555555555555556,
    "VD9": 0.4523809523809524
  },
  "density": 0.02147367494664584,
  "global_efficiency": 0.7248062015503876,
  "maximum_modularity": 0.092301821586939,
  "mean_path_length": 1.5775984812529662,