{
  "clustering_coefficients": {
    "ADAL": 0.0,
    "ADAR": 0.0,
    "ADEL": 0.058924731182795696,
    "ADER": 0.06962601356941917,
    "ADFL": 0.03417645287563987,
    "ADFR": 0.05916892502258356,
    "ADLL": 0.5694444444444444,
    "ADLR": 0.7666666666666667,
    "AFDL": 0.5,
    "AFDR": 0.0,
    "AIAL": 0.6111111111111112,
    "AIAR": 0.5333333333333333,
    "AIBL": 0.5,
    "AIBR": 0.4444444444444444,
    "AIML": 0.6444444444444445,
    "AIMR": 0.4636363636363636,
    "AINL": 0.0,
    "AINR": 0.0,
    "AIYL": 0.6964285714285714,
    "AIYR": 0.6555555555555556,
    "AIZL": 0.4777777777777778,
    "AIZR": 0.5892857142857143,
    "ALA": 0.0,
    "ALML": 0.5909090909090909,
    "ALMR": 0.5378787878787878,
    "ALNL": 0.6071428571428571,
    "ALNR": 0.625,
    "AQR": 0.0,
    "AS1": 0.6333333333333333,
    "AS10": 0.5303030303030303,
    "AS11": 0.6,
    "AS2": 0.5178571428571429,
    "AS3": 0.6190476190476191,
    "AS4": 0.6089743589743589,
    "AS5": 0.5888888888888889,
    "AS6": 0.5666666666666667,
    "AS7": 0.4027777777777778,
    "AS8": 0.7333333333333333,
    "AS9": 0.6388888888888888,
    "ASEL": 0.5888888888888889,
    "ASER": 0.5757575757575758,
    "ASGL": 0.5604395604395604,
    "ASGR": 0.5818181818181818,
    "ASHL": 0.4888888888888889,
    "ASHR": 0.6272727272727273,
    "ASIL": 0.6666666666666666,
    "ASIR": 0.6272727272727273,
    "ASJL": 0.0,
    "ASJR": 0.0,
    "ASKL": 0.49242424242424243,
    "ASKR": 0.48214285714285715,
    "AUAL": 0.44642857142857145,
    "AUAR": 0.6190476190476191,
    "AVAL": 0.0,
    "AVAR": 0.0,
    "AVBL": 0.5666666666666667,
    "AVBR": 0.8333333333333334,
    "AVDL": 0.0,
    "AVDR": 0.0,
    "AVEL": 0.0,
    "AVER": 0.0,
    "AVFL": 0.4818181818181818,
    "AVFR": 0.5535714285714286,
    "AVG": 0.0,
    "AVHL": 0.75,
    "AVHR": 0.5,
    "AVJL": 0.45454545454545453,
    "AVJR": 0.5444444444444444,
    "AVKL": 0.0,
    "AVKR": 0.0,
    "AVL": 0.4935897435897436,
    "AVM": 0.5222222222222223,
    "AWAL": 0.0,
    "AWAR": 0.0,
    "AWBL": 0.4523809523809524,
    "AWBR": 0.41025641025641024,
    "AWCL": 0.5476190476190477,
    "AWCR": 0.6666666666666666,
    "BAGL": 0.55,
    "BAGR": 0.0,
    "BDUL": 0.5833333333333334,
    "BDUR": 0.65,
    "CANL": 0.5972222222222222,
    "CANR": 0.4888888888888889,
    "CEPDL": 0.07193627450980392,
    "CEPDR": 0.07516519823788546,
    "CEPVL": 0.0631181894383906,
    "CEPVR": 0.060782853359814634,
    "DA1": 0.55,
    "DA2": 0.5,
    "DA3": 0.6333333333333333,
    "DA4": 0.6444444444444445,
    "DA5": 0.5227272727272727,
    "DA6": 0.5,
    "DA7": 0.44642857142857145,
    "DA8": 0.6,
    "DA9": 0.5333333333333333,
    "DB1": 0.5714285714285714,
    "DB2": 0.6590909090909091,
    "DB3": 0.43333333333333335,
    "DB4": 0.6666666666666666,
    "DB5": 0.5,
    "DB6": 0.35,
    "DB7": 0.6333333333333333,
    "DD1": 0.5238095238095238,
    "DD2": 0.7142857142857143,
    "DD3": 0.5909090909090909,
    "DD4": 0.5636363636363636,
    "DD5": 0.4444444444444444,
    "DD6": 0.5681818181818182,
    "DVA": 0.6333333333333333,
    "DVB": 0.0,
    "DVC": 0.44545454545454544,
    "FLPL": 0.6190476190476191,
    "FLPR": 0.5714285714285714,
    "HSNL": 0.0945692883895131,
    "HSNR": 0.13046892528606685,
    "I1L": 0.49242424242424243,
    "I1R": 0.5705128205128205,
    "I2L": 0.6636363636363637,
    "I2R": 0.5454545454545454,
    "I3": 0.5535714285714286,
    "I4": 0.6666666666666666,
    "I5": 0.0,
    "I6": 0.5,
    "IL1DL": 0.0,
    "IL1DR": 1.0,
    "IL1L": 0.6785714285714286,
    "IL1R": 0.0,
    "IL1VL": 0.6444444444444445,
    "IL1VR": 0.5,
    "IL2DL": 0.5,
    "IL2DR": 0.4696969696969697,
    "IL2L": 0.5714285714285714,
    "IL2R": 0.4666666666666667,
    "IL2VL": 0.38095238095238093,
    "IL2VR": 0.5535714285714286,
    "LUAL": 0.5,
    "LUAR": 0.0,
    "M1": 0.6904761904761905,
    "M2L": 0.6666666666666666,
    "M2R": 0.5909090909090909,
    "M3L": 0.5714285714285714,
    "M3R": 0.6181818181818182,
    "M4": 0.42857142857142855,
    "M5": 0.6333333333333333,
    "MCL": 0.5,
    "MCR": 0.5833333333333334,
    "MI": 0.0,
    "NSML": 0.09803921568627451,
    "NSMR": 0.1010755048287972,
    "OLLL": 0.0,
    "OLLR": 0.5833333333333334,
    "OLQDL": 0.5,
    "OLQDR": 0.6333333333333333,
    "OLQVL": 0.5,
    "OLQVR": 0.6666666666666666,
    "PDA": 0.4583333333333333,
    "PDB": 0.0,
    "PDEL": 0.047116488563101654,
    "PDER": 0.0696078431372549,
    "PHAL": 1.0,
    "PHAR": 0.625,
    "PHBL": 0.5,
    "PHBR": 1.0,
    "PHCL": 0.5181818181818182,
    "PHCR": 0.4722222222222222,
    "PLML": 0.7,
    "PLMR": 0.45454545454545453,
    "PLNL": 0.5888888888888889,
    "PLNR": 0.6,
    "PQR": 0.5138888888888888,
    "PVCL": 1.0,
    "PVCR": 0.0,
    "PVDL": 0.6555555555555556,
    "PVDR": 0.6111111111111112,
    "PVM": 0.0,
    "PVNL": 0.0,
    "PVNR": 0.0,
    "PVPL": 0.0,
    "PVPR": 0.0,
    "PVQL": 0.6333333333333333,
    "PVQR": 0.7142857142857143,
    "PVR": 0.0,
    "PVT": 0.6071428571428571,
    "PVWL": 0.0,
    "PVWR": 0.0,
    "RIAL": 0.5833333333333334,
    "RIAR": 0.4818181818181818,
    "RIBL": 0.6136363636363636,
    "RIBR": 0.5576923076923077,
    "RICL": 0.2098844672657253,
    "RICR": 0.1632996632996633,
    "RID": 0.6025641025641025,
    "RIFL": 0.0,
    "RIFR": 0.0,
    "RIGL": 0.0,
    "RIGR": 0.0,
    "RIH": 0.0,
    "RIML": 0.07333333333333333,
    "RIMR": 0.09164865895512903,
    "RIPL": 0.0,
    "RIPR": 0.0,
    "RIR": 0.0,
    "RIS": 0.5111111111111111,
    "RIVL": 0.0,
    "RIVR": 0.0,
    "RMDDL": 0.4583333333333333,
    "RMDDR": 0.4909090909090909,
    "RMDL": 0.4636363636363636,
    "RMDR": 0.6111111111111112,
    "RMDVL": 0.4777777777777778,
    "RMDVR": 0.6785714285714286,
    "RMED": 0.5888888888888889,
    "RMEL": 0.5,
    "RMER": 0.4722222222222222,
    "RMEV": 0.5892857142857143,
    "RMFL": 0.7666666666666667,
    "RMFR": 0.45,
    "RMGL": 0.0,
    "RMGR": 0.0,
    "RMHL": 0.3333333333333333,
    "RMHR": 0.5,
    "SAADL": 0.0,
    "SAADR": 0.0,
    "SAAVL": 0.0,
    "SAAVR": 0.0,
    "SABD": 0.0,
    "SABVL": 0.65,
    "SABVR": 0.38095238095238093,
    "SDQL": 0.5833333333333334,
    "SDQR": 0.6666666666666666,
    "SIADL": 0.5151515151515151,
    "SIADR": 0.5555555555555556,
    "SIAVL": 0.3090909090909091,
    "SIAVR": 0.5,
    "SIBDL": 0.6964285714285714,
    "SIBDR": 0.4523809523809524,
    "SIBVL": 0.6428571428571429,
    "SIBVR": 0.4,
    "SMBDL": 0.0,
    "SMBDR": 0.0,
    "SMBVL": 0.0,
    "SMBVR": 0.0,
    "SMDDL": 0.65,
    "SMDDR": 0.6111111111111112,
    "SMDVL": 0.0,
    "SMDVR": 0.0,
    "URADL": 0.0,
    "URADR": 0.0,
    "URAVL": 0.0,
    "URAVR": 0.0,
    "URBL": 0.0,
    "URBR": 0.0,
    "URXL": 0.0,
    "URXR": 0.0,
    "URYDL": 0.6777777777777778,
    "URYDR": 0.5448717948717948,
    "URYVL": 0.44545454545454544,
    "URYVR": 0.5972222222222222,
    "VA1": 0.6904761904761905,
    "VA10": 0.5192307692307693,
    "VA11": 0.5151515151515151,
    "VA12": 0.30952380952380953,
    "VA2": 0.5636363636363636,
    "VA3": 0.6428571428571429,
    "VA4": 0.6454545454545455,
    "VA5": 0.5972222222222222,
    "VA6": 0.6428571428571429,
    "VA7": 0.5888888888888889,
    "VA8": 0.42857142857142855,
    "VA9": 0.5277777777777778,
    "VB1": 0.6287878787878788,
    "VB10": 0.5476190476190477,
    "VB11": 0.6333333333333333,
    "VB2": 0.3333333333333333,
    "VB3": 0.5151515151515151,
    "VB4": 0.625,
    "VB5": 0.5909090909090909,
    "VB6": 0.625,
    "VB7": 0.5,
    "VB8": 0.5416666666666666,
    "VB9": 0.6,
    "VC1": 0.0,
    "VC2": 0.0,
    "VC3": 0.0,
    "VC4": 0.0,
    "VC5": 0.0,
    "VC6": 0.0,
    "VD1": 0.6444444444444445,
    "VD10": 0.5606060606060606,
    "VD11": 0.45555555555555555,
    "VD12": 0.45555555555555555,
    "VD13": 0.48717948717948717,
    "VD2": 0.5555555555555556,
    "VD3": 0.6333333333333333,
    "VD4": 0.509090909090909,
    "VD5": 0.5972222222222222,
    "VD6": 0.5,
    "VD7": 0.5357142857142857,
    "VD8": 0.5824175824175825,
    "VD9": 0.5727272727272728
  },
  "density": 0.02147367494664584,