{
  "clustering_coefficients": {
    "ADAL": 0.0,
    "ADAR": 0.0,
    "ADEL": 0.0625663644531569,
    "ADER": 0.07457449382915221,
    "ADFL": 0.02740138512496236,
    "ADFR": 0.03884372177055104,
    "ADLL": 0.6888888888888889,
    "ADLR": 0.6,
    "AFDL": 1.0,
    "AFDR": 1.0,
    "AIAL": 0.8,
    "AIAR": 0.5333333333333333,
    "AIBL": 0.5714285714285714,
    "AIBR": 0.5952380952380952,
    "AIML": 0.7142857142857143,
    "AIMR": 0.5666666666666667,
    "AINL": 0.0,
    "AINR": 0.0,
    "AIYL": 0.6190476190476191,
    "AIYR": 0.6444444444444445,
    "AIZL": 0.625,
    "AIZR": 0.5714285714285714,
    "ALA": 0.0,
    "ALML": 0.6,
    "ALMR": 0.5694444444444444,
    "ALNL": 0.5303030303030303,
    "ALNR": 0.375,
    "AQR": 0.0,
    "AS1": 0.5714285714285714,
    "AS10": 0.6090909090909091,
    "AS11": 0.85,
    "AS2": 0.36666666666666664,
    "AS3": 0.6666666666666666,
    "AS4": 0.5,
    "AS5": 0.7083333333333334,
    "AS6": 0.0,
    "AS7": 0.5892857142857143,
    "AS8": 0.5714285714285714,
    "AS9": 0.45604395604395603,
    "ASEL": 0.5714285714285714,
    "ASER": 0.6181818181818182,
    "ASGL": 0.5909090909090909,
    "ASGR": 0.6,
    "ASHL": 0.6346153846153846,
    "ASHR": 0.6111111111111112,
    "ASIL": 0.6444444444444445,
    "ASIR": 0.6666666666666666,
    "ASJL": 0.0,
    "ASJR": 0.0,
    "ASKL": 0.4722222222222222,
    "ASKR": 0.6181818181818182,
    "AUAL": 0.5272727272727272,
    "AUAR": 0.5972222222222222,
    "AVAL": 0.0,
    "AVAR": 0.0,
    "AVBL": 0.6666666666666666,
    "AVBR": 0.8333333333333334,
    "AVDL": 0.0,
    "AVDR": 0.0,
    "AVEL": 0.0,
    "AVER": 0.0,
    "AVFL": 0.7361111111111112,
    "AVFR": 0.6777777777777778,
    "AVG": 0.0,
    "AVHL": 1.0,
    "AVHR": 0.65,
    "AVJL": 0.6363636363636364,
    "AVJR": 0.5818181818181818,
    "AVKL": 0.0,
    "AVKR": 0.0,
    "AVL": 0.8333333333333334,
    "AVM": 0.48484848484848486,
    "AWAL": 0.0,
    "AWAR": 0.0,
    "AWBL": 0.4642857142857143,
    "AWBR": 0.7111111111111111,
    "AWCL": 0.0,
    "AWCR": 0.75,
    "BAGL": 0.55,
    "BAGR": 0.8333333333333334,
    "BDUL": 0.8333333333333334,
    "BDUR": 0.8333333333333334,
    "CANL": 0.6545454545454545,
    "CANR": 0.7222222222222222,
    "CEPDL": 0.06865621594433732,
    "CEPDR": 0.07941940051923531,
    "CEPVL": 0.07427684262134336,
    "CEPVR": 0.08132604916811523,
    "DA1": 0.5277777777777778,
    "DA2": 0.6,
    "DA3": 0.4,
    "DA4": 0.7222222222222222,
    "DA5": 0.6333333333333333,
    "DA6": 0.5,
    "DA7": 0.6071428571428571,
    "DA8": 0.7666666666666667,
    "DA9": 0.5576923076923077,
    "DB1": 0.6373626373626373,
    "DB2": 0.6666666666666666,
    "DB3": 0.7142857142857143,
    "DB4": 0.8,
    "DB5": 0.6388888888888888,
    "DB6": 0.55,
    "DB7": 0.42948717948717946,
    "DD1": 0.5818181818181818,
    "DD2": 0.45604395604395603,
    "DD3": 0.6153846153846154,
    "DD4": 0.5636363636363636,
    "DD5": 0.4722222222222222,
    "DD6": 0.5636363636363636,
    "DVA": 0.7916666666666666,
    "DVB": 0.0,
    "DVC": 0.7678571428571429,
    "FLPL": 0.7361111111111112,
    "FLPR": 0.5333333333333333,
    "HSNL": 0.10590147536884222,
    "HSNR": 0.08812026399413346,
    "I1L": 0.6,
    "I1R": 0.5178571428571429,
    "I2L": 0.5879120879120879,
    "I2R": 0.7045454545454546,
    "I3": 0.6444444444444445,
    "I4": 0.7,
    "I5": 0.0,
    "I6": 0.5333333333333333,
    "IL1DL": 0.48214285714285715,
    "IL1DR": 0.5,
    "IL1L": 0.8,
    "IL1R": 0.7619047619047619,
    "IL1VL": 0.6,
    "IL1VR": 1.0,
    "IL2DL": 0.6923076923076923,
    "IL2DR": 0.5227272727272727,
    "IL2L": 0.5138888888888888,
    "IL2R": 0.6666666666666666,
    "IL2VL": 0.75,
    "IL2VR": 0.4861111111111111,
    "LUAL": 0.8333333333333334,
    "LUAR": 0.0,
    "M1": 0.7857142857142857,
    "M2L": 0.5777777777777777,
    "M2R": 0.5636363636363636,
    "M3L": 0.6527777777777778,
    "M3R": 0.5111111111111111,
    "M4": 0.7142857142857143,
    "M5": 0.7,
    "MCL": 0.6805555555555556,
    "MCR": 0.5111111111111111,
    "MI": 0.0,
    "NSML": 0.11072097378277154,
    "NSMR": 0.09722569357660585,
    "OLLL": 0.5666666666666667,
    "OLLR": 0.0,
    "OLQDL": 0.75,
    "OLQDR": 0.0,
    "OLQVL": 0.5333333333333333,
    "OLQVR": 0.5416666666666666,
    "PDA": 0.5454545454545454,
    "PDB": 0.0,
    "PDEL": 0.0770793499043977,
    "PDER": 0.07711918419375398,
    "PHAL": 0.5,
    "PHAR": 0.6666666666666666,
    "PHBL": 0.0,
    "PHBR": 0.6111111111111112,
    "PHCL": 0.6666666666666666,
    "PHCR": 0.4722222222222222,
    "PLML": 0.8666666666666667,
    "PLMR": 0.4027777777777778,
    "PLNL": 0.6190476190476191,
    "PLNR": 0.5888888888888889,
    "PQR": 0.8333333333333334,
    "PVCL": 0.5,
    "PVCR": 0.5,
    "PVDL": 0.5128205128205128,
    "PVDR": 0.6858974358974359,
    "PVM": 0.0,
    "PVNL": 0.0,
    "PVNR": 0.0,
    "PVPL": 0.0,
    "PVPR": 0.0,
    "PVQL": 0.5545454545454546,
    "PVQR": 0.7222222222222222,
    "PVR": 0.0,
    "PVT": 0.6428571428571429,
    "PVWL": 0.0,
    "PVWR": 0.0,
    "RIAL": 0.5333333333333333,
    "RIAR": 0.8333333333333334,
    "RIBL": 0.7638888888888888,
    "RIBR": 0.625,
    "RICL": 0.1592356687898089,
    "RICR": 0.17714285714285713,
    "RID": 0.5833333333333334,
    "RIFL": 0.0,
    "RIFR": 0.0,
    "RIGL": 0.0,
    "RIGR": 0.0,
    "RIH": 0.0,
    "RIML": 0.0952880955505972,
    "RIMR": 0.07470217238962859,
    "RIPL": 0.0,
    "RIPR": 0.0,
    "RIR": 0.0,
    "RIS": 0.5111111111111111,
    "RIVL": 0.0,
    "RIVR": 0.0,
    "RMDDL": 0.6428571428571429,
    "RMDDR": 0.625,
    "RMDL": 0.5892857142857143,
    "RMDR": 0.43636363636363634,
    "RMDVL": 0.7142857142857143,
    "RMDVR": 0.7142857142857143,
    "RMED": 0.5833333333333334,
    "RMEL": 0.5769230769230769,
    "RMER": 0.6666666666666666,
    "RMEV": 0.5454545454545454,
    "RMFL": 0.7678571428571429,
    "RMFR": 0.5,
    "RMGL": 0.0,
    "RMGR": 0.0,
    "RMHL": 0.7321428571428571,
    "RMHR": 0.7857142857142857,
    "SAADL": 0.0,
    "SAADR": 0.0,
    "SAAVL": 0.0,
    "SAAVR": 0.0,
    "SABD": 0.6153846153846154,
    "SABVL": 0.6666666666666666,
    "SABVR": 0.6666666666666666,
    "SDQL": 0.6666666666666666,
    "SDQR": 0.5833333333333334,
    "SIADL": 0.5222222222222223,
    "SIADR": 0.5277777777777778,
    "SIAVL": 0.5833333333333334,
    "SIAVR": 0.5714285714285714,
    "SIBDL": 0.5333333333333333,
    "SIBDR": 0.45555555555555555,
    "SIBVL": 0.6666666666666666,
    "SIBVR": 0.75,
    "SMBDL": 0.0,
    "SMBDR": 0.0,
    "SMBVL": 0.0,
    "SMBVR": 0.0,
    "SMDDL": 0.5909090909090909,
    "SMDDR": 0.5,
    "SMDVL": 0.8333333333333334,
    "SMDVR": 0.5,
    "URADL": 0.0,
    "URADR": 0.0,
    "URAVL": 0.0,
    "URAVR": 0.0,
    "URBL": 0.0,
    "URBR": 0.0,
    "URXL": 0.0,
    "URXR": 0.0,
    "URYDL": 0.5333333333333333,
    "URYDR": 0.7222222222222222,
    "URYVL": 0.6727272727272727,
    "URYVR": 0.5681818181818182,
    "VA1": 0.6363636363636364,
    "VA10": 0.7857142857142857,
    "VA11": 0.6363636363636364,
    "VA12": 0.44545454545454544,
    "VA2": 0.7380952380952381,
    "VA3": 0.6217948717948718,
    "VA4": 0.8666666666666667,
    "VA5": 0.6555555555555556,
    "VA6": 0.8,
    "VA7": 0.5439560439560439,
    "VA8": 0.7121212121212122,
    "VA9": 0.6777777777777778,
    "VB1": 0.5636363636363636,
    "VB10": 0.6071428571428571,
    "VB11": 0.6,
    "VB2": 0.6785714285714286,
    "VB3": 0.5384615384615384,
    "VB4": 0.6333333333333333,
    "VB5": 0.5,
    "VB6": 0.55,
    "VB7": 0.8095238095238095,
    "VB8": 0.5,
    "VB9": 0.5363636363636364,
    "VC1": 0.0,
    "VC2": 0.0,
    "VC3": 0.0,
    "VC4": 0.0,
    "VC5": 0.0,
    "VC6": 0.0,
    "VD1": 0.625,
    "VD10": 0.6428571428571429,
    "VD11": 0.6333333333333333,
    "VD12": 0.8035714285714286,
    "VD13": 0.7142857142857143,
    "VD2": 0.5454545454545454,
    "VD3": 0.6287878787878788,
    "VD4": 0.7361111111111112,
    "VD5": 0.6666666666666666,
    "VD6": 0.6428571428571429,
    "VD7": 0.6111111111111112,
    "VD8": 0.6545454545454545,
    "VD9": 0.6727272727272727
  },