{
  "clustering_coefficients": {
    "ADAL": 0.0,
    "ADAR": 0.0,
    "ADEL": 0.07217704753122642,
    "ADER": 0.07343448738368681,
    "ADFL": 0.06187895212285456,
    "ADFR": 0.03929539295392954,
    "ADLL": 0.55,
    "ADLR": 0.55,
    "AFDL": 0.8333333333333334,
    "AFDR": 0.5,
    "AIAL": 0.6666666666666666,
    "AIAR": 0.5555555555555556,
    "AIBL": 0.7111111111111111,
    "AIBR": 0.7666666666666667,
    "AIML": 0.625,
    "AIMR": 0.5555555555555556,
    "AINL": 0.0,
    "AINR": 0.0,
    "AIYL": 0.5727272727272728,
    "AIYR": 0.6333333333333333,
    "AIZL": 0.5681818181818182,
    "AIZR": 0.6944444444444444,
    "ALA": 0.0,
    "ALML": 0.75,
    "ALMR": 0.6527777777777778,
    "ALNL": 0.5190476190476191,
    "ALNR": 0.5892857142857143,
    "AQR": 0.0,
    "AS1": 0.5952380952380952,
    "AS10": 0.5666666666666667,
    "AS11": 0.6181818181818182,
    "AS2": 0.5095238095238095,
    "AS3": 0.5111111111111111,
    "AS4": 0.5444444444444444,
    "AS5": 0.6538461538461539,
    "AS6": 0.6777777777777778,
    "AS7": 0.7678571428571429,
    "AS8": 0.5879120879120879,
    "AS9": 0.7181818181818181,
    "ASEL": 0.8035714285714286,
    "ASER": 0.5535714285714286,
    "ASGL": 0.5636363636363636,
    "ASGR": 0.6060606060606061,
    "ASHL": 0.6545454545454545,
    "ASHR": 0.5857142857142857,
    "ASIL": 0.6,
    "ASIR": 0.6,
    "ASJL": 0.0,
    "ASJR": 0.0,
    "ASKL": 0.3333333333333333,
    "ASKR": 0.5714285714285714,
    "AUAL": 0.5833333333333334,
    "AUAR": 0.4027777777777778,
    "AVAL": 0.0,
    "AVAR": 0.0,
    "AVBL": 0.7083333333333334,
    "AVBR": 1.0,
    "AVDL": 0.0,
    "AVDR": 0.0,
    "AVEL": 0.0,
    "AVER": 0.0,
    "AVFL": 0.5128205128205128,
    "AVFR": 0.5833333333333334,
    "AVG": 0.0,
    "AVHL": 0.0,
    "AVHR": 0.0,
    "AVJL": 0.6666666666666666,
    "AVJR": 0.5636363636363636,
    "AVKL": 0.0,
    "AVKR": 0.0,
    "AVL": 0.5909090909090909,
    "AVM": 0.7857142857142857,
    "AWAL": 0.0,
    "AWAR": 0.0,
    "AWBL": 0.6190476190476191,
    "AWBR": 0.6545454545454545,
    "AWCL": 0.0,
    "AWCR": 0.0,
    "BAGL": 0.7111111111111111,
    "BAGR": 0.5333333333333333,
    "BDUL": 0.0,
    "BDUR": 0.5,
    "CANL": 0.6666666666666666,
    "CANR": 0.6964285714285714,
    "CEPDL": 0.07893446641608105,
    "CEPDR": 0.07160224700259915,
    "CEPVL": 0.06938927507447865,
    "CEPVR": 0.07410246066962485,
    "DA1": 0.6904761904761905,
    "DA2": 0.5,
    "DA3": 0.6272727272727273,
    "DA4": 0.5818181818181818,
    "DA5": 0.6,
    "DA6": 0.6527777777777778,
    "DA7": 0.36666666666666664,
    "DA8": 0.5,
    "DA9": 0.5727272727272728,
    "DB1": 0.48484848484848486,
    "DB2": 0.5833333333333334,
    "DB3": 0.8,
    "DB4": 0.4909090909090909,
    "DB5": 0.6,
    "DB6": 0.5333333333333333,
    "DB7": 0.6527777777777778,
    "DD1": 0.8333333333333334,
    "DD2": 0.553030303030303,
    "DD3": 0.5274725274725275,
    "DD4": 0.5636363636363636,
    "DD5": 0.6190476190476191,
    "DD6": 0.5952380952380952,
    "DVA": 0.5,
    "DVB": 0.0,
    "DVC": 0.6444444444444445,
    "FLPL": 0.6388888888888888,
    "FLPR": 0.6590909090909091,
    "HSNL": 0.10004781257470714,
    "HSNR": 0.08165090723230257,
    "I1L": 0.7361111111111112,
    "I1R": 0.5277777777777778,
    "I2L": 0.6888888888888889,
    "I2R": 0.45454545454545453,
    "I3": 0.6904761904761905,
    "I4": 0.7333333333333333,
    "I5": 0.0,
    "I6": 0.6111111111111112,
    "IL1DL": 1.0,
    "IL1DR": 0.0,
    "IL1L": 0.0,
    "IL1R": 1.0,
    "IL1VL": 0.8333333333333334,
    "IL1VR": 0.8333333333333334,
    "IL2DL": 0.6222222222222222,
    "IL2DR": 0.6363636363636364,
    "IL2L": 0.6909090909090909,
    "IL2R": 0.509090909090909,
    "IL2VL": 0.6287878787878788,
    "IL2VR": 0.6111111111111112,
    "LUAL": 0.5,
    "LUAR": 0.6111111111111112,
    "M1": 0.6333333333333333,
    "M2L": 0.625,
    "M2R": 0.7333333333333333,
    "M3L": 0.6785714285714286,
    "M3R": 0.625,
    "M4": 0.5272727272727272,
    "M5": 0.6090909090909091,
    "MCL": 0.6428571428571429,
    "MCR": 0.44642857142857145,
    "MI": 0.0,
    "NSML": 0.08432494279176202,
    "NSMR": 0.1019559902200489,
    "OLLL": 0.625,
    "OLLR": 0.7555555555555555,
    "OLQDL": 1.0,
    "OLQDR": 1.0,
    "OLQVL": 0.5,
    "OLQVR": 0.3333333333333333,
    "PDA": 0.5833333333333334,
    "PDB": 0.0,
    "PDEL": 0.07849871720599189,
    "PDER": 0.07795783511642543,
    "PHAL": 0.5333333333333333,
    "PHAR": 0.75,
    "PHBL": 0.5,
    "PHBR": 0.5,
    "PHCL": 0.4166666666666667,
    "PHCR": 0.3333333333333333,
    "PLML": 0.5303030303030303,
    "PLMR": 0.5833333333333334,
    "PLNL": 0.5454545454545454,
    "PLNR": 0.5416666666666666,
    "PQR": 0.7,
    "PVCL": 0.6666666666666666,
    "PVCR": 0.7222222222222222,
    "PVDL": 0.35,
    "PVDR": 0.7222222222222222,
    "PVM": 0.0,
    "PVNL": 0.0,
    "PVNR": 0.0,
    "PVPL": 0.0,
    "PVPR": 0.0,
    "PVQL": 0.4166666666666667,
    "PVQR": 0.5416666666666666,
    "PVR": 0.0,
    "PVT": 0.7638888888888888,
    "PVWL": 0.0,
    "PVWR": 0.0,
    "RIAL": 0.5833333333333334,
    "RIAR": 0.6,
    "RIBL": 0.5164835164835165,
    "RIBR": 0.6607142857142857,
    "RICL": 0.24322493224932248,
    "RICR": 0.2114914425427873,
    "RID": 0.6181818181818182,
    "RIFL": 0.0,
    "RIFR": 0.0,
    "RIGL": 0.0,
    "RIGR": 0.0,
    "RIH": 0.0,
    "RIML": 0.09659379766141332,
    "RIMR": 0.0867129135538954,
    "RIPL": 0.0,
    "RIPR": 0.0,
    "RIR": 0.0,
    "RIS": 0.5818181818181818,
    "RIVL": 0.0,
    "RIVR": 0.0,
    "RMDDL": 0.6666666666666666,
    "RMDDR": 0.7666666666666667,
    "RMDL": 0.625,
    "RMDR": 0.7,
    "RMDVL": 0.5892857142857143,
    "RMDVR": 0.6111111111111112,
    "RMED": 0.6181818181818182,
    "RMEL": 0.6111111111111112,
    "RMER": 0.5555555555555556,
    "RMEV": 0.6944444444444444,
    "RMFL": 0.5555555555555556,
    "RMFR": 0.6388888888888888,
    "RMGL": 0.0,
    "RMGR": 0.0,
    "RMHL": 0.6428571428571429,
    "RMHR": 0.625,
    "SAADL": 0.0,
    "SAADR": 0.0,
    "SAAVL": 0.0,
    "SAAVR": 0.0,
    "SABD": 1.0,
    "SABVL": 0.6515151515151515,
    "SABVR": 0.510989010989011,
    "SDQL": 0.0,
    "SDQR": 0.55,
    "SIADL": 0.5,
    "SIADR": 0.4642857142857143,
    "SIAVL": 0.5238095238095238,
    "SIAVR": 0.5833333333333334,
    "SIBDL": 0.6060606060606061,
    "SIBDR": 0.6527777777777778,
    "SIBVL": 0.5714285714285714,
    "SIBVR": 0.6333333333333333,
    "SMBDL": 0.0,
    "SMBDR": 0.0,
    "SMBVL": 0.0,
    "SMBVR": 0.0,
    "SMDDL": 0.8333333333333334,
    "SMDDR": 0.5,
    "SMDVL": 0.0,
    "SMDVR": 0.0,
    "URADL": 0.0,
    "URADR": 0.0,
    "URAVL": 0.0,
    "URAVR": 0.0,
    "URBL": 0.0,
    "URBR": 0.0,
    "URXL": 0.0,
    "URXR": 0.0,
    "URYDL": 0.5363636363636364,
    "URYDR": 0.75,
    "URYVL": 0.6410256410256411,
    "URYVR": 0.6,
    "VA1": 0.6333333333333333,
    "VA10": 0.5178571428571429,
    "VA11": 0.6217948717948718,
    "VA12": 0.5448717948717948,
    "VA2": 0.553030303030303,
    "VA3": 0.5,
    "VA4": 0.5769230769230769,
    "VA5": 0.5416666666666666,
    "VA6": 0.5681818181818182,
    "VA7": 0.6136363636363636,
    "VA8": 0.6060606060606061,
    "VA9": 0.5535714285714286,
    "VB1": 0.625,
    "VB10": 0.5,
    "VB11": 0.6444444444444445,
    "VB2": 0.5818181818181818,
    "VB3": 0.5138888888888888,
    "VB4": 0.0,
    "VB5": 0.5178571428571429,
    "VB6": 0.5357142857142857,
    "VB7": 0.6777777777777778,
    "VB8": 0.6363636363636364,
    "VB9": 0.5,
    "VC1": 0.0,
    "VC2": 0.0,
    "VC3": 0.0,
    "VC4": 0.0,
    "VC5": 0.0,
    "VC6": 0.0,
    "VD1": 0.36666666666666664,
    "VD10": 0.5416666666666666,
    "VD11": 0.5961538461538461,
    "VD12": 0.8,
    "VD13": 0.7181818181818181,
    "VD2": 0.5892857142857143,
    "VD3": 0.5769230769230769,
    "VD4": 0.5694444444444444,
    "VD5": 0.6363636363636364,
    "VD6": 0.6428571428571429,
    "VD7": 0.8,
    "VD8": 0.7678571428571429,
    "VD9": 0.6666666666666666
  },
  "density": 0.02147367494664584,
  "global_efficiency": 0.7230100095328885,
  "maximum_modularity": 0.08493049373488311,