{
  "clustering_coefficients": {
    "ADAL": 0.0,
    "ADAR": 0.0,
    "ADEL": 0.07218727020181387,
    "ADER": 0.06540625517127255,
    "ADFL": 0.04591990364348088,
    "ADFR": 0.04953327311050888,
    "ADLL": 0.5714285714285714,
    "ADLR": 0.5,
    "AFDL": 0.5,
    "AFDR": 0.5,
    "AIAL": 0.7142857142857143,
    "AIAR": 0.5333333333333333,
    "AIBL": 0.5535714285714286,
    "AIBR": 0.6287878787878788,
    "AIML": 0.6545454545454545,
    "AIMR": 0.5384615384615384,
    "AINL": 0.0,
    "AINR": 0.0,
    "AIYL": 0.5984848484848485,
    "AIYR": 0.5545454545454546,
    "AIZL": 0.6428571428571429,
    "AIZR": 0.7142857142857143,
    "ALA": 0.0,
    "ALML": 0.6777777777777778,
    "ALMR": 0.5333333333333333,
    "ALNL": 0.5641025641025641,
    "ALNR": 0.6,
    "AQR": 0.0,
    "AS1": 0.6805555555555556,
    "AS10": 0.5,
    "AS11": 0.5277777777777778,
    "AS2": 0.5892857142857143,
    "AS3": 0.4722222222222222,
    "AS4": 0.5714285714285714,
    "AS5": 0.6944444444444444,
    "AS6": 0.5454545454545454,
    "AS7": 0.6287878787878788,
    "AS8": 0.5666666666666667,
    "AS9": 0.40476190476190477,
    "ASEL": 0.4696969696969697,
    "ASER": 0.45,
    "ASGL": 0.5378787878787878,
    "ASGR": 0.4,
    "ASHL": 0.5256410256410257,
    "ASHR": 0.65,
    "ASIL": 0.75,
    "ASIR": 0.75,
    "ASJL": 0.0,
    "ASJR": 0.0,
    "ASKL": 0.6607142857142857,
    "ASKR": 0.5227272727272727,
    "AUAL": 0.4666666666666667,
    "AUAR": 0.6428571428571429,
    "AVAL": 0.0,
    "AVAR": 0.0,
    "AVBL": 0.65,
    "AVBR": 0.5,
    "AVDL": 0.0,
    "AVDR": 0.0,
    "AVEL": 0.0,
    "AVER": 0.0,
    "AVFL": 0.5384615384615384,
    "AVFR": 0.5,
    "AVG": 0.0,
    "AVHL": 0.6666666666666666,
    "AVHR": 0.6555555555555556,
    "AVJL": 0.625,
    "AVJR": 0.5727272727272728,
    "AVKL": 0.0,
    "AVKR": 0.0,
    "AVL": 0.4523809523809524,
    "AVM": 0.5,
    "AWAL": 0.0,
    "AWAR": 0.0,
    "AWBL": 0.5555555555555556,
    "AWBR": 0.5535714285714286,
    "AWCL": 0.6666666666666666,
    "AWCR": 0.0,
    "BAGL": 0.0,
    "BAGR": 0.5238095238095238,
    "BDUL": 0.0,
    "BDUR": 0.5357142857142857,
    "CANL": 0.5,
    "CANR": 0.5333333333333333,
    "CEPDL": 0.07954081215785604,
    "CEPDR": 0.0613920431337309,
    "CEPVL": 0.07086391869000565,
    "CEPVR": 0.08325366475462077,
    "DA1": 0.6025641025641025,
    "DA2": 0.5303030303030303,
    "DA3": 0.5454545454545454,
    "DA4": 0.5555555555555556,
    "DA5": 0.554945054945055,
    "DA6": 0.6666666666666666,
    "DA7": 0.6428571428571429,
    "DA8": 0.8,
    "DA9": 0.625,
    "DB1": 0.6777777777777778,
    "DB2": 0.47619047619047616,
    "DB3": 0.5909090909090909,
    "DB4": 0.5363636363636364,
    "DB5": 0.6333333333333333,
    "DB6": 0.45454545454545453,
    "DB7": 0.7142857142857143,
    "DD1": 0.6217948717948718,
    "DD2": 0.6181818181818182,
    "DD3": 0.6333333333333333,
    "DD4": 0.7,
    "DD5": 0.6,
    "DD6": 0.5666666666666667,
    "DVA": 0.65,
    "DVB": 0.0,
    "DVC": 0.6428571428571429,
    "FLPL": 0.5636363636363636,
    "FLPR": 0.4861111111111111,
    "HSNL": 0.11509390746678883,
    "HSNR": 0.09997608227696723,
    "I1L": 0.5818181818181818,
    "I1R": 0.7,
    "I2L": 0.5714285714285714,
    "I2R": 0.6,
    "I3": 0.6190476190476191,
    "I4": 0.6527777777777778,
    "I5": 0.0,
    "I6": 0.38095238095238093,
    "IL1DL": 0.6025641025641025,
    "IL1DR": 0.4166666666666667,
    "IL1L": 0.5,
    "IL1R": 0.75,
    "IL1VL": 0.8333333333333334,
    "IL1VR": 0.5833333333333334,
    "IL2DL": 0.6238095238095238,
    "IL2DR": 0.5833333333333334,
    "IL2L": 0.5,
    "IL2R": 0.35,
    "IL2VL": 0.5380952380952381,
    "IL2VR": 0.5,
    "LUAL": 0.5,
    "LUAR": 0.6428571428571429,
    "M1": 0.4642857142857143,
    "M2L": 0.625,
    "M2R": 0.6090909090909091,
    "M3L": 0.5777777777777777,
    "M3R": 0.75,
    "M4": 0.5,
    "M5": 0.6666666666666666,
    "MCL": 0.4107142857142857,
    "MCR": 0.6,
    "MI": 0.0,
    "NSML": 0.09086747539482719,
    "NSMR": 0.10444444444444445,
    "OLLL": 0.6666666666666666,
    "OLLR": 0.6666666666666666,
    "OLQDL": 0.0,
    "OLQDR": 0.8333333333333334,
    "OLQVL": 0.65,
    "OLQVR": 0.6666666666666666,
    "PDA": 0.5714285714285714,
    "PDB": 0.0,
    "PDEL": 0.055771438664664844,
    "PDER": 0.06659693165969316,
    "PHAL": 0.0,
    "PHAR": 0.5,
    "PHBL": 0.5,
    "PHBR": 1.0,
    "PHCL": 0.6666666666666666,
    "PHCR": 0.6,
    "PLML": 0.6666666666666666,
    "PLMR": 0.5476190476190477,
    "PLNL": 0.5,
    "PLNR": 0.5285714285714286,
    "PQR": 0.6666666666666666,
    "PVCL": 0.6666666666666666,
    "PVCR": 0.0,
    "PVDL": 0.5892857142857143,
    "PVDR": 0.5,
    "PVM": 0.0,
    "PVNL": 0.0,
    "PVNR": 0.0,
    "PVPL": 0.0,
    "PVPR": 0.0,
    "PVQL": 0.5,
    "PVQR": 0.5272727272727272,
    "PVR": 0.0,
    "PVT": 0.46153846153846156,
    "PVWL": 0.0,
    "PVWR": 0.0,
    "RIAL": 0.5274725274725275,
    "RIAR": 0.5,
    "RIBL": 0.5555555555555556,
    "RIBR": 0.6666666666666666,
    "RICL": 0.17969924812030075,
    "RICR": 0.24445740956826137,
    "RID": 0.509090909090909,
    "RIFL": 0.0,
    "RIFR": 0.0,
    "RIGL": 0.0,
    "RIGR": 0.0,
    "RIH": 0.0,
    "RIML": 0.08640598346673665,
    "RIMR": 0.07474925454052589,
    "RIPL": 0.0,
    "RIPR": 0.0,
    "RIR": 0.0,
    "RIS": 0.6944444444444444,
    "RIVL": 0.0,
    "RIVR": 0.0,
    "RMDDL": 0.45,
    "RMDDR": 0.5888888888888889,
    "RMDL": 0.6785714285714286,
    "RMDR": 0.5777777777777777,
    "RMDVL": 0.625,
    "RMDVR": 0.5984848484848485,
    "RMED": 0.6,
    "RMEL": 0.625,
    "RMER": 0.5,
    "RMEV": 0.4666666666666667,
    "RMFL": 0.5909090909090909,
    "RMFR": 0.6,
    "RMGL": 0.0,
    "RMGR": 0.0,
    "RMHL": 0.5277777777777778,
    "RMHR": 0.6666666666666666,
    "SAADL": 0.0,
    "SAADR": 0.0,
    "SAAVL": 0.0,
    "SAAVR": 0.0,
    "SABD": 0.7380952380952381,
    "SABVL": 0.0,
    "SABVR": 0.6666666666666666,
    "SDQL": 0.0,
    "SDQR": 0.7666666666666667,
    "SIADL": 0.6545454545454545,
    "SIADR": 0.532051282051282,
    "SIAVL": 0.4818181818181818,
    "SIAVR": 0.6111111111111112,
    "SIBDL": 0.6190476190476191,
    "SIBDR": 0.42857142857142855,
    "SIBVL": 0.5952380952380952,
    "SIBVR": 0.5888888888888889,
    "SMBDL": 0.0,
    "SMBDR": 0.0,
    "SMBVL": 0.0,
    "SMBVR": 0.0,
    "SMDDL": 0.4166666666666667,
    "SMDDR": 0.8333333333333334,
    "SMDVL": 1.0,
    "SMDVR": 0.3333333333333333,
    "URADL": 0.0,
    "URADR": 0.0,
    "URAVL": 0.0,
    "URAVR": 0.0,
    "URBL": 0.0,
    "URBR": 0.0,
    "URXL": 0.0,
    "URXR": 0.0,
    "URYDL": 0.6136363636363636,
    "URYDR": 0.5892857142857143,
    "URYVL": 0.5909090909090909,
    "URYVR": 0.45454545454545453,
    "VA1": 0.5178571428571429,
    "VA10": 0.7619047619047619,
    "VA11": 0.5694444444444444,
    "VA12": 0.75,
    "VA2": 0.5694444444444444,
    "VA3": 0.5545454545454546,
    "VA4": 0.6428571428571429,
    "VA5": 0.5555555555555556,
    "VA6": 0.6555555555555556,
    "VA7": 0.4444444444444444,
    "VA8": 0.44545454545454544,
    "VA9": 0.6272727272727273,
    "VB1": 0.55,
    "VB10": 0.5972222222222222,
    "VB11": 0.4666666666666667,
    "VB2": 0.5833333333333334,
    "VB3": 0.5555555555555556,
    "VB4": 0.6666666666666666,
    "VB5": 0.5727272727272728,
    "VB6": 0.6071428571428571,
    "VB7": 0.7,
    "VB8": 0.48717948717948717,
    "VB9": 0.6,
    "VC1": 0.0,
    "VC2": 0.0,
    "VC3": 0.0,
    "VC4": 0.0,
    "VC5": 0.0,
    "VC6": 0.0,
    "VD1": 0.6454545454545455,
    "VD10": 0.6555555555555556,
    "VD11": 0.6727272727272727,
    "VD12": 0.6666666666666666,
    "VD13": 0.35,
    "VD2": 0.44642857142857145,
    "VD3": 0.7321428571428571,
    "VD4": 0.6,
    "VD5": 0.5444444444444444,
    "VD6": 0.532051282051282,
    "VD7": 0.5833333333333334,
    "VD8": 0.6333333333333333,
    "VD9": 0.6454545454545455
  },
  "density": 0.02147367494664584,
  "global_efficiency": 0.7236592311343142,
  "maximum_modularity": 0.0972358111058855,
  "mean_path_length": 1.584717607973422,
  "modules": {
    "ADAL": 10,
    "ADAR": 10,
    "ADEL": 5,