{
  "clustering_coefficients": {
    "ADAL": 0.0,
    "ADAR": 0.0,
    "ADEL": 0.07926205648650775,
    "ADER": 0.06412908564335953,
    "ADFL": 0.05585666967780789,
    "ADFR": 0.05585666967780789,
    "ADLL": 0.6428571428571429,
    "ADLR": 0.6,
    "AFDL": 0.7666666666666667,
    "AFDR": 0.5476190476190477,
    "AIAL": 0.6666666666666666,
    "AIAR": 0.6287878787878788,
    "AIBL": 0.5333333333333333,
    "AIBR": 0.6607142857142857,
    "AIML": 0.6454545454545455,
    "AIMR": 0.5,
    "AINL": 0.0,
    "AINR": 0.0,
    "AIYL": 0.6964285714285714,
    "AIYR": 0.5757575757575758,
    "AIZL": 0.6111111111111112,
    "AIZR": 0.6333333333333333,
    "ALA": 0.0,
    "ALML": 0.6060606060606061,
    "ALMR": 0.4722222222222222,
    "ALNL": 0.4861111111111111,
    "ALNR": 0.5555555555555556,
    "AQR": 0.0,
    "AS1": 0.7380952380952381,
    "AS10": 0.6388888888888888,
    "AS11": 0.5416666666666666,
    "AS2": 0.6181818181818182,
    "AS3": 0.42857142857142855,
    "AS4": 0.6944444444444444,
    "AS5": 0.5416666666666666,
    "AS6": 0.6805555555555556,
    "AS7": 0.5178571428571429,
    "AS8": 0.5238095238095238,
    "AS9": 0.65,
    "ASEL": 0.6363636363636364,
    "ASER": 0.6944444444444444,
    "ASGL": 0.5238095238095238,
    "ASGR": 0.5757575757575758,
    "ASHL": 0.5555555555555556,
    "ASHR": 0.5363636363636364,
    "ASIL": 0.5138888888888888,
    "ASIR": 0.7,
    "ASJL": 0.0,
    "ASJR": 0.0,
    "ASKL": 0.6428571428571429,
    "ASKR": 0.6666666666666666,
    "AUAL": 0.5555555555555556,
    "AUAR": 0.5892857142857143,
    "AVAL": 0.0,
    "AVAR": 0.0,
    "AVBL": 0.0,
    "AVBR": 0.0,
    "AVDL": 0.0,
    "AVDR": 0.0,
    "AVEL": 0.0,
    "AVER": 0.0,
    "AVFL": 0.6388888888888888,
    "AVFR": 0.5952380952380952,
    "AVG": 0.0,
    "AVHL": 0.2,
    "AVHR": 0.6666666666666666,
    "AVJL": 0.6666666666666666,
    "AVJR": 0.6,
    "AVKL": 0.0,
    "AVKR": 0.0,
    "AVL": 0.5291666666666667,
    "AVM": 0.5666666666666667,
    "AWAL": 0.0,
    "AWAR": 0.0,
    "AWBL": 0.7111111111111111,
    "AWBR": 0.5272727272727272,
    "AWCL": 0.0,
    "AWCR": 0.0,
    "BAGL": 0.4,
    "BAGR": 0.5,
    "BDUL": 0.0,
    "BDUR": 0.75,
    "CANL": 0.36666666666666664,
    "CANR": 0.5303030303030303,
    "CEPDL": 0.07660565451871221,
    "CEPDR": 0.06772892295280356,
    "CEPVL": 0.06880430285477865,
    "CEPVR": 0.07217547585981537,
    "DA1": 0.6111111111111112,
    "DA2": 0.5222222222222223,
    "DA3": 0.5138888888888888,
    "DA4": 0.5,
    "DA5": 0.7321428571428571,
    "DA6": 0.6904761904761905,
    "DA7": 0.6785714285714286,
    "DA8": 0.5,
    "DA9": 0.5476190476190477,
    "DB1": 0.6181818181818182,
    "DB2": 0.5111111111111111,
    "DB3": 0.35714285714285715,
    "DB4": 0.5448717948717948,
    "DB5": 0.7,
    "DB6": 0.6636363636363637,
    "DB7": 0.5606060606060606,
    "DD1": 0.4666666666666667,
    "DD2": 0.6,
    "DD3": 0.5,
    "DD4": 0.5666666666666667,
    "DD5": 0.6805555555555556,
    "DD6": 0.6060606060606061,
    "DVA": 0.5833333333333334,
    "DVB": 0.0,
    "DVC": 0.5833333333333334,
    "FLPL": 0.6428571428571429,
    "FLPR": 0.5659340659340659,
    "HSNL": 0.09187140616832201,
    "HSNR": 0.1073935423490875,
    "I1L": 0.5833333333333334,
    "I1R": 0.5,
    "I2L": 0.5769230769230769,
    "I2R": 0.5181818181818182,
    "I3": 0.5833333333333334,
    "I4": 0.6904761904761905,
    "I5": 0.0,
    "I6": 0.5555555555555556,
    "IL1DL": 1.0,
    "IL1DR": 0.4666666666666667,
    "IL1L": 0.5178571428571429,
    "IL1R": 0.3333333333333333,
    "IL1VL": 0.0,
    "IL1VR": 0.6666666666666666,
    "IL2DL": 0.6904761904761905,
    "IL2DR": 0.6071428571428571,
    "IL2L": 0.6333333333333333,
    "IL2R": 0.6111111111111112,
    "IL2VL": 0.5111111111111111,
    "IL2VR": 0.6111111111111112,
    "LUAL": 0.5,
    "LUAR": 0.8333333333333334,
    "M1": 0.7666666666666667,
    "M2L": 0.6666666666666666,
    "M2R": 0.7380952380952381,
    "M3L": 0.6428571428571429,
    "M3R": 0.625,
    "M4": 0.65,
    "M5": 0.5138888888888888,
    "MCL": 0.5984848484848485,
    "MCR": 0.65,
    "MI": 0.0,
    "NSML": 0.0913978494623656,
    "NSMR": 0.10222444388902774,
    "OLLL": 0.6071428571428571,
    "OLLR": 0.0,
    "OLQDL": 1.0,
    "OLQDR": 0.3333333333333333,
    "OLQVL": 1.0,
    "OLQVR": 0.0,
    "PDA": 0.6545454545454545,
    "PDB": 0.0,
    "PDEL": 0.06547132821434407,
    "PDER": 0.07237313789532383,
    "PHAL": 0.40476190476190477,
    "PHAR": 0.5128205128205128,
    "PHBL": 0.0,
    "PHBR": 1.0,
    "PHCL": 0.5535714285714286,
    "PHCR": 0.5535714285714286,
    "PLML": 0.5972222222222222,
    "PLMR": 0.6428571428571429,
    "PLNL": 0.5,
    "PLNR": 0.6428571428571429,
    "PQR": 0.5384615384615384,
    "PVCL": 0.6666666666666666,
    "PVCR": 0.5238095238095238,
    "PVDL": 0.6,
    "PVDR": 0.48484848484848486,
    "PVM": 0.0,
    "PVNL": 0.0,
    "PVNR": 0.0,
    "PVPL": 0.0,
    "PVPR": 0.0,
    "PVQL": 0.6090909090909091,
    "PVQR": 0.6909090909090909,
    "PVR": 0.0,
    "PVT": 0.5363636363636364,
    "PVWL": 0.0,
    "PVWR": 0.0,
    "RIAL": 0.5227272727272727,
    "RIAR": 0.5636363636363636,
    "RIBL": 0.5,
    "RIBR": 0.5833333333333334,
    "RICL": 0.26057401812688824,
    "RICR": 0.18902439024390244,
    "RID": 0.5833333333333334,
    "RIFL": 0.0,
    "RIFR": 0.0,
    "RIGL": 0.0,
    "RIGR": 0.0,
    "RIH": 0.0,
    "RIML": 0.06085660070479805,
    "RIMR": 0.09179790026246719,
    "RIPL": 0.0,
    "RIPR": 0.0,
    "RIR": 0.0,
    "RIS": 0.6,
    "RIVL": 0.0,
    "RIVR": 0.0,
    "RMDDL": 0.6555555555555556,
    "RMDDR": 0.6727272727272727,
    "RMDL": 0.6272727272727273,
    "RMDR": 0.6964285714285714,
    "RMDVL": 0.6428571428571429,
    "RMDVR": 0.7045454545454546,
    "RMED": 0.5178571428571429,
    "RMEL": 0.5555555555555556,
    "RMER": 0.6428571428571429,
    "RMEV": 0.5952380952380952,
    "RMFL": 0.5636363636363636,
    "RMFR": 0.7,
    "RMGL": 0.0,
    "RMGR": 0.0,
    "RMHL": 0.7083333333333334,
    "RMHR": 0.6607142857142857,
    "SAADL": 0.0,
    "SAADR": 0.0,
    "SAAVL": 0.0,
    "SAAVR": 0.0,
    "SABD": 0.8333333333333334,
    "SABVL": 1.0,
    "SABVR": 0.0,
    "SDQL": 0.6333333333333333,
    "SDQR": 0.6111111111111112,
    "SIADL": 0.5523809523809524,
    "SIADR": 0.5606060606060606,
    "SIAVL": 0.7321428571428571,
    "SIAVR": 0.6363636363636364,
    "SIBDL": 0.42857142857142855,
    "SIBDR": 0.5439560439560439,
    "SIBVL": 0.6944444444444444,
    "SIBVR": 0.5666666666666667,
    "SMBDL": 0.0,
    "SMBDR": 0.0,
    "SMBVL": 0.0,
    "SMBVR": 0.0,
    "SMDDL": 0.6805555555555556,
    "SMDDR": 0.5727272727272728,
    "SMDVL": 0.0,
    "SMDVR": 0.8333333333333334,
    "URADL": 0.0,
    "URADR": 0.0,
    "URAVL": 0.0,
    "URAVR": 0.0,
    "URBL": 0.0,
    "URBR": 0.0,
    "URXL": 0.0,
    "URXR": 0.0,
    "URYDL": 0.4444444444444444,
    "URYDR": 0.625,
    "URYVL": 0.5111111111111111,
    "URYVR": 0.5333333333333333,
    "VA1": 0.5777777777777777,
    "VA10": 0.6089743589743589,
    "VA11": 0.5,
    "VA12": 0.5833333333333334,
    "VA2": 0.5,
    "VA3": 0.5681818181818182,
    "VA4": 0.5757575757575758,
    "VA5": 0.6805555555555556,
    "VA6": 0.5606060606060606,
    "VA7": 0.6428571428571429,
    "VA8": 0.5972222222222222,
    "VA9": 0.5363636363636364,
    "VB1": 0.85,
    "VB10": 0.553030303030303,
    "VB11": 0.5666666666666667,
    "VB2": 0.5,
    "VB3": 0.25,
    "VB4": 0.5,
    "VB5": 0.6964285714285714,
    "VB6": 0.5111111111111111,
    "VB7": 0.65,
    "VB8": 0.5777777777777777,
    "VB9": 0.6,
    "VC1": 0.0,
    "VC2": 0.0,
    "VC3": 0.0,
    "VC4": 0.0,
    "VC5": 0.0,
    "VC6": 0.0,
    "VD1": 0.6,
    "VD10": 0.6888888888888889,
    "VD11": 0.8,
    "VD12": 0.6090909090909091,
    "VD13": 0.5363636363636364,
    "VD2": 0.5909090909090909,
    "VD3": 0.6089743589743589,
    "VD4": 0.5178571428571429,
    "VD5": 0.6545454545454545,
    "VD6": 0.55,
    "VD7": 0.5222222222222223,
    "VD8": 0.6555555555555556,
    "VD9": 0.7142857142857143
  },
  "density": 0.02147367494664584,
  "global_efficiency": 0.7398952095808383,