{
  "clustering_coefficients": {
    "ADAL": 0.0,
    "ADAR": 0.0,
    "ADEL": 0.0762029955385596,
    "ADER": 0.05320887818306951,
    "ADFL": 0.02408912978018669,
    "ADFR": 0.017314062029509185,
    "ADLL": 0.4,
    "ADLR": 0.16666666666666666,
    "AFDL": 0.0,
    "AFDR": 0.6666666666666666,
    "AIAL": 0.4,
    "AIAR": 0.6444444444444445,
    "AIBL": 0.5666666666666667,
    "AIBR": 0.4107142857142857,
    "AIML": 0.46153846153846156,
    "AIMR": 0.5416666666666666,
    "AINL": 0.0,
    "AINR": 0.0,
    "AIYL": 0.5054945054945055,
    "AIYR": 0.4722222222222222,
    "AIZL": 0.5111111111111111,
    "AIZR": 0.5681818181818182,
    "ALA": 0.0,
    "ALML": 0.375,
    "ALMR": 0.45555555555555555,
    "ALNL": 0.6111111111111112,
    "ALNR": 0.4166666666666667,
    "AQR": 0.0,
    "AS1": 0.6,
    "AS10": 0.5111111111111111,
    "AS11": 0.5,
    "AS2": 0.5666666666666667,
    "AS3": 0.5833333333333334,
    "AS4": 0.5444444444444444,
    "AS5": 0.6428571428571429,
    "AS6": 0.4642857142857143,
    "AS7": 0.6,
    "AS8": 0.5476190476190477,
    "AS9": 0.4666666666666667,
    "ASEL": 0.42857142857142855,
    "ASER": 0.4722222222222222,
    "ASGL": 0.42857142857142855,
    "ASGR": 0.42857142857142855,
    "ASHL": 0.5181818181818182,
    "ASHR": 0.4636363636363636,
    "ASIL": 0.7,
    "ASIR": 0.5,
    "ASJL": 0.0,
    "ASJR": 0.0,
    "ASKL": 0.5555555555555556,
    "ASKR": 0.8,
    "AUAL": 0.48214285714285715,
    "AUAR": 0.5454545454545454,
    "AVAL": 0.0,
    "AVAR": 0.0,
    "AVBL": 0.0,
    "AVBR": 0.5,
    "AVDL": 0.0,
    "AVDR": 0.0,
    "AVEL": 0.0,
    "AVER": 0.0,
    "AVFL": 0.43333333333333335,
    "AVFR": 0.4,
    "AVG": 0.0,
    "AVHL": 0.0,
    "AVHR": 0.5,
    "AVJL": 0.4523809523809524,
    "AVJR": 0.47619047619047616,
    "AVKL": 0.0,
    "AVKR": 0.0,
    "AVL": 0.625,
    "AVM": 0.5,
    "AWAL": 0.0,
    "AWAR": 0.0,
    "AWBL": 0.40476190476190477,
    "AWBR": 0.5378787878787878,
    "AWCL": 1.0,
    "AWCR": 0.5333333333333333,
    "BAGL": 0.4166666666666667,
    "BAGR": 0.5,
    "BDUL": 0.5,
    "BDUR": 0.5,
    "CANL": 0.4909090909090909,
    "CANR": 0.5892857142857143,
    "CEPDL": 0.06351605261008088,
    "CEPDR": 0.05808373324507695,
    "CEPVL": 0.05642425746669976,
    "CEPVR": 0.06785685104992238,
    "DA1": 0.44642857142857145,
    "DA2": 0.4818181818181818,
    "DA3": 0.23333333333333334,
    "DA4": 0.5,
    "DA5": 0.4523809523809524,
    "DA6": 0.4523809523809524,
    "DA7": 0.45,
    "DA8": 0.44505494505494503,
    "DA9": 0.4642857142857143,
    "DB1": 0.5833333333333334,
    "DB2": 0.5714285714285714,
    "DB3": 0.5256410256410257,
    "DB4": 0.5075757575757576,
    "DB5": 0.4909090909090909,
    "DB6": 0.5555555555555556,
    "DB7": 0.5714285714285714,
    "DD1": 0.5272727272727272,
    "DD2": 0.5714285714285714,
    "DD3": 0.5952380952380952,
    "DD4": 0.43636363636363634,
    "DD5": 0.48717948717948717,
    "DD6": 0.5075757575757576,
    "DVA": 0.375,
    "DVB": 0.0,
    "DVC": 0.5454545454545454,
    "FLPL": 0.43333333333333335,
    "FLPR": 0.5378787878787878,
    "HSNL": 0.05810983397190294,
    "HSNR": 0.07984840564558285,
    "I1L": 0.5952380952380952,
    "I1R": 0.6,
    "I2L": 0.4,
    "I2R": 0.5238095238095238,
    "I3": 0.6333333333333333,
    "I4": 0.5138888888888888,
    "I5": 0.0,
    "I6": 0.5476190476190477,
    "IL1DL": 0.16666666666666666,
    "IL1DR": 0.7333333333333333,
    "IL1L": 0.5111111111111111,
    "IL1R": 0.5,
    "IL1VL": 1.0,
    "IL1VR": 0.5,
    "IL2DL": 0.4230769230769231,
    "IL2DR": 0.48214285714285715,
    "IL2L": 0.5888888888888889,
    "IL2R": 0.45604395604395603,
    "IL2VL": 0.5357142857142857,
    "IL2VR": 0.489010989010989,
    "LUAL": 0.47619047619047616,
    "LUAR": 0.6527777777777778,
    "M1": 0.45454545454545453,
    "M2L": 0.7333333333333333,
    "M2R": 0.4666666666666667,
    "M3L": 0.4444444444444444,
    "M3R": 0.5892857142857143,
    "M4": 0.35714285714285715,
    "M5": 0.5681818181818182,
    "MCL": 0.4305555555555556,
    "MCR": 0.4909090909090909,
    "MI": 0.0,
    "NSML": 0.0990795193045257,
    "NSMR": 0.09285178705323668,
    "OLLL": 0.4,
    "OLLR": 0.4,
    "OLQDL": 0.3392857142857143,
    "OLQDR": 0.5,
    "OLQVL": 1.0,
    "OLQVR": 0.3333333333333333,
    "PDA": 0.47619047619047616,
    "PDB": 0.0,
    "PDEL": 0.05785443909153475,
    "PDER": 0.07095541401273886,
    "PHAL": 0.6333333333333333,
    "PHAR": 1.0,
    "PHBL": 0.6,
    "PHBR": 0.3,
    "PHCL": 0.5151515151515151,
    "PHCR": 0.5833333333333334,
    "PLML": 0.391025641025641,
    "PLMR": 0.36666666666666664,
    "PLNL": 0.4727272727272727,
    "PLNR": 0.6,
    "PQR": 0.42857142857142855,
    "PVCL": 0.5,
    "PVCR": 1.0,
    "PVDL": 0.5192307692307693,
    "PVDR": 0.4772727272727273,
    "PVM": 0.0,
    "PVNL": 0.0,
    "PVNR": 0.0,
    "PVPL": 0.0,
    "PVPR": 0.0,
    "PVQL": 0.5694444444444444,
    "PVQR": 0.5,
    "PVR": 0.0,
    "PVT": 0.4861111111111111,
    "PVWL": 0.0,
    "PVWR": 0.0,
    "RIAL": 0.5047619047619047,
    "RIAR": 0.5757575757575758,
    "RIBL": 0.45555555555555555,
    "RIBR": 0.5111111111111111,
    "RICL": 0.17359413202933985,
    "RICR": 0.20512820512820512,
    "RID": 0.5272727272727272,
    "RIFL": 0.0,
    "RIFR": 0.0,
    "RIGL": 0.0,
    "RIGR": 0.0,
    "RIH": 0.0,
    "RIML": 0.0703555678059537,
    "RIMR": 0.0664186302879978,
    "RIPL": 0.0,
    "RIPR": 0.0,
    "RIR": 0.0,
    "RIS": 0.5075757575757576,
    "RIVL": 0.0,
    "RIVR": 0.0,
    "RMDDL": 0.35,
    "RMDDR": 0.4,
    "RMDL": 0.5222222222222223,
    "RMDR": 0.5769230769230769,
    "RMDVL": 0.4777777777777778,
    "RMDVR": 0.5909090909090909,
    "RMED": 0.26785714285714285,
    "RMEL": 0.5984848484848485,
    "RMER": 0.37272727272727274,
    "RMEV": 0.5454545454545454,
    "RMFL": 0.5416666666666666,
    "RMFR": 0.3333333333333333,
    "RMGL": 0.0,
    "RMGR": 0.0,
    "RMHL": 0.40476190476190477,
    "RMHR": 0.75,
    "SAADL": 0.0,
    "SAADR": 0.0,
    "SAAVL": 0.0,
    "SAAVR": 0.0,
    "SABD": 0.36666666666666664,
    "SABVL": 0.5,
    "SABVR": 0.5238095238095238,
    "SDQL": 0.75,
    "SDQR": 0.55,
    "SIADL": 0.2619047619047619,
    "SIADR": 0.45454545454545453,
    "SIAVL": 0.5444444444444444,
    "SIAVR": 0.4423076923076923,
    "SIBDL": 0.47619047619047616,
    "SIBDR": 0.48214285714285715,
    "SIBVL": 0.4666666666666667,
    "SIBVR": 0.5888888888888889,
    "SMBDL": 0.0,
    "SMBDR": 0.0,
    "SMBVL": 0.0,
    "SMBVR": 0.0,
    "SMDDL": 0.6785714285714286,
    "SMDDR": 0.5,
    "SMDVL": 0.0,
    "SMDVR": 0.45,
    "URADL": 0.0,
    "URADR": 0.0,
    "URAVL": 0.0,
    "URAVR": 0.0,
    "URBL": 0.0,
    "URBR": 0.0,
    "URXL": 0.0,
    "URXR": 0.0,
    "URYDL": 0.39285714285714285,
    "URYDR": 0.4642857142857143,
    "URYVL": 0.5178571428571429,
    "URYVR": 0.5555555555555556,
    "VA1": 0.3333333333333333,
    "VA10": 0.5256410256410257,
    "VA11": 0.4727272727272727,
    "VA12": 0.4222222222222222,
    "VA2": 0.45,
    "VA3": 0.4,
    "VA4": 0.5714285714285714,
    "VA5": 0.510989010989011,
    "VA6": 0.5972222222222222,
    "VA7": 0.5694444444444444,
    "VA8": 0.4666666666666667,
    "VA9": 0.5984848484848485,
    "VB1": 0.35714285714285715,
    "VB10": 0.5357142857142857,
    "VB11": 0.6090909090909091,
    "VB2": 0.4423076923076923,
    "VB3": 0.42857142857142855,
    "VB4": 0.5476190476190477,
    "VB5": 0.2619047619047619,
    "VB6": 0.23333333333333334,
    "VB7": 0.75,
    "VB8": 0.509090909090909,
    "VB9": 0.4909090909090909,
    "VC1": 0.0,
    "VC2": 0.0,
    "VC3": 0.0,
    "VC4": 0.0,
    "VC5": 0.0,
    "VC6": 0.0,
    "VD1": 0.5555555555555556,
    "VD10": 0.5333333333333333,
    "VD11": 0.4861111111111111,
    "VD12": 0.42857142857142855,
    "VD13": 0.3888888888888889,
    "VD2": 0.5,
    "VD3": 0.6,
    "VD4": 0.48214285714285715,
    "VD5": 0.48717948717948717,
    "VD6": 0.625,
    "VD7": 0.521978021978022,
    "VD8": 0.375,
    "VD9": 0.5178571428571429
  },
  "density": 0.02147367494664584,
  "global_efficiency": 0.7261280584683825,