{
  "clustering_coefficients": {
    "ADAL": 0.0,
    "ADAR": 0.0,
    "ADEL": 0.069135204904808,
    "ADER": 0.05107644033818531,
    "ADFL": 0.04019873532068654,
    "ADFR": 0.03432700993676603,
    "ADLL": 0.5454545454545454,
    "ADLR": 0.7333333333333333,
    "AFDL": 0.696969696969697,
    "AFDR": 0.0,
    "AIAL": 0.6190476190476191,
    "AIAR": 0.5777777777777777,
    "AIBL": 0.5934065934065934,
    "AIBR": 0.5277777777777778,
    "AIML": 0.5238095238095238,
    "AIMR": 0.6538461538461539,
    "AINL": 0.0,
    "AINR": 0.0,
    "AIYL": 0.5178571428571429,
    "AIYR": 0.5545454545454546,
    "AIZL": 0.6363636363636364,
    "AIZR": 0.6428571428571429,
    "ALA": 0.0,
    "ALML": 0.5636363636363636,
    "ALMR": 0.5833333333333334,
    "ALNL": 0.5636363636363636,
    "ALNR": 0.6607142857142857,
    "AQR": 0.0,
    "AS1": 0.7666666666666667,
    "AS10": 0.5666666666666667,
    "AS11": 0.5714285714285714,
    "AS2": 0.5238095238095238,
    "AS3": 0.5833333333333334,
    "AS4": 0.5333333333333333,
    "AS5": 0.6428571428571429,
    "AS6": 0.5,
    "AS7": 0.6785714285714286,
    "AS8": 0.5606060606060606,
    "AS9": 0.42857142857142855,
    "ASEL": 0.5,
    "ASER": 0.6785714285714286,
    "ASGL": 0.5238095238095238,
    "ASGR": 0.6212121212121212,
    "ASHL": 0.6363636363636364,
    "ASHR": 0.6333333333333333,
    "ASIL": 0.75,
    "ASIR": 0.6287878787878788,
    "ASJL": 0.0,
    "ASJR": 0.0,
    "ASKL": 0.5705128205128205,
    "ASKR": 0.5238095238095238,
    "AUAL": 0.42857142857142855,
    "AUAR": 0.5757575757575758,
    "AVAL": 0.0,
    "AVAR": 0.0,
    "AVBL": 0.6666666666666666,
    "AVBR": 0.5833333333333334,
    "AVDL": 0.0,
    "AVDR": 0.0,
    "AVEL": 0.0,
    "AVER": 0.0,
    "AVFL": 0.5444444444444444,
    "AVFR": 0.5272727272727272,
    "AVG": 0.0,
    "AVHL": 0.0,
    "AVHR": 0.5,
    "AVJL": 0.5,
    "AVJR": 0.6527777777777778,
    "AVKL": 0.0,
    "AVKR": 0.0,
    "AVL": 0.6454545454545455,
    "AVM": 0.5151515151515151,
    "AWAL": 0.0,
    "AWAR": 0.0,
    "AWBL": 0.5384615384615384,
    "AWBR": 0.5897435897435898,
    "AWCL": 0.5833333333333334,
    "AWCR": 0.5,
    "BAGL": 0.0,
    "BAGR": 0.5476190476190477,
    "BDUL": 0.75,
    "BDUR": 0.8,
    "CANL": 0.5274725274725275,
    "CANR": 0.75,
    "CEPDL": 0.06276375672321059,
    "CEPDR": 0.08771080448640362,
    "CEPVL": 0.07228771706229091,
    "CEPVR": 0.07240979808010592,
    "DA1": 0.6666666666666666,
    "DA2": 0.5512820512820513,
    "DA3": 0.5545454545454546,
    "DA4": 0.6666666666666666,
    "DA5": 0.6666666666666666,
    "DA6": 0.5277777777777778,
    "DA7": 0.5769230769230769,
    "DA8": 0.5714285714285714,
    "DA9": 0.5181818181818182,
    "DB1": 0.4861111111111111,
    "DB2": 0.5075757575757576,
    "DB3": 0.7777777777777778,
    "DB4": 0.6888888888888889,
    "DB5": 0.5818181818181818,
    "DB6": 0.6888888888888889,
    "DB7": 0.6190476190476191,
    "DD1": 0.75,
    "DD2": 0.49242424242424243,
    "DD3": 0.5757575757575758,
    "DD4": 0.6636363636363637,
    "DD5": 0.5555555555555556,
    "DD6": 0.6944444444444444,
    "DVA": 0.6666666666666666,
    "DVB": 0.0,
    "DVC": 0.44642857142857145,
    "FLPL": 0.5476190476190477,
    "FLPR": 0.6785714285714286,
    "HSNL": 0.11378636030310438,
    "HSNR": 0.08994152046783625,
    "I1L": 0.4107142857142857,
    "I1R": 0.48214285714285715,
    "I2L": 0.5909090909090909,
    "I2R": 0.5757575757575758,
    "I3": 0.5666666666666667,
    "I4": 0.6730769230769231,
    "I5": 0.0,
    "I6": 0.6190476190476191,
    "IL1DL": 0.0,
    "IL1DR": 0.6888888888888889,
    "IL1L": 0.6666666666666666,
    "IL1R": 0.5,
    "IL1VL": 1.0,
    "IL1VR": 1.0,
    "IL2DL": 0.5138888888888888,
    "IL2DR": 0.75,
    "IL2L": 0.5512820512820513,
    "IL2R": 0.5555555555555556,
    "IL2VL": 0.6,
    "IL2VR": 0.5416666666666666,
    "LUAL": 0.0,
    "LUAR": 1.0,
    "M1": 0.6136363636363636,
    "M2L": 0.9,
    "M2R": 0.3888888888888889,
    "M3L": 0.5818181818181818,
    "M3R": 0.5,
    "M4": 0.6666666666666666,
    "M5": 0.5454545454545454,
    "MCL": 0.6666666666666666,
    "MCR": 0.6333333333333333,
    "MI": 0.0,
    "NSML": 0.09803462798315396,
    "NSMR": 0.12001832340815392,
    "OLLL": 0.5,
    "OLLR": 1.0,
    "OLQDL": 0.6666666666666666,
    "OLQDR": 0.0,
    "OLQVL": 0.5,
    "OLQVR": 0.5,
    "PDA": 0.4861111111111111,
    "PDB": 0.0,
    "PDEL": 0.06194614127161662,
    "PDER": 0.07945704353583843,
    "PHAL": 0.6666666666666666,
    "PHAR": 0.5,
    "PHBL": 0.5,
    "PHBR": 0.4,
    "PHCL": 0.47802197802197804,
    "PHCR": 0.6071428571428571,
    "PLML": 0.5,
    "PLMR": 0.7333333333333333,
    "PLNL": 0.7666666666666667,
    "PLNR": 0.5666666666666667,
    "PQR": 0.7,
    "PVCL": 1.0,
    "PVCR": 0.7,
    "PVDL": 0.46794871794871795,
    "PVDR": 0.7361111111111112,
    "PVM": 0.0,
    "PVNL": 0.0,
    "PVNR": 0.0,
    "PVPL": 0.0,
    "PVPR": 0.0,
    "PVQL": 0.6190476190476191,
    "PVQR": 0.5303030303030303,
    "PVR": 0.0,
    "PVT": 0.6666666666666666,
    "PVWL": 0.0,
    "PVWR": 0.0,
    "RIAL": 0.5378787878787878,
    "RIAR": 0.5,
    "RIBL": 0.43333333333333335,
    "RIBR": 0.6666666666666666,
    "RICL": 0.2031431897555297,
    "RICR": 0.19473007712082263,
    "RID": 0.6181818181818182,
    "RIFL": 0.0,
    "RIFR": 0.0,
    "RIGL": 0.0,
    "RIGR": 0.0,
    "RIH": 0.0,
    "RIML": 0.11059333158309267,
    "RIMR": 0.09008004198924026,
    "RIPL": 0.0,
    "RIPR": 0.0,
    "RIR": 0.0,
    "RIS": 0.5363636363636364,
    "RIVL": 0.0,
    "RIVR": 0.0,
    "RMDDL": 0.6089743589743589,
    "RMDDR": 0.7,
    "RMDL": 0.39285714285714285,
    "RMDR": 0.6,
    "RMDVL": 0.6333333333333333,
    "RMDVR": 0.6,
    "RMED": 0.4666666666666667,
    "RMEL": 0.5535714285714286,
    "RMER": 0.5555555555555556,
    "RMEV": 0.5357142857142857,
    "RMFL": 0.6111111111111112,
    "RMFR": 0.5909090909090909,
    "RMGL": 0.0,
    "RMGR": 0.0,
    "RMHL": 0.5833333333333334,
    "RMHR": 0.3888888888888889,
    "SAADL": 0.0,
    "SAADR": 0.0,
    "SAAVL": 0.0,
    "SAAVR": 0.0,
    "SABD": 0.6,
    "SABVL": 0.0,
    "SABVR": 0.5,
    "SDQL": 0.4166666666666667,
    "SDQR": 0.5,
    "SIADL": 0.5,
    "SIADR": 0.5,
    "SIAVL": 0.5138888888888888,
    "SIAVR": 0.5333333333333333,
    "SIBDL": 0.5555555555555556,
    "SIBDR": 0.5,
    "SIBVL": 0.5606060606060606,
    "SIBVR": 0.4,
    "SMBDL": 0.0,
    "SMBDR": 0.0,
    "SMBVL": 0.0,
    "SMBVR": 0.0,
    "SMDDL": 1.0,
    "SMDDR": 0.6333333333333333,
    "SMDVL": 0.6333333333333333,
    "SMDVR": 0.6,
    "URADL": 0.0,
    "URADR": 0.0,
    "URAVL": 0.0,
    "URAVR": 0.0,
    "URBL": 0.0,
    "URBR": 0.0,
    "URXL": 0.0,
    "URXR": 0.0,
    "URYDL": 0.6607142857142857,
    "URYDR": 0.6388888888888888,
    "URYVL": 0.6636363636363637,
    "URYVR": 0.5961538461538461,
    "VA1": 0.5892857142857143,
    "VA10": 0.6428571428571429,
    "VA11": 0.5604395604395604,
    "VA12": 0.7666666666666667,
    "VA2": 0.4909090909090909,
    "VA3": 0.7361111111111112,
    "VA4": 0.6222222222222222,
    "VA5": 0.65,
    "VA6": 0.5666666666666667,
    "VA7": 0.5888888888888889,
    "VA8": 0.5476190476190477,
    "VA9": 0.3888888888888889,
    "VB1": 1.0,
    "VB10": 0.4666666666666667,
    "VB11": 0.5227272727272727,
    "VB2": 0.35714285714285715,
    "VB3": 0.4583333333333333,
    "VB4": 0.7678571428571429,
    "VB5": 0.6785714285714286,
    "VB6": 0.4583333333333333,
    "VB7": 0.7380952380952381,
    "VB8": 0.5272727272727272,
    "VB9": 0.5277777777777778,
    "VC1": 0.0,
    "VC2": 0.0,
    "VC3": 0.0,
    "VC4": 0.0,
    "VC5": 0.0,
    "VC6": 0.0,
    "VD1": 0.75,
    "VD10": 0.6363636363636364,
    "VD11": 0.5181818181818182,
    "VD12": 0.5818181818181818,
    "VD13": 0.5454545454545454,
    "VD2": 0.5961538461538461,
    "VD3": 0.5,
    "VD4": 0.7083333333333334,
    "VD5": 0.6043956043956044,
    "VD6": 0.5694444444444444,
    "VD7": 0.7083333333333334,
    "VD8": 0.5222222222222223,
    "VD9": 0.5833333333333334
  },
  "density": 0.02147367494664584,
  "global_efficiency": 0.7245850210467794,