{
  "clustering_coefficients": {
    "ADAL": 0.0,
    "ADAR": 0.0,
    "ADEL": 0.039477124183006536,
    "ADER": 0.060405851816894764,
    "ADFL": 0.04652213188798555,
    "ADFR": 0.04757603131586871,
    "ADLL": 0.5555555555555556,
    "ADLR": 0.5,
    "AFDL": 0.5,
    "AFDR": 0.6666666666666666,
    "AIAL": 0.43333333333333335,
    "AIAR": 0.5378787878787878,
    "AIBL": 0.5,
    "AIBR": 0.49242424242424243,
    "AIML": 0.5416666666666666,
    "AIMR": 0.509090909090909,
    "AINL": 0.0,
    "AINR": 0.0,
    "AIYL": 0.509090909090909,
    "AIYR": 0.43636363636363634,
    "AIZL": 0.5666666666666667,
    "AIZR": 0.49242424242424243,
    "ALA": 0.0,
    "ALML": 0.5444444444444444,
    "ALMR": 0.35714285714285715,
    "ALNL": 0.5178571428571429,
    "ALNR": 0.5128205128205128,
    "AQR": 0.0,
    "AS1": 0.5333333333333333,
    "AS10": 0.4818181818181818,
    "AS11": 0.44545454545454544,
    "AS2": 0.4,
    "AS3": 0.4166666666666667,
    "AS4": 0.5,
    "AS5": 0.4423076923076923,
    "AS6": 0.5777777777777777,
    "AS7": 0.4393939393939394,
    "AS8": 0.5178571428571429,
    "AS9": 0.509090909090909,
    "ASEL": 0.43333333333333335,
    "ASER": 0.4,
    "ASGL": 0.4818181818181818,
    "ASGR": 0.4027777777777778,
    "ASHL": 0.4583333333333333,
    "ASHR": 0.44545454545454544,
    "ASIL": 0.0,
    "ASIR": 0.3333333333333333,
    "ASJL": 0.0,
    "ASJR": 0.0,
    "ASKL": 0.5151515151515151,
    "ASKR": 0.4666666666666667,
    "AUAL": 0.5,
    "AUAR": 0.5,
    "AVAL": 0.0,
    "AVAR": 0.0,
    "AVBL": 0.5,
    "AVBR": 0.5,
    "AVDL": 0.0,
    "AVDR": 0.0,
    "AVEL": 0.0,
    "AVER": 0.0,
    "AVFL": 0.4027777777777778,
    "AVFR": 0.4888888888888889,
    "AVG": 0.0,
    "AVHL": 0.5,
    "AVHR": 0.5,
    "AVJL": 0.3888888888888889,
    "AVJR": 0.4423076923076923,
    "AVKL": 0.0,
    "AVKR": 0.0,
    "AVL": 0.4166666666666667,
    "AVM": 0.4318181818181818,
    "AWAL": 0.0,
    "AWAR": 0.0,
    "AWBL": 0.4305555555555556,
    "AWBR": 0.5222222222222223,
    "AWCL": 0.5,
    "AWCR": 0.5636363636363636,
    "BAGL": 0.0,
    "BAGR": 0.5,
    "BDUL": 0.4861111111111111,
    "BDUR": 0.0,
    "CANL": 0.44696969696969696,
    "CANR": 0.4666666666666667,
    "CEPDL": 0.07158424140821458,
    "CEPDR": 0.047480533428801576,
    "CEPVL": 0.05047546272711836,
    "CEPVR": 0.05097623089983022,
    "DA1": 0.42857142857142855,
    "DA2": 0.6964285714285714,
    "DA3": 0.5272727272727272,
    "DA4": 0.5444444444444444,
    "DA5": 0.5,
    "DA6": 0.4444444444444444,
    "DA7": 0.5,
    "DA8": 0.48484848484848486,
    "DA9": 0.4666666666666667,
    "DB1": 0.37777777777777777,
    "DB2": 0.4166666666666667,
    "DB3": 0.3333333333333333,
    "DB4": 0.3888888888888889,
    "DB5": 0.41818181818181815,
    "DB6": 0.4636363636363636,
    "DB7": 0.41025641025641024,
    "DD1": 0.48214285714285715,
    "DD2": 0.4818181818181818,
    "DD3": 0.36666666666666664,
    "DD4": 0.37777777777777777,
    "DD5": 0.45555555555555555,
    "DD6": 0.48214285714285715,
    "DVA": 0.5277777777777778,
    "DVB": 0.0,
    "DVC": 0.6,
    "FLPL": 0.47619047619047616,
    "FLPR": 0.5476190476190477,
    "HSNL": 0.09640762463343108,
    "HSNR": 0.11860986547085202,
    "I1L": 0.5227272727272727,
    "I1R": 0.45555555555555555,
    "I2L": 0.42857142857142855,
    "I2R": 0.5,
    "I3": 0.5,
    "I4": 0.5727272727272728,
    "I5": 0.0,
    "I6": 0.47619047619047616,
    "IL1DL": 0.48214285714285715,
    "IL1DR": 0.4,
    "IL1L": 0.0,
    "IL1R": 0.0,
    "IL1VL": 0.5,
    "IL1VR": 0.16666666666666666,
    "IL2DL": 0.3888888888888889,
    "IL2DR": 0.4090909090909091,
    "IL2L": 0.35714285714285715,
    "IL2R": 0.4835164835164835,
    "IL2VL": 0.3333333333333333,
    "IL2VR": 0.6428571428571429,
    "LUAL": 0.5333333333333333,
    "LUAR": 1.0,
    "M1": 0.5535714285714286,
    "M2L": 0.4305555555555556,
    "M2R": 0.5181818181818182,
    "M3L": 0.5,
    "M3R": 0.4111111111111111,
    "M4": 0.4090909090909091,
    "M5": 0.5,
    "MCL": 0.4015151515151515,
    "MCR": 0.4666666666666667,
    "MI": 0.0,
    "NSML": 0.10436786654960492,
    "NSMR": 0.06985832926233512,
    "OLLL": 0.0,
    "OLLR": 0.6666666666666666,
    "OLQDL": 0.5,
    "OLQDR": 0.5238095238095238,
    "OLQVL": 0.5,
    "OLQVR": 0.4,
    "PDA": 0.42857142857142855,
    "PDB": 0.0,
    "PDEL": 0.056072416394267036,
    "PDER": 0.061650815217391304,
    "PHAL": 0.5,
    "PHAR": 0.5,
    "PHBL": 0.5,
    "PHBR": 0.5694444444444444,
    "PHCL": 0.4,
    "PHCR": 0.47619047619047616,
    "PLML": 0.4888888888888889,
    "PLMR": 0.43333333333333335,
    "PLNL": 0.3392857142857143,
    "PLNR": 0.3333333333333333,
    "PQR": 0.6,
    "PVCL": 0.25,
    "PVCR": 0.3333333333333333,
    "PVDL": 0.4777777777777778,
    "PVDR": 0.5714285714285714,
    "PVM": 0.0,
    "PVNL": 0.0,
    "PVNR": 0.0,
    "PVPL": 0.0,
    "PVPR": 0.0,
    "PVQL": 0.4642857142857143,
    "PVQR": 0.4666666666666667,
    "PVR": 0.0,
    "PVT": 0.3,
    "PVWL": 0.0,
    "PVWR": 0.0,
    "RIAL": 0.4444444444444444,
    "RIAR": 0.4523809523809524,
    "RIBL": 0.44696969696969696,
    "RIBR": 0.4166666666666667,
    "RICL": 0.22043701799485863,
    "RICR": 0.19961489088575096,
    "RID": 0.5075757575757576,
    "RIFL": 0.0,
    "RIFR": 0.0,
    "RIGL": 0.0,
    "RIGR": 0.0,
    "RIH": 0.0,
    "RIML": 0.07595880200569183,
    "RIMR": 0.06289396273987953,
    "RIPL": 0.0,
    "RIPR": 0.0,
    "RIR": 0.0,
    "RIS": 0.4945054945054945,
    "RIVL": 0.0,
    "RIVR": 0.0,
    "RMDDL": 0.4772727272727273,
    "RMDDR": 0.42857142857142855,
    "RMDL": 0.4861111111111111,
    "RMDR": 0.5892857142857143,
    "RMDVL": 0.75,
    "RMDVR": 0.5892857142857143,
    "RMED": 0.6333333333333333,
    "RMEL": 0.4523809523809524,
    "RMER": 0.5178571428571429,
    "RMEV": 0.5128205128205128,
    "RMFL": 0.55,
    "RMFR": 0.3333333333333333,
    "RMGL": 0.0,
    "RMGR": 0.0,
    "RMHL": 0.5535714285714286,
    "RMHR": 0.6,
    "SAADL": 0.0,
    "SAADR": 0.0,
    "SAAVL": 0.0,
    "SAAVR": 0.0,
    "SABD": 0.5454545454545454,
    "SABVL": 0.6666666666666666,
    "SABVR": 0.0,
    "SDQL": 1.0,
    "SDQR": 0.6666666666666666,
    "SIADL": 0.3939393939393939,
    "SIADR": 0.5476190476190477,
    "SIAVL": 0.44285714285714284,
    "SIAVR": 0.5,
    "SIBDL": 0.48214285714285715,
    "SIBDR": 0.36666666666666664,
    "SIBVL": 0.625,
    "SIBVR": 0.5238095238095238,
    "SMBDL": 0.0,
    "SMBDR": 0.0,
    "SMBVL": 0.0,
    "SMBVR": 0.0,
    "SMDDL": 0.4166666666666667,
    "SMDDR": 0.5,
    "SMDVL": 0.5,
    "SMDVR": 1.0,
    "URADL": 0.0,
    "URADR": 0.0,
    "URAVL": 0.0,
    "URAVR": 0.0,
    "URBL": 0.0,
    "URBR": 0.0,
    "URXL": 0.0,
    "URXR": 0.0,
    "URYDL": 0.45555555555555555,
    "URYDR": 0.48214285714285715,
    "URYVL": 0.4015151515151515,
    "URYVR": 0.4945054945054945,
    "VA1": 0.4358974358974359,
    "VA10": 0.44545454545454544,
    "VA11": 0.6666666666666666,
    "VA12": 0.4583333333333333,
    "VA2": 0.42727272727272725,
    "VA3": 0.5555555555555556,
    "VA4": 0.36666666666666664,
    "VA5": 0.4318181818181818,
    "VA6": 0.4818181818181818,
    "VA7": 0.4666666666666667,
    "VA8": 0.55,
    "VA9": 0.4318181818181818,
    "VB1": 0.553030303030303,
    "VB10": 0.5555555555555556,
    "VB11": 0.42424242424242425,
    "VB2": 0.4583333333333333,
    "VB3": 0.44545454545454544,
    "VB4": 0.48484848484848486,
    "VB5": 0.5164835164835165,
    "VB6": 0.4722222222222222,
    "VB7": 0.2857142857142857,
    "VB8": 0.44696969696969696,
    "VB9": 0.48484848484848486,
    "VC1": 0.0,
    "VC2": 0.0,
    "VC3": 0.0,
    "VC4": 0.0,
    "VC5": 0.0,
    "VC6": 0.0,
    "VD1": 0.6111111111111112,
    "VD10": 0.4772727272727273,
    "VD11": 0.5,
    "VD12": 0.4935897435897436,
    "VD13": 0.4861111111111111,
    "VD2": 0.5,
    "VD3": 0.4777777777777778,
    "VD4": 0.5,
    "VD5": 0.4888888888888889,
    "VD6": 0.5,
    "VD7": 0.42727272727272725,
    "VD8": 0.509090909090909,
    "VD9": 0.5535714285714286
  },
  "density": 0.02147367494664584,
  "global_efficiency": 0.7250754687003496,