{
  "clustering_coefficients": {
    "ADAL": 0.0,
    "ADAR": 0.0,
    "ADEL": 0.07829138431752178,
    "ADER": 0.07146404038732103,
    "ADFL": 0.038542607648298706,
    "ADFR": 0.04697380307136405,
    "ADLL": 0.8095238095238095,
    "ADLR": 0.7777777777777778,
    "AFDL": 0.6666666666666666,
    "AFDR": 0.7,
    "AIAL": 0.5818181818181818,
    "AIAR": 0.510989010989011,
    "AIBL": 0.4727272727272727,
    "AIBR": 0.5666666666666667,
    "AIML": 0.5909090909090909,
    "AIMR": 0.5888888888888889,
    "AINL": 0.0,
    "AINR": 0.0,
    "AIYL": 0.5833333333333334,
    "AIYR": 0.44871794871794873,
    "AIZL": 0.625,
    "AIZR": 0.4666666666666667,
    "ALA": 0.0,
    "ALML": 0.6222222222222222,
    "ALMR": 0.5666666666666667,
    "ALNL": 0.5952380952380952,
    "ALNR": 0.5984848484848485,
    "AQR": 0.0,
    "AS1": 0.4444444444444444,
    "AS10": 0.6527777777777778,
    "AS11": 0.25,
    "AS2": 0.6388888888888888,
    "AS3": 0.510989010989011,
    "AS4": 0.5,
    "AS5": 0.5,
    "AS6": 0.42857142857142855,
    "AS7": 0.7083333333333334,
    "AS8": 0.4945054945054945,
    "AS9": 0.5694444444444444,
    "ASEL": 0.5666666666666667,
    "ASER": 0.5448717948717948,
    "ASGL": 0.5555555555555556,
    "ASGR": 0.5694444444444444,
    "ASHL": 0.4772727272727273,
    "ASHR": 0.6666666666666666,
    "ASIL": 0.6555555555555556,
    "ASIR": 0.4,
    "ASJL": 0.0,
    "ASJR": 0.0,
    "ASKL": 0.7142857142857143,
    "ASKR": 0.6,
    "AUAL": 0.5178571428571429,
    "AUAR": 0.5378787878787878,
    "AVAL": 0.0,
    "AVAR": 0.0,
    "AVBL": 1.0,
    "AVBR": 0.6666666666666666,
    "AVDL": 0.0,
    "AVDR": 0.0,
    "AVEL": 0.0,
    "AVER": 0.0,
    "AVFL": 0.47435897435897434,
    "AVFR": 0.5952380952380952,
    "AVG": 0.0,
    "AVHL": 0.55,
    "AVHR": 1.0,
    "AVJL": 0.6909090909090909,
    "AVJR": 0.6222222222222222,
    "AVKL": 0.0,
    "AVKR": 0.0,
    "AVL": 0.5,
    "AVM": 0.5,
    "AWAL": 0.0,
    "AWAR": 0.0,
    "AWBL": 0.4888888888888889,
    "AWBR": 0.5454545454545454,
    "AWCL": 1.0,
    "AWCR": 1.0,
    "BAGL": 0.5,
    "BAGR": 0.9166666666666666,
    "BDUL": 0.6666666666666666,
    "BDUR": 1.0,
    "CANL": 0.45555555555555555,
    "CANR": 0.5178571428571429,
    "CEPDL": 0.0628767937505307,
    "CEPDR": 0.07385446918360762,
    "CEPVL": 0.07832162117993136,
    "CEPVR": 0.06974023878670539,
    "DA1": 0.5,
    "DA2": 0.5222222222222223,
    "DA3": 0.6222222222222222,
    "DA4": 0.38095238095238093,
    "DA5": 0.4909090909090909,
    "DA6": 0.6333333333333333,
    "DA7": 0.5272727272727272,
    "DA8": 0.7,
    "DA9": 0.5178571428571429,
    "DB1": 0.5892857142857143,
    "DB2": 0.7666666666666667,
    "DB3": 0.6439393939393939,
    "DB4": 0.42857142857142855,
    "DB5": 0.5303030303030303,
    "DB6": 0.6909090909090909,
    "DB7": 0.5222222222222223,
    "DD1": 0.6190476190476191,
    "DD2": 0.4807692307692308,
    "DD3": 0.5892857142857143,
    "DD4": 0.5454545454545454,
    "DD5": 0.5,
    "DD6": 0.6785714285714286,
    "DVA": 0.6454545454545455,
    "DVB": 0.0,
    "DVC": 0.5,
    "FLPL": 0.4727272727272727,
    "FLPR": 0.42424242424242425,
    "HSNL": 0.08396480078220483,
    "HSNR": 0.06871657754010695,
    "I1L": 0.7111111111111111,
    "I1R": 0.4909090909090909,
    "I2L": 0.5606060606060606,
    "I2R": 0.5454545454545454,
    "I3": 0.8333333333333334,
    "I4": 0.6388888888888888,
    "I5": 0.0,
    "I6": 0.6,
    "IL1DL": 0.4166666666666667,
    "IL1DR": 1.0,
    "IL1L": 1.0,
    "IL1R": 0.6333333333333333,
    "IL1VL": 0.5,
    "IL1VR": 0.0,
    "IL2DL": 0.6363636363636364,
    "IL2DR": 0.5416666666666666,
    "IL2L": 0.48214285714285715,
    "IL2R": 0.7333333333333333,
    "IL2VL": 0.5833333333333334,
    "IL2VR": 0.25,
    "LUAL": 0.0,
    "LUAR": 0.5,
    "M1": 0.6666666666666666,
    "M2L": 0.5272727272727272,
    "M2R": 0.6904761904761905,
    "M3L": 0.5892857142857143,
    "M3R": 0.6,
    "M4": 0.6964285714285714,
    "M5": 0.6777777777777778,
    "MCL": 0.6090909090909091,
    "MCR": 0.5256410256410257,
    "MI": 0.0,
    "NSML": 0.08152312803475595,
    "NSMR": 0.08765652951699464,
    "OLLL": 0.35,
    "OLLR": 0.6666666666666666,
    "OLQDL": 0.0,
    "OLQDR": 0.3333333333333333,
    "OLQVL": 0.38095238095238093,
    "OLQVR": 0.5454545454545454,
    "PDA": 0.625,
    "PDB": 0.0,
    "PDEL": 0.05712968396345042,
    "PDER": 0.0634671079851055,
    "PHAL": 0.5,
    "PHAR": 0.42857142857142855,
    "PHBL": 0.0,
    "PHBR": 0.5,
    "PHCL": 0.6111111111111112,
    "PHCR": 0.5,
    "PLML": 0.7666666666666667,
    "PLMR": 0.6555555555555556,
    "PLNL": 0.7142857142857143,
    "PLNR": 0.7444444444444445,
    "PQR": 0.6666666666666666,
    "PVCL": 0.16666666666666666,
    "PVCR": 1.0,
    "PVDL": 0.5,
    "PVDR": 0.4888888888888889,
    "PVM": 0.0,
    "PVNL": 0.0,
    "PVNR": 0.0,
    "PVPL": 0.0,
    "PVPR": 0.0,
    "PVQL": 0.7857142857142857,
    "PVQR": 0.5333333333333333,
    "PVR": 0.0,
    "PVT": 0.6527777777777778,
    "PVWL": 0.0,
    "PVWR": 0.0,
    "RIAL": 0.6090909090909091,
    "RIAR": 0.6805555555555556,
    "RIBL": 0.5416666666666666,
    "RIBR": 0.5512820512820513,
    "RICL": 0.18243243243243243,
    "RICR": 0.24287652645861602,
    "RID": 0.48484848484848486,
    "RIFL": 0.0,
    "RIFR": 0.0,
    "RIGL": 0.0,
    "RIGR": 0.0,
    "RIH": 0.0,
    "RIML": 0.07368631635102695,
    "RIMR": 0.09514575253346678,
    "RIPL": 0.0,
    "RIPR": 0.0,
    "RIR": 0.0,
    "RIS": 0.4,
    "RIVL": 0.0,
    "RIVR": 0.0,
    "RMDDL": 0.7142857142857143,
    "RMDDR": 0.6666666666666666,
    "RMDL": 0.6555555555555556,
    "RMDR": 0.5892857142857143,
    "RMDVL": 0.5952380952380952,
    "RMDVR": 0.5,
    "RMED": 0.5333333333333333,
    "RMEL": 0.6111111111111112,
    "RMER": 0.5222222222222223,
    "RMEV": 0.6287878787878788,
    "RMFL": 0.6666666666666666,
    "RMFR": 0.7083333333333334,
    "RMGL": 0.0,
    "RMGR": 0.0,
    "RMHL": 0.5222222222222223,
    "RMHR": 0.8,
    "SAADL": 0.0,
    "SAADR": 0.0,
    "SAAVL": 0.0,
    "SAAVR": 0.0,
    "SABD": 1.0,
    "SABVL": 0.6363636363636364,
    "SABVR": 1.0,
    "SDQL": 1.0,
    "SDQR": 0.55,
    "SIADL": 0.7142857142857143,
    "SIADR": 0.48214285714285715,
    "SIAVL": 0.5,
    "SIAVR": 0.5576923076923077,
    "SIBDL": 0.5416666666666666,
    "SIBDR": 0.5138888888888888,
    "SIBVL": 0.45454545454545453,
    "SIBVR": 0.5952380952380952,
    "SMBDL": 0.0,
    "SMBDR": 0.0,
    "SMBVL": 0.0,
    "SMBVR": 0.0,
    "SMDDL": 0.5666666666666667,
    "SMDDR": 0.5,
    "SMDVL": 0.5636363636363636,
    "SMDVR": 0.7142857142857143,
    "URADL": 0.0,
    "URADR": 0.0,
    "URAVL": 0.0,
    "URAVR": 0.0,
    "URBL": 0.0,
    "URBR": 0.0,
    "URXL": 0.0,
    "URXR": 0.0,
    "URYDL": 0.45,
    "URYDR": 0.5192307692307693,
    "URYVL": 0.4935897435897436,
    "URYVR": 0.4727272727272727,
    "VA1": 0.45604395604395603,
    "VA10": 0.6964285714285714,
    "VA11": 0.5222222222222223,
    "VA12": 0.625,
    "VA2": 0.625,
    "VA3": 0.5178571428571429,
    "VA4": 0.4666666666666667,
    "VA5": 0.6428571428571429,
    "VA6": 0.4,
    "VA7": 0.5416666666666666,
    "VA8": 0.3333333333333333,
    "VA9": 0.45555555555555555,
    "VB1": 0.4444444444444444,
    "VB10": 0.6333333333333333,
    "VB11": 0.45,
    "VB2": 0.5833333333333334,
    "VB3": 0.5444444444444444,
    "VB4": 0.5178571428571429,
    "VB5": 0.5,
    "VB6": 0.5909090909090909,
    "VB7": 0.4861111111111111,
    "VB8": 0.3333333333333333,
    "VB9": 0.4722222222222222,
    "VC1": 0.0,
    "VC2": 0.0,
    "VC3": 0.0,
    "VC4": 0.0,
    "VC5": 0.0,
    "VC6": 0.0,
    "VD1": 0.6555555555555556,
    "VD10": 0.5,
    "VD11": 0.625,
    "VD12": 0.6666666666666666,
    "VD13": 0.5192307692307693,
    "VD2": 0.45555555555555555,
    "VD3": 0.7222222222222222,
    "VD4": 0.5,
    "VD5": 0.5909090909090909,
    "VD6": 0.42727272727272725,
    "VD7": 0.75,
    "VD8": 0.5818181818181818,
    "VD9": 0.5384615384615384
  },
  "density": 0.02147367494664584,
  "global_efficiency": 0.7245789640927868,
  "maximum_modularity": 0.09519502905804891,