{
  "clustering_coefficients": {
    "ADAL": 0.0,
    "ADAR": 0.0,
    "ADEL": 0.072730939895119,
    "ADER": 0.06444587836747863,
    "ADFL": 0.05676001204456489,
    "ADFR": 0.050436615477265884,
    "ADLL": 0.7272727272727273,
    "ADLR": 0.6428571428571429,
    "AFDL": 0.0,
    "AFDR": 0.0,
    "AIAL": 0.6181818181818182,
    "AIAR": 0.5909090909090909,
    "AIBL": 0.75,
    "AIBR": 0.5363636363636364,
    "AIML": 0.6944444444444444,
    "AIMR": 0.6428571428571429,
    "AINL": 0.0,
    "AINR": 0.0,
    "AIYL": 0.6785714285714286,
    "AIYR": 0.5909090909090909,
    "AIZL": 0.4861111111111111,
    "AIZR": 0.7619047619047619,
    "ALA": 0.0,
    "ALML": 0.5606060606060606,
    "ALMR": 0.6089743589743589,
    "ALNL": 0.2,
    "ALNR": 0.5075757575757576,
    "AQR": 0.0,
    "AS1": 0.6,
    "AS10": 0.5714285714285714,
    "AS11": 0.6,
    "AS2": 0.6428571428571429,
    "AS3": 0.5111111111111111,
    "AS4": 0.6555555555555556,
    "AS5": 0.6607142857142857,
    "AS6": 0.5666666666666667,
    "AS7": 0.5190476190476191,
    "AS8": 0.5075757575757576,
    "AS9": 0.5,
    "ASEL": 0.509090909090909,
    "ASER": 0.5357142857142857,
    "ASGL": 0.532967032967033,
    "ASGR": 0.6666666666666666,
    "ASHL": 0.5428571428571428,
    "ASHR": 0.5892857142857143,
    "ASIL": 0.7,
    "ASIR": 0.5416666666666666,
    "ASJL": 0.0,
    "ASJR": 0.0,
    "ASKL": 0.6410256410256411,
    "ASKR": 0.6805555555555556,
    "AUAL": 0.5714285714285714,
    "AUAR": 0.5666666666666667,
    "AVAL": 0.0,
    "AVAR": 0.0,
    "AVBL": 0.6,
    "AVBR": 0.6428571428571429,
    "AVDL": 0.0,
    "AVDR": 0.0,
    "AVEL": 0.0,
    "AVER": 0.0,
    "AVFL": 0.6515151515151515,
    "AVFR": 0.8,
    "AVG": 0.0,
    "AVHL": 0.3333333333333333,
    "AVHR": 0.5,
    "AVJL": 0.55,
    "AVJR": 0.5,
    "AVKL": 0.0,
    "AVKR": 0.0,
    "AVL": 0.4666666666666667,
    "AVM": 0.6071428571428571,
    "AWAL": 0.0,
    "AWAR": 0.0,
    "AWBL": 0.6444444444444445,
    "AWBR": 0.6111111111111112,
    "AWCL": 0.6666666666666666,
    "AWCR": 0.16666666666666666,
    "BAGL": 0.8333333333333334,
    "BAGR": 0.5,
    "BDUL": 0.5,
    "BDUR": 0.0,
    "CANL": 0.4166666666666667,
    "CANR": 0.6607142857142857,
    "CEPDL": 0.0669062985050241,
    "CEPDR": 0.08118396519577377,
    "CEPVL": 0.08447635952880427,
    "CEPVR": 0.07783018867924528,
    "DA1": 0.5,
    "DA2": 0.5454545454545454,
    "DA3": 0.4666666666666667,
    "DA4": 0.5,
    "DA5": 0.5833333333333334,
    "DA6": 0.48214285714285715,
    "DA7": 0.7142857142857143,
    "DA8": 0.6428571428571429,
    "DA9": 0.4444444444444444,
    "DB1": 0.7083333333333334,
    "DB2": 0.6,
    "DB3": 0.47619047619047616,
    "DB4": 0.6,
    "DB5": 0.532967032967033,
    "DB6": 0.5714285714285714,
    "DB7": 0.65,
    "DD1": 0.75,
    "DD2": 0.5961538461538461,
    "DD3": 0.6607142857142857,
    "DD4": 0.5961538461538461,
    "DD5": 0.5222222222222223,
    "DD6": 0.5694444444444444,
    "DVA": 0.532967032967033,
    "DVB": 0.0,
    "DVC": 0.6666666666666666,
    "FLPL": 0.7380952380952381,
    "FLPR": 0.6785714285714286,
    "HSNL": 0.11303827751196172,
    "HSNR": 0.11899067208801722,
    "I1L": 0.5476190476190477,
    "I1R": 0.6333333333333333,
    "I2L": 0.5444444444444444,
    "I2R": 0.6363636363636364,
    "I3": 0.7142857142857143,
    "I4": 0.6727272727272727,
    "I5": 0.0,
    "I6": 0.7321428571428571,
    "IL1DL": 0.5,
    "IL1DR": 0.6190476190476191,
    "IL1L": Infinity,
    "IL1R": 0.0,
    "IL1VL": 0.7321428571428571,
    "IL1VR": 0.6666666666666666,
    "IL2DL": 0.5892857142857143,
    "IL2DR": 0.5961538461538461,
    "IL2L": 0.6,
    "IL2R": 0.5378787878787878,
    "IL2VL": 0.5576923076923077,
    "IL2VR": 0.6444444444444445,
    "LUAL": 0.0,
    "LUAR": 0.5,
    "M1": 0.6904761904761905,
    "M2L": 0.6666666666666666,
    "M2R": 0.5,
    "M3L": 0.8,
    "M3R": 0.7,
    "M4": 0.5555555555555556,
    "M5": 0.7142857142857143,
    "MCL": 0.6181818181818182,
    "MCR": 0.5636363636363636,
    "MI": 0.0,
    "NSML": 0.0887719298245614,
    "NSMR": 0.10329901731399158,
    "OLLL": 0.7083333333333334,
    "OLLR": 0.85,
    "OLQDL": 0.55,
    "OLQDR": 0.5,
    "OLQVL": 0.7619047619047619,
    "OLQVR": 0.5833333333333334,
    "PDA": 0.6428571428571429,
    "PDB": 0.0,
    "PDEL": 0.04858811225379118,
    "PDER": 0.08192819685356999,
    "PHAL": 0.0,
    "PHAR": 0.4,
    "PHBL": 0.5,
    "PHBR": 0.6785714285714286,
    "PHCL": 0.5666666666666667,
    "PHCR": 0.5666666666666667,
    "PLML": 0.6888888888888889,
    "PLMR": 0.4,
    "PLNL": 0.7333333333333333,
    "PLNR": 0.48214285714285715,
    "PQR": 0.3611111111111111,
    "PVCL": 0.75,
    "PVCR": 0.5333333333333333,
    "PVDL": 0.5757575757575758,
    "PVDR": 0.6590909090909091,
    "PVM": 0.0,
    "PVNL": 0.0,
    "PVNR": 0.0,
    "PVPL": 0.0,
    "PVPR": 0.0,
    "PVQL": 0.7,
    "PVQR": 0.6272727272727273,
    "PVR": 0.0,
    "PVT": 0.5,
    "PVWL": 0.0,
    "PVWR": 0.0,
    "RIAL": 0.5,
    "RIAR": 0.4523809523809524,
    "RIBL": 0.5277777777777778,
    "RIBR": 0.6181818181818182,
    "RICL": 0.18044515103338632,
    "RICR": 0.10416666666666667,
    "RID": 0.6,
    "RIFL": 0.0,
    "RIFR": 0.0,
    "RIGL": 0.0,
    "RIGR": 0.0,
    "RIH": 0.0,
    "RIML": 0.07876483926904095,
    "RIMR": 0.06818516880436386,
    "RIPL": 0.0,
    "RIPR": 0.0,
    "RIR": 0.0,
    "RIS": 0.6428571428571429,
    "RIVL": 0.0,
    "RIVR": 0.0,
    "RMDDL": 0.5227272727272727,
    "RMDDR": 0.7142857142857143,
    "RMDL": 0.5972222222222222,
    "RMDR": 0.7333333333333333,
    "RMDVL": 0.8333333333333334,
    "RMDVR": 0.7111111111111111,
    "RMED": 0.6388888888888888,
    "RMEL": 0.5666666666666667,
    "RMER": 0.5636363636363636,
    "RMEV": 0.6071428571428571,
    "RMFL": 0.7321428571428571,
    "RMFR": 0.6944444444444444,
    "RMGL": 0.0,
    "RMGR": 0.0,
    "RMHL": 0.7,
    "RMHR": 0.5138888888888888,
    "SAADL": 0.0,
    "SAADR": 0.0,
    "SAAVL": 0.0,
    "SAAVR": 0.0,
    "SABD": 0.4166666666666667,
    "SABVL": 0.5,
    "SABVR": 0.8333333333333334,
    "SDQL": 1.0,
    "SDQR": 0.5833333333333334,
    "SIADL": 0.5545454545454546,
    "SIADR": 0.6089743589743589,
    "SIAVL": 0.5333333333333333,
    "SIAVR": 0.5555555555555556,
    "SIBDL": 0.6666666666666666,
    "SIBDR": 0.4166666666666667,
    "SIBVL": 0.6545454545454545,
    "SIBVR": 0.5494505494505495,
    "SMBDL": 0.0,
    "SMBDR": 0.0,
    "SMBVL": 0.0,
    "SMBVR": 0.0,
    "SMDDL": 0.65,
    "SMDDR": 0.5666666666666667,
    "SMDVL": 0.7142857142857143,
    "SMDVR": 0.5,
    "URADL": 0.0,
    "URADR": 0.0,
    "URAVL": 0.0,
    "URAVR": 0.0,
    "URBL": 0.0,
    "URBR": 0.0,
    "URXL": 0.0,
    "URXR": 0.0,
    "URYDL": 0.6136363636363636,
    "URYDR": 0.5535714285714286,
    "URYVL": 0.4909090909090909,
    "URYVR": 0.6904761904761905,
    "VA1": 0.6098901098901099,
    "VA10": 0.7619047619047619,
    "VA11": 0.5,
    "VA12": 0.7045454545454546,
    "VA2": 0.5,
    "VA3": 0.6333333333333333,
    "VA4": 0.5555555555555556,
    "VA5": 0.7,
    "VA6": 0.5476190476190477,
    "VA7": 0.6515151515151515,
    "VA8": 0.5833333333333334,
    "VA9": 0.6785714285714286,
    "VB1": 0.7,
    "VB10": 0.5833333333333334,
    "VB11": 0.42857142857142855,
    "VB2": 0.5444444444444444,
    "VB3": 0.5363636363636364,
    "VB4": 0.5,
    "VB5": 0.3,
    "VB6": 0.5681818181818182,
    "VB7": 0.6111111111111112,
    "VB8": 0.4714285714285714,
    "VB9": 0.4166666666666667,
    "VC1": 0.0,
    "VC2": 0.0,
    "VC3": 0.0,
    "VC4": 0.0,
    "VC5": 0.0,
    "VC6": 0.0,
    "VD1": 0.5604395604395604,
    "VD10": 0.4305555555555556,
    "VD11": 0.6666666666666666,
    "VD12": 0.4027777777777778,
    "VD13": 0.6153846153846154,
    "VD2": 0.5972222222222222,
    "VD3": 0.5757575757575758,
    "VD4": 0.4,
    "VD5": 0.47619047619047616,
    "VD6": 0.5972222222222222,
    "VD7": 0.5333333333333333,
    "VD8": 0.5128205128205128,
    "VD9": 0.6904761904761905
  },
  "density": 0.02147367494664584,
  "global_efficiency": 0.7229305687956784,
  "maximum_modularity": 0.09508375184762162,