{
  "clustering_coefficients": {
    "ADAL": 0.0,
    "ADAR": 0.0,
    "ADEL": 0.0738227261441695,
    "ADER": 0.061346185263845776,
    "ADFL": 0.039144835892803376,
    "ADFR": 0.043812104787714544,
    "ADLL": 0.5238095238095238,
    "ADLR": 0.5604395604395604,
    "AFDL": 0.0,
    "AFDR": 0.0,
    "AIAL": 0.509090909090909,
    "AIAR": 0.5,
    "AIBL": 0.5,
    "AIBR": 0.5238095238095238,
    "AIML": 0.5277777777777778,
    "AIMR": 0.6272727272727273,
    "AINL": 0.0,
    "AINR": 0.0,
    "AIYL": 0.6444444444444445,
    "AIYR": 0.5606060606060606,
    "AIZL": 0.6607142857142857,
    "AIZR": 0.6,
    "ALA": 0.0,
    "ALML": 0.8,
    "ALMR": 0.6090909090909091,
    "ALNL": 0.48214285714285715,
    "ALNR": 0.7619047619047619,
    "AQR": 0.0,
    "AS1": 0.5833333333333334,
    "AS10": 0.5238095238095238,
    "AS11": 0.5555555555555556,
    "AS2": 0.6666666666666666,
    "AS3": 0.5892857142857143,
    "AS4": 0.6,
    "AS5": 0.5178571428571429,
    "AS6": 0.7619047619047619,
    "AS7": 0.625,
    "AS8": 0.5,
    "AS9": 0.6090909090909091,
    "ASEL": 0.5222222222222223,
    "ASER": 0.5075757575757576,
    "ASGL": 0.45555555555555555,
    "ASGR": 0.6222222222222222,
    "ASHL": 0.42857142857142855,
    "ASHR": 0.4666666666666667,
    "ASIL": 0.5535714285714286,
    "ASIR": 0.5666666666666667,
    "ASJL": 0.0,
    "ASJR": 0.0,
    "ASKL": 0.5952380952380952,
    "ASKR": 0.5277777777777778,
    "AUAL": 0.47619047619047616,
    "AUAR": 0.5984848484848485,
    "AVAL": 0.0,
    "AVAR": 0.0,
    "AVBL": 0.5,
    "AVBR": 0.5606060606060606,
    "AVDL": 0.0,
    "AVDR": 0.0,
    "AVEL": 0.0,
    "AVER": 0.0,
    "AVFL": 0.3,
    "AVFR": 0.5666666666666667,
    "AVG": 0.0,
    "AVHL": 0.0,
    "AVHR": 0.5,
    "AVJL": 0.5604395604395604,
    "AVJR": 0.6136363636363636,
    "AVKL": 0.0,
    "AVKR": 0.0,
    "AVL": 0.5333333333333333,
    "AVM": 0.5984848484848485,
    "AWAL": 0.0,
    "AWAR": 0.0,
    "AWBL": 0.4727272727272727,
    "AWBR": 0.509090909090909,
    "AWCL": 0.5,
    "AWCR": 0.8333333333333334,
    "BAGL": 0.0,
    "BAGR": 0.4666666666666667,
    "BDUL": 0.5,
    "BDUR": 1.0,
    "CANL": 0.55,
    "CANR": 0.6428571428571429,
    "CEPDL": 0.0799919322307382,
    "CEPDR": 0.0734107776702162,
    "CEPVL": 0.0716709426466937,
    "CEPVR": 0.07841871722468738,
    "DA1": 0.75,
    "DA2": 0.5714285714285714,
    "DA3": 0.5454545454545454,
    "DA4": 0.8333333333333334,
    "DA5": 0.4,
    "DA6": 0.44545454545454544,
    "DA7": 0.6607142857142857,
    "DA8": 0.5,
    "DA9": 0.5714285714285714,
    "DB1": 0.5512820512820513,
    "DB2": 0.6363636363636364,
    "DB3": 0.40476190476190477,
    "DB4": 0.6363636363636364,
    "DB5": 0.4090909090909091,
    "DB6": 0.4772727272727273,
    "DB7": 0.37272727272727274,
    "DD1": 0.7,
    "DD2": 0.5984848484848485,
    "DD3": 0.6666666666666666,
    "DD4": 0.6,
    "DD5": 0.6111111111111112,
    "DD6": 0.5604395604395604,
    "DVA": 0.5357142857142857,
    "DVB": 0.0,
    "DVC": 0.5606060606060606,
    "FLPL": 0.6666666666666666,
    "FLPR": 0.4230769230769231,
    "HSNL": 0.06663929939792008,
    "HSNR": 0.10246293639406982,
    "I1L": 0.5714285714285714,
    "I1R": 0.5,
    "I2L": 0.5555555555555556,
    "I2R": 0.6282051282051282,
    "I3": 0.5714285714285714,
    "I4": 0.6333333333333333,
    "I5": 0.0,
    "I6": 0.5833333333333334,
    "IL1DL": 1.0,
    "IL1DR": 1.0,
    "IL1L": 0.5892857142857143,
    "IL1R": 0.3333333333333333,
    "IL1VL": 0.6666666666666666,
    "IL1VR": 1.0,
    "IL2DL": 0.5416666666666666,
    "IL2DR": 0.625,
    "IL2L": 0.5,
    "IL2R": 0.5138888888888888,
    "IL2VL": 0.5757575757575758,
    "IL2VR": 0.5555555555555556,
    "LUAL": 0.6333333333333333,
    "LUAR": 1.0,
    "M1": 0.44642857142857145,
    "M2L": 0.5476190476190477,
    "M2R": 0.7619047619047619,
    "M3L": 0.5227272727272727,
    "M3R": 0.7,
    "M4": 0.4807692307692308,
    "M5": 0.75,
    "MCL": 0.5909090909090909,
    "MCR": 0.375,
    "MI": 0.0,
    "NSML": 0.09570214892553723,
    "NSMR": 0.0943534588120264,
    "OLLL": 0.8333333333333334,
    "OLLR": 1.0,
    "OLQDL": 0.5,
    "OLQDR": 0.6666666666666666,
    "OLQVL": 0.5,
    "OLQVR": 0.6666666666666666,
    "PDA": 0.5142857142857142,
    "PDB": 0.0,
    "PDEL": 0.07318299941319474,
    "PDER": 0.06388084402151427,
    "PHAL": 0.0,
    "PHAR": 0.7619047619047619,
    "PHBL": 0.35,
    "PHBR": 0.5,
    "PHCL": 0.6090909090909091,
    "PHCR": 0.5416666666666666,
    "PLML": 0.5909090909090909,
    "PLMR": 0.5227272727272727,
    "PLNL": 0.7321428571428571,
    "PLNR": 0.6666666666666666,
    "PQR": 0.6527777777777778,
    "PVCL": 0.6666666666666666,
    "PVCR": 0.4166666666666667,
    "PVDL": 0.5178571428571429,
    "PVDR": 0.5545454545454546,
    "PVM": 0.0,
    "PVNL": 0.0,
    "PVNR": 0.0,
    "PVPL": 0.0,
    "PVPR": 0.0,
    "PVQL": 0.6909090909090909,
    "PVQR": 0.4727272727272727,
    "PVR": 0.0,
    "PVT": 0.6964285714285714,
    "PVWL": 0.0,
    "PVWR": 0.0,
    "RIAL": 0.5333333333333333,
    "RIAR": 0.65,
    "RIBL": 0.5984848484848485,
    "RIBR": 0.6964285714285714,
    "RICL": 0.15433854907539118,
    "RICR": 0.2222222222222222,
    "RID": 0.5,
    "RIFL": 0.0,
    "RIFR": 0.0,
    "RIGL": 0.0,
    "RIGR": 0.0,
    "RIH": 0.0,
    "RIML": 0.06353333333333333,
    "RIMR": 0.08423369347739096,
    "RIPL": 0.0,
    "RIPR": 0.0,
    "RIR": 0.0,
    "RIS": 0.5576923076923077,
    "RIVL": 0.0,
    "RIVR": 0.0,
    "RMDDL": 0.5535714285714286,
    "RMDDR": 0.7181818181818181,
    "RMDL": 0.6454545454545455,
    "RMDR": 0.5138888888888888,
    "RMDVL": 0.5444444444444444,
    "RMDVR": 0.6818181818181818,
    "RMED": 0.6785714285714286,
    "RMEL": 0.5,
    "RMER": 0.6785714285714286,
    "RMEV": 0.5333333333333333,
    "RMFL": 0.5555555555555556,
    "RMFR": 0.5128205128205128,
    "RMGL": 0.0,
    "RMGR": 0.0,
    "RMHL": 0.625,
    "RMHR": 0.7,
    "SAADL": 0.0,
    "SAADR": 0.0,
    "SAAVL": 0.0,
    "SAAVR": 0.0,
    "SABD": 0.5833333333333334,
    "SABVL": 0.5,
    "SABVR": 0.35,
    "SDQL": 0.0,
    "SDQR": 1.0,
    "SIADL": 0.5227272727272727,
    "SIADR": 0.5833333333333334,
    "SIAVL": 0.5476190476190477,
    "SIAVR": 0.5694444444444444,
    "SIBDL": 0.6111111111111112,
    "SIBDR": 0.5416666666666666,
    "SIBVL": 0.39285714285714285,
    "SIBVR": 0.38095238095238093,
    "SMBDL": 0.0,
    "SMBDR": 0.0,
    "SMBVL": 0.0,
    "SMBVR": 0.0,
    "SMDDL": 0.6444444444444445,
    "SMDDR": 0.0,
    "SMDVL": 0.65,
    "SMDVR": 1.0,
    "URADL": 0.0,
    "URADR": 0.0,
    "URAVL": 0.0,
    "URAVR": 0.0,
    "URBL": 0.0,
    "URBR": 0.0,
    "URXL": 0.0,
    "URXR": 0.0,
    "URYDL": 0.6538461538461539,
    "URYDR": 0.5181818181818182,
    "URYVL": 0.44642857142857145,
    "URYVR": 0.6190476190476191,
    "VA1": 0.4818181818181818,
    "VA10": 0.5606060606060606,
    "VA11": 0.6090909090909091,
    "VA12": 0.5636363636363636,
    "VA2": 0.6727272727272727,
    "VA3": 0.5727272727272728,
    "VA4": 0.5666666666666667,
    "VA5": 0.26666666666666666,
    "VA6": 0.5833333333333334,
    "VA7": 0.4807692307692308,
    "VA8": 0.4107142857142857,
    "VA9": 0.35,
    "VB1": 0.6444444444444445,
    "VB10": 0.7321428571428571,
    "VB11": 0.5512820512820513,
    "VB2": 0.6666666666666666,
    "VB3": 0.5666666666666667,
    "VB4": 0.5892857142857143,
    "VB5": 0.5892857142857143,
    "VB6": 0.5333333333333333,
    "VB7": 0.5714285714285714,
    "VB8": 0.47619047619047616,
    "VB9": 0.6071428571428571,
    "VC1": 0.0,
    "VC2": 0.0,
    "VC3": 0.0,
    "VC4": 0.0,
    "VC5": 0.0,
    "VC6": 0.0,
    "VD1": 0.6333333333333333,
    "VD10": 0.5274725274725275,
    "VD11": 0.4666666666666667,
    "VD12": 0.4027777777777778,
    "VD13": 0.5363636363636364,
    "VD2": 0.6222222222222222,
    "VD3": 0.6060606060606061,
    "VD4": 0.42857142857142855,
    "VD5": 0.5272727272727272,
    "VD6": 0.6777777777777778,
    "VD7": 0.625,
    "VD8": 0.5606060606060606,
    "VD9": 0.5380952380952381
  },
  "density": 0.02147367494664584,
  "global_efficiency": 0.723149030823006,