{
  "clustering_coefficients": {
    "ADAL": 0.0,
    "ADAR": 0.0,
    "ADEL": 0.08684566966775556,
    "ADER": 0.07071919225357941,
    "ADFL": 0.051339957844022885,
    "ADFR": 0.03432700993676603,
    "ADLL": 0.39285714285714285,
    "ADLR": 0.0,
    "AFDL": 0.375,
    "AFDR": 0.16666666666666666,
    "AIAL": 0.49242424242424243,
    "AIAR": 0.6964285714285714,
    "AIBL": 0.5909090909090909,
    "AIBR": 0.6333333333333333,
    "AIML": 0.48214285714285715,
    "AIMR": 0.5909090909090909,
    "AINL": 0.0,
    "AINR": 0.0,
    "AIYL": 0.6666666666666666,
    "AIYR": 0.5972222222222222,
    "AIZL": 0.44642857142857145,
    "AIZR": 0.5363636363636364,
    "ALA": 0.0,
    "ALML": 0.5444444444444444,
    "ALMR": 0.4861111111111111,
    "ALNL": 0.4861111111111111,
    "ALNR": 0.625,
    "AQR": 0.0,
    "AS1": 0.5227272727272727,
    "AS10": 0.5694444444444444,
    "AS11": 0.5606060606060606,
    "AS2": 0.6666666666666666,
    "AS3": 0.4,
    "AS4": 0.553030303030303,
    "AS5": 0.4358974358974359,
    "AS6": 0.5,
    "AS7": 0.6071428571428571,
    "AS8": 0.44871794871794873,
    "AS9": 0.4909090909090909,
    "ASEL": 0.23333333333333334,
    "ASER": 0.5476190476190477,
    "ASGL": 0.6527777777777778,
    "ASGR": 0.5454545454545454,
    "ASHL": 0.5363636363636364,
    "ASHR": 0.5606060606060606,
    "ASIL": 0.5777777777777777,
    "ASIR": 0.32142857142857145,
    "ASJL": 0.0,
    "ASJR": 0.0,
    "ASKL": 0.489010989010989,
    "ASKR": 0.4666666666666667,
    "AUAL": 0.6111111111111112,
    "AUAR": 0.43333333333333335,
    "AVAL": 0.0,
    "AVAR": 0.0,
    "AVBL": 0.5,
    "AVBR": 1.0,
    "AVDL": 0.0,
    "AVDR": 0.0,
    "AVEL": 0.0,
    "AVER": 0.0,
    "AVFL": 0.4,
    "AVFR": 0.5,
    "AVG": 0.0,
    "AVHL": 0.6428571428571429,
    "AVHR": 0.0,
    "AVJL": 0.6444444444444445,
    "AVJR": 0.4722222222222222,
    "AVKL": 0.0,
    "AVKR": 0.0,
    "AVL": 0.5277777777777778,
    "AVM": 0.36666666666666664,
    "AWAL": 0.0,
    "AWAR": 0.0,
    "AWBL": 0.4772727272727273,
    "AWBR": 0.4318181818181818,
    "AWCL": 0.3333333333333333,
    "AWCR": 0.5,
    "BAGL": 1.0,
    "BAGR": 0.5277777777777778,
    "BDUL": 0.6,
    "BDUR": 0.8333333333333334,
    "CANL": 0.5,
    "CANR": 0.5727272727272728,
    "CEPDL": 0.06748034753827058,
    "CEPDR": 0.05418657279356299,
    "CEPVL": 0.05670103092783505,
    "CEPVR": 0.06831347236014565,
    "DA1": 0.5,
    "DA2": 0.6363636363636364,
    "DA3": 0.47619047619047616,
    "DA4": 0.38095238095238093,
    "DA5": 0.5181818181818182,
    "DA6": 0.6428571428571429,
    "DA7": 0.36666666666666664,
    "DA8": 0.5476190476190477,
    "DA9": 0.5222222222222223,
    "DB1": 0.6190476190476191,
    "DB2": 0.521978021978022,
    "DB3": 0.5545454545454546,
    "DB4": 0.5444444444444444,
    "DB5": 0.42857142857142855,
    "DB6": 0.36666666666666664,
    "DB7": 0.48214285714285715,
    "DD1": 0.5416666666666666,
    "DD2": 0.5714285714285714,
    "DD3": 0.4835164835164835,
    "DD4": 0.5535714285714286,
    "DD5": 0.6428571428571429,
    "DD6": 0.42857142857142855,
    "DVA": 0.5222222222222223,
    "DVB": 0.0,
    "DVC": 0.4696969696969697,
    "FLPL": 0.43333333333333335,
    "FLPR": 0.5714285714285714,
    "HSNL": 0.10425633668101388,
    "HSNR": 0.058365261813537676,
    "I1L": 0.532051282051282,
    "I1R": 0.4166666666666667,
    "I2L": 0.5641025641025641,
    "I2R": 0.6666666666666666,
    "I3": 0.4305555555555556,
    "I4": 0.5272727272727272,
    "I5": 0.0,
    "I6": 0.5333333333333333,
    "IL1DL": 0.6785714285714286,
    "IL1DR": 1.0,
    "IL1L": 0.4,
    "IL1R": 0.5,
    "IL1VL": 0.5,
    "IL1VR": 0.5833333333333334,
    "IL2DL": 0.6444444444444445,
    "IL2DR": 0.625,
    "IL2L": 0.6785714285714286,
    "IL2R": 0.45,
    "IL2VL": 0.5909090909090909,
    "IL2VR": 0.532967032967033,
    "LUAL": 0.40476190476190477,
    "LUAR": 0.0,
    "M1": 0.6071428571428571,
    "M2L": 0.6388888888888888,
    "M2R": 0.5888888888888889,
    "M3L": 0.5075757575757576,
    "M3R": 0.5,
    "M4": 0.49242424242424243,
    "M5": 0.4777777777777778,
    "MCL": 0.5694444444444444,
    "MCR": 0.44642857142857145,
    "MI": 0.0,
    "NSML": 0.08307770961145194,
    "NSMR": 0.09575556123753516,
    "OLLL": 0.5,
    "OLLR": 0.16666666666666666,
    "OLQDL": 0.0,
    "OLQDR": 0.0,
    "OLQVL": 1.0,
    "OLQVR": 0.5,
    "PDA": 0.47619047619047616,
    "PDB": 0.0,
    "PDEL": 0.06441613588110404,
    "PDER": 0.05753226902173913,
    "PHAL": 0.5,
    "PHAR": 0.5,
    "PHBL": 0.6333333333333333,
    "PHBR": 0.3333333333333333,
    "PHCL": 0.5818181818181818,
    "PHCR": 0.6071428571428571,
    "PLML": 0.7142857142857143,
    "PLMR": 0.4,
    "PLNL": 0.5303030303030303,
    "PLNR": 0.45454545454545453,
    "PQR": 0.36666666666666664,
    "PVCL": 0.4166666666666667,
    "PVCR": 0.6904761904761905,
    "PVDL": 0.5714285714285714,
    "PVDR": 0.3194444444444444,
    "PVM": 0.0,
    "PVNL": 0.0,
    "PVNR": 0.0,
    "PVPL": 0.0,
    "PVPR": 0.0,
    "PVQL": 0.3888888888888889,
    "PVQR": 0.6,
    "PVR": 0.0,
    "PVT": 0.6428571428571429,
    "PVWL": 0.0,
    "PVWR": 0.0,
    "RIAL": 0.5333333333333333,
    "RIAR": 0.5666666666666667,
    "RIBL": 0.4935897435897436,
    "RIBR": 0.6805555555555556,
    "RICL": 0.15764331210191082,
    "RICR": 0.18846153846153846,
    "RID": 0.4935897435897436,
    "RIFL": 0.0,
    "RIFR": 0.0,
    "RIGL": 0.0,
    "RIGR": 0.0,
    "RIH": 0.0,
    "RIML": 0.07222716300343031,
    "RIMR": 0.062483057739224725,
    "RIPL": 0.0,
    "RIPR": 0.0,
    "RIR": 0.0,
    "RIS": 0.5576923076923077,
    "RIVL": 0.0,
    "RIVR": 0.0,
    "RMDDL": 0.5555555555555556,
    "RMDDR": 0.5694444444444444,
    "RMDL": 0.4642857142857143,
    "RMDR": 0.5777777777777777,
    "RMDVL": 0.4523809523809524,
    "RMDVR": 0.40476190476190477,
    "RMED": 0.7142857142857143,
    "RMEL": 0.6181818181818182,
    "RMER": 0.5,
    "RMEV": 0.5238095238095238,
    "RMFL": 0.5909090909090909,
    "RMFR": 0.5714285714285714,
    "RMGL": 0.0,
    "RMGR": 0.0,
    "RMHL": 0.5681818181818182,
    "RMHR": 0.4935897435897436,
    "SAADL": 0.0,
    "SAADR": 0.0,
    "SAAVL": 0.0,
    "SAAVR": 0.0,
    "SABD": 0.85,
    "SABVL": 0.8333333333333334,
    "SABVR": 0.5,
    "SDQL": 0.5833333333333334,
    "SDQR": 0.0,
    "SIADL": 0.45454545454545453,
    "SIADR": 0.6428571428571429,
    "SIAVL": 0.5727272727272728,
    "SIAVR": 0.45454545454545453,
    "SIBDL": 0.5181818181818182,
    "SIBDR": 0.42857142857142855,
    "SIBVL": 0.5666666666666667,
    "SIBVR": 0.65,
    "SMBDL": 0.0,
    "SMBDR": 0.0,
    "SMBVL": 0.0,
    "SMBVR": 0.0,
    "SMDDL": 0.3333333333333333,
    "SMDDR": 0.26785714285714285,
    "SMDVL": 0.5,
    "SMDVR": 0.0,
    "URADL": 0.0,
    "URADR": 0.0,
    "URAVL": 0.0,
    "URAVR": 0.0,
    "URBL": 0.0,
    "URBR": 0.0,
    "URXL": 0.0,
    "URXR": 0.0,
    "URYDL": 0.532967032967033,
    "URYDR": 0.5138888888888888,
    "URYVL": 0.5333333333333333,
    "URYVR": 0.5333333333333333,
    "VA1": 0.5192307692307693,
    "VA10": 0.4777777777777778,
    "VA11": 0.35,
    "VA12": 0.5238095238095238,
    "VA2": 0.45555555555555555,
    "VA3": 0.5444444444444444,
    "VA4": 0.7,
    "VA5": 0.6333333333333333,
    "VA6": 0.4583333333333333,
    "VA7": 0.5128205128205128,
    "VA8": 0.8,
    "VA9": 0.6272727272727273,
    "VB1": 0.45,
    "VB10": 0.5333333333333333,
    "VB11": 0.5666666666666667,
    "VB2": 0.4305555555555556,
    "VB3": 0.5416666666666666,
    "VB4": 0.5888888888888889,
    "VB5": 0.6607142857142857,
    "VB6": 0.6666666666666666,
    "VB7": 0.75,
    "VB8": 0.3888888888888889,
    "VB9": 0.4888888888888889,
    "VC1": 0.0,
    "VC2": 0.0,
    "VC3": 0.0,
    "VC4": 0.0,
    "VC5": 0.0,
    "VC6": 0.0,
    "VD1": 0.5227272727272727,
    "VD10": 0.5694444444444444,
    "VD11": 0.45714285714285713,
    "VD12": 0.4111111111111111,
    "VD13": 0.6555555555555556,
    "VD2": 0.6136363636363636,
    "VD3": 0.5303030303030303,
    "VD4": 0.5448717948717948,
    "VD5": 0.5666666666666667,
    "VD6": 0.41818181818181815,