{
  "clustering_coefficients": {
    "ADAL": 0.0,
    "ADAR": 0.0,
    "ADEL": 0.06340330350997936,
    "ADER": 0.07466720451795078,
    "ADFL": 0.05465221318879855,
    "ADFR": 0.05600722673893405,
    "ADLL": 0.6333333333333333,
    "ADLR": 0.3333333333333333,
    "AFDL": 0.0,
    "AFDR": 0.5,
    "AIAL": 0.75,
    "AIAR": 0.5909090909090909,
    "AIBL": 0.5333333333333333,
    "AIBR": 0.5277777777777778,
    "AIML": 0.6111111111111112,
    "AIMR": 0.5444444444444444,
    "AINL": 0.0,
    "AINR": 0.0,
    "AIYL": 0.5694444444444444,
    "AIYR": 0.5512820512820513,
    "AIZL": 0.4861111111111111,
    "AIZR": 0.5952380952380952,
    "ALA": 0.0,
    "ALML": 0.5444444444444444,
    "ALMR": 0.5833333333333334,
    "ALNL": 0.5512820512820513,
    "ALNR": 0.5333333333333333,
    "AQR": 0.0,
    "AS1": 0.40476190476190477,
    "AS10": 0.6636363636363637,
    "AS11": 0.5727272727272728,
    "AS2": 0.5909090909090909,
    "AS3": 0.6785714285714286,
    "AS4": 0.5714285714285714,
    "AS5": 0.65,
    "AS6": 0.55,
    "AS7": 0.6090909090909091,
    "AS8": 0.5952380952380952,
    "AS9": 0.6363636363636364,
    "ASEL": 0.5984848484848485,
    "ASER": 0.6428571428571429,
    "ASGL": 0.5272727272727272,
    "ASGR": 0.75,
    "ASHL": 0.6454545454545455,
    "ASHR": 0.5384615384615384,
    "ASIL": 0.5,
    "ASIR": 0.5,
    "ASJL": 0.0,
    "ASJR": 0.0,
    "ASKL": 0.5757575757575758,
    "ASKR": 0.5555555555555556,
    "AUAL": 0.6060606060606061,
    "AUAR": 0.6071428571428571,
    "AVAL": 0.0,
    "AVAR": 0.0,
    "AVBL": 0.5,
    "AVBR": 0.75,
    "AVDL": 0.0,
    "AVDR": 0.0,
    "AVEL": 0.0,
    "AVER": 0.0,
    "AVFL": 0.5333333333333333,
    "AVFR": 0.5714285714285714,
    "AVG": 0.0,
    "AVHL": 0.5277777777777778,
    "AVHR": 0.5,
    "AVJL": 0.3333333333333333,
    "AVJR": 0.6190476190476191,
    "AVKL": 0.0,
    "AVKR": 0.0,
    "AVL": 0.6794871794871795,
    "AVM": 0.4666666666666667,
    "AWAL": 0.0,
    "AWAR": 0.0,
    "AWBL": 0.6944444444444444,
    "AWBR": 0.5333333333333333,
    "AWCL": 0.0,
    "AWCR": 0.3333333333333333,
    "BAGL": 0.4722222222222222,
    "BAGR": 0.5892857142857143,
    "BDUL": 0.6666666666666666,
    "BDUR": 0.0,
    "CANL": 0.5641025641025641,
    "CANR": 0.5178571428571429,
    "CEPDL": 0.06674114531612049,
    "CEPDR": 0.07478822105687777,
    "CEPVL": 0.07128671907323128,
    "CEPVR": 0.07932824667663022,
    "DA1": 0.5,
    "DA2": 0.48214285714285715,
    "DA3": 0.5666666666666667,
    "DA4": 0.7111111111111111,
    "DA5": 0.5888888888888889,
    "DA6": 0.5,
    "DA7": 0.6282051282051282,
    "DA8": 0.6527777777777778,
    "DA9": 0.6818181818181818,
    "DB1": 0.6212121212121212,
    "DB2": 0.5984848484848485,
    "DB3": 0.6071428571428571,
    "DB4": 0.6666666666666666,
    "DB5": 0.6454545454545455,
    "DB6": 0.5111111111111111,
    "DB7": 0.6190476190476191,
    "DD1": 0.5892857142857143,
    "DD2": 0.5448717948717948,
    "DD3": 0.6,
    "DD4": 0.6,
    "DD5": 0.5,
    "DD6": 0.5714285714285714,
    "DVA": 0.6818181818181818,
    "DVB": 0.0,
    "DVC": 0.6666666666666666,
    "FLPL": 0.5178571428571429,
    "FLPR": 0.45,
    "HSNL": 0.09743531028165789,
    "HSNR": 0.10916870415647922,
    "I1L": 0.6428571428571429,
    "I1R": 0.553030303030303,
    "I2L": 0.5555555555555556,
    "I2R": 0.6607142857142857,
    "I3": 0.5666666666666667,
    "I4": 0.75,
    "I5": 0.0,
    "I6": 0.5714285714285714,
    "IL1DL": 0.0,
    "IL1DR": 0.5888888888888889,
    "IL1L": 0.0,
    "IL1R": 0.6666666666666666,
    "IL1VL": 0.6071428571428571,
    "IL1VR": 0.5777777777777777,
    "IL2DL": 0.40476190476190477,
    "IL2DR": 0.5192307692307693,
    "IL2L": 0.4,
    "IL2R": 0.5833333333333334,
    "IL2VL": 0.6777777777777778,
    "IL2VR": 0.5909090909090909,
    "LUAL": 0.7121212121212122,
    "LUAR": 0.0,
    "M1": 0.5892857142857143,
    "M2L": 0.5604395604395604,
    "M2R": 0.8,
    "M3L": 0.6666666666666666,
    "M3R": 0.5363636363636364,
    "M4": 0.5705128205128205,
    "M5": 0.6527777777777778,
    "MCL": 0.5714285714285714,
    "MCR": 0.625,
    "MI": 0.0,
    "NSML": 0.11234539624370132,
    "NSMR": 0.07878233603344656,
    "OLLL": 0.0,
    "OLLR": 0.3333333333333333,
    "OLQDL": 0.65,
    "OLQDR": 0.5,
    "OLQVL": 0.3333333333333333,
    "OLQVR": 0.0,
    "PDA": 0.7333333333333333,
    "PDB": 0.0,
    "PDEL": 0.07312091503267974,
    "PDER": 0.0782170229931424,
    "PHAL": 0.0,
    "PHAR": 1.0,
    "PHBL": 0.6666666666666666,
    "PHBR": 0.5,
    "PHCL": 0.5727272727272728,
    "PHCR": 0.5961538461538461,
    "PLML": 0.5892857142857143,
    "PLMR": 0.6388888888888888,
    "PLNL": 0.6805555555555556,
    "PLNR": 0.5095238095238095,
    "PQR": 0.7111111111111111,
    "PVCL": 1.0,
    "PVCR": 0.5,
    "PVDL": 0.5888888888888889,
    "PVDR": 0.5727272727272728,
    "PVM": 0.0,
    "PVNL": 0.0,
    "PVNR": 0.0,
    "PVPL": 0.0,
    "PVPR": 0.0,
    "PVQL": 0.4642857142857143,
    "PVQR": 0.5,
    "PVR": 0.0,
    "PVT": 0.8,
    "PVWL": 0.0,
    "PVWR": 0.0,
    "RIAL": 0.7361111111111112,
    "RIAR": 0.5576923076923077,
    "RIBL": 0.625,
    "RIBR": 0.6555555555555556,
    "RICL": 0.16261808367071526,
    "RICR": 0.18789808917197454,
    "RID": 0.6222222222222222,
    "RIFL": 0.0,
    "RIFR": 0.0,
    "RIGL": 0.0,
    "RIGR": 0.0,
    "RIH": 0.0,
    "RIML": 0.09057456423499032,
    "RIMR": 0.07232435513752315,
    "RIPL": 0.0,
    "RIPR": 0.0,
    "RIR": 0.0,
    "RIS": 0.6,
    "RIVL": 0.0,
    "RIVR": 0.0,
    "RMDDL": 0.6090909090909091,
    "RMDDR": 0.7857142857142857,
    "RMDL": 0.6287878787878788,
    "RMDR": 0.5555555555555556,
    "RMDVL": 0.5333333333333333,
    "RMDVR": 0.6444444444444445,
    "RMED": 0.5727272727272728,
    "RMEL": 0.8095238095238095,
    "RMER": 0.6222222222222222,
    "RMEV": 0.5604395604395604,
    "RMFL": 0.5641025641025641,
    "RMFR": 0.6444444444444445,
    "RMGL": 0.0,
    "RMGR": 0.0,
    "RMHL": 0.7380952380952381,
    "RMHR": 0.5897435897435898,
    "SAADL": 0.0,
    "SAADR": 0.0,
    "SAAVL": 0.0,
    "SAAVR": 0.0,
    "SABD": 1.0,
    "SABVL": 0.3333333333333333,
    "SABVR": 1.0,
    "SDQL": 0.65,
    "SDQR": 0.0,
    "SIADL": 0.6439393939393939,
    "SIADR": 0.5714285714285714,
    "SIAVL": 0.5892857142857143,
    "SIAVR": 0.5222222222222223,
    "SIBDL": 0.5666666666666667,
    "SIBDR": 0.6111111111111112,
    "SIBVL": 0.5681818181818182,
    "SIBVR": 0.5222222222222223,
    "SMBDL": 0.0,
    "SMBDR": 0.0,
    "SMBVL": 0.0,
    "SMBVR": 0.0,
    "SMDDL": 0.5952380952380952,
    "SMDDR": 0.43333333333333335,
    "SMDVL": 1.0,
    "SMDVR": 0.6944444444444444,
    "URADL": 0.0,
    "URADR": 0.0,
    "URAVL": 0.0,
    "URAVR": 0.0,
    "URBL": 0.0,
    "URBR": 0.0,
    "URXL": 0.0,
    "URXR": 0.0,
    "URYDL": 0.7222222222222222,
    "URYDR": 0.7321428571428571,
    "URYVL": 0.5,
    "URYVR": 0.6888888888888889,
    "VA1": 0.48214285714285715,
    "VA10": 0.5,
    "VA11": 0.6428571428571429,
    "VA12": 0.6805555555555556,
    "VA2": 0.5378787878787878,
    "VA3": 0.8,
    "VA4": 0.6607142857142857,
    "VA5": 0.5333333333333333,
    "VA6": 0.4642857142857143,
    "VA7": 0.6111111111111112,
    "VA8": 0.5444444444444444,
    "VA9": 0.5666666666666667,
    "VB1": 0.5714285714285714,
    "VB10": 0.6111111111111112,
    "VB11": 0.8333333333333334,
    "VB2": 0.4523809523809524,
    "VB3": 0.5694444444444444,
    "VB4": 0.5681818181818182,
    "VB5": 0.5952380952380952,
    "VB6": 0.6,
    "VB7": 0.6136363636363636,
    "VB8": 0.75,
    "VB9": 0.5705128205128205,
    "VC1": 0.0,
    "VC2": 0.0,
    "VC3": 0.0,
    "VC4": 0.0,
    "VC5": 0.0,
    "VC6": 0.0,
    "VD1": 0.6590909090909091,
    "VD10": 0.5984848484848485,
    "VD11": 0.5444444444444444,
    "VD12": 0.5636363636363636,
    "VD13": 0.6090909090909091,
    "VD2": 0.4166666666666667,
    "VD3": 0.625,
    "VD4": 0.5833333333333334,
    "VD5": 0.7083333333333334,
    "VD6": 0.6181818181818182,
    "VD7": 0.5888888888888889,
    "VD8": 0.5,
    "VD9": 0.6111111111111112
  },
  "density": 0.02147367494664584,