{
  "clustering_coefficients": {
    "ADAL": 0.08192090395480225,
    "ADAR": 0.0962772785622593,
    "ADEL": 0.0660377358490566,
    "ADER": 0.08074534161490683,
    "ADFL": 0.1043956043956044,
    "ADFR": 0.07596371882086168,
    "ADLL": 0.08935128518971848,
    "ADLR": 0.07985143918291551,
    "AFDL": 0.09090909090909091,
    "AFDR": 0.08907563025210084,
    "AIAL": 0.09337349397590361,
    "AIAR": 0.07196969696969698,
    "AIBL": 0.07344632768361582,
    "AIBR": 0.07036199095022624,
    "AIML": 0.10304878048780487,
    "AIMR": 0.08498253783469151,
    "AINL": 0.07333333333333333,
    "AINR": 0.07692307692307693,
    "AIYL": 0.07258064516129033,
    "AIYR": 0.09462365591397849,
    "AIZL": 0.09576719576719576,
    "AIZR": 0.09883720930232558,
    "ALA": 0.10560344827586207,
    "ALML": 0.07074721780604133,
    "ALMR": 0.07272727272727272,
    "ALNL": 0.1,
    "ALNR": 0.10822510822510822,
    "AQR": 0.06546489563567362,
    "AS1": 0.07716049382716049,
    "AS10": 0.07495256166982922,
    "AS11": 0.07969924812030076,
    "AS2": 0.08892617449664429,
    "AS3": 0.07602339181286549,
    "AS4": 0.09473684210526316,
    "AS5": 0.13846153846153847,
    "AS6": 0.06296296296296296,
    "AS7": 0.05555555555555555,
    "AS8": 0.09090909090909091,
    "AS9": 0.10606060606060606,
    "ASEL": 0.09109311740890688,
    "ASER": 0.09306803594351733,
    "ASGL": 0.06666666666666667,
    "ASGR": 0.08850574712643679,
    "ASHL": 0.06658786446020488,
    "ASHR": 0.09544383346425767,
    "ASIL": 0.08514492753623189,
    "ASIR": 0.0649867374005305,
    "ASJL": 0.08620689655172414,
    "ASJR": 0.03571428571428571,
    "ASKL": 0.09818181818181818,
    "ASKR": 0.06997282608695653,
    "AUAL": 0.07846153846153846,
    "AUAR": 0.0696969696969697,
    "AVAL": 0.061828523277859704,
    "AVAR": 0.05973996861690204,
    "AVBL": 0.06683560342096928,
    "AVBR": 0.06498068141903758,
    "AVDL": 0.08227513227513228,
    "AVDR": 0.06593406593406594,
    "AVEL": 0.06681270536692223,
    "AVER": 0.06629318394024276,
    "AVFL": 0.0565149136577708,
    "AVFR": 0.0707070707070707,
    "AVG": 0.08367071524966262,
    "AVHL": 0.07753254102999434,
    "AVHR": 0.06944444444444445,
    "AVJL": 0.07361111111111111,
    "AVJR": 0.06761006289308176,
    "AVKL": 0.06615240766713418,
    "AVKR": 0.07448107448107448,
    "AVL": 0.07474429583005507,
    "AVM": 0.09216589861751152,
    "AWAL": 0.08088235294117647,
    "AWAR": 0.06696428571428571,
    "AWBL": 0.0831081081081081,
    "AWBR": 0.08831908831908832,
    "AWCL": 0.08754208754208755,
    "AWCR": 0.07219973009446694,
    "BAGL": 0.06463414634146342,
    "BAGR": 0.06236559139784946,
    "BDUL": 0.09615384615384616,
    "BDUR": 0.09307359307359307,
    "CANL": 0.0,
    "CANR": 0.0,
    "CEPDL": 0.09526112185686654,
    "CEPDR": 0.09285714285714286,
    "CEPVL": 0.08243243243243244,
    "CEPVR": 0.058823529411764705,
    "DA1": 0.09486166007905138,
    "DA2": 0.04640151515151515,
    "DA3": 0.08395061728395062,
    "DA4": 0.05514705882352941,
    "DA5": 0.07019438444924406,
    "DA6": 0.08771929824561403,
    "DA7": 0.11846153846153847,
    "DA8": 0.0809748427672956,
    "DA9": 0.06898656898656899,
    "DB1": 0.1,
    "DB2": 0.049653579676674366,
    "DB3": 0.07857142857142857,
    "DB4": 0.08571428571428572,
    "DB5": 0.09259259259259259,
    "DB6": 0.11437908496732026,
    "DB7": 0.07226890756302522,
    "DD1": 0.07670454545454546,
    "DD2": 0.09288537549407115,
    "DD3": 0.06,
    "DD4": 0.09047619047619047,
    "DD5": 0.10826210826210826,
    "DD6": 0.07334109429569266,
    "DVA": 0.07187275771346568,
    "DVB": 0.08933002481389578,
    "DVC": 0.07552258934592043,
    "FLPL": 0.07301587301587302,
    "FLPR": 0.074002574002574,
    "HSNL": 0.07532861476238625,
    "HSNR": 0.07389580973952435,
    "I1L": 0.06432748538011696,
    "I1R": 0.08225108225108226,
    "I2L": 0.07949308755760369,
    "I2R": 0.08488063660477453,
    "I3": 0.047619047619047616,
    "I4": 0.09420289855072464,
    "I5": 0.08663366336633663,
    "I6": 0.1650485436893204,
    "IL1DL": 0.09569377990430622,
    "IL1DR": 0.1103448275862069,
    "IL1L": 0.12226277372262774,
    "IL1R": 0.1,
    "IL1VL": 0.0851063829787234,
    "IL1VR": 0.06926406926406926,
    "IL2DL": 0.07720588235294118,
    "IL2DR": 0.10047846889952153,
    "IL2L": 0.07326007326007326,
    "IL2R": 0.09009009009009009,
    "IL2VL": 0.06818181818181818,
    "IL2VR": 0.04985754985754986,
    "LUAL": 0.05076923076923077,
    "LUAR": 0.06267806267806268,
    "M1": 0.10606060606060606,
    "M2L": 0.07707509881422925,
    "M2R": 0.09126984126984126,
    "M3L": 0.1,
    "M3R": 0.04411764705882353,
    "M4": 0.11688311688311688,
    "M5": 0.09090909090909091,
    "MCL": 0.14338235294117646,
    "MCR": 0.045454545454545456,
    "MI": 0.11739130434782609,
    "NSML": 0.13736263736263737,
    "NSMR": 0.10952380952380952,
    "OLLL": 0.08482142857142858,
    "OLLR": 0.08236808236808237,
    "OLQDL": 0.09666666666666666,
    "OLQDR": 0.08974358974358974,
    "OLQVL": 0.06321839080459771,
    "OLQVR": 0.0935483870967742,
    "PDA": 0.06714285714285714,
    "PDB": 0.07905138339920949,
    "PDEL": 0.08545034642032333,
    "PDER": 0.10218978102189781,
    "PHAL": 0.10465116279069768,
    "PHAR": 0.10789473684210527,
    "PHBL": 0.08525345622119816,
    "PHBR": 0.06925996204933586,
    "PHCL": 0.125,
    "PHCR": 0.08441558441558442,
    "PLML": 0.0875,
    "PLMR": 0.07631578947368421,
    "PLNL": 0.11090909090909092,
    "PLNR": 0.1,
    "PQR": 0.08080808080808081,
    "PVCL": 0.06609325486645541,
    "PVCR": 0.07243150684931507,
    "PVDL": 0.08704453441295547,
    "PVDR": 0.12058823529411765,
    "PVM": 0.05928853754940711,
    "PVNL": 0.07312806158152554,
    "PVNR": 0.07246376811594203,
    "PVPL": 0.06898322492297158,
    "PVPR": 0.0760773966578716,
    "PVQL": 0.09297912713472485,
    "PVQR": 0.05519215044971382,
    "PVR": 0.06890826068908261,
    "PVT": 0.08213166144200627,
    "PVWL": 0.08996212121212122,
    "PVWR": 0.06221198156682028,
    "RIAL": 0.060556464811783964,
    "RIAR": 0.0708502024291498,
    "RIBL": 0.06340755082284608,
    "RIBR": 0.06716008771929824,
    "RICL": 0.06878306878306878,
    "RICR": 0.08064516129032258,
    "RID": 0.09540229885057472,
    "RIFL": 0.1067193675889328,
    "RIFR": 0.08197674418604652,
    "RIGL": 0.07721423164269493,
    "RIGR": 0.07424242424242425,
    "RIH": 0.07672727272727273,
    "RIML": 0.06950067476383266,
    "RIMR": 0.0739622641509434,
    "RIPL": 0.09544159544159544,
    "RIPR": 0.07758620689655173,
    "RIR": 0.07992895204262877,
    "RIS": 0.07148260211800303,
    "RIVL": 0.05324074074074074,
    "RIVR": 0.08444022770398482,
    "RMDDL": 0.06275303643724696,
    "RMDDR": 0.07765151515151515,
    "RMDL": 0.0700045310376076,
    "RMDR": 0.07391304347826087,
    "RMDVL": 0.08108108108108109,
    "RMDVR": 0.08306055646481178,
    "RMED": 0.07471264367816093,
    "RMEL": 0.07516339869281045,
    "RMER": 0.09740259740259741,
    "RMEV": 0.06913996627318718,
    "RMFL": 0.07841483979763912,
    "RMFR": 0.08241758241758242,
    "RMGL": 0.07761437908496732,
    "RMGR": 0.09084302325581395,
    "RMHL": 0.08684863523573201,
    "RMHR": 0.10702341137123746,
    "SAADL": 0.05714285714285714,
    "SAADR": 0.0840080971659919,
    "SAAVL": 0.0843520782396088,
    "SAAVR": 0.10625,
    "SABD": 0.09761904761904762,
    "SABVL": 0.03296703296703297,
    "SABVR": 0.057692307692307696,
    "SDQL": 0.08064516129032258,
    "SDQR": 0.09553349875930521,
    "SIADL": 0.06561085972850679,
    "SIADR": 0.09166666666666666,
    "SIAVL": 0.055299539170506916,
    "SIAVR": 0.09051724137931035,
    "SIBDL": 0.07466666666666667,
    "SIBDR": 0.0928030303030303,
    "SIBVL": 0.0695970695970696,
    "SIBVR": 0.06767586821015138,
    "SMBDL": 0.0765993265993266,
    "SMBDR": 0.09538950715421304,
    "SMBVL": 0.08010118043844856,
    "SMBVR": 0.08672875436554132,
    "SMDDL": 0.06530291109362707,
    "SMDDR": 0.06241234221598878,
    "SMDVL": 0.07936507936507936,
    "SMDVR": 0.07203389830508475,