{
  "clustering_coefficients": {
    "ADAL": 0.09454949944382647,
    "ADAR": 0.08059914407988587,
    "ADEL": 0.078397212543554,
    "ADER": 0.07275902211874273,
    "ADFL": 0.07606589147286821,
    "ADFR": 0.0733005733005733,
    "ADLL": 0.08985330073349633,
    "ADLR": 0.06114605171208945,
    "AFDL": 0.08753315649867374,
    "AFDR": 0.07043879907621248,
    "AIAL": 0.07723577235772358,
    "AIAR": 0.0873440285204991,
    "AIBL": 0.05287114845938375,
    "AIBR": 0.06666666666666667,
    "AIML": 0.08876811594202899,
    "AIMR": 0.06890756302521009,
    "AINL": 0.09282178217821782,
    "AINR": 0.08997429305912596,
    "AIYL": 0.08660714285714285,
    "AIYR": 0.08165322580645161,
    "AIZL": 0.06719184430027804,
    "AIZR": 0.0933075933075933,
    "ALA": 0.09272727272727273,
    "ALML": 0.09576612903225806,
    "ALMR": 0.06315789473684211,
    "ALNL": 0.1043956043956044,
    "ALNR": 0.09364548494983277,
    "AQR": 0.08731082654249127,
    "AS1": 0.09420289855072464,
    "AS10": 0.07389162561576355,
    "AS11": 0.1002710027100271,
    "AS2": 0.07516339869281045,
    "AS3": 0.09722222222222222,
    "AS4": 0.05952380952380952,
    "AS5": 0.08148148148148149,
    "AS6": 0.06060606060606061,
    "AS7": 0.045454545454545456,
    "AS8": 0.07692307692307693,
    "AS9": 0.09615384615384616,
    "ASEL": 0.08748114630467571,
    "ASER": 0.08392857142857142,
    "ASGL": 0.10818713450292397,
    "ASGR": 0.09018567639257294,
    "ASHL": 0.08340147179067865,
    "ASHR": 0.08119335347432025,
    "ASIL": 0.07561728395061729,
    "ASIR": 0.09956709956709957,
    "ASJL": 0.06140350877192982,
    "ASJR": 0.08928571428571429,
    "ASKL": 0.09601449275362318,
    "ASKR": 0.06597774244833068,
    "AUAL": 0.09664948453608248,
    "AUAR": 0.0978494623655914,
    "AVAL": 0.06732839033723989,
    "AVAR": 0.0696774193548387,
    "AVBL": 0.06393989983305509,
    "AVBR": 0.06829419035846725,
    "AVDL": 0.07383696116090482,
    "AVDR": 0.07543103448275862,
    "AVEL": 0.07385120350109409,
    "AVER": 0.06042368801155513,
    "AVFL": 0.06914119359534207,
    "AVFR": 0.08200734394124846,
    "AVG": 0.07550030321406913,
    "AVHL": 0.06979632389468456,
    "AVHR": 0.0799364743250397,
    "AVJL": 0.07749803304484658,
    "AVJR": 0.07281858129315756,
    "AVKL": 0.05564102564102564,
    "AVKR": 0.06593406593406594,
    "AVL": 0.07552447552447553,
    "AVM": 0.052307692307692305,
    "AWAL": 0.07352941176470588,
    "AWAR": 0.06767515923566879,
    "AWBL": 0.0804054054054054,
    "AWBR": 0.08686868686868687,
    "AWCL": 0.08068783068783068,
    "AWCR": 0.07004310344827586,
    "BAGL": 0.08319327731092437,
    "BAGR": 0.09454545454545454,
    "BDUL": 0.0915032679738562,
    "BDUR": 0.08441558441558442,
    "CANL": 0.0,
    "CANR": 0.0,
    "CEPDL": 0.08035714285714286,
    "CEPDR": 0.06386554621848739,
    "CEPVL": 0.08333333333333333,
    "CEPVR": 0.06677265500794913,
    "DA1": 0.07142857142857142,
    "DA2": 0.07307171853856563,
    "DA3": 0.09375,
    "DA4": 0.07311827956989247,
    "DA5": 0.07977207977207977,
    "DA6": 0.12091503267973856,
    "DA7": 0.07226890756302522,
    "DA8": 0.0982615268329554,
    "DA9": 0.049206349206349205,
    "DB1": 0.11714285714285715,
    "DB2": 0.08695652173913043,
    "DB3": 0.07384615384615385,
    "DB4": 0.08620689655172414,
    "DB5": 0.06521739130434782,
    "DB6": 0.08090185676392574,
    "DB7": 0.05714285714285714,
    "DD1": 0.08064516129032258,
    "DD2": 0.07272727272727272,
    "DD3": 0.07384615384615385,
    "DD4": 0.0935672514619883,
    "DD5": 0.05555555555555555,
    "DD6": 0.05982905982905983,
    "DVA": 0.06793260230008023,
    "DVB": 0.06602564102564103,
    "DVC": 0.06234335839598997,
    "FLPL": 0.0728395061728395,
    "FLPR": 0.07387057387057387,
    "HSNL": 0.08469721767594109,
    "HSNR": 0.07212885154061624,
    "I1L": 0.08759124087591241,
    "I1R": 0.13538461538461538,
    "I2L": 0.09477124183006536,
    "I2R": 0.07065217391304347,
    "I3": 0.08545454545454545,
    "I4": 0.059475806451612906,
    "I5": 0.08950617283950617,
    "I6": 0.0761904761904762,
    "IL1DL": 0.09477124183006536,
    "IL1DR": 0.07142857142857142,
    "IL1L": 0.07327586206896551,
    "IL1R": 0.07707509881422925,
    "IL1VL": 0.09047619047619047,
    "IL1VR": 0.0935483870967742,
    "IL2DL": 0.09090909090909091,
    "IL2DR": 0.07427536231884058,
    "IL2L": 0.08951271186440678,
    "IL2R": 0.0967741935483871,
    "IL2VL": 0.12637362637362637,
    "IL2VR": 0.08421052631578947,
    "LUAL": 0.08714285714285715,
    "LUAR": 0.07834757834757834,
    "M1": 0.10576923076923077,
    "M2L": 0.09090909090909091,
    "M2R": 0.08514492753623189,
    "M3L": 0.08235294117647059,
    "M3R": 0.058823529411764705,
    "M4": 0.07816091954022988,
    "M5": 0.047619047619047616,
    "MCL": 0.15,
    "MCR": 0.09523809523809523,
    "MI": 0.09926470588235294,
    "NSML": 0.09347826086956522,
    "NSMR": 0.12433862433862433,
    "OLLL": 0.07901234567901234,
    "OLLR": 0.07592592592592592,
    "OLQDL": 0.08862876254180602,
    "OLQDR": 0.08866995073891626,
    "OLQVL": 0.07744107744107744,
    "OLQVR": 0.07509881422924901,
    "PDA": 0.11513157894736842,
    "PDB": 0.07,
    "PDEL": 0.08513513513513514,
    "PDER": 0.06934306569343066,
    "PHAL": 0.10606060606060606,
    "PHAR": 0.07834101382488479,
    "PHBL": 0.08067226890756303,
    "PHBR": 0.0739268680445151,
    "PHCL": 0.07792207792207792,
    "PHCR": 0.0691699604743083,
    "PLML": 0.044444444444444446,
    "PLMR": 0.06923076923076923,
    "PLNL": 0.06736242884250475,
    "PLNR": 0.14074074074074075,
    "PQR": 0.10492845786963434,
    "PVCL": 0.06533254855797528,
    "PVCR": 0.07395175186674326,
    "PVDL": 0.047619047619047616,
    "PVDR": 0.03896103896103896,
    "PVM": 0.05,
    "PVNL": 0.06921331316187594,
    "PVNR": 0.07184950135992747,
    "PVPL": 0.07295221843003413,
    "PVPR": 0.061794871794871795,
    "PVQL": 0.07495164410058026,
    "PVQR": 0.0636766334440753,
    "PVR": 0.07564102564102564,
    "PVT": 0.06598586017282011,
    "PVWL": 0.08744038155802862,
    "PVWR": 0.0761904761904762,
    "RIAL": 0.06299212598425197,
    "RIAR": 0.057103064066852366,
    "RIBL": 0.08846153846153847,
    "RIBR": 0.0775340393343419,
    "RICL": 0.05598669623059867,
    "RICR": 0.09433962264150944,
    "RID": 0.06638655462184874,
    "RIFL": 0.06535947712418301,
    "RIFR": 0.08849129593810445,
    "RIGL": 0.0732159406858202,
    "RIGR": 0.06406685236768803,
    "RIH": 0.07298474945533769,
    "RIML": 0.06868287167891464,
    "RIMR": 0.08413926499032882,
    "RIPL": 0.08497536945812807,
    "RIPR": 0.0935672514619883,
    "RIR": 0.08619091751621873,
    "RIS": 0.06308851224105462,
    "RIVL": 0.07692307692307693,
    "RIVR": 0.08901515151515152,
    "RMDDL": 0.09404600811907984,
    "RMDDR": 0.08640552995391705,
    "RMDL": 0.06444053895723492,
    "RMDR": 0.07766367137355584,
    "RMDVL": 0.0811965811965812,
    "RMDVR": 0.06209362808842653,
    "RMED": 0.07004310344827586,
    "RMEL": 0.13087248322147652,
    "RMER": 0.0941358024691358,
    "RMEV": 0.07894736842105263,
    "RMFL": 0.12142857142857143,
    "RMFR": 0.09467455621301775,
    "RMGL": 0.07276595744680851,
    "RMGR": 0.06649091974223785,
    "RMHL": 0.06587301587301587,
    "RMHR": 0.07230769230769231,
    "SAADL": 0.08392603129445235,
    "SAADR": 0.06785714285714285,
    "SAAVL": 0.07448107448107448,
    "SAAVR": 0.07239819004524888,
    "SABD": 0.11578947368421053,
    "SABVL": 0.05789473684210526,
    "SABVR": 0.07380952380952381,
    "SDQL": 0.07120743034055728,
    "SDQR": 0.08840304182509506,
    "SIADL": 0.08664955070603338,
    "SIADR": 0.045845272206303724,
    "SIAVL": 0.08316430020283976,
    "SIAVR": 0.1105476673427992,
    "SIBDL": 0.07272727272727272,
    "SIBDR": 0.08776595744680851,
    "SIBVL": 0.10487144790257104,
    "SIBVR": 0.08966565349544073,
    "SMBDL": 0.075516693163752,
    "SMBDR": 0.05113636363636364,
    "SMBVL": 0.06616541353383458,
    "SMBVR": 0.09563543003851091,
    "SMDDL": 0.07520891364902507,