{
  "clustering_coefficients": {
    "ADAL": 0.076417004048583,
    "ADAR": 0.08139534883720931,
    "ADEL": 0.09011627906976744,
    "ADER": 0.08601553829078801,
    "ADFL": 0.08101472995090016,
    "ADFR": 0.10127253446447508,
    "ADLL": 0.08624031007751938,
    "ADLR": 0.06977777777777777,
    "AFDL": 0.09692307692307692,
    "AFDR": 0.09683794466403162,
    "AIAL": 0.0695970695970696,
    "AIAR": 0.0913978494623656,
    "AIBL": 0.07305577376276512,
    "AIBR": 0.06795346377578002,
    "AIML": 0.10969976905311778,
    "AIMR": 0.08459214501510574,
    "AINL": 0.06461538461538462,
    "AINR": 0.07635467980295567,
    "AIYL": 0.06695464362850972,
    "AIYR": 0.09026369168356999,
    "AIZL": 0.06286266924564797,
    "AIZR": 0.07153614457831325,
    "ALA": 0.08363636363636363,
    "ALML": 0.0979020979020979,
    "ALMR": 0.07878787878787878,
    "ALNL": 0.1125,
    "ALNR": 0.082010582010582,
    "AQR": 0.05976430976430976,
    "AS1": 0.0761904761904762,
    "AS10": 0.0839080459770115,
    "AS11": 0.07282282282282282,
    "AS2": 0.07857142857142857,
    "AS3": 0.09722222222222222,
    "AS4": 0.08653846153846154,
    "AS5": 0.044444444444444446,
    "AS6": 0.12222222222222222,
    "AS7": 0.13636363636363635,
    "AS8": 0.15,
    "AS9": 0.08888888888888889,
    "ASEL": 0.1136919315403423,
    "ASER": 0.08250276854928018,
    "ASGL": 0.09736842105263158,
    "ASGR": 0.1068840579710145,
    "ASHL": 0.07518796992481203,
    "ASHR": 0.06042128603104213,
    "ASIL": 0.07954545454545454,
    "ASIR": 0.08157894736842106,
    "ASJL": 0.07177033492822966,
    "ASJR": 0.08791208791208792,
    "ASKL": 0.07846153846153846,
    "ASKR": 0.0706618962432916,
    "AUAL": 0.10649087221095335,
    "AUAR": 0.0868945868945869,
    "AVAL": 0.06078767123287671,
    "AVAR": 0.06427066260828845,
    "AVBL": 0.07166907166907167,
    "AVBR": 0.059262329050973894,
    "AVDL": 0.06970784213223988,
    "AVDR": 0.08108108108108109,
    "AVEL": 0.07337780473013948,
    "AVER": 0.06413876563130294,
    "AVFL": 0.06986404833836858,
    "AVFR": 0.07520891364902507,
    "AVG": 0.08375778155065082,
    "AVHL": 0.07101588830043332,
    "AVHR": 0.08164739884393063,
    "AVJL": 0.07069913589945012,
    "AVJR": 0.060090702947845805,
    "AVKL": 0.06511205330102968,
    "AVKR": 0.07054125998225377,
    "AVL": 0.07451112609575185,
    "AVM": 0.07703281027104136,
    "AWAL": 0.07272727272727272,
    "AWAR": 0.0748847926267281,
    "AWBL": 0.0728744939271255,
    "AWBR": 0.08236434108527131,
    "AWCL": 0.08079847908745247,
    "AWCR": 0.08266129032258064,
    "BAGL": 0.08430232558139535,
    "BAGR": 0.07824933687002653,
    "BDUL": 0.1,
    "BDUR": 0.08727272727272728,
    "CANL": 0.0,
    "CANR": 0.0,
    "CEPDL": 0.0673216885007278,
    "CEPDR": 0.06918687589158345,
    "CEPVL": 0.08143939393939394,
    "CEPVR": 0.07135627530364372,
    "DA1": 0.06956521739130435,
    "DA2": 0.08709677419354839,
    "DA3": 0.09540229885057472,
    "DA4": 0.06862745098039216,
    "DA5": 0.07692307692307693,
    "DA6": 0.06140350877192982,
    "DA7": 0.06159420289855073,
    "DA8": 0.06671899529042387,
    "DA9": 0.09920058139534883,
    "DB1": 0.10531309297912714,
    "DB2": 0.09126984126984126,
    "DB3": 0.06368821292775666,
    "DB4": 0.07957559681697612,
    "DB5": 0.07894736842105263,
    "DB6": 0.042483660130718956,
    "DB7": 0.08870967741935484,
    "DD1": 0.0699074074074074,
    "DD2": 0.05925925925925926,
    "DD3": 0.07857142857142857,
    "DD4": 0.06666666666666667,
    "DD5": 0.0661764705882353,
    "DD6": 0.07996632996632996,
    "DVA": 0.07456140350877193,
    "DVB": 0.07678571428571429,
    "DVC": 0.06950067476383266,
    "FLPL": 0.07160493827160494,
    "FLPR": 0.08187599364069953,
    "HSNL": 0.059050064184852376,
    "HSNR": 0.06507936507936508,
    "I1L": 0.07236842105263158,
    "I1R": 0.09649122807017543,
    "I2L": 0.06009615384615385,
    "I2R": 0.08441558441558442,
    "I3": 0.0784313725490196,
    "I4": 0.10606060606060606,
    "I5": 0.09285714285714286,
    "I6": 0.07272727272727272,
    "IL1DL": 0.08658008658008658,
    "IL1DR": 0.06277056277056277,
    "IL1L": 0.09666666666666666,
    "IL1R": 0.09815242494226328,
    "IL1VL": 0.1076555023923445,
    "IL1VR": 0.10272277227722772,
    "IL2DL": 0.09539473684210527,
    "IL2DR": 0.09649122807017543,
    "IL2L": 0.08581081081081081,
    "IL2R": 0.08695652173913043,
    "IL2VL": 0.054945054945054944,
    "IL2VR": 0.08695652173913043,
    "LUAL": 0.07946210268948656,
    "LUAR": 0.07155635062611806,
    "M1": 0.12058823529411765,
    "M2L": 0.08663366336633663,
    "M2R": 0.10112359550561797,
    "M3L": 0.0875,
    "M3R": 0.038461538461538464,
    "M4": 0.12142857142857143,
    "M5": 0.05357142857142857,
    "MCL": 0.1111111111111111,
    "MCR": 0.05357142857142857,
    "MI": 0.05,
    "NSML": 0.116600790513834,
    "NSMR": 0.05555555555555555,
    "OLLL": 0.08269230769230769,
    "OLLR": 0.07841239109390126,
    "OLQDL": 0.08285714285714285,
    "OLQDR": 0.08198380566801619,
    "OLQVL": 0.08487654320987655,
    "OLQVR": 0.09540229885057472,
    "PDA": 0.06764705882352941,
    "PDB": 0.05514705882352941,
    "PDEL": 0.10474308300395258,
    "PDER": 0.09506172839506173,
    "PHAL": 0.12191358024691358,
    "PHAR": 0.07427055702917772,
    "PHBL": 0.10541310541310542,
    "PHBR": 0.08080808080808081,
    "PHCL": 0.08714285714285715,
    "PHCR": 0.0804140127388535,
    "PLML": 0.03684210526315789,
    "PLMR": 0.07046979865771812,
    "PLNL": 0.06105990783410138,
    "PLNR": 0.08333333333333333,
    "PQR": 0.07845744680851063,
    "PVCL": 0.06891151135473766,
    "PVCR": 0.06012332990750257,
    "PVDL": 0.08695652173913043,
    "PVDR": 0.08133971291866028,
    "PVM": 0.08496732026143791,
    "PVNL": 0.07407407407407407,
    "PVNR": 0.07160145219846713,
    "PVPL": 0.07301587301587302,
    "PVPR": 0.07013574660633484,
    "PVQL": 0.09125964010282776,
    "PVQR": 0.07929782082324455,
    "PVR": 0.07020246478873239,
    "PVT": 0.07611771363893605,
    "PVWL": 0.10837438423645321,
    "PVWR": 0.0715725806451613,
    "RIAL": 0.0732421875,
    "RIAR": 0.05606166783461808,
    "RIBL": 0.07201435161455663,
    "RIBR": 0.04832104832104832,
    "RICL": 0.06290115532734275,
    "RICR": 0.09159919028340081,
    "RID": 0.09570661896243292,
    "RIFL": 0.05,
    "RIFR": 0.08569500674763833,
    "RIGL": 0.06729559748427673,
    "RIGR": 0.06841339155749636,
    "RIH": 0.08025776215582894,
    "RIML": 0.07876943881000677,
    "RIMR": 0.09556686046511628,
    "RIPL": 0.06419753086419754,
    "RIPR": 0.09034653465346534,
    "RIR": 0.07376453488372094,
    "RIS": 0.06328616352201258,
    "RIVL": 0.08333333333333333,
    "RIVR": 0.058823529411764705,
    "RMDDL": 0.08263069139966273,
    "RMDDR": 0.07830551989730423,
    "RMDL": 0.0722972972972973,
    "RMDR": 0.06461001164144353,
    "RMDVL": 0.09595959595959595,
    "RMDVR": 0.08592471358428805,
    "RMED": 0.06581986143187067,
    "RMEL": 0.10036496350364964,
    "RMER": 0.05980861244019139,
    "RMEV": 0.07373737373737374,
    "RMFL": 0.09475806451612903,
    "RMFR": 0.09166666666666666,
    "RMGL": 0.05988857938718663,
    "RMGR": 0.07613264829518916,
    "RMHL": 0.08863328822733424,
    "RMHR": 0.07894736842105263,
    "SAADL": 0.08090803259604191,
    "SAADR": 0.07027649769585254,
    "SAAVL": 0.08712487899322362,
    "SAAVR": 0.0845724907063197,
    "SABD": 0.0698005698005698,
    "SABVL": 0.09848484848484848,
    "SABVR": 0.08496732026143791,
    "SDQL": 0.08855291576673865,
    "SDQR": 0.096,
    "SIADL": 0.08618233618233619,
    "SIADR": 0.08139534883720931,
    "SIAVL": 0.08429561200923788,
    "SIAVR": 0.06149193548387097,
    "SIBDL": 0.09544159544159544,
    "SIBDR": 0.036,
    "SIBVL": 0.07710651828298887,
    "SIBVR": 0.0811965811965812,
    "SMBDL": 0.07692307692307693,
    "SMBDR": 0.06785714285714285,
    "SMBVL": 0.07798573975044563,
    "SMBVR": 0.07037037037037037,
    "SMDDL": 0.06983985765124555,
    "SMDDR": 0.08851063829787234,
    "SMDVL": 0.08088235294117647,