{
  "clustering_coefficients": {
    "ADAL": 0.08109090909090909,
    "ADAR": 0.07647814910025708,
    "ADEL": 0.08662790697674419,
    "ADER": 0.09035476718403547,
    "ADFL": 0.0843520782396088,
    "ADFR": 0.06877950101146325,
    "ADLL": 0.10540540540540541,
    "ADLR": 0.07953340402969247,
    "AFDL": 0.08658008658008658,
    "AFDR": 0.07230769230769231,
    "AIAL": 0.0733519034354689,
    "AIAR": 0.08650190114068441,
    "AIBL": 0.07732471407260069,
    "AIBR": 0.06842105263157895,
    "AIML": 0.06695156695156695,
    "AIMR": 0.09962928637627433,
    "AINL": 0.08285714285714285,
    "AINR": 0.07321428571428572,
    "AIYL": 0.08841463414634146,
    "AIYR": 0.09244186046511628,
    "AIZL": 0.0729483282674772,
    "AIZR": 0.085612968591692,
    "ALA": 0.07834757834757834,
    "ALML": 0.07275902211874273,
    "ALMR": 0.08484848484848485,
    "ALNL": 0.07575757575757576,
    "ALNR": 0.11956521739130435,
    "AQR": 0.08035714285714286,
    "AS1": 0.08695652173913043,
    "AS10": 0.10714285714285714,
    "AS11": 0.09487776484284051,
    "AS2": 0.15416666666666667,
    "AS3": 0.10326086956521739,
    "AS4": 0.06302521008403361,
    "AS5": 0.09583333333333334,
    "AS6": 0.08888888888888889,
    "AS7": 0.0,
    "AS8": 0.08333333333333333,
    "AS9": 0.05357142857142857,
    "ASEL": 0.0655893536121673,
    "ASER": 0.07786016949152542,
    "ASGL": 0.06695156695156695,
    "ASGR": 0.07102272727272728,
    "ASHL": 0.08283132530120482,
    "ASHR": 0.07880844645550528,
    "ASIL": 0.10968660968660969,
    "ASIR": 0.06666666666666667,
    "ASJL": 0.07053571428571428,
    "ASJR": 0.11904761904761904,
    "ASKL": 0.10666666666666667,
    "ASKR": 0.06157635467980296,
    "AUAL": 0.06896551724137931,
    "AUAR": 0.09659090909090909,
    "AVAL": 0.07486229344016024,
    "AVAR": 0.07336757153338225,
    "AVBL": 0.06984517945109078,
    "AVBR": 0.06530845392231531,
    "AVDL": 0.06670311645708037,
    "AVDR": 0.07107355864811134,
    "AVEL": 0.07696969696969697,
    "AVER": 0.08813770219825798,
    "AVFL": 0.07703488372093023,
    "AVFR": 0.09244917715392062,
    "AVG": 0.0742874469375379,
    "AVHL": 0.07439953134153486,
    "AVHR": 0.07183170856849666,
    "AVJL": 0.06888888888888889,
    "AVJR": 0.07752877044215627,
    "AVKL": 0.06128221244500314,
    "AVKR": 0.08207630878438332,
    "AVL": 0.08306878306878307,
    "AVM": 0.06350806451612903,
    "AWAL": 0.07631578947368421,
    "AWAR": 0.07166666666666667,
    "AWBL": 0.06915739268680444,
    "AWBR": 0.07871198568872988,
    "AWCL": 0.07474747474747474,
    "AWCR": 0.08319327731092437,
    "BAGL": 0.08538899430740038,
    "BAGR": 0.09722222222222222,
    "BDUL": 0.11244019138755981,
    "BDUR": 0.062169312169312166,
    "CANL": 0.0,
    "CANR": 0.0,
    "CEPDL": 0.09846547314578005,
    "CEPDR": 0.10555555555555556,
    "CEPVL": 0.06756756756756757,
    "CEPVR": 0.05333333333333334,
    "DA1": 0.058823529411764705,
    "DA2": 0.09468822170900693,
    "DA3": 0.08488063660477453,
    "DA4": 0.04782608695652174,
    "DA5": 0.08658008658008658,
    "DA6": 0.08893280632411067,
    "DA7": 0.08787128712871287,
    "DA8": 0.05975609756097561,
    "DA9": 0.0796221322537112,
    "DB1": 0.11375661375661375,
    "DB2": 0.07407407407407407,
    "DB3": 0.08748114630467571,
    "DB4": 0.07894736842105263,
    "DB5": 0.05526315789473684,
    "DB6": 0.075,
    "DB7": 0.07602862254025045,
    "DD1": 0.07419354838709677,
    "DD2": 0.07857142857142857,
    "DD3": 0.05476190476190476,
    "DD4": 0.10476190476190476,
    "DD5": 0.05555555555555555,
    "DD6": 0.08888888888888889,
    "DVA": 0.06386687797147385,
    "DVB": 0.08823529411764706,
    "DVC": 0.06079323797139142,
    "FLPL": 0.08120133481646273,
    "FLPR": 0.10368663594470046,
    "HSNL": 0.06622222222222222,
    "HSNR": 0.0949685534591195,
    "I1L": 0.07720588235294118,
    "I1R": 0.08909574468085106,
    "I2L": 0.08518518518518518,
    "I2R": 0.10372340425531915,
    "I3": 0.09210526315789473,
    "I4": 0.10476190476190476,
    "I5": 0.06767676767676768,
    "I6": 0.08181818181818182,
    "IL1DL": 0.09,
    "IL1DR": 0.08134920634920635,
    "IL1L": 0.1553784860557769,
    "IL1R": 0.06696428571428571,
    "IL1VL": 0.07977207977207977,
    "IL1VR": 0.0873015873015873,
    "IL2DL": 0.09881422924901186,
    "IL2DR": 0.07905138339920949,
    "IL2L": 0.09375,
    "IL2R": 0.09090909090909091,
    "IL2VL": 0.04487179487179487,
    "IL2VR": 0.10476190476190476,
    "LUAL": 0.07230769230769231,
    "LUAR": 0.09107142857142857,
    "M1": 0.06862745098039216,
    "M2L": 0.0873015873015873,
    "M2R": 0.06613756613756613,
    "M3L": 0.09285714285714286,
    "M3R": 0.10833333333333334,
    "M4": 0.09454545454545454,
    "M5": 0.1,
    "MCL": 0.037815126050420166,
    "MCR": 0.07142857142857142,
    "MI": 0.07516339869281045,
    "NSML": 0.0756578947368421,
    "NSMR": 0.08928571428571429,
    "OLLL": 0.0728744939271255,
    "OLLR": 0.07417974322396577,
    "OLQDL": 0.07712765957446809,
    "OLQDR": 0.0754985754985755,
    "OLQVL": 0.0778175313059034,
    "OLQVR": 0.09061696658097686,
    "PDA": 0.05555555555555555,
    "PDB": 0.06333333333333334,
    "PDEL": 0.08620689655172414,
    "PDER": 0.0913978494623656,
    "PHAL": 0.1077127659574468,
    "PHAR": 0.07692307692307693,
    "PHBL": 0.07219827586206896,
    "PHBR": 0.09732142857142857,
    "PHCL": 0.061507936507936505,
    "PHCR": 0.0903010033444816,
    "PLML": 0.10897435897435898,
    "PLMR": 0.06593406593406594,
    "PLNL": 0.08405172413793104,
    "PLNR": 0.08088235294117647,
    "PQR": 0.09973404255319149,
    "PVCL": 0.07479674796747968,
    "PVCR": 0.06339144215530904,
    "PVDL": 0.05263157894736842,
    "PVDR": 0.09126984126984126,
    "PVM": 0.0661764705882353,
    "PVNL": 0.07660377358490567,
    "PVNR": 0.0676489226869455,
    "PVPL": 0.06706281833616298,
    "PVPR": 0.07818332642057238,
    "PVQL": 0.08321479374110953,
    "PVQR": 0.09384941675503712,
    "PVR": 0.06984068173397555,
    "PVT": 0.07394366197183098,
    "PVWL": 0.09236453201970443,
    "PVWR": 0.08139534883720931,
    "RIAL": 0.07452907452907453,
    "RIAR": 0.05862977602108037,
    "RIBL": 0.07542147293700088,
    "RIBR": 0.07373737373737374,
    "RICL": 0.06528301886792452,
    "RICR": 0.07475490196078431,
    "RID": 0.0825426944971537,
    "RIFL": 0.05844155844155844,
    "RIFR": 0.07784697508896797,
    "RIGL": 0.06805555555555555,
    "RIGR": 0.07649739583333333,
    "RIH": 0.07726465364120781,
    "RIML": 0.08724597056762438,
    "RIMR": 0.06044487427466151,
    "RIPL": 0.07321428571428572,
    "RIPR": 0.0610079575596817,
    "RIR": 0.07250755287009064,
    "RIS": 0.07404255319148936,
    "RIVL": 0.09282178217821782,
    "RIVR": 0.075516693163752,
    "RMDDL": 0.06726694915254237,
    "RMDDR": 0.1192368839427663,
    "RMDL": 0.06885593220338983,
    "RMDR": 0.07346647646219687,
    "RMDVL": 0.0699831365935919,
    "RMDVR": 0.07686017988552739,
    "RMED": 0.11521739130434783,
    "RMEL": 0.07142857142857142,
    "RMER": 0.07692307692307693,
    "RMEV": 0.06747638326585695,
    "RMFL": 0.08232118758434548,
    "RMFR": 0.06907894736842106,
    "RMGL": 0.07605531295487628,
    "RMGR": 0.06433566433566433,
    "RMHL": 0.07744107744107744,
    "RMHR": 0.06521739130434782,
    "SAADL": 0.07685009487666034,
    "SAADR": 0.07251908396946564,
    "SAAVL": 0.0793401413982718,
    "SAAVR": 0.049107142857142856,
    "SABD": 0.08157894736842106,
    "SABVL": 0.05128205128205128,
    "SABVR": 0.11029411764705882,
    "SDQL": 0.04710144927536232,
    "SDQR": 0.07661290322580645,
    "SIADL": 0.06086956521739131,
    "SIADR": 0.07650862068965517,
    "SIAVL": 0.05263157894736842,
    "SIAVR": 0.08426073131955485,
    "SIBDL": 0.0868945868945869,
    "SIBDR": 0.09116809116809117,
    "SIBVL": 0.07015985790408526,
    "SIBVR": 0.05555555555555555,
    "SMBDL": 0.05920114122681883,
    "SMBDR": 0.07383720930232558,
    "SMBVL": 0.07428571428571429,
    "SMBVR": 0.0837028824833703,
    "SMDDL": 0.07787234042553191,
    "SMDDR": 0.050793650793650794,