{
  "clustering_coefficients": {
    "ADAL": 0.05507246376811594,
    "ADAR": 0.0757020757020757,
    "ADEL": 0.06483126110124333,
    "ADER": 0.07203907203907203,
    "ADFL": 0.08433734939759036,
    "ADFR": 0.06147144240077444,
    "ADLL": 0.06534422403733955,
    "ADLR": 0.07119386637458927,
    "AFDL": 0.08333333333333333,
    "AFDR": 0.11140583554376658,
    "AIAL": 0.085,
    "AIAR": 0.08057228915662651,
    "AIBL": 0.06258457374830853,
    "AIBR": 0.07797270955165692,
    "AIML": 0.08666666666666667,
    "AIMR": 0.08372093023255814,
    "AINL": 0.07866379310344827,
    "AINR": 0.06704707560627675,
    "AIYL": 0.07793522267206478,
    "AIYR": 0.07586206896551724,
    "AIZL": 0.07586512866015972,
    "AIZR": 0.0741421568627451,
    "ALA": 0.09425287356321839,
    "ALML": 0.09011627906976744,
    "ALMR": 0.07894736842105263,
    "ALNL": 0.07211538461538461,
    "ALNR": 0.06324110671936758,
    "AQR": 0.07006369426751592,
    "AS1": 0.0735632183908046,
    "AS10": 0.08498023715415019,
    "AS11": 0.0625,
    "AS2": 0.07692307692307693,
    "AS3": 0.047619047619047616,
    "AS4": 0.11419753086419752,
    "AS5": 0.1346153846153846,
    "AS6": 0.09090909090909091,
    "AS7": 0.08181818181818182,
    "AS8": 0.1,
    "AS9": 0.03333333333333333,
    "ASEL": 0.06887298747763863,
    "ASER": 0.06455026455026455,
    "ASGL": 0.095,
    "ASGR": 0.0701058201058201,
    "ASHL": 0.085612968591692,
    "ASHR": 0.0728910728910729,
    "ASIL": 0.07,
    "ASIR": 0.09761904761904762,
    "ASJL": 0.06481481481481481,
    "ASJR": 0.1111111111111111,
    "ASKL": 0.1067193675889328,
    "ASKR": 0.07239512855209743,
    "AUAL": 0.08823529411764706,
    "AUAR": 0.08695652173913043,
    "AVAL": 0.06291834002677377,
    "AVAR": 0.06552445723253988,
    "AVBL": 0.0707070707070707,
    "AVBR": 0.07044975404075896,
    "AVDL": 0.08424022571543732,
    "AVDR": 0.05512758786711603,
    "AVEL": 0.06545879602571596,
    "AVER": 0.061868078960038514,
    "AVFL": 0.07896890343698855,
    "AVFR": 0.058758314855875834,
    "AVG": 0.052521008403361345,
    "AVHL": 0.0843585237258348,
    "AVHR": 0.06549019607843137,
    "AVJL": 0.07089947089947089,
    "AVJR": 0.06769825918762089,
    "AVKL": 0.07544757033248081,
    "AVKR": 0.07776162790697674,
    "AVL": 0.0940550133096717,
    "AVM": 0.07410714285714286,
    "AWAL": 0.09615384615384616,
    "AWAR": 0.10047846889952153,
    "AWBL": 0.08857509627727857,
    "AWBR": 0.09090909090909091,
    "AWCL": 0.06228956228956229,
    "AWCR": 0.06653225806451613,
    "BAGL": 0.0962406015037594,
    "BAGR": 0.0913312693498452,
    "BDUL": 0.0915032679738562,
    "BDUR": 0.043076923076923075,
    "CANL": 0.0,
    "CANR": 0.0,
    "CEPDL": 0.07187745483110762,
    "CEPDR": 0.07815126050420168,
    "CEPVL": 0.0873440285204991,
    "CEPVR": 0.07373737373737374,
    "DA1": 0.06493506493506493,
    "DA2": 0.09300476947535771,
    "DA3": 0.09821428571428571,
    "DA4": 0.06461538461538462,
    "DA5": 0.08361204013377926,
    "DA6": 0.1323529411764706,
    "DA7": 0.08747300215982722,
    "DA8": 0.09094942324755989,
    "DA9": 0.0656441717791411,
    "DB1": 0.09057971014492754,
    "DB2": 0.11471861471861472,
    "DB3": 0.07285714285714286,
    "DB4": 0.08461538461538462,
    "DB5": 0.06985294117647059,
    "DB6": 0.08545454545454545,
    "DB7": 0.06904761904761905,
    "DD1": 0.08160919540229886,
    "DD2": 0.08571428571428572,
    "DD3": 0.09926470588235294,
    "DD4": 0.14102564102564102,
    "DD5": 0.11428571428571428,
    "DD6": 0.07357142857142857,
    "DVA": 0.06663098742306663,
    "DVB": 0.07645466847090664,
    "DVC": 0.08093841642228738,
    "FLPL": 0.10185185185185185,
    "FLPR": 0.07859848484848485,
    "HSNL": 0.0673076923076923,
    "HSNR": 0.04583624912526242,
    "I1L": 0.08727272727272728,
    "I1R": 0.1,
    "I2L": 0.1,
    "I2R": 0.1123076923076923,
    "I3": 0.0691699604743083,
    "I4": 0.08739255014326648,
    "I5": 0.07266009852216748,
    "I6": 0.09230769230769231,
    "IL1DL": 0.07716049382716049,
    "IL1DR": 0.08928571428571429,
    "IL1L": 0.08505747126436781,
    "IL1R": 0.08533333333333333,
    "IL1VL": 0.09666666666666666,
    "IL1VR": 0.07428571428571429,
    "IL2DL": 0.09288537549407115,
    "IL2DR": 0.075,
    "IL2L": 0.06868686868686869,
    "IL2R": 0.11722488038277512,
    "IL2VL": 0.07222222222222222,
    "IL2VR": 0.09881422924901186,
    "LUAL": 0.0645933014354067,
    "LUAR": 0.07386363636363637,
    "M1": 0.0875,
    "M2L": 0.08157894736842106,
    "M2R": 0.09288537549407115,
    "M3L": 0.08791208791208792,
    "M3R": 0.08881578947368421,
    "M4": 0.11029411764705882,
    "M5": 0.08333333333333333,
    "MCL": 0.0875,
    "MCR": 0.10047846889952153,
    "MI": 0.08571428571428572,
    "NSML": 0.0625,
    "NSMR": 0.06340579710144928,
    "OLLL": 0.09659090909090909,
    "OLLR": 0.07161125319693094,
    "OLQDL": 0.06191950464396285,
    "OLQDR": 0.07076923076923076,
    "OLQVL": 0.0774436090225564,
    "OLQVR": 0.08870967741935484,
    "PDA": 0.10476190476190476,
    "PDB": 0.10457516339869281,
    "PDEL": 0.10461538461538461,
    "PDER": 0.09681697612732096,
    "PHAL": 0.10582010582010581,
    "PHAR": 0.07512315270935961,
    "PHBL": 0.06981981981981981,
    "PHBR": 0.08080808080808081,
    "PHCL": 0.09782608695652174,
    "PHCR": 0.09090909090909091,
    "PLML": 0.09340659340659341,
    "PLMR": 0.022222222222222223,
    "PLNL": 0.10912343470483005,
    "PLNR": 0.06578947368421052,
    "PQR": 0.08571428571428572,
    "PVCL": 0.06791208791208792,
    "PVCR": 0.07153370621136297,
    "PVDL": 0.08300395256916997,
    "PVDR": 0.08695652173913043,
    "PVM": 0.08771929824561403,
    "PVNL": 0.07536231884057971,
    "PVNR": 0.0798462852263023,
    "PVPL": 0.06154449235593885,
    "PVPR": 0.05671843349088454,
    "PVQL": 0.0876068376068376,
    "PVQR": 0.07994186046511628,
    "PVR": 0.0690584819576939,
    "PVT": 0.07366189719130896,
    "PVWL": 0.09770114942528736,
    "PVWR": 0.10828025477707007,
    "RIAL": 0.08670520231213873,
    "RIAR": 0.0699074074074074,
    "RIBL": 0.06780923994038748,
    "RIBR": 0.07116898849182314,
    "RICL": 0.08974358974358974,
    "RICR": 0.08327272727272728,
    "RID": 0.06428571428571428,
    "RIFL": 0.08333333333333333,
    "RIFR": 0.07030636292223096,
    "RIGL": 0.09542181069958848,
    "RIGR": 0.06290471785383904,
    "RIH": 0.08212209302325581,
    "RIML": 0.0660377358490566,
    "RIMR": 0.0937892095357591,
    "RIPL": 0.06565656565656566,
    "RIPR": 0.0872865275142315,
    "RIR": 0.08805668016194332,
    "RIS": 0.06351236146632566,
    "RIVL": 0.055133079847908745,
    "RIVR": 0.0683111954459203,
    "RMDDL": 0.07682926829268293,
    "RMDDR": 0.08253968253968254,
    "RMDL": 0.0726296123306866,
    "RMDR": 0.07416267942583732,
    "RMDVL": 0.06778309409888357,
    "RMDVR": 0.06726694915254237,
    "RMED": 0.07593984962406015,
    "RMEL": 0.07352941176470588,
    "RMER": 0.08,
    "RMEV": 0.06463414634146342,
    "RMFL": 0.059033989266547404,
    "RMFR": 0.09956709956709957,
    "RMGL": 0.07072829131652661,
    "RMGR": 0.07456140350877193,
    "RMHL": 0.06543385490753911,
    "RMHR": 0.09116809116809117,
    "SAADL": 0.08985507246376812,
    "SAADR": 0.0787037037037037,
    "SAAVL": 0.06924577373211964,
    "SAAVR": 0.08333333333333333,
    "SABD": 0.0587557603686636,
    "SABVL": 0.08529411764705883,
    "SABVR": 0.051470588235294115,
    "SDQL": 0.06072106261859583,
    "SDQR": 0.07869634340222575,
    "SIADL": 0.07154882154882154,
    "SIADR": 0.08395061728395062,
    "SIAVL": 0.06785714285714285,
    "SIAVR": 0.08765432098765433,
    "SIBDL": 0.07017543859649122,
    "SIBDR": 0.07142857142857142,
    "SIBVL": 0.07647058823529412,
    "SIBVR": 0.06854838709677419,
    "SMBDL": 0.07917261055634807,
    "SMBDR": 0.0898716119828816,
    "SMBVL": 0.0835978835978836,
    "SMBVR": 0.09254947613504075,
    "SMDDL": 0.07827260458839407,
    "SMDDR": 0.0851063829787234,
    "SMDVL": 0.07136524822695035,
    "SMDVR": 0.08788515406162464,
    "URADL": 0.13736263736263737,