{
  "clustering_coefficients": {
    "ADAL": 0.08597560975609755,
    "ADAR": 0.08734693877551021,
    "ADEL": 0.07818181818181819,
    "ADER": 0.08497246262785209,
    "ADFL": 0.09534883720930233,
    "ADFR": 0.08413926499032882,
    "ADLL": 0.07326007326007326,
    "ADLR": 0.08295380611581002,
    "AFDL": 0.06573705179282868,
    "AFDR": 0.0913978494623656,
    "AIAL": 0.06060606060606061,
    "AIAR": 0.06968876860622462,
    "AIBL": 0.06464646464646465,
    "AIBR": 0.07487562189054726,
    "AIML": 0.08547008547008547,
    "AIMR": 0.0678659035159444,
    "AINL": 0.10341555977229601,
    "AINR": 0.11822660098522167,
    "AIYL": 0.0576036866359447,
    "AIYR": 0.05591397849462366,
    "AIZL": 0.07354497354497354,
    "AIZR": 0.08294717330861909,
    "ALA": 0.11231884057971014,
    "ALML": 0.10038610038610038,
    "ALMR": 0.08455882352941177,
    "ALNL": 0.08241758241758242,
    "ALNR": 0.06331877729257641,
    "AQR": 0.0742397137745975,
    "AS1": 0.06837606837606838,
    "AS10": 0.07575757575757576,
    "AS11": 0.06585365853658537,
    "AS2": 0.07083333333333333,
    "AS3": 0.17857142857142858,
    "AS4": 0.07768924302788845,
    "AS5": 0.09090909090909091,
    "AS6": 0.10576923076923077,
    "AS7": 0.1,
    "AS8": 0.03571428571428571,
    "AS9": 0.07142857142857142,
    "ASEL": 0.05968169761273209,
    "ASER": 0.0743321718931475,
    "ASGL": 0.07916666666666666,
    "ASGR": 0.07142857142857142,
    "ASHL": 0.08924205378973105,
    "ASHR": 0.08282904689863843,
    "ASIL": 0.07804232804232804,
    "ASIR": 0.06535947712418301,
    "ASJL": 0.07901234567901234,
    "ASJR": 0.10606060606060606,
    "ASKL": 0.09736842105263158,
    "ASKR": 0.0699831365935919,
    "AUAL": 0.055456171735241505,
    "AUAR": 0.06,
    "AVAL": 0.05425,
    "AVAR": 0.061946902654867256,
    "AVBL": 0.051888289431926374,
    "AVBR": 0.06865631691648823,
    "AVDL": 0.06514084507042253,
    "AVDR": 0.07417864476386037,
    "AVEL": 0.07534807534807535,
    "AVER": 0.07070910556003224,
    "AVFL": 0.0809108527131783,
    "AVFR": 0.08431703204047218,
    "AVG": 0.07312925170068027,
    "AVHL": 0.07387862796833773,
    "AVHR": 0.07563025210084033,
    "AVJL": 0.05694444444444444,
    "AVJR": 0.07227891156462585,
    "AVKL": 0.08605527638190955,
    "AVKR": 0.07953281423804227,
    "AVL": 0.07107843137254902,
    "AVM": 0.10810810810810811,
    "AWAL": 0.07894736842105263,
    "AWAR": 0.09247311827956989,
    "AWBL": 0.08863328822733424,
    "AWBR": 0.08604651162790698,
    "AWCL": 0.08502024291497975,
    "AWCR": 0.07407407407407407,
    "BAGL": 0.07373271889400922,
    "BAGR": 0.10833333333333334,
    "BDUL": 0.10869565217391304,
    "BDUR": 0.08193979933110368,
    "CANL": 0.0,
    "CANR": 0.0,
    "CEPDL": 0.06769825918762089,
    "CEPDR": 0.05382907880133185,
    "CEPVL": 0.08748114630467571,
    "CEPVR": 0.08771929824561403,
    "DA1": 0.05698005698005698,
    "DA2": 0.08080808080808081,
    "DA3": 0.09287257019438445,
    "DA4": 0.10434782608695652,
    "DA5": 0.0812807881773399,
    "DA6": 0.06842105263157895,
    "DA7": 0.07114624505928854,
    "DA8": 0.08526413345690455,
    "DA9": 0.08496332518337409,
    "DB1": 0.07246376811594203,
    "DB2": 0.09,
    "DB3": 0.07878787878787878,
    "DB4": 0.07636363636363637,
    "DB5": 0.06521739130434782,
    "DB6": 0.06666666666666667,
    "DB7": 0.08303571428571428,
    "DD1": 0.097926267281106,
    "DD2": 0.06221198156682028,
    "DD3": 0.047619047619047616,
    "DD4": 0.08333333333333333,
    "DD5": 0.05303030303030303,
    "DD6": 0.0685820203892493,
    "DVA": 0.06356164383561644,
    "DVB": 0.07575757575757576,
    "DVC": 0.06313703284258211,
    "FLPL": 0.0696969696969697,
    "FLPR": 0.07621082621082621,
    "HSNL": 0.07983761840324763,
    "HSNR": 0.07486979166666667,
    "I1L": 0.08531746031746032,
    "I1R": 0.07560483870967742,
    "I2L": 0.08923076923076922,
    "I2R": 0.06956521739130435,
    "I3": 0.0698005698005698,
    "I4": 0.10052910052910052,
    "I5": 0.10333863275039745,
    "I6": 0.14761904761904762,
    "IL1DL": 0.08876811594202899,
    "IL1DR": 0.08428571428571428,
    "IL1L": 0.07509881422924901,
    "IL1R": 0.08620689655172414,
    "IL1VL": 0.08249158249158249,
    "IL1VR": 0.07416267942583732,
    "IL2DL": 0.08088235294117647,
    "IL2DR": 0.049707602339181284,
    "IL2L": 0.07504215851602024,
    "IL2R": 0.0944700460829493,
    "IL2VL": 0.11797752808988764,
    "IL2VR": 0.09760956175298804,
    "LUAL": 0.08225108225108226,
    "LUAR": 0.06333333333333334,
    "M1": 0.07272727272727272,
    "M2L": 0.05928853754940711,
    "M2R": 0.07083333333333333,
    "M3L": 0.08974358974358974,
    "M3R": 0.10952380952380952,
    "M4": 0.10084033613445378,
    "M5": 0.0,
    "MCL": 0.05555555555555555,
    "MCR": 0.1,
    "MI": 0.07741935483870968,
    "NSML": 0.08823529411764706,
    "NSMR": 0.08187134502923976,
    "OLLL": 0.0773109243697479,
    "OLLR": 0.0913926499032882,
    "OLQDL": 0.07974137931034483,
    "OLQDR": 0.06912442396313365,
    "OLQVL": 0.10476190476190476,
    "OLQVR": 0.11882716049382716,
    "PDA": 0.08498023715415019,
    "PDB": 0.043859649122807015,
    "PDEL": 0.06790123456790123,
    "PDER": 0.07905982905982906,
    "PHAL": 0.08455882352941177,
    "PHAR": 0.10033444816053512,
    "PHBL": 0.09033989266547406,
    "PHBR": 0.08472400513478819,
    "PHCL": 0.11775362318840579,
    "PHCR": 0.08374384236453201,
    "PLML": 0.07380952380952381,
    "PLMR": 0.17424242424242425,
    "PLNL": 0.07871198568872988,
    "PLNR": 0.07051282051282051,
    "PQR": 0.07603686635944701,
    "PVCL": 0.07056910569105691,
    "PVCR": 0.07942762339278307,
    "PVDL": 0.08225108225108226,
    "PVDR": 0.09740259740259741,
    "PVM": 0.0941358024691358,
    "PVNL": 0.08312958435207823,
    "PVNR": 0.07600281491907107,
    "PVPL": 0.06887755102040816,
    "PVPR": 0.06604913411196134,
    "PVQL": 0.07374830852503383,
    "PVQR": 0.07301740812379111,
    "PVR": 0.08283518360375747,
    "PVT": 0.06793478260869565,
    "PVWL": 0.06904761904761905,
    "PVWR": 0.07122507122507123,
    "RIAL": 0.07412790697674419,
    "RIAR": 0.0749867514573397,
    "RIBL": 0.059002022926500336,
    "RIBR": 0.06901098901098901,
    "RICL": 0.08614668218859138,
    "RICR": 0.08672699849170437,
    "RID": 0.06159420289855073,
    "RIFL": 0.0830945558739255,
    "RIFR": 0.08228460793804453,
    "RIGL": 0.07672727272727273,
    "RIGR": 0.10792682926829268,
    "RIH": 0.08050351288056207,
    "RIML": 0.07107843137254902,
    "RIMR": 0.06921331316187594,
    "RIPL": 0.09006734006734007,
    "RIPR": 0.07575757575757576,
    "RIR": 0.06663941128372854,
    "RIS": 0.0851063829787234,
    "RIVL": 0.0681063122923588,
    "RIVR": 0.05913978494623656,
    "RMDDL": 0.061200923787528866,
    "RMDDR": 0.06506238859180036,
    "RMDL": 0.08598130841121496,
    "RMDR": 0.06701631701631702,
    "RMDVL": 0.0625,
    "RMDVR": 0.07232704402515723,
    "RMED": 0.08840304182509506,
    "RMEL": 0.0873015873015873,
    "RMER": 0.10101010101010101,
    "RMEV": 0.059398496240601506,
    "RMFL": 0.06116642958748222,
    "RMFR": 0.10294117647058823,
    "RMGL": 0.09691011235955056,
    "RMGR": 0.06473649967469096,
    "RMHL": 0.08950617283950617,
    "RMHR": 0.06631299734748011,
    "SAADL": 0.09478935698447893,
    "SAADR": 0.10015060240963855,
    "SAAVL": 0.09159919028340081,
    "SAAVR": 0.0952970297029703,
    "SABD": 0.08333333333333333,
    "SABVL": 0.07051282051282051,
    "SABVR": 0.06432748538011696,
    "SDQL": 0.09282178217821782,
    "SDQR": 0.08333333333333333,
    "SIADL": 0.10857142857142857,
    "SIADR": 0.07765151515151515,
    "SIAVL": 0.07703281027104136,
    "SIAVR": 0.054187192118226604,
    "SIBDL": 0.09975369458128079,
    "SIBDR": 0.09442724458204334,
    "SIBVL": 0.09472934472934473,
    "SIBVR": 0.06472261735419631,
    "SMBDL": 0.07645466847090664,
    "SMBDR": 0.09302325581395349,
    "SMBVL": 0.08783783783783784,
    "SMBVR": 0.06342494714587738,
    "SMDDL": 0.08857808857808858,
    "SMDDR": 0.06580166821130677,