{
  "clustering_coefficients": {
    "ADAL": 0.06190476190476191,
    "ADAR": 0.07751277683134583,
    "ADEL": 0.06659267480577137,
    "ADER": 0.08519269776876268,
    "ADFL": 0.07647814910025708,
    "ADFR": 0.06705150976909414,
    "ADLL": 0.06349206349206349,
    "ADLR": 0.0866408518877057,
    "AFDL": 0.09841269841269841,
    "AFDR": 0.06725146198830409,
    "AIAL": 0.07157326130992572,
    "AIAR": 0.09173387096774194,
    "AIBL": 0.07274081429990069,
    "AIBR": 0.06620125180548869,
    "AIML": 0.09405940594059406,
    "AIMR": 0.08378378378378379,
    "AINL": 0.09292929292929293,
    "AINR": 0.08509036144578314,
    "AIYL": 0.09472934472934473,
    "AIYR": 0.07513416815742398,
    "AIZL": 0.06281771968046478,
    "AIZR": 0.09415121255349501,
    "ALA": 0.09287925696594428,
    "ALML": 0.08634020618556701,
    "ALMR": 0.05555555555555555,
    "ALNL": 0.1323529411764706,
    "ALNR": 0.09130434782608696,
    "AQR": 0.0873015873015873,
    "AS1": 0.08198614318706697,
    "AS10": 0.06912442396313365,
    "AS11": 0.0779467680608365,
    "AS2": 0.09288537549407115,
    "AS3": 0.16666666666666666,
    "AS4": 0.07983193277310924,
    "AS5": 0.1,
    "AS6": 0.09868421052631579,
    "AS7": 0.09523809523809523,
    "AS8": 0.047619047619047616,
    "AS9": 0.0,
    "ASEL": 0.07019704433497537,
    "ASER": 0.07722222222222222,
    "ASGL": 0.0804661487236404,
    "ASGR": 0.07175925925925926,
    "ASHL": 0.08547008547008547,
    "ASHR": 0.08222222222222222,
    "ASIL": 0.10030864197530864,
    "ASIR": 0.07894736842105263,
    "ASJL": 0.07720588235294118,
    "ASJR": 0.07272727272727272,
    "ASKL": 0.09230769230769231,
    "ASKR": 0.07848443843031123,
    "AUAL": 0.10076045627376426,
    "AUAR": 0.10474308300395258,
    "AVAL": 0.06245702498280999,
    "AVAR": 0.06024857804929429,
    "AVBL": 0.08016246259085079,
    "AVBR": 0.07154769846564377,
    "AVDL": 0.0649502633118783,
    "AVDR": 0.06762295081967214,
    "AVEL": 0.07177263969171484,
    "AVER": 0.07421150278293136,
    "AVFL": 0.07903357903357904,
    "AVFR": 0.08888888888888889,
    "AVG": 0.06798245614035088,
    "AVHL": 0.09039334341906202,
    "AVHR": 0.06599326599326599,
    "AVJL": 0.07808340727595386,
    "AVJR": 0.08455236980690463,
    "AVKL": 0.06391170431211499,
    "AVKR": 0.07283464566929133,
    "AVL": 0.07790091264667535,
    "AVM": 0.0754985754985755,
    "AWAL": 0.11666666666666667,
    "AWAR": 0.08068783068783068,
    "AWBL": 0.07358870967741936,
    "AWBR": 0.07291666666666667,
    "AWCL": 0.08097165991902834,
    "AWCR": 0.07422402159244265,
    "BAGL": 0.07243589743589744,
    "BAGR": 0.07701149425287357,
    "BDUL": 0.09848484848484848,
    "BDUR": 0.08831908831908832,
    "CANL": 0.0,
    "CANR": 0.0,
    "CEPDL": 0.07848837209302326,
    "CEPDR": 0.0722972972972973,
    "CEPVL": 0.0662847790507365,
    "CEPVR": 0.08652729384436701,
    "DA1": 0.07539682539682539,
    "DA2": 0.06766917293233082,
    "DA3": 0.10079575596816977,
    "DA4": 0.07017543859649122,
    "DA5": 0.06481481481481481,
    "DA6": 0.11513157894736842,
    "DA7": 0.07845744680851063,
    "DA8": 0.07482517482517483,
    "DA9": 0.07238010657193605,
    "DB1": 0.09523809523809523,
    "DB2": 0.07230769230769231,
    "DB3": 0.09267480577136515,
    "DB4": 0.07954545454545454,
    "DB5": 0.14440993788819875,
    "DB6": 0.06521739130434782,
    "DB7": 0.0933572710951526,
    "DD1": 0.0707070707070707,
    "DD2": 0.07984790874524715,
    "DD3": 0.06111111111111111,
    "DD4": 0.11363636363636363,
    "DD5": 0.06904761904761905,
    "DD6": 0.06626506024096386,
    "DVA": 0.06438631790744467,
    "DVB": 0.0968013468013468,
    "DVC": 0.06856060606060606,
    "FLPL": 0.0894396551724138,
    "FLPR": 0.07526881720430108,
    "HSNL": 0.07148936170212766,
    "HSNR": 0.0675297410776767,
    "I1L": 0.09347826086956522,
    "I1R": 0.06481481481481481,
    "I2L": 0.1125,
    "I2R": 0.07004310344827586,
    "I3": 0.09259259259259259,
    "I4": 0.07114624505928854,
    "I5": 0.09975369458128079,
    "I6": 0.10989010989010989,
    "IL1DL": 0.06209150326797386,
    "IL1DR": 0.0603448275862069,
    "IL1L": 0.08366935483870967,
    "IL1R": 0.06896551724137931,
    "IL1VL": 0.08923076923076922,
    "IL1VR": 0.09698996655518395,
    "IL2DL": 0.0761904761904762,
    "IL2DR": 0.09523809523809523,
    "IL2L": 0.07575757575757576,
    "IL2R": 0.06926406926406926,
    "IL2VL": 0.09340659340659341,
    "IL2VR": 0.1038961038961039,
    "LUAL": 0.1020066889632107,
    "LUAR": 0.06754032258064516,
    "M1": 0.08888888888888889,
    "M2L": 0.1068840579710145,
    "M2R": 0.10789473684210527,
    "M3L": 0.058823529411764705,
    "M3R": 0.07516339869281045,
    "M4": 0.12301587301587301,
    "M5": 0.05,
    "MCL": 0.1043956043956044,
    "MCR": 0.1111111111111111,
    "MI": 0.09486166007905138,
    "NSML": 0.11255411255411256,
    "NSMR": 0.0915032679738562,
    "OLLL": 0.08318425760286226,
    "OLLR": 0.0732519422863485,
    "OLQDL": 0.09126984126984126,
    "OLQDR": 0.0797872340425532,
    "OLQVL": 0.06451612903225806,
    "OLQVR": 0.07472178060413355,
    "PDA": 0.08043478260869565,
    "PDB": 0.08,
    "PDEL": 0.0851063829787234,
    "PDER": 0.06515957446808511,
    "PHAL": 0.08333333333333333,
    "PHAR": 0.07862903225806452,
    "PHBL": 0.08518518518518518,
    "PHBR": 0.08354755784061697,
    "PHCL": 0.10714285714285714,
    "PHCR": 0.0754985754985755,
    "PLML": 0.075,
    "PLMR": 0.07777777777777778,
    "PLNL": 0.08064516129032258,
    "PLNR": 0.03787878787878788,
    "PQR": 0.08617424242424243,
    "PVCL": 0.0617123795404003,
    "PVCR": 0.07019126669072537,
    "PVDL": 0.0670995670995671,
    "PVDR": 0.08441558441558442,
    "PVM": 0.055693069306930694,
    "PVNL": 0.088379705400982,
    "PVNR": 0.07243589743589744,
    "PVPL": 0.0838150289017341,
    "PVPR": 0.06681270536692223,
    "PVQL": 0.07680722891566265,
    "PVQR": 0.08289007092198582,
    "PVR": 0.08277189605389798,
    "PVT": 0.06191780821917808,
    "PVWL": 0.08465608465608465,
    "PVWR": 0.07142857142857142,
    "RIAL": 0.0684423465947404,
    "RIAR": 0.06209150326797386,
    "RIBL": 0.0614406779661017,
    "RIBR": 0.06929824561403508,
    "RICL": 0.07792836398838335,
    "RICR": 0.08046558704453441,
    "RID": 0.0963375796178344,
    "RIFL": 0.08049242424242424,
    "RIFR": 0.06938559322033898,
    "RIGL": 0.07994186046511628,
    "RIGR": 0.07434640522875817,
    "RIH": 0.06477864583333333,
    "RIML": 0.053895723491505565,
    "RIMR": 0.05721830985915493,
    "RIPL": 0.10285714285714286,
    "RIPR": 0.07130124777183601,
    "RIR": 0.06638297872340425,
    "RIS": 0.0770440251572327,
    "RIVL": 0.08125,
    "RIVR": 0.07530864197530865,
    "RMDDL": 0.06091101694915254,
    "RMDDR": 0.05555555555555555,
    "RMDL": 0.08704453441295547,
    "RMDR": 0.06917293233082707,
    "RMDVL": 0.08728448275862069,
    "RMDVR": 0.08662613981762918,
    "RMED": 0.10668103448275862,
    "RMEL": 0.09288537549407115,
    "RMER": 0.07319391634980989,
    "RMEV": 0.06934731934731934,
    "RMFL": 0.075,
    "RMFR": 0.05652173913043478,
    "RMGL": 0.04918032786885246,
    "RMGR": 0.06787963610916725,
    "RMHL": 0.10625,
    "RMHR": 0.10372340425531915,
    "SAADL": 0.07407407407407407,
    "SAADR": 0.05600539811066127,
    "SAAVL": 0.09026687598116169,
    "SAAVR": 0.07203994293865906,
    "SABD": 0.042105263157894736,
    "SABVL": 0.10714285714285714,
    "SABVR": 0.12179487179487179,
    "SDQL": 0.06763925729442971,
    "SDQR": 0.09979838709677419,
    "SIADL": 0.0880952380952381,
    "SIADR": 0.07034883720930232,
    "SIAVL": 0.09797979797979799,
    "SIAVR": 0.07762096774193548,
    "SIBDL": 0.08187134502923976,
    "SIBDR": 0.10683760683760683,
    "SIBVL": 0.06379585326953748,
    "SIBVR": 0.08080808080808081,
    "SMBDL": 0.07398452611218569,
    "SMBDR": 0.09220985691573927,
    "SMBVL": 0.06349206349206349,
    "SMBVR": 0.07003012048192771,
    "SMDDL": 0.07496075353218211,
    "SMDDR": 0.07315891472868218,
    "SMDVL": 0.06569767441860465,
    "SMDVR": 0.05767195767195767,