{
  "clustering_coefficients": {
    "ADAL": 0.09118727050183599,
    "ADAR": 0.07777777777777778,
    "ADEL": 0.07958921694480103,
    "ADER": 0.06609547123623011,
    "ADFL": 0.06944444444444445,
    "ADFR": 0.0694662480376766,
    "ADLL": 0.07325581395348837,
    "ADLR": 0.08177777777777778,
    "AFDL": 0.04377880184331797,
    "AFDR": 0.08695652173913043,
    "AIAL": 0.08686440677966102,
    "AIAR": 0.09716599190283401,
    "AIBL": 0.08125472411186697,
    "AIBR": 0.06568627450980392,
    "AIML": 0.08617424242424243,
    "AIMR": 0.0739231664726426,
    "AINL": 0.0846774193548387,
    "AINR": 0.061877667140825036,
    "AIYL": 0.09904761904761905,
    "AIYR": 0.07546296296296297,
    "AIZL": 0.07688229056203605,
    "AIZR": 0.0880952380952381,
    "ALA": 0.0576036866359447,
    "ALML": 0.10775862068965517,
    "ALMR": 0.075,
    "ALNL": 0.0989010989010989,
    "ALNR": 0.09696969696969697,
    "AQR": 0.0880952380952381,
    "AS1": 0.0876923076923077,
    "AS10": 0.06129032258064516,
    "AS11": 0.09133964817320704,
    "AS2": 0.08695652173913043,
    "AS3": 0.1111111111111111,
    "AS4": 0.0847953216374269,
    "AS5": 0.125,
    "AS6": 0.10606060606060606,
    "AS7": 0.14814814814814814,
    "AS8": 0.11904761904761904,
    "AS9": 0.05555555555555555,
    "ASEL": 0.06766917293233082,
    "ASER": 0.07759784075573549,
    "ASGL": 0.10197368421052631,
    "ASGR": 0.07333333333333333,
    "ASHL": 0.08702882483370289,
    "ASHR": 0.07506950880444857,
    "ASIL": 0.07126436781609195,
    "ASIR": 0.0661764705882353,
    "ASJL": 0.07105263157894737,
    "ASJR": 0.09848484848484848,
    "ASKL": 0.06909090909090909,
    "ASKR": 0.07051282051282051,
    "AUAL": 0.07567567567567568,
    "AUAR": 0.0735930735930736,
    "AVAL": 0.061974200785193494,
    "AVAR": 0.058014503625906474,
    "AVBL": 0.06213872832369942,
    "AVBR": 0.06287696019300362,
    "AVDL": 0.07829759584145549,
    "AVDR": 0.06054386865059005,
    "AVEL": 0.06641942009440324,
    "AVER": 0.04845548152634767,
    "AVFL": 0.05504162812210916,
    "AVFR": 0.0872093023255814,
    "AVG": 0.06047297297297297,
    "AVHL": 0.06286127167630058,
    "AVHR": 0.06435897435897436,
    "AVJL": 0.0650436046511628,
    "AVJR": 0.07996485061511424,
    "AVKL": 0.06148340923877684,
    "AVKR": 0.0832210242587601,
    "AVL": 0.05799373040752351,
    "AVM": 0.11405529953917051,
    "AWAL": 0.08095238095238096,
    "AWAR": 0.07285714285714286,
    "AWBL": 0.059845559845559844,
    "AWBR": 0.08069381598793364,
    "AWCL": 0.08497536945812807,
    "AWCR": 0.06968876860622462,
    "BAGL": 0.07019704433497537,
    "BAGR": 0.07874762808349146,
    "BDUL": 0.11764705882352941,
    "BDUR": 0.10212201591511937,
    "CANL": 0.0,
    "CANR": 0.0,
    "CEPDL": 0.062037037037037036,
    "CEPDR": 0.0939524838012959,
    "CEPVL": 0.08313953488372093,
    "CEPVR": 0.06866537717601548,
    "DA1": 0.0649867374005305,
    "DA2": 0.07758620689655173,
    "DA3": 0.09660107334525939,
    "DA4": 0.07539682539682539,
    "DA5": 0.08078602620087336,
    "DA6": 0.05895196506550218,
    "DA7": 0.05319148936170213,
    "DA8": 0.07460611677479147,
    "DA9": 0.08146964856230032,
    "DB1": 0.06862745098039216,
    "DB2": 0.08181818181818182,
    "DB3": 0.08033033033033032,
    "DB4": 0.08501683501683502,
    "DB5": 0.09808612440191387,
    "DB6": 0.09428571428571429,
    "DB7": 0.08081896551724138,
    "DD1": 0.1037037037037037,
    "DD2": 0.06790123456790123,
    "DD3": 0.057971014492753624,
    "DD4": 0.11904761904761904,
    "DD5": 0.05253623188405797,
    "DD6": 0.058646616541353384,
    "DVA": 0.07372006152493957,
    "DVB": 0.09498207885304659,
    "DVC": 0.07671957671957672,
    "FLPL": 0.0654320987654321,
    "FLPR": 0.07602862254025045,
    "HSNL": 0.06770045385779122,
    "HSNR": 0.07370313302516693,
    "I1L": 0.07509881422924901,
    "I1R": 0.10166666666666667,
    "I2L": 0.05789473684210526,
    "I2R": 0.07105263157894737,
    "I3": 0.08545454545454545,
    "I4": 0.08333333333333333,
    "I5": 0.07122507122507123,
    "I6": 0.06725146198830409,
    "IL1DL": 0.08893280632411067,
    "IL1DR": 0.07701149425287357,
    "IL1L": 0.07512315270935961,
    "IL1R": 0.0699831365935919,
    "IL1VL": 0.07846153846153846,
    "IL1VR": 0.07341269841269842,
    "IL2DL": 0.10588235294117647,
    "IL2DR": 0.09565217391304348,
    "IL2L": 0.07869634340222575,
    "IL2R": 0.08244680851063829,
    "IL2VL": 0.06043956043956044,
    "IL2VR": 0.10338680926916222,
    "LUAL": 0.07591093117408906,
    "LUAR": 0.06050420168067227,
    "M1": 0.07647058823529412,
    "M2L": 0.08531746031746032,
    "M2R": 0.09681697612732096,
    "M3L": 0.07142857142857142,
    "M3R": 0.09615384615384616,
    "M4": 0.06140350877192982,
    "M5": 0.13333333333333333,
    "MCL": 0.08181818181818182,
    "MCR": 0.10989010989010989,
    "MI": 0.12721893491124261,
    "NSML": 0.08888888888888889,
    "NSMR": 0.1037037037037037,
    "OLLL": 0.09294436906377204,
    "OLLR": 0.0729483282674772,
    "OLQDL": 0.07046979865771812,
    "OLQDR": 0.07512315270935961,
    "OLQVL": 0.07869634340222575,
    "OLQVR": 0.07071428571428572,
    "PDA": 0.06190476190476191,
    "PDB": 0.09047619047619047,
    "PDEL": 0.08866995073891626,
    "PDER": 0.09283819628647215,
    "PHAL": 0.08478260869565217,
    "PHAR": 0.08377659574468085,
    "PHBL": 0.09375,
    "PHBR": 0.08251231527093596,
    "PHCL": 0.06190476190476191,
    "PHCR": 0.06876790830945559,
    "PLML": 0.125,
    "PLMR": 0.06209150326797386,
    "PLNL": 0.06746031746031746,
    "PLNR": 0.07051282051282051,
    "PQR": 0.08509036144578314,
    "PVCL": 0.057102502017756254,
    "PVCR": 0.0578568983224923,
    "PVDL": 0.09116809116809117,
    "PVDR": 0.07833333333333334,
    "PVM": 0.10459770114942529,
    "PVNL": 0.05820721769499418,
    "PVNR": 0.07757644394110985,
    "PVPL": 0.07506415739948674,
    "PVPR": 0.07064622124863089,
    "PVQL": 0.10714285714285714,
    "PVQR": 0.0785175879396985,
    "PVR": 0.07163034705407587,
    "PVT": 0.06770538243626062,
    "PVWL": 0.0570409982174688,
    "PVWR": 0.06862745098039216,
    "RIAL": 0.06787330316742081,
    "RIAR": 0.06254917387883556,
    "RIBL": 0.06709372892784896,
    "RIBR": 0.07012811867835468,
    "RICL": 0.06596452328159645,
    "RICR": 0.09541359541359541,
    "RID": 0.0625,
    "RIFL": 0.11375661375661375,
    "RIFR": 0.06349206349206349,
    "RIGL": 0.05744520030234316,
    "RIGR": 0.06983805668016195,
    "RIH": 0.060655737704918035,
    "RIML": 0.06673114119922631,
    "RIMR": 0.07653061224489796,
    "RIPL": 0.0843520782396088,
    "RIPR": 0.06153846153846154,
    "RIR": 0.08,
    "RIS": 0.07802659202239329,
    "RIVL": 0.050189393939393936,
    "RIVR": 0.08620689655172414,
    "RMDDL": 0.07200929152148665,
    "RMDDR": 0.0941358024691358,
    "RMDL": 0.06386198547215496,
    "RMDR": 0.07521186440677965,
    "RMDVL": 0.07802547770700637,
    "RMDVR": 0.08697234352256186,
    "RMED": 0.08874458874458875,
    "RMEL": 0.07636363636363637,
    "RMER": 0.08888888888888889,
    "RMEV": 0.08568548387096774,
    "RMFL": 0.08179231863442389,
    "RMFR": 0.07105263157894737,
    "RMGL": 0.06657223796033994,
    "RMGR": 0.06798245614035088,
    "RMHL": 0.06926751592356688,
    "RMHR": 0.09195402298850575,
    "SAADL": 0.05810810810810811,
    "SAADR": 0.056818181818181816,
    "SAAVL": 0.07435090479937058,
    "SAAVR": 0.0739268680445151,
    "SABD": 0.08421052631578947,
    "SABVL": 0.09411764705882353,
    "SABVR": 0.12637362637362637,
    "SDQL": 0.0787037037037037,
    "SDQR": 0.07936507936507936,
    "SIADL": 0.05818965517241379,
    "SIADR": 0.0967741935483871,
    "SIAVL": 0.08513931888544891,
    "SIAVR": 0.08571428571428572,
    "SIBDL": 0.10728744939271255,
    "SIBDR": 0.07407407407407407,
    "SIBVL": 0.07041251778093884,
    "SIBVR": 0.06836248012718601,
    "SMBDL": 0.06936736958934517,
    "SMBDR": 0.08547008547008547,
    "SMBVL": 0.08571428571428572,
    "SMBVR": 0.0625,
    "SMDDL": 0.07931316434995912,
    "SMDDR": 0.07016728624535316,