{
  "clustering_coefficients": {
    "ADAL": 0.08276643990929705,
    "ADAR": 0.06812339331619537,
    "ADEL": 0.0828750981932443,
    "ADER": 0.07548125633232017,
    "ADFL": 0.07603092783505154,
    "ADFR": 0.07789142407553108,
    "ADLL": 0.08546511627906976,
    "ADLR": 0.0873015873015873,
    "AFDL": 0.11,
    "AFDR": 0.07054455445544554,
    "AIAL": 0.07935627081021088,
    "AIAR": 0.07087486157253599,
    "AIBL": 0.0715497737556561,
    "AIBR": 0.06319485078993564,
    "AIML": 0.08333333333333333,
    "AIMR": 0.0739268680445151,
    "AINL": 0.1,
    "AINR": 0.06528662420382166,
    "AIYL": 0.056451612903225805,
    "AIYR": 0.062406015037593986,
    "AIZL": 0.07579462102689487,
    "AIZR": 0.07051282051282051,
    "ALA": 0.09544159544159544,
    "ALML": 0.07530120481927711,
    "ALMR": 0.07983193277310924,
    "ALNL": 0.07941176470588235,
    "ALNR": 0.07931034482758621,
    "AQR": 0.06921373200442968,
    "AS1": 0.0846774193548387,
    "AS10": 0.05555555555555555,
    "AS11": 0.10089974293059126,
    "AS2": 0.09956709956709957,
    "AS3": 0.2,
    "AS4": 0.07105263157894737,
    "AS5": 0.08333333333333333,
    "AS6": 0.061764705882352944,
    "AS7": 0.09722222222222222,
    "AS8": 0.06666666666666667,
    "AS9": 0.1,
    "ASEL": 0.07575757575757576,
    "ASER": 0.06734006734006734,
    "ASGL": 0.06209150326797386,
    "ASGR": 0.0763888888888889,
    "ASHL": 0.09700427960057062,
    "ASHR": 0.07277526395173455,
    "ASIL": 0.08333333333333333,
    "ASIR": 0.05263157894736842,
    "ASJL": 0.07,
    "ASJR": 0.08241758241758242,
    "ASKL": 0.10263157894736842,
    "ASKR": 0.06217948717948718,
    "AUAL": 0.07390300230946882,
    "AUAR": 0.08796296296296297,
    "AVAL": 0.06883014917560848,
    "AVAR": 0.06214887640449438,
    "AVBL": 0.06734534064212999,
    "AVBR": 0.06102212051868802,
    "AVDL": 0.07210031347962383,
    "AVDR": 0.06952283222165213,
    "AVEL": 0.0736235595390525,
    "AVER": 0.07080554130323242,
    "AVFL": 0.058871627146361405,
    "AVFR": 0.07357357357357357,
    "AVG": 0.08132726089785296,
    "AVHL": 0.07518610421836228,
    "AVHR": 0.06638488314271507,
    "AVJL": 0.07626262626262627,
    "AVJR": 0.08602409638554216,
    "AVKL": 0.07951329937747595,
    "AVKR": 0.0763888888888889,
    "AVL": 0.06781376518218624,
    "AVM": 0.08198380566801619,
    "AWAL": 0.07894736842105263,
    "AWAR": 0.07575757575757576,
    "AWBL": 0.07885085574572127,
    "AWBR": 0.06464646464646465,
    "AWCL": 0.09169054441260745,
    "AWCR": 0.07373737373737374,
    "BAGL": 0.09259259259259259,
    "BAGR": 0.07471264367816093,
    "BDUL": 0.10317460317460317,
    "BDUR": 0.06285714285714286,
    "CANL": 0.0,
    "CANR": 0.0,
    "CEPDL": 0.08789289871944121,
    "CEPDR": 0.07946428571428571,
    "CEPVL": 0.10116525423728813,
    "CEPVR": 0.0907928388746803,
    "DA1": 0.07936507936507936,
    "DA2": 0.09353348729792148,
    "DA3": 0.07857142857142857,
    "DA4": 0.07525083612040134,
    "DA5": 0.08952380952380952,
    "DA6": 0.07894736842105263,
    "DA7": 0.0903010033444816,
    "DA8": 0.06876663708961846,
    "DA9": 0.06505102040816327,
    "DB1": 0.081787521079258,
    "DB2": 0.10547667342799188,
    "DB3": 0.07135627530364372,
    "DB4": 0.06428571428571428,
    "DB5": 0.07894736842105263,
    "DB6": 0.10818713450292397,
    "DB7": 0.10486322188449848,
    "DD1": 0.06976744186046512,
    "DD2": 0.06330014224751067,
    "DD3": 0.0735930735930736,
    "DD4": 0.05303030303030303,
    "DD5": 0.08157894736842106,
    "DD6": 0.06222222222222222,
    "DVA": 0.06112576956904134,
    "DVB": 0.07900432900432901,
    "DVC": 0.072684246112238,
    "FLPL": 0.07053571428571428,
    "FLPR": 0.0705950991831972,
    "HSNL": 0.07658157602663707,
    "HSNR": 0.08054452637549632,
    "I1L": 0.09391534391534391,
    "I1R": 0.06884057971014493,
    "I2L": 0.1,
    "I2R": 0.10238095238095238,
    "I3": 0.07894736842105263,
    "I4": 0.07285714285714286,
    "I5": 0.0754985754985755,
    "I6": 0.10606060606060606,
    "IL1DL": 0.11521739130434783,
    "IL1DR": 0.11004784688995216,
    "IL1L": 0.08081896551724138,
    "IL1R": 0.09698996655518395,
    "IL1VL": 0.08695652173913043,
    "IL1VR": 0.08615384615384615,
    "IL2DL": 0.07105263157894737,
    "IL2DR": 0.07602339181286549,
    "IL2L": 0.10683760683760683,
    "IL2R": 0.09565217391304348,
    "IL2VL": 0.08791208791208792,
    "IL2VR": 0.10683760683760683,
    "LUAL": 0.0754985754985755,
    "LUAR": 0.07777777777777778,
    "M1": 0.038461538461538464,
    "M2L": 0.08333333333333333,
    "M2R": 0.07692307692307693,
    "M3L": 0.09047619047619047,
    "M3R": 0.07894736842105263,
    "M4": 0.09941520467836257,
    "M5": 0.07407407407407407,
    "MCL": 0.07352941176470588,
    "MCR": 0.07142857142857142,
    "MI": 0.08,
    "NSML": 0.07692307692307693,
    "NSMR": 0.06091954022988506,
    "OLLL": 0.06490872210953347,
    "OLLR": 0.09222886421861656,
    "OLQDL": 0.06331877729257641,
    "OLQDR": 0.07881773399014778,
    "OLQVL": 0.05913978494623656,
    "OLQVR": 0.0659025787965616,
    "PDA": 0.10218978102189781,
    "PDB": 0.11666666666666667,
    "PDEL": 0.05454545454545454,
    "PDER": 0.09538461538461539,
    "PHAL": 0.06535947712418301,
    "PHAR": 0.10833333333333334,
    "PHBL": 0.10435435435435435,
    "PHBR": 0.06766917293233082,
    "PHCL": 0.08,
    "PHCR": 0.06746031746031746,
    "PLML": 0.09477124183006536,
    "PLMR": 0.07983193277310924,
    "PLNL": 0.08770161290322581,
    "PLNR": 0.07894736842105263,
    "PQR": 0.10551330798479087,
    "PVCL": 0.07170846394984326,
    "PVCR": 0.06495669553630913,
    "PVDL": 0.0756578947368421,
    "PVDR": 0.07833333333333334,
    "PVM": 0.06944444444444445,
    "PVNL": 0.05989352262644188,
    "PVNR": 0.08054577464788733,
    "PVPL": 0.0763245646535754,
    "PVPR": 0.08867125463208046,
    "PVQL": 0.07977207977207977,
    "PVQR": 0.07299843014128729,
    "PVR": 0.06571978815599422,
    "PVT": 0.057997281377435435,
    "PVWL": 0.09259259259259259,
    "PVWR": 0.07834757834757834,
    "RIAL": 0.05709090909090909,
    "RIAR": 0.06879391100702575,
    "RIBL": 0.07186173438447543,
    "RIBR": 0.07121212121212121,
    "RICL": 0.07093023255813953,
    "RICR": 0.07383720930232558,
    "RID": 0.10101010101010101,
    "RIFL": 0.0746031746031746,
    "RIFR": 0.053613053613053616,
    "RIGL": 0.08256029684601113,
    "RIGR": 0.08470474346563407,
    "RIH": 0.07832545577312626,
    "RIML": 0.0687382297551789,
    "RIMR": 0.0636734693877551,
    "RIPL": 0.06995230524642289,
    "RIPR": 0.08064516129032258,
    "RIR": 0.061224489795918366,
    "RIS": 0.10035523978685613,
    "RIVL": 0.08598726114649681,
    "RIVR": 0.09108159392789374,
    "RMDDL": 0.08664546899841018,
    "RMDDR": 0.07906626506024096,
    "RMDL": 0.07884097035040431,
    "RMDR": 0.07291666666666667,
    "RMDVL": 0.07032115171650055,
    "RMDVR": 0.07592592592592592,
    "RMED": 0.07397504456327986,
    "RMEL": 0.09333333333333334,
    "RMER": 0.06552706552706553,
    "RMEV": 0.07575757575757576,
    "RMFL": 0.0723905723905724,
    "RMFR": 0.10789473684210527,
    "RMGL": 0.08503679476696648,
    "RMGR": 0.0785175879396985,
    "RMHL": 0.08817204301075268,
    "RMHR": 0.09312320916905444,
    "SAADL": 0.07115749525616698,
    "SAADR": 0.04924242424242424,
    "SAAVL": 0.08365570599613152,
    "SAAVR": 0.07445442875481387,
    "SABD": 0.07666666666666666,
    "SABVL": 0.1023391812865497,
    "SABVR": 0.09340659340659341,
    "SDQL": 0.10246679316888045,
    "SDQR": 0.07155635062611806,
    "SIADL": 0.09057971014492754,
    "SIADR": 0.07037037037037037,
    "SIAVL": 0.08426073131955485,
    "SIAVR": 0.0730421686746988,
    "SIBDL": 0.0812807881773399,
    "SIBDR": 0.07120743034055728,
    "SIBVL": 0.06260575296108291,
    "SIBVR": 0.07342657342657342,
    "SMBDL": 0.07621951219512195,
    "SMBDR": 0.08199643493761141,
    "SMBVL": 0.09012345679012346,
    "SMBVR": 0.075516693163752,
    "SMDDL": 0.07849550286181521,
    "SMDDR": 0.08611955420466058,
    "SMDVL": 0.07162383816293057,