{
  "clustering_coefficients": {
    "ADAL": 0.06643356643356643,
    "ADAR": 0.0755813953488372,
    "ADEL": 0.07424242424242425,
    "ADER": 0.06765523632993513,
    "ADFL": 0.05943627450980392,
    "ADFR": 0.07666214382632293,
    "ADLL": 0.06593406593406594,
    "ADLR": 0.07054125998225377,
    "AFDL": 0.08876811594202899,
    "AFDR": 0.08876811594202899,
    "AIAL": 0.0741563055062167,
    "AIAR": 0.08642857142857142,
    "AIBL": 0.0744199207696661,
    "AIBR": 0.06818181818181818,
    "AIML": 0.07218045112781955,
    "AIMR": 0.07346647646219687,
    "AINL": 0.0860323886639676,
    "AINR": 0.0730550284629981,
    "AIYL": 0.08888888888888889,
    "AIYR": 0.08639308855291576,
    "AIZL": 0.08789289871944121,
    "AIZR": 0.07394957983193277,
    "ALA": 0.06464646464646465,
    "ALML": 0.0804054054054054,
    "ALMR": 0.1023391812865497,
    "ALNL": 0.09523809523809523,
    "ALNR": 0.09259259259259259,
    "AQR": 0.09563106796116505,
    "AS1": 0.08410138248847926,
    "AS10": 0.08,
    "AS11": 0.07610993657505286,
    "AS2": 0.0625,
    "AS3": 0.08928571428571429,
    "AS4": 0.05,
    "AS5": 0.12637362637362637,
    "AS6": 0.03896103896103896,
    "AS7": 0.10714285714285714,
    "AS8": 0.07142857142857142,
    "AS9": 0.0,
    "ASEL": 0.09471649484536082,
    "ASER": 0.07969924812030076,
    "ASGL": 0.07575757575757576,
    "ASGR": 0.06790123456790123,
    "ASHL": 0.08680892337536372,
    "ASHR": 0.07550904977375565,
    "ASIL": 0.08494623655913978,
    "ASIR": 0.12679425837320574,
    "ASJL": 0.06060606060606061,
    "ASJR": 0.07777777777777778,
    "ASKL": 0.09963768115942029,
    "ASKR": 0.08445945945945946,
    "AUAL": 0.08870967741935484,
    "AUAR": 0.06767676767676768,
    "AVAL": 0.0686456400742115,
    "AVAR": 0.06345933562428407,
    "AVBL": 0.05535390199637023,
    "AVBR": 0.06835865135235272,
    "AVDL": 0.07518543492919758,
    "AVDR": 0.05740645822655049,
    "AVEL": 0.07349510032664489,
    "AVER": 0.05140961857379768,
    "AVFL": 0.06901960784313725,
    "AVFR": 0.06334841628959276,
    "AVG": 0.06798941798941799,
    "AVHL": 0.08516656191074795,
    "AVHR": 0.06411007025761124,
    "AVJL": 0.06870567375886524,
    "AVJR": 0.08887333799860042,
    "AVKL": 0.06771084337349398,
    "AVKR": 0.06657323055360898,
    "AVL": 0.08067664281067013,
    "AVM": 0.05585106382978723,
    "AWAL": 0.08876811594202899,
    "AWAR": 0.08641975308641975,
    "AWBL": 0.08961593172119488,
    "AWBR": 0.0797979797979798,
    "AWCL": 0.07590132827324478,
    "AWCR": 0.10090361445783133,
    "BAGL": 0.07323232323232323,
    "BAGR": 0.07306590257879657,
    "BDUL": 0.07007575757575757,
    "BDUR": 0.08547008547008547,
    "CANL": 0.0,
    "CANR": 0.0,
    "CEPDL": 0.0748936170212766,
    "CEPDR": 0.0739268680445151,
    "CEPVL": 0.0680672268907563,
    "CEPVR": 0.08880994671403197,
    "DA1": 0.08876811594202899,
    "DA2": 0.08228980322003578,
    "DA3": 0.07602862254025045,
    "DA4": 0.0876923076923077,
    "DA5": 0.08823529411764706,
    "DA6": 0.09523809523809523,
    "DA7": 0.09963768115942029,
    "DA8": 0.06733828207847296,
    "DA9": 0.06054131054131054,
    "DB1": 0.07264957264957266,
    "DB2": 0.09236453201970443,
    "DB3": 0.06862745098039216,
    "DB4": 0.06267806267806268,
    "DB5": 0.0868421052631579,
    "DB6": 0.08514492753623189,
    "DB7": 0.08132530120481928,
    "DD1": 0.0625,
    "DD2": 0.10344827586206896,
    "DD3": 0.08950617283950617,
    "DD4": 0.09047619047619047,
    "DD5": 0.11405835543766578,
    "DD6": 0.09125188536953242,
    "DVA": 0.06335856462012895,
    "DVB": 0.0973630831643002,
    "DVC": 0.07264957264957266,
    "FLPL": 0.09788359788359788,
    "FLPR": 0.08444022770398482,
    "HSNL": 0.08713272543059777,
    "HSNR": 0.0698782424563261,
    "I1L": 0.09312320916905444,
    "I1R": 0.09272727272727273,
    "I2L": 0.12184873949579832,
    "I2R": 0.09142857142857143,
    "I3": 0.07427536231884058,
    "I4": 0.09899328859060402,
    "I5": 0.07380952380952381,
    "I6": 0.10909090909090909,
    "IL1DL": 0.08333333333333333,
    "IL1DR": 0.08199643493761141,
    "IL1L": 0.07063492063492063,
    "IL1R": 0.07264957264957266,
    "IL1VL": 0.06304347826086956,
    "IL1VR": 0.07602339181286549,
    "IL2DL": 0.0962962962962963,
    "IL2DR": 0.07846153846153846,
    "IL2L": 0.08080808080808081,
    "IL2R": 0.06698564593301436,
    "IL2VL": 0.07777777777777778,
    "IL2VR": 0.09104938271604938,
    "LUAL": 0.09008097165991903,
    "LUAR": 0.09925558312655088,
    "M1": 0.06060606060606061,
    "M2L": 0.05476190476190476,
    "M2R": 0.054945054945054944,
    "M3L": 0.07142857142857142,
    "M3R": 0.1,
    "M4": 0.08102766798418973,
    "M5": 0.1,
    "MCL": 0.11688311688311688,
    "MCR": 0.1,
    "MI": 0.06009615384615385,
    "NSML": 0.11851851851851852,
    "NSMR": 0.08833333333333333,
    "OLLL": 0.07862903225806452,
    "OLLR": 0.06105006105006105,
    "OLQDL": 0.08053691275167785,
    "OLQDR": 0.07253086419753087,
    "OLQVL": 0.07635467980295567,
    "OLQVR": 0.08901515151515152,
    "PDA": 0.07380952380952381,
    "PDB": 0.07602339181286549,
    "PDEL": 0.08166666666666667,
    "PDER": 0.05656565656565657,
    "PHAL": 0.10166666666666667,
    "PHAR": 0.09135802469135802,
    "PHBL": 0.07474747474747474,
    "PHBR": 0.06687898089171974,
    "PHCL": 0.09705882352941177,
    "PHCR": 0.07263513513513513,
    "PLML": 0.05555555555555555,
    "PLMR": 0.06481481481481481,
    "PLNL": 0.059907834101382486,
    "PLNR": 0.058823529411764705,
    "PQR": 0.08717948717948718,
    "PVCL": 0.06868790681740322,
    "PVCR": 0.0715547703180212,
    "PVDL": 0.0941358024691358,
    "PVDR": 0.05789473684210526,
    "PVM": 0.07358870967741936,
    "PVNL": 0.08163265306122448,
    "PVNR": 0.06588193956430077,
    "PVPL": 0.0648066783831283,
    "PVPR": 0.060481927710843375,
    "PVQL": 0.06611039794608473,
    "PVQR": 0.04967532467532468,
    "PVR": 0.06704026567040265,
    "PVT": 0.08192090395480225,
    "PVWL": 0.07204301075268817,
    "PVWR": 0.06015037593984962,
    "RIAL": 0.06261101243339254,
    "RIAR": 0.06587837837837837,
    "RIBL": 0.06641310708016383,
    "RIBR": 0.06333333333333334,
    "RICL": 0.07136997538966366,
    "RICR": 0.07446808510638298,
    "RID": 0.06236559139784946,
    "RIFL": 0.0670995670995671,
    "RIFR": 0.07051282051282051,
    "RIGL": 0.0741222366710013,
    "RIGR": 0.07729468599033816,
    "RIH": 0.06509803921568627,
    "RIML": 0.08192090395480225,
    "RIMR": 0.05581761006289308,
    "RIPL": 0.09833333333333333,
    "RIPR": 0.0771889400921659,
    "RIR": 0.09127906976744186,
    "RIS": 0.06786850477200425,
    "RIVL": 0.05787476280834915,
    "RIVR": 0.06837606837606838,
    "RMDDL": 0.07321428571428572,
    "RMDDR": 0.06552706552706553,
    "RMDL": 0.06740196078431372,
    "RMDR": 0.06866002214839424,
    "RMDVL": 0.06812339331619537,
    "RMDVR": 0.07481602616516762,
    "RMED": 0.08461538461538462,
    "RMEL": 0.08620689655172414,
    "RMER": 0.06324110671936758,
    "RMEV": 0.06084656084656084,
    "RMFL": 0.11562998405103668,
    "RMFR": 0.10740740740740741,
    "RMGL": 0.08005865102639297,
    "RMGR": 0.07527272727272727,
    "RMHL": 0.08081896551724138,
    "RMHR": 0.06857142857142857,
    "SAADL": 0.09907834101382489,
    "SAADR": 0.07518796992481203,
    "SAAVL": 0.05550416281221091,
    "SAAVR": 0.05798192771084337,
    "SABD": 0.07333333333333333,
    "SABVL": 0.07894736842105263,
    "SABVR": 0.08241758241758242,
    "SDQL": 0.09833333333333333,
    "SDQR": 0.07132132132132132,
    "SIADL": 0.06565656565656566,
    "SIADR": 0.08839285714285715,
    "SIAVL": 0.06551724137931035,
    "SIAVR": 0.09538461538461539,
    "SIBDL": 0.08,
    "SIBDR": 0.0985576923076923,
    "SIBVL": 0.08846153846153847,
    "SIBVR": 0.0746031746031746,
    "SMBDL": 0.050793650793650794,
    "SMBDR": 0.05493630573248408,
    "SMBVL": 0.08618233618233619,
    "SMBVR": 0.08758314855875832,
    "SMDDL": 0.09369885433715221,
    "SMDDR": 0.06283783783783783,
    "SMDVL": 0.09057203389830508,
    "SMDVR": 0.09022556390977443,