{
  "clustering_coefficients": {
    "ADAL": 0.08063021316033364,
    "ADAR": 0.061046511627906974,
    "ADEL": 0.06663941128372854,
    "ADER": 0.06199460916442048,
    "ADFL": 0.0728744939271255,
    "ADFR": 0.09070294784580499,
    "ADLL": 0.07250755287009064,
    "ADLR": 0.06811594202898551,
    "AFDL": 0.07901234567901234,
    "AFDR": 0.06956521739130435,
    "AIAL": 0.06971580817051509,
    "AIAR": 0.09618441971383147,
    "AIBL": 0.0684885290148448,
    "AIBR": 0.07583474816072439,
    "AIML": 0.10113960113960115,
    "AIMR": 0.0794912559618442,
    "AINL": 0.0967741935483871,
    "AINR": 0.08195488721804511,
    "AIYL": 0.06451612903225806,
    "AIYR": 0.09482758620689655,
    "AIZL": 0.0787037037037037,
    "AIZR": 0.06349206349206349,
    "ALA": 0.07309941520467836,
    "ALML": 0.0689900426742532,
    "ALMR": 0.06926406926406926,
    "ALNL": 0.05238095238095238,
    "ALNR": 0.09523809523809523,
    "AQR": 0.07912457912457913,
    "AS1": 0.08004926108374384,
    "AS10": 0.06527093596059114,
    "AS11": 0.09113300492610837,
    "AS2": 0.08947368421052632,
    "AS3": 0.13333333333333333,
    "AS4": 0.08134920634920635,
    "AS5": 0.11842105263157894,
    "AS6": 0.1,
    "AS7": 0.1111111111111111,
    "AS8": 0.08333333333333333,
    "AS9": 0.11904761904761904,
    "ASEL": 0.08793324775353016,
    "ASER": 0.09552845528455285,
    "ASGL": 0.07636363636363637,
    "ASGR": 0.05928853754940711,
    "ASHL": 0.0982028241335045,
    "ASHR": 0.07333333333333333,
    "ASIL": 0.08153846153846153,
    "ASIR": 0.09561752988047809,
    "ASJL": 0.12091503267973856,
    "ASJR": 0.1,
    "ASKL": 0.06381381381381382,
    "ASKR": 0.08901515151515152,
    "AUAL": 0.09267241379310345,
    "AUAR": 0.0698005698005698,
    "AVAL": 0.05518697225572979,
    "AVAR": 0.056437820669435625,
    "AVBL": 0.06368993653671805,
    "AVBR": 0.0645859085290482,
    "AVDL": 0.07220873786407767,
    "AVDR": 0.0723314606741573,
    "AVEL": 0.0622876557191393,
    "AVER": 0.07272212790039616,
    "AVFL": 0.06500408830744071,
    "AVFR": 0.07765151515151515,
    "AVG": 0.08448492462311558,
    "AVHL": 0.06934886183165696,
    "AVHR": 0.06602739726027397,
    "AVJL": 0.07962382445141065,
    "AVJR": 0.05510204081632653,
    "AVKL": 0.08356940509915015,
    "AVKR": 0.07549361207897794,
    "AVL": 0.07974300831443688,
    "AVM": 0.07692307692307693,
    "AWAL": 0.0880952380952381,
    "AWAR": 0.07804232804232804,
    "AWBL": 0.08851351351351351,
    "AWBR": 0.10015898251192369,
    "AWCL": 0.07866379310344827,
    "AWCR": 0.07666666666666666,
    "BAGL": 0.08568548387096774,
    "BAGR": 0.05702917771883289,
    "BDUL": 0.08823529411764706,
    "BDUR": 0.05333333333333334,
    "CANL": 0.0,
    "CANR": 0.0,
    "CEPDL": 0.0858843537414966,
    "CEPDR": 0.05591397849462366,
    "CEPVL": 0.08417508417508418,
    "CEPVR": 0.06712962962962964,
    "DA1": 0.08823529411764706,
    "DA2": 0.06978319783197832,
    "DA3": 0.08333333333333333,
    "DA4": 0.08850574712643679,
    "DA5": 0.07591093117408906,
    "DA6": 0.13157894736842105,
    "DA7": 0.07894736842105263,
    "DA8": 0.07226107226107226,
    "DA9": 0.06090225563909774,
    "DB1": 0.07777777777777778,
    "DB2": 0.06635802469135803,
    "DB3": 0.06984126984126984,
    "DB4": 0.13297872340425532,
    "DB5": 0.0967741935483871,
    "DB6": 0.08441558441558442,
    "DB7": 0.09523809523809523,
    "DD1": 0.05080213903743316,
    "DD2": 0.1077127659574468,
    "DD3": 0.06552706552706553,
    "DD4": 0.09523809523809523,
    "DD5": 0.08571428571428572,
    "DD6": 0.06818181818181818,
    "DVA": 0.06494618395303327,
    "DVB": 0.09166666666666666,
    "DVC": 0.06509090909090909,
    "FLPL": 0.053475935828877004,
    "FLPR": 0.08392857142857142,
    "HSNL": 0.08214920071047957,
    "HSNR": 0.08201357466063348,
    "I1L": 0.085,
    "I1R": 0.08333333333333333,
    "I2L": 0.06926406926406926,
    "I2R": 0.07509881422924901,
    "I3": 0.07253086419753087,
    "I4": 0.06862745098039216,
    "I5": 0.05185185185185185,
    "I6": 0.1,
    "IL1DL": 0.07575757575757576,
    "IL1DR": 0.08165322580645161,
    "IL1L": 0.08547008547008547,
    "IL1R": 0.0741444866920152,
    "IL1VL": 0.07037037037037037,
    "IL1VR": 0.07380952380952381,
    "IL2DL": 0.07720588235294118,
    "IL2DR": 0.08576642335766424,
    "IL2L": 0.1007936507936508,
    "IL2R": 0.09126984126984126,
    "IL2VL": 0.08791208791208792,
    "IL2VR": 0.10130718954248366,
    "LUAL": 0.06739130434782609,
    "LUAR": 0.07428571428571429,
    "M1": 0.09090909090909091,
    "M2L": 0.06666666666666667,
    "M2R": 0.09166666666666666,
    "M3L": 0.07161803713527852,
    "M3R": 0.06985294117647059,
    "M4": 0.08455882352941177,
    "M5": 0.08333333333333333,
    "MCL": 0.11818181818181818,
    "MCR": 0.0761904761904762,
    "MI": 0.10652173913043478,
    "NSML": 0.09259259259259259,
    "NSMR": 0.06515957446808511,
    "OLLL": 0.06597774244833068,
    "OLLR": 0.07894736842105263,
    "OLQDL": 0.09130434782608696,
    "OLQDR": 0.06723484848484848,
    "OLQVL": 0.09090909090909091,
    "OLQVR": 0.05128205128205128,
    "PDA": 0.10317460317460317,
    "PDB": 0.07142857142857142,
    "PDEL": 0.09090909090909091,
    "PDER": 0.07936507936507936,
    "PHAL": 0.10398860398860399,
    "PHAR": 0.07241379310344828,
    "PHBL": 0.07857142857142857,
    "PHBR": 0.08901515151515152,
    "PHCL": 0.07017543859649122,
    "PHCR": 0.08505747126436781,
    "PLML": 0.1320754716981132,
    "PLMR": 0.06666666666666667,
    "PLNL": 0.09494949494949495,
    "PLNR": 0.06666666666666667,
    "PQR": 0.0766488413547237,
    "PVCL": 0.057879552830869097,
    "PVCR": 0.06235294117647059,
    "PVDL": 0.05698005698005698,
    "PVDR": 0.08455882352941177,
    "PVM": 0.09420289855072464,
    "PVNL": 0.07453151618398637,
    "PVNR": 0.07129094412331406,
    "PVPL": 0.06560738083034341,
    "PVPR": 0.06876861966236346,
    "PVQL": 0.08381782945736434,
    "PVQR": 0.07567567567567568,
    "PVR": 0.07362090418913314,
    "PVT": 0.06359300476947535,
    "PVWL": 0.06084656084656084,
    "PVWR": 0.0754985754985755,
    "RIAL": 0.09114139693356048,
    "RIAR": 0.07118758434547909,
    "RIBL": 0.0918009810791871,
    "RIBR": 0.06359011627906977,
    "RICL": 0.04539295392953929,
    "RICR": 0.06825075834175935,
    "RID": 0.10056925996204934,
    "RIFL": 0.09259259259259259,
    "RIFR": 0.08408408408408409,
    "RIGL": 0.07757644394110985,
    "RIGR": 0.0834072759538598,
    "RIH": 0.08873410054512416,
    "RIML": 0.06114346214928534,
    "RIMR": 0.07504873294346978,
    "RIPL": 0.08505747126436781,
    "RIPR": 0.08620689655172414,
    "RIR": 0.08124018838304553,
    "RIS": 0.08410780669144981,
    "RIVL": 0.07667386609071274,
    "RIVR": 0.07767722473604827,
    "RMDDL": 0.08494623655913978,
    "RMDDR": 0.06915739268680444,
    "RMDL": 0.08100195185426155,
    "RMDR": 0.08283132530120482,
    "RMDVL": 0.09141494435612083,
    "RMDVR": 0.06635622817229336,
    "RMED": 0.07991360691144708,
    "RMEL": 0.07011494252873564,
    "RMER": 0.06774193548387097,
    "RMEV": 0.06926658905704307,
    "RMFL": 0.07859848484848485,
    "RMFR": 0.125,
    "RMGL": 0.05555555555555555,
    "RMGR": 0.06500377928949358,
    "RMHL": 0.07894736842105263,
    "RMHR": 0.07142857142857142,
    "SAADL": 0.06836248012718601,
    "SAADR": 0.0680672268907563,
    "SAAVL": 0.07238010657193605,
    "SAAVR": 0.10862944162436548,
    "SABD": 0.03571428571428571,
    "SABVL": 0.12087912087912088,
    "SABVR": 0.07352941176470588,
    "SDQL": 0.10388513513513513,
    "SDQR": 0.09719222462203024,
    "SIADL": 0.08709677419354839,
    "SIADR": 0.07407407407407407,
    "SIAVL": 0.08049242424242424,
    "SIAVR": 0.08181818181818182,
    "SIBDL": 0.09210526315789473,
    "SIBDR": 0.07142857142857142,
    "SIBVL": 0.06357758620689655,
    "SIBVR": 0.07777777777777778,
    "SMBDL": 0.10202020202020202,
    "SMBDR": 0.07972972972972973,
    "SMBVL": 0.07271095152603231,
    "SMBVR": 0.08200636942675159,
    "SMDDL": 0.06835347432024169,
    "SMDDR": 0.08816013628620102,