{
  "clustering_coefficients": {
    "ADAL": 0.07229524772497473,
    "ADAR": 0.07010014306151645,
    "ADEL": 0.06382978723404255,
    "ADER": 0.07593250444049733,
    "ADFL": 0.08490566037735849,
    "ADFR": 0.07586512866015972,
    "ADLL": 0.08687258687258688,
    "ADLR": 0.06827731092436974,
    "AFDL": 0.07608695652173914,
    "AFDR": 0.0787037037037037,
    "AIAL": 0.08879023307436182,
    "AIAR": 0.07347972972972973,
    "AIBL": 0.0581570996978852,
    "AIBR": 0.0769835035349568,
    "AIML": 0.08568548387096774,
    "AIMR": 0.07916181606519208,
    "AINL": 0.08513931888544891,
    "AINR": 0.07526881720430108,
    "AIYL": 0.08441558441558442,
    "AIYR": 0.08116883116883117,
    "AIZL": 0.08208955223880597,
    "AIZR": 0.08051601423487545,
    "ALA": 0.12268518518518519,
    "ALML": 0.08190709046454768,
    "ALMR": 0.07246376811594203,
    "ALNL": 0.13636363636363635,
    "ALNR": 0.09142857142857143,
    "AQR": 0.0858050847457627,
    "AS1": 0.09857142857142857,
    "AS10": 0.06925675675675676,
    "AS11": 0.07390745501285347,
    "AS2": 0.09636363636363636,
    "AS3": 0.08571428571428572,
    "AS4": 0.05789473684210526,
    "AS5": 0.08187134502923976,
    "AS6": 0.15384615384615385,
    "AS7": 0.08095238095238096,
    "AS8": 0.11538461538461539,
    "AS9": 0.09047619047619047,
    "ASEL": 0.08897126969416126,
    "ASER": 0.07510885341074021,
    "ASGL": 0.07602339181286549,
    "ASGR": 0.08064516129032258,
    "ASHL": 0.07540485829959515,
    "ASHR": 0.07814407814407814,
    "ASIL": 0.05692307692307692,
    "ASIR": 0.07396449704142012,
    "ASJL": 0.07,
    "ASJR": 0.06666666666666667,
    "ASKL": 0.10714285714285714,
    "ASKR": 0.07006369426751592,
    "AUAL": 0.07204301075268817,
    "AUAR": 0.08653846153846154,
    "AVAL": 0.06494618395303327,
    "AVAR": 0.060875673144462655,
    "AVBL": 0.06823529411764706,
    "AVBR": 0.06485109717868338,
    "AVDL": 0.06856044425459205,
    "AVDR": 0.0690435766836446,
    "AVEL": 0.06581818181818182,
    "AVER": 0.06985294117647059,
    "AVFL": 0.08488888888888889,
    "AVFR": 0.08672086720867209,
    "AVG": 0.07720588235294118,
    "AVHL": 0.060872395833333336,
    "AVHR": 0.06532877882152006,
    "AVJL": 0.07270408163265306,
    "AVJR": 0.07739825581395349,
    "AVKL": 0.0781615925058548,
    "AVKR": 0.07457983193277311,
    "AVL": 0.09001572327044025,
    "AVM": 0.08395061728395062,
    "AWAL": 0.1092436974789916,
    "AWAR": 0.07775377969762419,
    "AWBL": 0.05827505827505827,
    "AWBR": 0.08714285714285715,
    "AWCL": 0.08771929824561403,
    "AWCR": 0.08190883190883191,
    "BAGL": 0.08148148148148149,
    "BAGR": 0.06181818181818182,
    "BDUL": 0.08169934640522876,
    "BDUR": 0.11857142857142858,
    "CANL": 0.0,
    "CANR": 0.0,
    "CEPDL": 0.08344594594594594,
    "CEPDR": 0.10080645161290322,
    "CEPVL": 0.06495098039215687,
    "CEPVR": 0.07414272474513438,
    "DA1": 0.06926406926406926,
    "DA2": 0.08421052631578947,
    "DA3": 0.07834101382488479,
    "DA4": 0.08169934640522876,
    "DA5": 0.07866379310344827,
    "DA6": 0.09191176470588236,
    "DA7": 0.0691358024691358,
    "DA8": 0.10884749708963912,
    "DA9": 0.07640586797066015,
    "DB1": 0.07427536231884058,
    "DB2": 0.08888888888888889,
    "DB3": 0.07939189189189189,
    "DB4": 0.0811965811965812,
    "DB5": 0.08545454545454545,
    "DB6": 0.13157894736842105,
    "DB7": 0.07027027027027027,
    "DD1": 0.08765432098765433,
    "DD2": 0.06635802469135803,
    "DD3": 0.1323529411764706,
    "DD4": 0.08791208791208792,
    "DD5": 0.05533596837944664,
    "DD6": 0.08633633633633633,
    "DVA": 0.0664516129032258,
    "DVB": 0.07936507936507936,
    "DVC": 0.06909090909090909,
    "FLPL": 0.07142857142857142,
    "FLPR": 0.08054123711340207,
    "HSNL": 0.06485587583148558,
    "HSNR": 0.08771929824561403,
    "I1L": 0.0880952380952381,
    "I1R": 0.08771929824561403,
    "I2L": 0.037037037037037035,
    "I2R": 0.09347826086956522,
    "I3": 0.09259259259259259,
    "I4": 0.10835913312693499,
    "I5": 0.06587473002159827,
    "I6": 0.08421052631578947,
    "IL1DL": 0.11176470588235295,
    "IL1DR": 0.08275862068965517,
    "IL1L": 0.07275132275132275,
    "IL1R": 0.07214285714285715,
    "IL1VL": 0.0735632183908046,
    "IL1VR": 0.11764705882352941,
    "IL2DL": 0.0962962962962963,
    "IL2DR": 0.10457516339869281,
    "IL2L": 0.09744408945686901,
    "IL2R": 0.08862876254180602,
    "IL2VL": 0.07051282051282051,
    "IL2VR": 0.07714285714285714,
    "LUAL": 0.07142857142857142,
    "LUAR": 0.09391771019677997,
    "M1": 0.06481481481481481,
    "M2L": 0.0989010989010989,
    "M2R": 0.07142857142857142,
    "M3L": 0.058333333333333334,
    "M3R": 0.09523809523809523,
    "M4": 0.10702341137123746,
    "M5": 0.08333333333333333,
    "MCL": 0.12380952380952381,
    "MCR": 0.09803921568627451,
    "MI": 0.0756578947368421,
    "NSML": 0.09384615384615384,
    "NSMR": 0.0670995670995671,
    "OLLL": 0.08024691358024691,
    "OLLR": 0.08358662613981763,
    "OLQDL": 0.0992063492063492,
    "OLQDR": 0.05493630573248408,
    "OLQVL": 0.07373271889400922,
    "OLQVR": 0.07112375533428165,
    "PDA": 0.10457516339869281,
    "PDB": 0.09846153846153846,
    "PDEL": 0.08431703204047218,
    "PDER": 0.06521739130434782,
    "PHAL": 0.09797297297297297,
    "PHAR": 0.09729064039408868,
    "PHBL": 0.08165322580645161,
    "PHBR": 0.0730421686746988,
    "PHCL": 0.08923076923076922,
    "PHCR": 0.08428571428571428,
    "PLML": 0.13636363636363635,
    "PLMR": 0.06043956043956044,
    "PLNL": 0.09482758620689655,
    "PLNR": 0.06481481481481481,
    "PQR": 0.06273764258555133,
    "PVCL": 0.07470870459218643,
    "PVCR": 0.06438105208060717,
    "PVDL": 0.1007905138339921,
    "PVDR": 0.10702341137123746,
    "PVM": 0.0636604774535809,
    "PVNL": 0.06548279689234185,
    "PVNR": 0.07029540481400437,
    "PVPL": 0.05293880837359098,
    "PVPR": 0.08025641025641025,
    "PVQL": 0.08315334773218143,
    "PVQR": 0.06172291296625222,
    "PVR": 0.07541776605101143,
    "PVT": 0.060305775764439414,
    "PVWL": 0.07266009852216748,
    "PVWR": 0.08571428571428572,
    "RIAL": 0.06662628709872805,
    "RIAR": 0.08076923076923077,
    "RIBL": 0.07726130653266332,
    "RIBR": 0.06943396226415094,
    "RICL": 0.07248677248677249,
    "RICR": 0.06577034883720931,
    "RID": 0.06695464362850972,
    "RIFL": 0.05555555555555555,
    "RIFR": 0.09297153024911033,
    "RIGL": 0.08823529411764706,
    "RIGR": 0.07224848075624578,
    "RIH": 0.06901041666666667,
    "RIML": 0.07428728070175439,
    "RIMR": 0.08483896307934014,
    "RIPL": 0.11133603238866396,
    "RIPR": 0.08862433862433862,
    "RIR": 0.08977777777777778,
    "RIS": 0.06762749445676275,
    "RIVL": 0.09337349397590361,
    "RIVR": 0.08709677419354839,
    "RMDDL": 0.06673728813559322,
    "RMDDR": 0.08365019011406843,
    "RMDL": 0.0810546875,
    "RMDR": 0.06904761904761905,
    "RMDVL": 0.0858974358974359,
    "RMDVR": 0.06463414634146342,
    "RMED": 0.06327985739750445,
    "RMEL": 0.05270655270655271,
    "RMER": 0.07833333333333334,
    "RMEV": 0.07368421052631578,
    "RMFL": 0.0597165991902834,
    "RMFR": 0.07692307692307693,
    "RMGL": 0.06785955435516543,
    "RMGR": 0.07839947950553025,
    "RMHL": 0.0811965811965812,
    "RMHR": 0.07019704433497537,
    "SAADL": 0.07455012853470437,
    "SAADR": 0.05385556915544676,
    "SAAVL": 0.06326304106548279,
    "SAAVR": 0.08617424242424243,
    "SABD": 0.10818713450292397,
    "SABVL": 0.08095238095238096,
    "SABVR": 0.07142857142857142,
    "SDQL": 0.08271604938271605,
    "SDQR": 0.08279845956354301,
    "SIADL": 0.08125,
    "SIADR": 0.11079545454545454,
    "SIAVL": 0.12280701754385964,
    "SIAVR": 0.08765432098765433,
    "SIBDL": 0.08395061728395062,
    "SIBDR": 0.08125,
    "SIBVL": 0.06306306306306306,
    "SIBVR": 0.07756024096385543,
    "SMBDL": 0.0732484076433121,
    "SMBDR": 0.07657657657657657,
    "SMBVL": 0.07591093117408906,
    "SMBVR": 0.08269961977186312,
    "SMDDL": 0.06802244039270687,