{
  "clustering_coefficients": {
    "ADAL": 0.07792836398838335,
    "ADAR": 0.061832740213523134,
    "ADEL": 0.08937007874015748,
    "ADER": 0.08695652173913043,
    "ADFL": 0.08194444444444444,
    "ADFR": 0.07590233545647558,
    "ADLL": 0.08831908831908832,
    "ADLR": 0.06637863315003928,
    "AFDL": 0.05555555555555555,
    "AFDR": 0.08695652173913043,
    "AIAL": 0.0753045404208195,
    "AIAR": 0.08412698412698413,
    "AIBL": 0.06278280542986425,
    "AIBR": 0.0548436699128652,
    "AIML": 0.0868945868945869,
    "AIMR": 0.08284714119019837,
    "AINL": 0.05844155844155844,
    "AINR": 0.07641196013289037,
    "AIYL": 0.09012345679012346,
    "AIYR": 0.08267090620031796,
    "AIZL": 0.08339402767662053,
    "AIZR": 0.06031746031746032,
    "ALA": 0.10181818181818182,
    "ALML": 0.06587301587301587,
    "ALMR": 0.10079575596816977,
    "ALNL": 0.10084033613445378,
    "ALNR": 0.08727272727272728,
    "AQR": 0.06427604871447902,
    "AS1": 0.09272727272727273,
    "AS10": 0.08225108225108226,
    "AS11": 0.1,
    "AS2": 0.09191176470588236,
    "AS3": 0.12727272727272726,
    "AS4": 0.09761904761904762,
    "AS5": 0.065,
    "AS6": 0.06818181818181818,
    "AS7": 0.08333333333333333,
    "AS8": 0.013888888888888888,
    "AS9": 0.047619047619047616,
    "ASEL": 0.0816464237516869,
    "ASER": 0.07191489361702127,
    "ASGL": 0.06746031746031746,
    "ASGR": 0.0868945868945869,
    "ASHL": 0.06633380884450785,
    "ASHR": 0.06785195936139332,
    "ASIL": 0.09567901234567901,
    "ASIR": 0.07692307692307693,
    "ASJL": 0.11397058823529412,
    "ASJR": 0.041666666666666664,
    "ASKL": 0.08187134502923976,
    "ASKR": 0.07732732732732733,
    "AUAL": 0.06472261735419631,
    "AUAR": 0.0876923076923077,
    "AVAL": 0.06871525633106856,
    "AVAR": 0.06085978505373656,
    "AVBL": 0.053942722636327975,
    "AVBR": 0.05849714648065948,
    "AVDL": 0.0726832222895215,
    "AVDR": 0.06644198363023592,
    "AVEL": 0.06454248366013073,
    "AVER": 0.06102564102564102,
    "AVFL": 0.08322496749024708,
    "AVFR": 0.06890243902439025,
    "AVG": 0.08703071672354949,
    "AVHL": 0.05829228243021346,
    "AVHR": 0.07377049180327869,
    "AVJL": 0.07497781721384206,
    "AVJR": 0.07025117739403454,
    "AVKL": 0.08281338627339761,
    "AVKR": 0.06610470275066549,
    "AVL": 0.0706984667802385,
    "AVM": 0.11007957559681697,
    "AWAL": 0.10714285714285714,
    "AWAR": 0.0980603448275862,
    "AWBL": 0.07217694994179279,
    "AWBR": 0.07828282828282829,
    "AWCL": 0.10891089108910891,
    "AWCR": 0.07564102564102564,
    "BAGL": 0.07130124777183601,
    "BAGR": 0.06419753086419754,
    "BDUL": 0.07707509881422925,
    "BDUR": 0.09523809523809523,
    "CANL": 0.0,
    "CANR": 0.0,
    "CEPDL": 0.06691729323308271,
    "CEPDR": 0.06621621621621622,
    "CEPVL": 0.0859465737514518,
    "CEPVR": 0.09345454545454546,
    "DA1": 0.07389162561576355,
    "DA2": 0.08174603174603175,
    "DA3": 0.07327586206896551,
    "DA4": 0.06725146198830409,
    "DA5": 0.07090909090909091,
    "DA6": 0.04945054945054945,
    "DA7": 0.08505747126436781,
    "DA8": 0.07555555555555556,
    "DA9": 0.08782051282051281,
    "DB1": 0.0701058201058201,
    "DB2": 0.08125,
    "DB3": 0.09285714285714286,
    "DB4": 0.1111111111111111,
    "DB5": 0.08373205741626795,
    "DB6": 0.09803921568627451,
    "DB7": 0.09035409035409035,
    "DD1": 0.08664546899841018,
    "DD2": 0.08102766798418973,
    "DD3": 0.1264705882352941,
    "DD4": 0.07083333333333333,
    "DD5": 0.10416666666666667,
    "DD6": 0.060897435897435896,
    "DVA": 0.07567392010392984,
    "DVB": 0.1,
    "DVC": 0.06761006289308176,
    "FLPL": 0.10449735449735449,
    "FLPR": 0.07160493827160494,
    "HSNL": 0.06921331316187594,
    "HSNR": 0.09062003179650238,
    "I1L": 0.0891304347826087,
    "I1R": 0.06535947712418301,
    "I2L": 0.08727272727272728,
    "I2R": 0.08922558922558922,
    "I3": 0.07575757575757576,
    "I4": 0.09411764705882353,
    "I5": 0.08831908831908832,
    "I6": 0.018518518518518517,
    "IL1DL": 0.09142857142857143,
    "IL1DR": 0.06228956228956229,
    "IL1L": 0.06451612903225806,
    "IL1R": 0.07589285714285714,
    "IL1VL": 0.10714285714285714,
    "IL1VR": 0.08169934640522876,
    "IL2DL": 0.07608695652173914,
    "IL2DR": 0.09166666666666666,
    "IL2L": 0.07758620689655173,
    "IL2R": 0.08168316831683169,
    "IL2VL": 0.11397058823529412,
    "IL2VR": 0.05731225296442688,
    "LUAL": 0.06811145510835913,
    "LUAR": 0.05858585858585859,
    "M1": 0.09444444444444444,
    "M2L": 0.06428571428571428,
    "M2R": 0.061170212765957445,
    "M3L": 0.08088235294117647,
    "M3R": 0.06043956043956044,
    "M4": 0.059782608695652176,
    "M5": 0.13333333333333333,
    "MCL": 0.09477124183006536,
    "MCR": 0.08404558404558404,
    "MI": 0.09565217391304348,
    "NSML": 0.06666666666666667,
    "NSMR": 0.06,
    "OLLL": 0.06349206349206349,
    "OLLR": 0.09390125847047434,
    "OLQDL": 0.0582010582010582,
    "OLQDR": 0.07275132275132275,
    "OLQVL": 0.06481481481481481,
    "OLQVR": 0.05333333333333334,
    "PDA": 0.06140350877192982,
    "PDB": 0.08971774193548387,
    "PDEL": 0.08285714285714285,
    "PDER": 0.09090909090909091,
    "PHAL": 0.043478260869565216,
    "PHAR": 0.09753086419753086,
    "PHBL": 0.09487951807228916,
    "PHBR": 0.05142857142857143,
    "PHCL": 0.1067193675889328,
    "PHCR": 0.08333333333333333,
    "PLML": 0.054945054945054944,
    "PLMR": 0.1,
    "PLNL": 0.06714285714285714,
    "PLNR": 0.06764705882352941,
    "PQR": 0.08231707317073171,
    "PVCL": 0.0752419085752419,
    "PVCR": 0.06352400114975568,
    "PVDL": 0.06084656084656084,
    "PVDR": 0.059907834101382486,
    "PVM": 0.07936507936507936,
    "PVNL": 0.07135306553911205,
    "PVNR": 0.07427536231884058,
    "PVPL": 0.06979632389468456,
    "PVPR": 0.07221006564551423,
    "PVQL": 0.07262210796915167,
    "PVQR": 0.07501963864886096,
    "PVR": 0.07120439387995292,
    "PVT": 0.07018849206349206,
    "PVWL": 0.08753315649867374,
    "PVWR": 0.07678571428571429,
    "RIAL": 0.06853477380148548,
    "RIAR": 0.07115987460815047,
    "RIBL": 0.06994144437215355,
    "RIBR": 0.07617051013277429,
    "RICL": 0.08849129593810445,
    "RICR": 0.06985871271585557,
    "RID": 0.07219251336898395,
    "RIFL": 0.05076923076923077,
    "RIFR": 0.07688588007736943,
    "RIGL": 0.08333333333333333,
    "RIGR": 0.05886627906976744,
    "RIH": 0.08773424190800681,
    "RIML": 0.0636672325976231,
    "RIMR": 0.06985055230669265,
    "RIPL": 0.0603448275862069,
    "RIPR": 0.08505747126436781,
    "RIR": 0.07225177304964539,
    "RIS": 0.06759259259259259,
    "RIVL": 0.08159392789373814,
    "RIVR": 0.09506172839506173,
    "RMDDL": 0.06275303643724696,
    "RMDDR": 0.059475806451612906,
    "RMDL": 0.0666532420459122,
    "RMDR": 0.0642512077294686,
    "RMDVL": 0.07575757575757576,
    "RMDVR": 0.07309322033898305,
    "RMED": 0.0817490494296578,
    "RMEL": 0.04093567251461988,
    "RMER": 0.05968169761273209,
    "RMEV": 0.08333333333333333,
    "RMFL": 0.07020872865275142,
    "RMFR": 0.11722488038277512,
    "RMGL": 0.08452535760728218,
    "RMGR": 0.057460611677479144,
    "RMHL": 0.06696428571428571,
    "RMHR": 0.08833333333333333,
    "SAADL": 0.08924731182795699,
    "SAADR": 0.08198614318706697,
    "SAAVL": 0.07046070460704607,
    "SAAVR": 0.07560975609756097,
    "SABD": 0.06648936170212766,
    "SABVL": 0.05263157894736842,
    "SABVR": 0.042105263157894736,
    "SDQL": 0.11066666666666666,
    "SDQR": 0.10344827586206896,
    "SIADL": 0.04489164086687306,
    "SIADR": 0.08714285714285715,
    "SIAVL": 0.07530120481927711,
    "SIAVR": 0.06878306878306878,
    "SIBDL": 0.1095679012345679,
    "SIBDR": 0.06631299734748011,
    "SIBVL": 0.07513416815742398,
    "SIBVR": 0.07432432432432433,
    "SMBDL": 0.08868243243243243,
    "SMBDR": 0.06261859582542695,
    "SMBVL": 0.07027649769585254,
    "SMBVR": 0.04954954954954955,
    "SMDDL": 0.06,
    "SMDDR": 0.06342494714587738,