{
  "clustering_coefficients": {
    "ADAL": 0.07446808510638298,
    "ADAR": 0.07489878542510121,
    "ADEL": 0.07482305358948432,
    "ADER": 0.10392364793213149,
    "ADFL": 0.09024390243902439,
    "ADFR": 0.08985330073349633,
    "ADLL": 0.0722972972972973,
    "ADLR": 0.07575757575757576,
    "AFDL": 0.09308510638297872,
    "AFDR": 0.07509505703422054,
    "AIAL": 0.07815275310834814,
    "AIAR": 0.07200929152148665,
    "AIBL": 0.06535947712418301,
    "AIBR": 0.0782573618394514,
    "AIML": 0.0928030303030303,
    "AIMR": 0.07207207207207207,
    "AINL": 0.08837579617834394,
    "AINR": 0.07631160572337042,
    "AIYL": 0.06472261735419631,
    "AIYR": 0.07004310344827586,
    "AIZL": 0.09157894736842105,
    "AIZR": 0.08016682113067655,
    "ALA": 0.08823529411764706,
    "ALML": 0.07446808510638298,
    "ALMR": 0.06698564593301436,
    "ALNL": 0.07407407407407407,
    "ALNR": 0.09946949602122016,
    "AQR": 0.05311973018549747,
    "AS1": 0.07666666666666666,
    "AS10": 0.06446991404011461,
    "AS11": 0.08253968253968254,
    "AS2": 0.08695652173913043,
    "AS3": 0.05454545454545454,
    "AS4": 0.09166666666666666,
    "AS5": 0.06666666666666667,
    "AS6": 0.09477124183006536,
    "AS7": 0.03571428571428571,
    "AS8": 0.0,
    "AS9": 0.06190476190476191,
    "ASEL": 0.06825396825396825,
    "ASER": 0.09884467265725289,
    "ASGL": 0.11440677966101695,
    "ASGR": 0.06727272727272728,
    "ASHL": 0.08624708624708624,
    "ASHR": 0.06909547738693467,
    "ASIL": 0.06902356902356903,
    "ASIR": 0.0761904761904762,
    "ASJL": 0.10336538461538461,
    "ASJR": 0.07142857142857142,
    "ASKL": 0.07007575757575757,
    "ASKR": 0.07883597883597884,
    "AUAL": 0.06072874493927125,
    "AUAR": 0.09782608695652174,
    "AVAL": 0.0588364434687157,
    "AVAR": 0.07154366741862714,
    "AVBL": 0.0732566765578635,
    "AVBR": 0.07027406886858749,
    "AVDL": 0.07757611241217799,
    "AVDR": 0.0667420814479638,
    "AVEL": 0.06278280542986425,
    "AVER": 0.07794871794871795,
    "AVFL": 0.07270408163265306,
    "AVFR": 0.08571428571428572,
    "AVG": 0.06238643246517262,
    "AVHL": 0.0911664779161948,
    "AVHR": 0.07428728070175439,
    "AVJL": 0.06729518855656696,
    "AVJR": 0.09403323262839879,
    "AVKL": 0.07604373757455268,
    "AVKR": 0.06362083689154568,
    "AVL": 0.07810047095761381,
    "AVM": 0.08633776091081594,
    "AWAL": 0.08823529411764706,
    "AWAR": 0.09076923076923077,
    "AWBL": 0.07251264755480608,
    "AWBR": 0.08181818181818182,
    "AWCL": 0.09817813765182186,
    "AWCR": 0.08795669824086604,
    "BAGL": 0.06607142857142857,
    "BAGR": 0.04329004329004329,
    "BDUL": 0.12380952380952381,
    "BDUR": 0.07380952380952381,
    "CANL": 0.0,
    "CANR": 0.0,
    "CEPDL": 0.08481349911190053,
    "CEPDR": 0.08139534883720931,
    "CEPVL": 0.07472178060413355,
    "CEPVR": 0.08921694480102696,
    "DA1": 0.09544159544159544,
    "DA2": 0.06631299734748011,
    "DA3": 0.05982905982905983,
    "DA4": 0.08,
    "DA5": 0.08361204013377926,
    "DA6": 0.08891454965357967,
    "DA7": 0.06746031746031746,
    "DA8": 0.07358953393295176,
    "DA9": 0.07598039215686274,
    "DB1": 0.0873015873015873,
    "DB2": 0.07294429708222812,
    "DB3": 0.07857974388824214,
    "DB4": 0.08545034642032333,
    "DB5": 0.04727272727272727,
    "DB6": 0.1,
    "DB7": 0.08254397834912043,
    "DD1": 0.06989247311827956,
    "DD2": 0.06666666666666667,
    "DD3": 0.08531746031746032,
    "DD4": 0.15384615384615385,
    "DD5": 0.06327160493827161,
    "DD6": 0.05738993710691824,
    "DVA": 0.07048521389606661,
    "DVB": 0.0811965811965812,
    "DVC": 0.08808777429467085,
    "FLPL": 0.10893098782138025,
    "FLPR": 0.05858585858585859,
    "HSNL": 0.08864118895966029,
    "HSNR": 0.07955166757791143,
    "I1L": 0.08333333333333333,
    "I1R": 0.05698005698005698,
    "I2L": 0.06521739130434782,
    "I2R": 0.07264957264957266,
    "I3": 0.08008658008658008,
    "I4": 0.07516339869281045,
    "I5": 0.07846153846153846,
    "I6": 0.09210526315789473,
    "IL1DL": 0.08496732026143791,
    "IL1DR": 0.11714285714285715,
    "IL1L": 0.08831908831908832,
    "IL1R": 0.06615384615384616,
    "IL1VL": 0.08968253968253968,
    "IL1VR": 0.0875,
    "IL2DL": 0.08088235294117647,
    "IL2DR": 0.04565217391304348,
    "IL2L": 0.06339285714285714,
    "IL2R": 0.07407407407407407,
    "IL2VL": 0.07671957671957672,
    "IL2VR": 0.12105263157894737,
    "LUAL": 0.05414746543778802,
    "LUAR": 0.0701058201058201,
    "M1": 0.06593406593406594,
    "M2L": 0.09523809523809523,
    "M2R": 0.06702898550724638,
    "M3L": 0.075,
    "M3R": 0.06985294117647059,
    "M4": 0.0880952380952381,
    "M5": 0.0,
    "MCL": 0.06666666666666667,
    "MCR": 0.06428571428571428,
    "MI": 0.039473684210526314,
    "NSML": 0.08695652173913043,
    "NSMR": 0.09926470588235294,
    "OLLL": 0.0737791932059448,
    "OLLR": 0.0876803551609323,
    "OLQDL": 0.07017543859649122,
    "OLQDR": 0.06569343065693431,
    "OLQVL": 0.06981981981981981,
    "OLQVR": 0.06521739130434782,
    "PDA": 0.09333333333333334,
    "PDB": 0.1,
    "PDEL": 0.07834757834757834,
    "PDER": 0.08571428571428572,
    "PHAL": 0.043859649122807015,
    "PHAR": 0.08049242424242424,
    "PHBL": 0.07931034482758621,
    "PHBR": 0.08151260504201681,
    "PHCL": 0.12169312169312169,
    "PHCR": 0.07881773399014778,
    "PLML": 0.07777777777777778,
    "PLMR": 0.06746031746031746,
    "PLNL": 0.09462365591397849,
    "PLNR": 0.1590909090909091,
    "PQR": 0.09417344173441734,
    "PVCL": 0.06674958540630183,
    "PVCR": 0.08170643528561099,
    "PVDL": 0.0811965811965812,
    "PVDR": 0.09104938271604938,
    "PVM": 0.09753787878787878,
    "PVNL": 0.09341723136495644,
    "PVNR": 0.06968308514700268,
    "PVPL": 0.08038147138964577,
    "PVPR": 0.06468023255813954,
    "PVQL": 0.10191082802547771,
    "PVQR": 0.07384515289525048,
    "PVR": 0.07199576495500265,
    "PVT": 0.06567796610169492,
    "PVWL": 0.07762096774193548,
    "PVWR": 0.07397504456327986,
    "RIAL": 0.06958904109589041,
    "RIAR": 0.07283142389525368,
    "RIBL": 0.06815114709851552,
    "RIBR": 0.0696064139941691,
    "RICL": 0.08179231863442389,
    "RICR": 0.07849056603773585,
    "RID": 0.0846774193548387,
    "RIFL": 0.11063218390804598,
    "RIFR": 0.09701492537313433,
    "RIGL": 0.07161458333333333,
    "RIGR": 0.07848837209302326,
    "RIH": 0.08030112923462986,
    "RIML": 0.07013574660633484,
    "RIMR": 0.083984375,
    "RIPL": 0.09729064039408868,
    "RIPR": 0.11547344110854503,
    "RIR": 0.09497444633730835,
    "RIS": 0.08585445625511039,
    "RIVL": 0.07416267942583732,
    "RIVR": 0.07171717171717172,
    "RMDDL": 0.07171853856562922,
    "RMDDR": 0.09076923076923077,
    "RMDL": 0.06480754124116261,
    "RMDR": 0.07549361207897794,
    "RMDVL": 0.06234718826405868,
    "RMDVR": 0.08502024291497975,
    "RMED": 0.08831908831908832,
    "RMEL": 0.09116809116809117,
    "RMER": 0.06304347826086956,
    "RMEV": 0.07183499288762446,
    "RMFL": 0.08525345622119816,
    "RMFR": 0.1092436974789916,
    "RMGL": 0.08712613784135241,
    "RMGR": 0.0751953125,
    "RMHL": 0.08923076923076922,
    "RMHR": 0.07559681697612732,
    "SAADL": 0.0962406015037594,
    "SAADR": 0.07484076433121019,
    "SAAVL": 0.08637873754152824,
    "SAAVR": 0.05112781954887218,
    "SABD": 0.09782608695652174,
    "SABVL": 0.11315789473684211,
    "SABVR": 0.08241758241758242,
    "SDQL": 0.0625,
    "SDQR": 0.07512315270935961,
    "SIADL": 0.0865546218487395,
    "SIADR": 0.08198614318706697,
    "SIAVL": 0.08483483483483484,
    "SIAVR": 0.0641025641025641,
    "SIBDL": 0.07454545454545454,
    "SIBDR": 0.06,
    "SIBVL": 0.07744107744107744,
    "SIBVR": 0.0951417004048583,
    "SMBDL": 0.06531531531531531,
    "SMBDR": 0.06225930680359435,
    "SMBVL": 0.07996632996632996,
    "SMBVR": 0.09254498714652956,
    "SMDDL": 0.06318681318681318,
    "SMDDR": 0.0820578231292517,
    "SMDVL": 0.0927960927960928,
    "SMDVR": 0.06428571428571428,