{
  "clustering_coefficients": {
    "ADAL": 0.07540485829959515,
    "ADAR": 0.0649546827794562,
    "ADEL": 0.07320319432120674,
    "ADER": 0.08518877057115198,
    "ADFL": 0.07219973009446694,
    "ADFR": 0.07747105966162066,
    "ADLL": 0.07334963325183375,
    "ADLR": 0.07675244010647737,
    "AFDL": 0.09013282732447818,
    "AFDR": 0.08004926108374384,
    "AIAL": 0.09738372093023256,
    "AIAR": 0.09464285714285714,
    "AIBL": 0.06452830188679246,
    "AIBR": 0.0703030303030303,
    "AIML": 0.05308641975308642,
    "AIMR": 0.06427604871447902,
    "AINL": 0.0771889400921659,
    "AINR": 0.08064516129032258,
    "AIYL": 0.09569377990430622,
    "AIYR": 0.08888888888888889,
    "AIZL": 0.08202038924930491,
    "AIZR": 0.06787330316742081,
    "ALA": 0.09740259740259741,
    "ALML": 0.07647058823529412,
    "ALMR": 0.0695364238410596,
    "ALNL": 0.0641025641025641,
    "ALNR": 0.08187599364069953,
    "AQR": 0.0783132530120482,
    "AS1": 0.13043478260869565,
    "AS10": 0.06856187290969899,
    "AS11": 0.08262108262108261,
    "AS2": 0.06521739130434782,
    "AS3": 0.08823529411764706,
    "AS4": 0.09565217391304348,
    "AS5": 0.045454545454545456,
    "AS6": 0.07846153846153846,
    "AS7": 0.04945054945054945,
    "AS8": 0.10526315789473684,
    "AS9": 0.09090909090909091,
    "ASEL": 0.08214285714285714,
    "ASER": 0.07372505543237251,
    "ASGL": 0.08496732026143791,
    "ASGR": 0.06403940886699508,
    "ASHL": 0.07732558139534884,
    "ASHR": 0.06699346405228758,
    "ASIL": 0.09817813765182186,
    "ASIR": 0.08294930875576037,
    "ASJL": 0.05384615384615385,
    "ASJR": 0.11764705882352941,
    "ASKL": 0.08142857142857143,
    "ASKR": 0.06734006734006734,
    "AUAL": 0.09391771019677997,
    "AUAR": 0.09846153846153846,
    "AVAL": 0.06779227423893579,
    "AVAR": 0.05864509605662285,
    "AVBL": 0.08424199788955329,
    "AVBR": 0.07210776545166403,
    "AVDL": 0.06515580736543909,
    "AVDR": 0.05929038281979458,
    "AVEL": 0.08002602472348731,
    "AVER": 0.05822498586772187,
    "AVFL": 0.0725359911406423,
    "AVFR": 0.08898305084745763,
    "AVG": 0.06238643246517262,
    "AVHL": 0.07052779075198505,
    "AVHR": 0.06359781950333132,
    "AVJL": 0.06436420722135008,
    "AVJR": 0.0661764705882353,
    "AVKL": 0.07635206786850478,
    "AVKR": 0.0950834879406308,
    "AVL": 0.07506950880444857,
    "AVM": 0.07869634340222575,
    "AWAL": 0.08088235294117647,
    "AWAR": 0.06,
    "AWBL": 0.06348074179743224,
    "AWBR": 0.06464646464646465,
    "AWCL": 0.06628787878787878,
    "AWCR": 0.09051724137931035,
    "BAGL": 0.09475806451612903,
    "BAGR": 0.07368421052631578,
    "BDUL": 0.06666666666666667,
    "BDUR": 0.07716049382716049,
    "CANL": 0.0,
    "CANR": 0.0,
    "CEPDL": 0.09400269541778976,
    "CEPDR": 0.06626506024096386,
    "CEPVL": 0.07936507936507936,
    "CEPVR": 0.07205029013539652,
    "DA1": 0.07789855072463768,
    "DA2": 0.07407407407407407,
    "DA3": 0.09576612903225806,
    "DA4": 0.08487654320987655,
    "DA5": 0.07860262008733625,
    "DA6": 0.07983193277310924,
    "DA7": 0.09722222222222222,
    "DA8": 0.06611039794608473,
    "DA9": 0.06337209302325582,
    "DB1": 0.09126984126984126,
    "DB2": 0.10835913312693499,
    "DB3": 0.06754032258064516,
    "DB4": 0.095,
    "DB5": 0.10476190476190476,
    "DB6": 0.085,
    "DB7": 0.08364312267657993,
    "DD1": 0.07373271889400922,
    "DD2": 0.0691699604743083,
    "DD3": 0.09742120343839542,
    "DD4": 0.13636363636363635,
    "DD5": 0.1286231884057971,
    "DD6": 0.07906976744186046,
    "DVA": 0.07148522704739242,
    "DVB": 0.06937394247038917,
    "DVC": 0.0625,
    "FLPL": 0.08377896613190731,
    "FLPR": 0.08558558558558559,
    "HSNL": 0.0854853072128228,
    "HSNR": 0.08130400628436764,
    "I1L": 0.11,
    "I1R": 0.1130952380952381,
    "I2L": 0.05555555555555555,
    "I2R": 0.08279569892473118,
    "I3": 0.07894736842105263,
    "I4": 0.07792207792207792,
    "I5": 0.09236453201970443,
    "I6": 0.1,
    "IL1DL": 0.07105263157894737,
    "IL1DR": 0.09025787965616046,
    "IL1L": 0.07946428571428571,
    "IL1R": 0.10646387832699619,
    "IL1VL": 0.0891089108910891,
    "IL1VR": 0.08441558441558442,
    "IL2DL": 0.0915032679738562,
    "IL2DR": 0.06842105263157895,
    "IL2L": 0.06990014265335236,
    "IL2R": 0.07714285714285714,
    "IL2VL": 0.08974358974358974,
    "IL2VR": 0.08,
    "LUAL": 0.10166666666666667,
    "LUAR": 0.058922558922558925,
    "M1": 0.08173076923076923,
    "M2L": 0.0873015873015873,
    "M2R": 0.10256410256410256,
    "M3L": 0.07142857142857142,
    "M3R": 0.07142857142857142,
    "M4": 0.08173076923076923,
    "M5": 0.06666666666666667,
    "MCL": 0.16666666666666666,
    "MCR": 0.1388888888888889,
    "MI": 0.11778846153846154,
    "NSML": 0.11067193675889328,
    "NSMR": 0.08823529411764706,
    "OLLL": 0.0803769401330377,
    "OLLR": 0.08409321175278622,
    "OLQDL": 0.09590517241379311,
    "OLQDR": 0.08148148148148149,
    "OLQVL": 0.09642857142857143,
    "OLQVR": 0.08429858429858429,
    "PDA": 0.09833333333333333,
    "PDB": 0.09420289855072464,
    "PDEL": 0.07190635451505016,
    "PDER": 0.08262108262108261,
    "PHAL": 0.09523809523809523,
    "PHAR": 0.0812807881773399,
    "PHBL": 0.08068783068783068,
    "PHBR": 0.08775981524249422,
    "PHCL": 0.07846153846153846,
    "PHCR": 0.07384615384615385,
    "PLML": 0.06666666666666667,
    "PLMR": 0.08333333333333333,
    "PLNL": 0.08090185676392574,
    "PLNR": 0.0875,
    "PQR": 0.10089285714285715,
    "PVCL": 0.059153175591531756,
    "PVCR": 0.08473980309423347,
    "PVDL": 0.058823529411764705,
    "PVDR": 0.07804232804232804,
    "PVM": 0.09788359788359788,
    "PVNL": 0.0797872340425532,
    "PVNR": 0.07006071929005138,
    "PVPL": 0.07928082191780822,
    "PVPR": 0.06802541026998411,
    "PVQL": 0.0673758865248227,
    "PVQR": 0.08830455259026687,
    "PVR": 0.06183830606352262,
    "PVT": 0.07078039927404718,
    "PVWL": 0.09881422924901186,
    "PVWR": 0.07373737373737374,
    "RIAL": 0.06,
    "RIAR": 0.07708089097303635,
    "RIBL": 0.06559949780288764,
    "RIBR": 0.07913931436907366,
    "RICL": 0.06712473572938689,
    "RICR": 0.08284883720930232,
    "RID": 0.08198614318706697,
    "RIFL": 0.09523809523809523,
    "RIFR": 0.07857142857142857,
    "RIGL": 0.07116898849182314,
    "RIGR": 0.07244174265450862,
    "RIH": 0.06118980169971672,
    "RIML": 0.08507765023632681,
    "RIMR": 0.076534052596089,
    "RIPL": 0.055977229601518026,
    "RIPR": 0.09,
    "RIR": 0.070267131242741,
    "RIS": 0.08830188679245284,
    "RIVL": 0.06944444444444445,
    "RIVR": 0.06306306306306306,
    "RMDDL": 0.06162790697674419,
    "RMDDR": 0.09247311827956989,
    "RMDL": 0.07959880495091763,
    "RMDR": 0.0911214953271028,
    "RMDVL": 0.06031746031746032,
    "RMDVR": 0.0830373001776199,
    "RMED": 0.08175675675675675,
    "RMEL": 0.09047619047619047,
    "RMER": 0.0980603448275862,
    "RMEV": 0.06681681681681682,
    "RMFL": 0.08164983164983165,
    "RMFR": 0.09473684210526316,
    "RMGL": 0.06568144499178982,
    "RMGR": 0.07721280602636535,
    "RMHL": 0.07518796992481203,
    "RMHR": 0.08271604938271605,
    "SAADL": 0.07602862254025045,
    "SAADR": 0.07917261055634807,
    "SAAVL": 0.06976744186046512,
    "SAAVR": 0.11551433389544688,
    "SABD": 0.07971014492753623,
    "SABVL": 0.10989010989010989,
    "SABVR": 0.057692307692307696,
    "SDQL": 0.09076433121019108,
    "SDQR": 0.08853288364249579,
    "SIADL": 0.08728448275862069,
    "SIADR": 0.08996212121212122,
    "SIAVL": 0.11099137931034483,
    "SIAVR": 0.06188118811881188,
    "SIBDL": 0.06060606060606061,
    "SIBDR": 0.07692307692307693,
    "SIBVL": 0.06876456876456877,
    "SIBVR": 0.06639566395663957,
    "SMBDL": 0.09487666034155598,
    "SMBDR": 0.07154882154882154,
    "SMBVL": 0.08538899430740038,
    "SMBVR": 0.06867779204107831,
    "SMDDL": 0.07018867924528302,
    "SMDDR": 0.06088888888888889,
    "SMDVL": 0.0654158215010142,
    "SMDVR": 0.06286379511059371,