{
  "clustering_coefficients": {
    "ADAL": 0.07435090479937058,
    "ADAR": 0.06043956043956044,
    "ADEL": 0.08348134991119005,
    "ADER": 0.07308657465495609,
    "ADFL": 0.09046454767726161,
    "ADFR": 0.08120133481646273,
    "ADLL": 0.055623471882640586,
    "ADLR": 0.08105369807497467,
    "AFDL": 0.08333333333333333,
    "AFDR": 0.07905138339920949,
    "AIAL": 0.07101449275362319,
    "AIAR": 0.059267241379310345,
    "AIBL": 0.08064516129032258,
    "AIBR": 0.06940406976744186,
    "AIML": 0.08333333333333333,
    "AIMR": 0.07275902211874273,
    "AINL": 0.07275132275132275,
    "AINR": 0.09425287356321839,
    "AIYL": 0.07563694267515923,
    "AIYR": 0.09557109557109557,
    "AIZL": 0.08166666666666667,
    "AIZR": 0.07142857142857142,
    "ALA": 0.062169312169312166,
    "ALML": 0.09210526315789473,
    "ALMR": 0.09803921568627451,
    "ALNL": 0.03205128205128205,
    "ALNR": 0.06934306569343066,
    "AQR": 0.06504065040650407,
    "AS1": 0.06926406926406926,
    "AS10": 0.07671957671957672,
    "AS11": 0.081787521079258,
    "AS2": 0.07019704433497537,
    "AS3": 0.11176470588235295,
    "AS4": 0.08771929824561403,
    "AS5": 0.1111111111111111,
    "AS6": 0.06818181818181818,
    "AS7": 0.19047619047619047,
    "AS8": 0.045454545454545456,
    "AS9": 0.09047619047619047,
    "ASEL": 0.08912037037037036,
    "ASER": 0.06306306306306306,
    "ASGL": 0.08478260869565217,
    "ASGR": 0.06896551724137931,
    "ASHL": 0.0887218045112782,
    "ASHR": 0.06814310051107325,
    "ASIL": 0.06790123456790123,
    "ASIR": 0.08823529411764706,
    "ASJL": 0.07054455445544554,
    "ASJR": 0.0625,
    "ASKL": 0.0718954248366013,
    "ASKR": 0.058823529411764705,
    "AUAL": 0.08193979933110368,
    "AUAR": 0.06428571428571428,
    "AVAL": 0.06634682892581324,
    "AVAR": 0.0645199904237491,
    "AVBL": 0.06367771280051981,
    "AVBR": 0.06489823156489823,
    "AVDL": 0.07741935483870968,
    "AVDR": 0.060287326834273985,
    "AVEL": 0.06997900629811056,
    "AVER": 0.06559971860710517,
    "AVFL": 0.06976744186046512,
    "AVFR": 0.0911144578313253,
    "AVG": 0.08214285714285714,
    "AVHL": 0.05454545454545454,
    "AVHR": 0.08130400628436764,
    "AVJL": 0.057912457912457915,
    "AVJR": 0.059555555555555556,
    "AVKL": 0.075998075998076,
    "AVKR": 0.08366064414768264,
    "AVL": 0.0739622641509434,
    "AVM": 0.08602150537634409,
    "AWAL": 0.028846153846153848,
    "AWAR": 0.10557432432432433,
    "AWBL": 0.08918406072106262,
    "AWBR": 0.10459770114942529,
    "AWCL": 0.06666666666666667,
    "AWCR": 0.06734006734006734,
    "BAGL": 0.0748663101604278,
    "BAGR": 0.09013282732447818,
    "BDUL": 0.07352941176470588,
    "BDUR": 0.08823529411764706,
    "CANL": 0.0,
    "CANR": 0.0,
    "CEPDL": 0.08184143222506395,
    "CEPDR": 0.061447811447811446,
    "CEPVL": 0.06285714285714286,
    "CEPVR": 0.06389452332657201,
    "DA1": 0.08152173913043478,
    "DA2": 0.07196969696969698,
    "DA3": 0.07312252964426877,
    "DA4": 0.09574468085106383,
    "DA5": 0.06811145510835913,
    "DA6": 0.08225108225108226,
    "DA7": 0.1,
    "DA8": 0.08139534883720931,
    "DA9": 0.07574152542372882,
    "DB1": 0.09259259259259259,
    "DB2": 0.08429561200923788,
    "DB3": 0.075,
    "DB4": 0.06666666666666667,
    "DB5": 0.05982905982905983,
    "DB6": 0.06985294117647059,
    "DB7": 0.07701711491442542,
    "DD1": 0.06527093596059114,
    "DD2": 0.09130434782608696,
    "DD3": 0.08275862068965517,
    "DD4": 0.08187134502923976,
    "DD5": 0.1,
    "DD6": 0.07193732193732194,
    "DVA": 0.06670838548185232,
    "DVB": 0.09226594301221167,
    "DVC": 0.0810546875,
    "FLPL": 0.06470588235294118,
    "FLPR": 0.08496332518337409,
    "HSNL": 0.08614668218859138,
    "HSNR": 0.07774465971187283,
    "I1L": 0.08064516129032258,
    "I1R": 0.1150190114068441,
    "I2L": 0.0761904761904762,
    "I2R": 0.05847953216374269,
    "I3": 0.09595959595959595,
    "I4": 0.09230769230769231,
    "I5": 0.08909574468085106,
    "I6": 0.08823529411764706,
    "IL1DL": 0.08531746031746032,
    "IL1DR": 0.08333333333333333,
    "IL1L": 0.1015180265654649,
    "IL1R": 0.08181818181818182,
    "IL1VL": 0.07219827586206896,
    "IL1VR": 0.09926470588235294,
    "IL2DL": 0.03676470588235294,
    "IL2DR": 0.10476190476190476,
    "IL2L": 0.07776349614395887,
    "IL2R": 0.04678362573099415,
    "IL2VL": 0.07142857142857142,
    "IL2VR": 0.07516339869281045,
    "LUAL": 0.09331797235023041,
    "LUAR": 0.09481216457960644,
    "M1": 0.04779411764705882,
    "M2L": 0.1,
    "M2R": 0.07692307692307693,
    "M3L": 0.11538461538461539,
    "M3R": 0.1388888888888889,
    "M4": 0.1125,
    "M5": 0.05555555555555555,
    "MCL": 0.14285714285714285,
    "MCR": 0.10714285714285714,
    "MI": 0.09926470588235294,
    "NSML": 0.07051282051282051,
    "NSMR": 0.12632978723404256,
    "OLLL": 0.09416445623342175,
    "OLLR": 0.07964224872231687,
    "OLQDL": 0.07166666666666667,
    "OLQDR": 0.08179723502304148,
    "OLQVL": 0.08387096774193549,
    "OLQVR": 0.08831908831908832,
    "PDA": 0.07114624505928854,
    "PDB": 0.05263157894736842,
    "PDEL": 0.07539682539682539,
    "PDER": 0.06344086021505377,
    "PHAL": 0.08928571428571429,
    "PHAR": 0.0840080971659919,
    "PHBL": 0.06763925729442971,
    "PHBR": 0.0735632183908046,
    "PHCL": 0.0784313725490196,
    "PHCR": 0.10253456221198157,
    "PLML": 0.06944444444444445,
    "PLMR": 0.07105263157894737,
    "PLNL": 0.08891454965357967,
    "PLNR": 0.07738095238095238,
    "PQR": 0.08235294117647059,
    "PVCL": 0.06204136090727151,
    "PVCR": 0.07527259936686599,
    "PVDL": 0.047619047619047616,
    "PVDR": 0.05502392344497608,
    "PVM": 0.07971014492753623,
    "PVNL": 0.05550621669626998,
    "PVNR": 0.07011437095972153,
    "PVPL": 0.06802884615384615,
    "PVPR": 0.0655421686746988,
    "PVQL": 0.07874762808349146,
    "PVQR": 0.0873015873015873,
    "PVR": 0.060588235294117644,
    "PVT": 0.0600362483008609,
    "PVWL": 0.0698005698005698,
    "PVWR": 0.07828282828282829,
    "RIAL": 0.07904300423985464,
    "RIAR": 0.05617021276595745,
    "RIBL": 0.08953418027828192,
    "RIBR": 0.08298319327731092,
    "RICL": 0.08359497645211932,
    "RICR": 0.07727272727272727,
    "RID": 0.08620689655172414,
    "RIFL": 0.0839080459770115,
    "RIFR": 0.07063492063492063,
    "RIGL": 0.08894960534304797,
    "RIGR": 0.06386999244142101,
    "RIH": 0.07027972027972028,
    "RIML": 0.07347204161248375,
    "RIMR": 0.0661875945537065,
    "RIPL": 0.09307359307359307,
    "RIPR": 0.08874458874458875,
    "RIR": 0.07956844234659474,
    "RIS": 0.07217939733707078,
    "RIVL": 0.0603448275862069,
    "RIVR": 0.09051724137931035,
    "RMDDL": 0.07274490785645005,
    "RMDDR": 0.06224899598393574,
    "RMDL": 0.07873274780426599,
    "RMDR": 0.06167846309403438,
    "RMDVL": 0.0851602023608769,
    "RMDVR": 0.0763765541740675,
    "RMED": 0.0967741935483871,
    "RMEL": 0.10459770114942529,
    "RMER": 0.0698005698005698,
    "RMEV": 0.09897172236503857,
    "RMFL": 0.10353535353535354,
    "RMFR": 0.057692307692307696,
    "RMGL": 0.07584951456310679,
    "RMGR": 0.0649895178197065,
    "RMHL": 0.07774607703281027,
    "RMHR": 0.06788793103448276,
    "SAADL": 0.07034220532319392,
    "SAADR": 0.0911144578313253,
    "SAAVL": 0.0961111111111111,
    "SAAVR": 0.07625145518044238,
    "SABD": 0.08300395256916997,
    "SABVL": 0.09569377990430622,
    "SABVR": 0.09230769230769231,
    "SDQL": 0.07019704433497537,
    "SDQR": 0.0771889400921659,
    "SIADL": 0.07373271889400922,
    "SIADR": 0.08855291576673865,
    "SIAVL": 0.11772486772486772,
    "SIAVR": 0.08064516129032258,
    "SIBDL": 0.07654320987654321,
    "SIBDR": 0.09466666666666666,
    "SIBVL": 0.07467532467532467,
    "SIBVR": 0.08655221745350501,
    "SMBDL": 0.09391771019677997,
    "SMBDR": 0.08187984496124032,
    "SMBVL": 0.08226837060702875,
    "SMBVR": 0.06974789915966387,
    "SMDDL": 0.07317073170731707,
    "SMDDR": 0.06729131175468483,