{
  "clustering_coefficients": {
    "ADAL": 0.0673076923076923,
    "ADAR": 0.06316725978647687,
    "ADEL": 0.0692618806875632,
    "ADER": 0.08917480035492457,
    "ADFL": 0.08036984352773827,
    "ADFR": 0.07983682983682984,
    "ADLL": 0.10256410256410256,
    "ADLR": 0.07412790697674419,
    "AFDL": 0.08428030303030302,
    "AFDR": 0.12418300653594772,
    "AIAL": 0.05851063829787234,
    "AIAR": 0.06708407871198568,
    "AIBL": 0.0758957654723127,
    "AIBR": 0.06791389031266018,
    "AIML": 0.07841483979763912,
    "AIMR": 0.08108108108108109,
    "AINL": 0.11076923076923077,
    "AINR": 0.082039911308204,
    "AIYL": 0.1043010752688172,
    "AIYR": 0.07539682539682539,
    "AIZL": 0.0775709219858156,
    "AIZR": 0.08921694480102696,
    "ALA": 0.09736842105263158,
    "ALML": 0.07647058823529412,
    "ALMR": 0.08225108225108226,
    "ALNL": 0.08333333333333333,
    "ALNR": 0.07971014492753623,
    "AQR": 0.059475806451612906,
    "AS1": 0.07984790874524715,
    "AS10": 0.08536585365853659,
    "AS11": 0.06693830034924331,
    "AS2": 0.0735930735930736,
    "AS3": 0.06666666666666667,
    "AS4": 0.0661764705882353,
    "AS5": 0.06666666666666667,
    "AS6": 0.12179487179487179,
    "AS7": 0.03333333333333333,
    "AS8": 0.08888888888888889,
    "AS9": 0.044444444444444446,
    "ASEL": 0.07317073170731707,
    "ASER": 0.08649398704902868,
    "ASGL": 0.06340579710144928,
    "ASGR": 0.0635673624288425,
    "ASHL": 0.085,
    "ASHR": 0.062136627906976744,
    "ASIL": 0.115,
    "ASIR": 0.06324110671936758,
    "ASJL": 0.09881422924901186,
    "ASJR": 0.08695652173913043,
    "ASKL": 0.09236453201970443,
    "ASKR": 0.08365508365508366,
    "AUAL": 0.10583153347732181,
    "AUAR": 0.058704453441295545,
    "AVAL": 0.05530857740585774,
    "AVAR": 0.07016604177825388,
    "AVBL": 0.07012302284710017,
    "AVBR": 0.0646817248459959,
    "AVDL": 0.07944389275074479,
    "AVDR": 0.06259027443428021,
    "AVEL": 0.061933534743202415,
    "AVER": 0.07080554130323242,
    "AVFL": 0.07236304170073589,
    "AVFR": 0.08483290488431877,
    "AVG": 0.07349246231155779,
    "AVHL": 0.08209459459459459,
    "AVHR": 0.06646608315098468,
    "AVJL": 0.04711751662971175,
    "AVJR": 0.05782312925170068,
    "AVKL": 0.07314694408322497,
    "AVKR": 0.08441558441558442,
    "AVL": 0.0781618224666143,
    "AVM": 0.0878524945770065,
    "AWAL": 0.0915032679738562,
    "AWAR": 0.08666666666666667,
    "AWBL": 0.06279809220985691,
    "AWBR": 0.0715725806451613,
    "AWCL": 0.06597774244833068,
    "AWCR": 0.08444022770398482,
    "BAGL": 0.09797979797979799,
    "BAGR": 0.07435344827586207,
    "BDUL": 0.09090909090909091,
    "BDUR": 0.03968253968253968,
    "CANL": 0.0,
    "CANR": 0.0,
    "CEPDL": 0.05704169944925256,
    "CEPDR": 0.09309309309309309,
    "CEPVL": 0.0652753108348135,
    "CEPVR": 0.06025641025641026,
    "DA1": 0.04411764705882353,
    "DA2": 0.11505376344086021,
    "DA3": 0.054838709677419356,
    "DA4": 0.09060402684563758,
    "DA5": 0.09272727272727273,
    "DA6": 0.06666666666666667,
    "DA7": 0.09325396825396826,
    "DA8": 0.08353808353808354,
    "DA9": 0.06099397590361446,
    "DB1": 0.08241758241758242,
    "DB2": 0.08487654320987655,
    "DB3": 0.09337349397590361,
    "DB4": 0.09330143540669857,
    "DB5": 0.10339506172839506,
    "DB6": 0.0784313725490196,
    "DB7": 0.07563025210084033,
    "DD1": 0.07019438444924406,
    "DD2": 0.07076923076923076,
    "DD3": 0.08974358974358974,
    "DD4": 0.09090909090909091,
    "DD5": 0.0735930735930736,
    "DD6": 0.06439393939393939,
    "DVA": 0.08004895960832313,
    "DVB": 0.10267857142857142,
    "DVC": 0.06858108108108107,
    "FLPL": 0.08,
    "FLPR": 0.07834101382488479,
    "HSNL": 0.07361702127659575,
    "HSNR": 0.07879448075526507,
    "I1L": 0.08187134502923976,
    "I1R": 0.07105263157894737,
    "I2L": 0.09523809523809523,
    "I2R": 0.10855263157894737,
    "I3": 0.07428571428571429,
    "I4": 0.07692307692307693,
    "I5": 0.09025787965616046,
    "I6": 0.09848484848484848,
    "IL1DL": 0.07423580786026202,
    "IL1DR": 0.05702917771883289,
    "IL1L": 0.07561728395061729,
    "IL1R": 0.09122401847575058,
    "IL1VL": 0.08494623655913978,
    "IL1VR": 0.07142857142857142,
    "IL2DL": 0.07539682539682539,
    "IL2DR": 0.09401709401709402,
    "IL2L": 0.07291666666666667,
    "IL2R": 0.09259259259259259,
    "IL2VL": 0.022727272727272728,
    "IL2VR": 0.08297413793103449,
    "LUAL": 0.06363636363636363,
    "LUAR": 0.08527542372881355,
    "M1": 0.0875,
    "M2L": 0.058823529411764705,
    "M2R": 0.09539473684210527,
    "M3L": 0.08641975308641975,
    "M3R": 0.08823529411764706,
    "M4": 0.07205240174672489,
    "M5": 0.05,
    "MCL": 0.07916666666666666,
    "MCR": 0.07272727272727272,
    "MI": 0.07309941520467836,
    "NSML": 0.06470588235294118,
    "NSMR": 0.10557768924302789,
    "OLLL": 0.07489300998573467,
    "OLLR": 0.07142857142857142,
    "OLQDL": 0.05026455026455026,
    "OLQDR": 0.08947368421052632,
    "OLQVL": 0.091792656587473,
    "OLQVR": 0.08349146110056926,
    "PDA": 0.07860262008733625,
    "PDB": 0.07491582491582492,
    "PDEL": 0.09239130434782608,
    "PDER": 0.06785714285714285,
    "PHAL": 0.07971014492753623,
    "PHAR": 0.0868421052631579,
    "PHBL": 0.09125475285171103,
    "PHBR": 0.09379968203497616,
    "PHCL": 0.0861244019138756,
    "PHCR": 0.07678571428571429,
    "PLML": 0.07105263157894737,
    "PLMR": 0.08241758241758242,
    "PLNL": 0.10287081339712918,
    "PLNR": 0.10256410256410256,
    "PQR": 0.09474522292993631,
    "PVCL": 0.06923076923076923,
    "PVCR": 0.07526734302166165,
    "PVDL": 0.08641975308641975,
    "PVDR": 0.08099352051835854,
    "PVM": 0.07631578947368421,
    "PVNL": 0.06856899488926746,
    "PVNR": 0.08072519083969466,
    "PVPL": 0.07608155146693188,
    "PVPR": 0.07119386637458927,
    "PVQL": 0.07961783439490445,
    "PVQR": 0.060352831940575676,
    "PVR": 0.070298769771529,
    "PVT": 0.06385869565217392,
    "PVWL": 0.07710651828298887,
    "PVWR": 0.0696969696969697,
    "RIAL": 0.06927710843373494,
    "RIAR": 0.0710506424792139,
    "RIBL": 0.07272012578616352,
    "RIBR": 0.06165768194070081,
    "RICL": 0.07591093117408906,
    "RICR": 0.07234042553191489,
    "RID": 0.09166666666666666,
    "RIFL": 0.07114624505928854,
    "RIFR": 0.07756410256410257,
    "RIGL": 0.08062418725617686,
    "RIGR": 0.08299264104660671,
    "RIH": 0.06774519716885744,
    "RIML": 0.06924816280384398,
    "RIMR": 0.07264957264957266,
    "RIPL": 0.08275862068965517,
    "RIPR": 0.06280788177339902,
    "RIR": 0.072,
    "RIS": 0.07411957411957412,
    "RIVL": 0.07076923076923076,
    "RIVR": 0.08501683501683502,
    "RMDDL": 0.09391891891891892,
    "RMDDR": 0.07678571428571429,
    "RMDL": 0.07170356111645813,
    "RMDR": 0.05246422893481717,
    "RMDVL": 0.05218216318785579,
    "RMDVR": 0.09385665529010238,
    "RMED": 0.07410714285714286,
    "RMEL": 0.1,
    "RMER": 0.07384615384615385,
    "RMEV": 0.08318425760286226,
    "RMFL": 0.04732142857142857,
    "RMFR": 0.1007905138339921,
    "RMGL": 0.06815114709851552,
    "RMGR": 0.06716886377903326,
    "RMHL": 0.08049242424242424,
    "RMHR": 0.09,
    "SAADL": 0.09588159588159588,
    "SAADR": 0.0665024630541872,
    "SAAVL": 0.07992895204262877,
    "SAAVR": 0.06258890469416785,
    "SABD": 0.06565656565656566,
    "SABVL": 0.04807692307692308,
    "SABVR": 0.1111111111111111,
    "SDQL": 0.08271604938271605,
    "SDQR": 0.09884467265725289,
    "SIADL": 0.07160493827160494,
    "SIADR": 0.10270700636942676,
    "SIAVL": 0.07130124777183601,
    "SIAVR": 0.06766917293233082,
    "SIBDL": 0.058823529411764705,
    "SIBDR": 0.07416267942583732,
    "SIBVL": 0.0704449152542373,
    "SIBVR": 0.08839285714285715,
    "SMBDL": 0.07989228007181329,
    "SMBDR": 0.09603174603174604,
    "SMBVL": 0.09285714285714286,
    "SMBVR": 0.07150101419878296,
    "SMDDL": 0.07584905660377358,
    "SMDDR": 0.0582039911308204,
    "SMDVL": 0.07472178060413355,