{
  "clustering_coefficients": {
    "ADAL": 0.07467532467532467,
    "ADAR": 0.07441860465116279,
    "ADEL": 0.07427937915742794,
    "ADER": 0.07859680284191829,
    "ADFL": 0.10492845786963434,
    "ADFR": 0.09087332808811958,
    "ADLL": 0.0876937984496124,
    "ADLR": 0.061272584446190104,
    "AFDL": 0.09126984126984126,
    "AFDR": 0.07264957264957266,
    "AIAL": 0.046031746031746035,
    "AIAR": 0.0849624060150376,
    "AIBL": 0.07323733862959285,
    "AIBR": 0.06887755102040816,
    "AIML": 0.08568548387096774,
    "AIMR": 0.09186746987951808,
    "AINL": 0.0967741935483871,
    "AINR": 0.06754032258064516,
    "AIYL": 0.0931174089068826,
    "AIYR": 0.06,
    "AIZL": 0.08333333333333333,
    "AIZR": 0.08312958435207823,
    "ALA": 0.08866995073891626,
    "ALML": 0.0990990990990991,
    "ALMR": 0.08333333333333333,
    "ALNL": 0.04285714285714286,
    "ALNR": 0.0890909090909091,
    "AQR": 0.08403361344537816,
    "AS1": 0.07834757834757834,
    "AS10": 0.09239130434782608,
    "AS11": 0.06714285714285714,
    "AS2": 0.08881578947368421,
    "AS3": 0.08888888888888889,
    "AS4": 0.10789473684210527,
    "AS5": 0.09285714285714286,
    "AS6": 0.04497354497354497,
    "AS7": 0.03636363636363636,
    "AS8": 0.1,
    "AS9": 0.16666666666666666,
    "ASEL": 0.07995951417004049,
    "ASER": 0.0975298126064736,
    "ASGL": 0.08404558404558404,
    "ASGR": 0.06766917293233082,
    "ASHL": 0.07209302325581396,
    "ASHR": 0.07417582417582418,
    "ASIL": 0.06333333333333334,
    "ASIR": 0.07230769230769231,
    "ASJL": 0.06926406926406926,
    "ASJR": 0.11428571428571428,
    "ASKL": 0.0873015873015873,
    "ASKR": 0.0794912559618442,
    "AUAL": 0.05555555555555555,
    "AUAR": 0.05818181818181818,
    "AVAL": 0.06547930853850184,
    "AVAR": 0.0625,
    "AVBL": 0.06269805341783613,
    "AVBR": 0.067420814479638,
    "AVDL": 0.06587202007528231,
    "AVDR": 0.07981220657276995,
    "AVEL": 0.07620164126611957,
    "AVER": 0.07183186951066499,
    "AVFL": 0.10059676044330776,
    "AVFR": 0.0967741935483871,
    "AVG": 0.07013574660633484,
    "AVHL": 0.07172131147540983,
    "AVHR": 0.062344759066070544,
    "AVJL": 0.06441149212233549,
    "AVJR": 0.08140350877192983,
    "AVKL": 0.07542329399692149,
    "AVKR": 0.075,
    "AVL": 0.07959518599562364,
    "AVM": 0.09637404580152671,
    "AWAL": 0.07894736842105263,
    "AWAR": 0.0896551724137931,
    "AWBL": 0.08429858429858429,
    "AWBR": 0.10719131614654002,
    "AWCL": 0.09475806451612903,
    "AWCR": 0.08250355618776671,
    "BAGL": 0.07926829268292683,
    "BAGR": 0.08857142857142856,
    "BDUL": 0.07758620689655173,
    "BDUR": 0.09057971014492754,
    "CANL": 0.0,
    "CANR": 0.0,
    "CEPDL": 0.0919931856899489,
    "CEPDR": 0.10199714693295292,
    "CEPVL": 0.07926829268292683,
    "CEPVR": 0.07658157602663707,
    "DA1": 0.0935672514619883,
    "DA2": 0.07054455445544554,
    "DA3": 0.05432098765432099,
    "DA4": 0.0873015873015873,
    "DA5": 0.0701058201058201,
    "DA6": 0.10294117647058823,
    "DA7": 0.07407407407407407,
    "DA8": 0.07944307944307945,
    "DA9": 0.07678571428571429,
    "DB1": 0.11842105263157894,
    "DB2": 0.08658008658008658,
    "DB3": 0.07384823848238482,
    "DB4": 0.08166666666666667,
    "DB5": 0.07065217391304347,
    "DB6": 0.0847953216374269,
    "DB7": 0.08421052631578947,
    "DD1": 0.08129084967320262,
    "DD2": 0.07655502392344497,
    "DD3": 0.07407407407407407,
    "DD4": 0.06060606060606061,
    "DD5": 0.06722689075630252,
    "DD6": 0.06217948717948718,
    "DVA": 0.06797385620915032,
    "DVB": 0.07549504950495049,
    "DVC": 0.06416054267947993,
    "FLPL": 0.09219858156028368,
    "FLPR": 0.09315589353612168,
    "HSNL": 0.06585612968591692,
    "HSNR": 0.06458923512747876,
    "I1L": 0.09473684210526316,
    "I1R": 0.11403508771929824,
    "I2L": 0.1,
    "I2R": 0.09420289855072464,
    "I3": 0.09666666666666666,
    "I4": 0.10344827586206896,
    "I5": 0.08333333333333333,
    "I6": 0.05952380952380952,
    "IL1DL": 0.08513931888544891,
    "IL1DR": 0.06656346749226007,
    "IL1L": 0.06615384615384616,
    "IL1R": 0.06666666666666667,
    "IL1VL": 0.08620689655172414,
    "IL1VR": 0.10784313725490197,
    "IL2DL": 0.05,
    "IL2DR": 0.06613756613756613,
    "IL2L": 0.08485958485958486,
    "IL2R": 0.09047619047619047,
    "IL2VL": 0.08403361344537816,
    "IL2VR": 0.10789473684210527,
    "LUAL": 0.07142857142857142,
    "LUAR": 0.052525252525252523,
    "M1": 0.10476190476190476,
    "M2L": 0.07177033492822966,
    "M2R": 0.08333333333333333,
    "M3L": 0.09736842105263158,
    "M3R": 0.06944444444444445,
    "M4": 0.05825242718446602,
    "M5": 0.08928571428571429,
    "MCL": 0.05555555555555555,
    "MCR": 0.13333333333333333,
    "MI": 0.07427536231884058,
    "NSML": 0.04395604395604396,
    "NSMR": 0.06725146198830409,
    "OLLL": 0.0963375796178344,
    "OLLR": 0.07532861476238625,
    "OLQDL": 0.0873015873015873,
    "OLQDR": 0.08271604938271605,
    "OLQVL": 0.10775862068965517,
    "OLQVR": 0.08243243243243244,
    "PDA": 0.08169934640522876,
    "PDB": 0.0641025641025641,
    "PDEL": 0.06926406926406926,
    "PDER": 0.07155635062611806,
    "PHAL": 0.07368421052631578,
    "PHAR": 0.05864197530864197,
    "PHBL": 0.07266009852216748,
    "PHBR": 0.07539682539682539,
    "PHCL": 0.0661764705882353,
    "PHCR": 0.0903010033444816,
    "PLML": 0.11666666666666667,
    "PLMR": 0.05454545454545454,
    "PLNL": 0.08695652173913043,
    "PLNR": 0.09090909090909091,
    "PQR": 0.08311855670103092,
    "PVCL": 0.06854130052724078,
    "PVCR": 0.08951546673966602,
    "PVDL": 0.1,
    "PVDR": 0.12130177514792899,
    "PVM": 0.07368421052631578,
    "PVNL": 0.07631909547738694,
    "PVNR": 0.0631507469443187,
    "PVPL": 0.06111645813282002,
    "PVPR": 0.07186813186813187,
    "PVQL": 0.08195488721804511,
    "PVQR": 0.07229524772497473,
    "PVR": 0.07551194539249147,
    "PVT": 0.06416238917405506,
    "PVWL": 0.08512931034482758,
    "PVWR": 0.07692307692307693,
    "RIAL": 0.07217521154803384,
    "RIAR": 0.06105457909343201,
    "RIBL": 0.07429245283018868,
    "RIBR": 0.07029245767060031,
    "RICL": 0.08913308913308914,
    "RICR": 0.07415254237288135,
    "RID": 0.09656084656084656,
    "RIFL": 0.0701058201058201,
    "RIFR": 0.08026960784313726,
    "RIGL": 0.07415005861664713,
    "RIGR": 0.0625531914893617,
    "RIH": 0.07953922106417992,
    "RIML": 0.08140569395017794,
    "RIMR": 0.057949029126213594,
    "RIPL": 0.10483870967741936,
    "RIPR": 0.08266129032258064,
    "RIR": 0.0837962962962963,
    "RIS": 0.07180650037792895,
    "RIVL": 0.0967741935483871,
    "RIVR": 0.06303724928366762,
    "RMDDL": 0.09912959381044488,
    "RMDDR": 0.07512315270935961,
    "RMDL": 0.06815326633165829,
    "RMDR": 0.06562922868741543,
    "RMDVL": 0.07442489851150202,
    "RMDVR": 0.07337367624810892,
    "RMED": 0.07327586206896551,
    "RMEL": 0.06878306878306878,
    "RMER": 0.08181818181818182,
    "RMEV": 0.06829679595278246,
    "RMFL": 0.09283819628647215,
    "RMFR": 0.0691699604743083,
    "RMGL": 0.07459970887918486,
    "RMGR": 0.0598404255319149,
    "RMHL": 0.06638655462184874,
    "RMHR": 0.09379968203497616,
    "SAADL": 0.09848484848484848,
    "SAADR": 0.0655241935483871,
    "SAAVL": 0.06337209302325582,
    "SAAVR": 0.0707070707070707,
    "SABD": 0.0754985754985755,
    "SABVL": 0.022222222222222223,
    "SABVR": 0.11538461538461539,
    "SDQL": 0.08275862068965517,
    "SDQR": 0.08566433566433566,
    "SIADL": 0.07472178060413355,
    "SIADR": 0.07650862068965517,
    "SIAVL": 0.07130124777183601,
    "SIAVR": 0.10272277227722772,
    "SIBDL": 0.07047872340425532,
    "SIBDR": 0.08374384236453201,
    "SIBVL": 0.06918604651162791,
    "SIBVR": 0.1073345259391771,
    "SMBDL": 0.07053571428571428,
    "SMBDR": 0.0851602023608769,
    "SMBVL": 0.06852103120759837,
    "SMBVR": 0.06485963213939981,
    "SMDDL": 0.06505728314238952,
    "SMDDR": 0.05893719806763285,
    "SMDVL": 0.0797872340425532,