{
  "clustering_coefficients": {
    "ADAL": 0.09786641929499072,
    "ADAR": 0.0736228813559322,
    "ADEL": 0.085995085995086,
    "ADER": 0.07986447241045498,
    "ADFL": 0.08033419023136247,
    "ADFR": 0.0727124183006536,
    "ADLL": 0.08535353535353535,
    "ADLR": 0.08647450110864745,
    "AFDL": 0.0782608695652174,
    "AFDR": 0.0701058201058201,
    "AIAL": 0.10191082802547771,
    "AIAR": 0.06696428571428571,
    "AIBL": 0.07221006564551423,
    "AIBR": 0.07569095477386935,
    "AIML": 0.08142857142857143,
    "AIMR": 0.0743321718931475,
    "AINL": 0.08653846153846154,
    "AINR": 0.08108108108108109,
    "AIYL": 0.07650862068965517,
    "AIYR": 0.07759784075573549,
    "AIZL": 0.08492569002123142,
    "AIZR": 0.07989417989417989,
    "ALA": 0.0868421052631579,
    "ALML": 0.07422402159244265,
    "ALMR": 0.08441558441558442,
    "ALNL": 0.13636363636363635,
    "ALNR": 0.07114624505928854,
    "AQR": 0.08547008547008547,
    "AS1": 0.07454545454545454,
    "AS10": 0.08365019011406843,
    "AS11": 0.04956896551724138,
    "AS2": 0.11038961038961038,
    "AS3": 0.08571428571428572,
    "AS4": 0.10576923076923077,
    "AS5": 0.1282051282051282,
    "AS6": 0.125,
    "AS7": 0.05238095238095238,
    "AS8": 0.10227272727272728,
    "AS9": 0.06944444444444445,
    "ASEL": 0.07010135135135136,
    "ASER": 0.07743710691823899,
    "ASGL": 0.11353711790393013,
    "ASGR": 0.09482758620689655,
    "ASHL": 0.07640586797066015,
    "ASHR": 0.07791754018169113,
    "ASIL": 0.07804232804232804,
    "ASIR": 0.07309941520467836,
    "ASJL": 0.1068840579710145,
    "ASJR": 0.05714285714285714,
    "ASKL": 0.0698005698005698,
    "ASKR": 0.07204301075268817,
    "AUAL": 0.07591093117408906,
    "AUAR": 0.09142857142857143,
    "AVAL": 0.06126531632908227,
    "AVAR": 0.06514557092711129,
    "AVBL": 0.06739651043448512,
    "AVBR": 0.0725213298028832,
    "AVDL": 0.06629318394024276,
    "AVDR": 0.0664179104477612,
    "AVEL": 0.0724191063174114,
    "AVER": 0.06639661852765058,
    "AVFL": 0.07424242424242425,
    "AVFR": 0.08559201141226819,
    "AVG": 0.08081611022787494,
    "AVHL": 0.06794871794871794,
    "AVHR": 0.06779661016949153,
    "AVJL": 0.07537154989384288,
    "AVJR": 0.05831363278171789,
    "AVKL": 0.0695906432748538,
    "AVKR": 0.06355555555555556,
    "AVL": 0.06214227309893704,
    "AVM": 0.07741935483870968,
    "AWAL": 0.08496732026143791,
    "AWAR": 0.07767857142857143,
    "AWBL": 0.07993966817496229,
    "AWBR": 0.08441558441558442,
    "AWCL": 0.07670454545454546,
    "AWCR": 0.10822510822510822,
    "BAGL": 0.08505747126436781,
    "BAGR": 0.06727272727272728,
    "BDUL": 0.10784313725490197,
    "BDUR": 0.07685009487666034,
    "CANL": 0.0,
    "CANR": 0.0,
    "CEPDL": 0.08181818181818182,
    "CEPDR": 0.06847133757961783,
    "CEPVL": 0.09768009768009768,
    "CEPVR": 0.0699614890885751,
    "DA1": 0.07957559681697612,
    "DA2": 0.0668103448275862,
    "DA3": 0.10541310541310542,
    "DA4": 0.06535947712418301,
    "DA5": 0.10606060606060606,
    "DA6": 0.125,
    "DA7": 0.056856187290969896,
    "DA8": 0.06564465408805031,
    "DA9": 0.0900735294117647,
    "DB1": 0.10113960113960115,
    "DB2": 0.10836501901140684,
    "DB3": 0.07407407407407407,
    "DB4": 0.08498023715415019,
    "DB5": 0.08771929824561403,
    "DB6": 0.09649122807017543,
    "DB7": 0.08416547788873038,
    "DD1": 0.08292079207920793,
    "DD2": 0.08986175115207373,
    "DD3": 0.0761904761904762,
    "DD4": 0.05,
    "DD5": 0.08,
    "DD6": 0.0689900426742532,
    "DVA": 0.07091675447839832,
    "DVB": 0.0839080459770115,
    "DVC": 0.06936579841449604,
    "FLPL": 0.07530120481927711,
    "FLPR": 0.08502024291497975,
    "HSNL": 0.06533827618164968,
    "HSNR": 0.09522546419098143,
    "I1L": 0.06543624161073826,
    "I1R": 0.09866220735785954,
    "I2L": 0.09308510638297872,
    "I2R": 0.09307359307359307,
    "I3": 0.1,
    "I4": 0.06084656084656084,
    "I5": 0.09946949602122016,
    "I6": 0.10909090909090909,
    "IL1DL": 0.07017543859649122,
    "IL1DR": 0.075,
    "IL1L": 0.08,
    "IL1R": 0.07142857142857142,
    "IL1VL": 0.09698275862068965,
    "IL1VR": 0.09210526315789473,
    "IL2DL": 0.05555555555555555,
    "IL2DR": 0.06856187290969899,
    "IL2L": 0.0643879173290938,
    "IL2R": 0.09782608695652174,
    "IL2VL": 0.06043956043956044,
    "IL2VR": 0.07407407407407407,
    "LUAL": 0.09101382488479262,
    "LUAR": 0.07671957671957672,
    "M1": 0.07894736842105263,
    "M2L": 0.08595988538681948,
    "M2R": 0.03508771929824561,
    "M3L": 0.08421052631578947,
    "M3R": 0.08169934640522876,
    "M4": 0.07894736842105263,
    "M5": 0.1,
    "MCL": 0.07142857142857142,
    "MCR": 0.1111111111111111,
    "MI": 0.08695652173913043,
    "NSML": 0.08823529411764706,
    "NSMR": 0.07661290322580645,
    "OLLL": 0.07894736842105263,
    "OLLR": 0.082483781278962,
    "OLQDL": 0.11371237458193979,
    "OLQDR": 0.08597883597883597,
    "OLQVL": 0.08396946564885496,
    "OLQVR": 0.06902356902356903,
    "PDA": 0.07516339869281045,
    "PDB": 0.08333333333333333,
    "PDEL": 0.09274193548387097,
    "PDER": 0.05585106382978723,
    "PHAL": 0.095,
    "PHAR": 0.08282828282828283,
    "PHBL": 0.08501683501683502,
    "PHBR": 0.06419400855920114,
    "PHCL": 0.0802675585284281,
    "PHCR": 0.08,
    "PLML": 0.05555555555555555,
    "PLMR": 0.08187134502923976,
    "PLNL": 0.10113960113960115,
    "PLNR": 0.09558823529411764,
    "PQR": 0.05040322580645161,
    "PVCL": 0.07112345151644596,
    "PVCR": 0.05610776876798326,
    "PVDL": 0.09347826086956522,
    "PVDR": 0.10714285714285714,
    "PVM": 0.06349206349206349,
    "PVNL": 0.08088978766430738,
    "PVNR": 0.07751586582048957,
    "PVPL": 0.07703081232492998,
    "PVPR": 0.060246262093227795,
    "PVQL": 0.06344086021505377,
    "PVQR": 0.08208955223880597,
    "PVR": 0.06370328425821065,
    "PVT": 0.06707317073170732,
    "PVWL": 0.09772296015180265,
    "PVWR": 0.06902356902356903,
    "RIAL": 0.07378706199460916,
    "RIAR": 0.0665938864628821,
    "RIBL": 0.07720588235294118,
    "RIBR": 0.07528230865746549,
    "RICL": 0.08672875436554132,
    "RICR": 0.07511111111111111,
    "RID": 0.09603174603174604,
    "RIFL": 0.07391304347826087,
    "RIFR": 0.08592692828146144,
    "RIGL": 0.0641025641025641,
    "RIGR": 0.07498248072880168,
    "RIH": 0.08315177923021061,
    "RIML": 0.06393442622950819,
    "RIMR": 0.06132461161079313,
    "RIPL": 0.08064516129032258,
    "RIPR": 0.07246376811594203,
    "RIR": 0.059800664451827246,
    "RIS": 0.0766728624535316,
    "RIVL": 0.08660714285714285,
    "RIVR": 0.11538461538461539,
    "RMDDL": 0.0874897792313982,
    "RMDDR": 0.09444444444444444,
    "RMDL": 0.08123791102514506,
    "RMDR": 0.07555555555555556,
    "RMDVL": 0.07427937915742794,
    "RMDVR": 0.07004830917874397,
    "RMED": 0.10028653295128939,
    "RMEL": 0.07368421052631578,
    "RMER": 0.08850574712643679,
    "RMEV": 0.08622908622908623,
    "RMFL": 0.08022922636103152,
    "RMFR": 0.06613756613756613,
    "RMGL": 0.0624620982413584,
    "RMGR": 0.055930568948891035,
    "RMHL": 0.056451612903225805,
    "RMHR": 0.08755760368663594,
    "SAADL": 0.054804804804804805,
    "SAADR": 0.07020872865275142,
    "SAAVL": 0.05722222222222222,
    "SAAVR": 0.08404558404558404,
    "SABD": 0.08695652173913043,
    "SABVL": 0.06521739130434782,
    "SABVR": 0.10416666666666667,
    "SDQL": 0.08080808080808081,
    "SDQR": 0.07777777777777778,
    "SIADL": 0.09946949602122016,
    "SIADR": 0.07373737373737374,
    "SIAVL": 0.0784313725490196,
    "SIAVR": 0.0777027027027027,
    "SIBDL": 0.08664546899841018,
    "SIBDR": 0.0830945558739255,
    "SIBVL": 0.07455012853470437,
    "SIBVR": 0.08748615725359911,
    "SMBDL": 0.10714285714285714,
    "SMBDR": 0.0782051282051282,
    "SMBVL": 0.0919674039580908,
    "SMBVR": 0.06212121212121212,
    "SMDDL": 0.08717948717948718,
    "SMDDR": 0.051145662847790506,
    "SMDVL": 0.0722972972972973,
    "SMDVR": 0.08731082654249127,