{
  "clustering_coefficients": {
    "ADAL": 0.0763000852514919,
    "ADAR": 0.09512578616352202,
    "ADEL": 0.09556313993174062,
    "ADER": 0.08023106546854943,
    "ADFL": 0.09595959595959595,
    "ADFR": 0.06824782187802517,
    "ADLL": 0.06453488372093023,
    "ADLR": 0.08018867924528301,
    "AFDL": 0.08021390374331551,
    "AFDR": 0.08514492753623189,
    "AIAL": 0.08431372549019608,
    "AIAR": 0.06844106463878327,
    "AIBL": 0.07766990291262135,
    "AIBR": 0.06564799094510469,
    "AIML": 0.0741421568627451,
    "AIMR": 0.09345479082321187,
    "AINL": 0.11384615384615385,
    "AINR": 0.0858433734939759,
    "AIYL": 0.07932263814616755,
    "AIYR": 0.07974137931034483,
    "AIZL": 0.06616161616161616,
    "AIZR": 0.07,
    "ALA": 0.08924731182795699,
    "ALML": 0.08648648648648649,
    "ALMR": 0.07236842105263158,
    "ALNL": 0.08333333333333333,
    "ALNR": 0.09391534391534391,
    "AQR": 0.08917197452229299,
    "AS1": 0.09740259740259741,
    "AS10": 0.10276679841897234,
    "AS11": 0.0655241935483871,
    "AS2": 0.07894736842105263,
    "AS3": 0.08333333333333333,
    "AS4": 0.095,
    "AS5": 0.18181818181818182,
    "AS6": 0.09090909090909091,
    "AS7": 0.1,
    "AS8": 0.09615384615384616,
    "AS9": 0.16666666666666666,
    "ASEL": 0.05714285714285714,
    "ASER": 0.07122507122507123,
    "ASGL": 0.0915032679738562,
    "ASGR": 0.08279569892473118,
    "ASHL": 0.07948717948717948,
    "ASHR": 0.08905228758169935,
    "ASIL": 0.08333333333333333,
    "ASIR": 0.0761904761904762,
    "ASJL": 0.11076923076923077,
    "ASJR": 0.02727272727272727,
    "ASKL": 0.06914893617021277,
    "ASKR": 0.07400379506641366,
    "AUAL": 0.06926751592356688,
    "AUAR": 0.041666666666666664,
    "AVAL": 0.06377684651650078,
    "AVAR": 0.0687880205896116,
    "AVBL": 0.06176134197483797,
    "AVBR": 0.07216142270861833,
    "AVDL": 0.07421875,
    "AVDR": 0.06389925373134328,
    "AVEL": 0.05961844197138315,
    "AVER": 0.06989247311827956,
    "AVFL": 0.07815275310834814,
    "AVFR": 0.05945945945945946,
    "AVG": 0.07532956685499058,
    "AVHL": 0.06968733439321674,
    "AVHR": 0.06287091988130564,
    "AVJL": 0.08738191632928476,
    "AVJR": 0.07437457741717377,
    "AVKL": 0.07837837837837838,
    "AVKR": 0.08808510638297873,
    "AVL": 0.07627118644067797,
    "AVM": 0.07767857142857143,
    "AWAL": 0.1324110671936759,
    "AWAR": 0.09881422924901186,
    "AWBL": 0.06689189189189189,
    "AWBR": 0.08007334963325183,
    "AWCL": 0.10321969696969698,
    "AWCR": 0.08207343412526998,
    "BAGL": 0.08629130966952264,
    "BAGR": 0.07889733840304182,
    "BDUL": 0.08,
    "BDUR": 0.09042553191489362,
    "CANL": 0.0,
    "CANR": 0.0,
    "CEPDL": 0.07379713914174252,
    "CEPDR": 0.08333333333333333,
    "CEPVL": 0.07960644007155634,
    "CEPVR": 0.07645722937168811,
    "DA1": 0.09686609686609686,
    "DA2": 0.06995230524642289,
    "DA3": 0.06926751592356688,
    "DA4": 0.08285714285714285,
    "DA5": 0.06756756756756757,
    "DA6": 0.09848484848484848,
    "DA7": 0.08831908831908832,
    "DA8": 0.07407407407407407,
    "DA9": 0.07444444444444444,
    "DB1": 0.08102766798418973,
    "DB2": 0.07530120481927711,
    "DB3": 0.08190883190883191,
    "DB4": 0.08765432098765433,
    "DB5": 0.08950617283950617,
    "DB6": 0.07352941176470588,
    "DB7": 0.07824639289678136,
    "DD1": 0.06951871657754011,
    "DD2": 0.06354300385109114,
    "DD3": 0.0962962962962963,
    "DD4": 0.06666666666666667,
    "DD5": 0.09090909090909091,
    "DD6": 0.06130573248407643,
    "DVA": 0.07258697358095736,
    "DVB": 0.09388335704125178,
    "DVC": 0.06519102486355367,
    "FLPL": 0.07889733840304182,
    "FLPR": 0.11985688729874776,
    "HSNL": 0.08060747663551401,
    "HSNR": 0.07671957671957672,
    "I1L": 0.09473684210526316,
    "I1R": 0.07692307692307693,
    "I2L": 0.08133971291866028,
    "I2R": 0.123342175066313,
    "I3": 0.08193979933110368,
    "I4": 0.07333333333333333,
    "I5": 0.09146341463414634,
    "I6": 0.08465608465608465,
    "IL1DL": 0.09649122807017543,
    "IL1DR": 0.0779976717112922,
    "IL1L": 0.09259259259259259,
    "IL1R": 0.08153846153846153,
    "IL1VL": 0.08404558404558404,
    "IL1VR": 0.06547619047619048,
    "IL2DL": 0.07602339181286549,
    "IL2DR": 0.07707509881422925,
    "IL2L": 0.10215053763440861,
    "IL2R": 0.08333333333333333,
    "IL2VL": 0.04945054945054945,
    "IL2VR": 0.08,
    "LUAL": 0.08333333333333333,
    "LUAR": 0.10151187904967603,
    "M1": 0.16363636363636364,
    "M2L": 0.07142857142857142,
    "M2R": 0.10818713450292397,
    "M3L": 0.09736842105263158,
    "M3R": 0.07525083612040134,
    "M4": 0.10835913312693499,
    "M5": 0.09523809523809523,
    "MCL": 0.07692307692307693,
    "MCR": 0.027777777777777776,
    "MI": 0.08333333333333333,
    "NSML": 0.10096153846153846,
    "NSMR": 0.08333333333333333,
    "OLLL": 0.10222672064777327,
    "OLLR": 0.06654456654456654,
    "OLQDL": 0.055299539170506916,
    "OLQDR": 0.07816091954022988,
    "OLQVL": 0.06695156695156695,
    "OLQVR": 0.06934306569343066,
    "PDA": 0.06327160493827161,
    "PDB": 0.08333333333333333,
    "PDEL": 0.1,
    "PDER": 0.06267806267806268,
    "PHAL": 0.10317460317460317,
    "PHAR": 0.0654320987654321,
    "PHBL": 0.07765151515151515,
    "PHBR": 0.08754208754208755,
    "PHCL": 0.08478260869565217,
    "PHCR": 0.06527093596059114,
    "PLML": 0.05921052631578947,
    "PLMR": 0.05454545454545454,
    "PLNL": 0.08260869565217391,
    "PLNR": 0.10197368421052631,
    "PQR": 0.0668103448275862,
    "PVCL": 0.07120879120879121,
    "PVCR": 0.06131504638967326,
    "PVDL": 0.09582542694497154,
    "PVDR": 0.08374384236453201,
    "PVM": 0.09113300492610837,
    "PVNL": 0.06339401820546164,
    "PVNR": 0.07877280265339967,
    "PVPL": 0.0712401055408971,
    "PVPR": 0.06599813432835822,
    "PVQL": 0.07108626198083066,
    "PVQR": 0.070079883805374,
    "PVR": 0.059568285595682856,
    "PVT": 0.07393939393939394,
    "PVWL": 0.11471861471861472,
    "PVWR": 0.04838709677419355,
    "RIAL": 0.07924263674614306,
    "RIAR": 0.06480721903199343,
    "RIBL": 0.07233704292527822,
    "RIBR": 0.08517260894170911,
    "RICL": 0.07063492063492063,
    "RICR": 0.07234042553191489,
    "RID": 0.08405172413793104,
    "RIFL": 0.06856187290969899,
    "RIFR": 0.07390745501285347,
    "RIGL": 0.07860998650472335,
    "RIGR": 0.07453703703703704,
    "RIH": 0.0773001508295626,
    "RIML": 0.08206330597889801,
    "RIMR": 0.06975867269984917,
    "RIPL": 0.09857142857142857,
    "RIPR": 0.07560483870967742,
    "RIR": 0.07128412537917088,
    "RIS": 0.09114977307110439,
    "RIVL": 0.08754208754208755,
    "RIVR": 0.09692307692307692,
    "RMDDL": 0.060019361084220714,
    "RMDDR": 0.07899159663865546,
    "RMDL": 0.08631512868801004,
    "RMDR": 0.07313195548489666,
    "RMDVL": 0.08121019108280254,
    "RMDVR": 0.08019323671497584,
    "RMED": 0.06960556844547564,
    "RMEL": 0.0868421052631579,
    "RMER": 0.11384615384615385,
    "RMEV": 0.06097560975609756,
    "RMFL": 0.08189655172413793,
    "RMFR": 0.09583333333333334,
    "RMGL": 0.06449511400651466,
    "RMGR": 0.06651549508692366,
    "RMHL": 0.06464646464646465,
    "RMHR": 0.10714285714285714,
    "SAADL": 0.09090909090909091,
    "SAADR": 0.07142857142857142,
    "SAAVL": 0.07156673114119923,
    "SAAVR": 0.07478991596638655,
    "SABD": 0.06349206349206349,
    "SABVL": 0.08888888888888889,
    "SABVR": 0.07916666666666666,
    "SDQL": 0.08110516934046345,
    "SDQR": 0.11428571428571428,
    "SIADL": 0.0912981455064194,
    "SIADR": 0.07777777777777778,
    "SIAVL": 0.06228956228956229,
    "SIAVR": 0.07196969696969698,
    "SIBDL": 0.07878787878787878,
    "SIBDR": 0.07019704433497537,
    "SIBVL": 0.08913308913308914,
    "SIBVR": 0.08121019108280254,
    "SMBDL": 0.08669354838709678,
    "SMBDR": 0.09719222462203024,
    "SMBVL": 0.08283132530120482,
    "SMBVR": 0.06693830034924331,
    "SMDDL": 0.06408898305084745,
    "SMDDR": 0.08425925925925926,