{
  "clustering_coefficients": {
    "ADAL": 0.06736353077816493,
    "ADAR": 0.08301158301158301,
    "ADEL": 0.09829787234042553,
    "ADER": 0.07822327044025157,
    "ADFL": 0.0732519422863485,
    "ADFR": 0.07054125998225377,
    "ADLL": 0.06827880512091039,
    "ADLR": 0.09583660644147683,
    "AFDL": 0.082010582010582,
    "AFDR": 0.07011494252873564,
    "AIAL": 0.07581967213114754,
    "AIAR": 0.08048433048433049,
    "AIBL": 0.0724835886214442,
    "AIBR": 0.05672268907563025,
    "AIML": 0.07160493827160494,
    "AIMR": 0.10134310134310134,
    "AINL": 0.06573275862068965,
    "AINR": 0.06812339331619537,
    "AIYL": 0.11037234042553191,
    "AIYR": 0.09579439252336448,
    "AIZL": 0.05738278516445067,
    "AIZR": 0.08687258687258688,
    "ALA": 0.06126482213438735,
    "ALML": 0.05218855218855219,
    "ALMR": 0.0868945868945869,
    "ALNL": 0.12987012987012986,
    "ALNR": 0.06190476190476191,
    "AQR": 0.07692307692307693,
    "AS1": 0.07142857142857142,
    "AS10": 0.05333333333333334,
    "AS11": 0.06349206349206349,
    "AS2": 0.07905138339920949,
    "AS3": 0.08333333333333333,
    "AS4": 0.11538461538461539,
    "AS5": 0.08571428571428572,
    "AS6": 0.11403508771929824,
    "AS7": 0.13333333333333333,
    "AS8": 0.08181818181818182,
    "AS9": 0.0,
    "ASEL": 0.06378865979381443,
    "ASER": 0.07804878048780488,
    "ASGL": 0.07894736842105263,
    "ASGR": 0.09782608695652174,
    "ASHL": 0.0698005698005698,
    "ASHR": 0.09635879218472469,
    "ASIL": 0.08152173913043478,
    "ASIR": 0.09090909090909091,
    "ASJL": 0.11272727272727273,
    "ASJR": 0.14285714285714285,
    "ASKL": 0.08498023715415019,
    "ASKR": 0.1265923566878981,
    "AUAL": 0.09857142857142857,
    "AUAR": 0.07818181818181819,
    "AVAL": 0.07527990571596936,
    "AVAR": 0.0644274444178819,
    "AVBL": 0.06333453626849513,
    "AVBR": 0.07544757033248081,
    "AVDL": 0.06689124157844081,
    "AVDR": 0.06063432835820896,
    "AVEL": 0.059673366834170856,
    "AVER": 0.08227176220806794,
    "AVFL": 0.07540485829959515,
    "AVFR": 0.08181818181818182,
    "AVG": 0.06014304291287386,
    "AVHL": 0.07557354925775979,
    "AVHR": 0.07259570494864613,
    "AVJL": 0.06180871828236825,
    "AVJR": 0.062354040168145726,
    "AVKL": 0.07802340702210664,
    "AVKR": 0.07797202797202797,
    "AVL": 0.07028404952658412,
    "AVM": 0.07692307692307693,
    "AWAL": 0.06593406593406594,
    "AWAR": 0.09846153846153846,
    "AWBL": 0.08132530120481928,
    "AWBR": 0.0655893536121673,
    "AWCL": 0.08819345661450925,
    "AWCR": 0.09090909090909091,
    "BAGL": 0.0784313725490196,
    "BAGR": 0.1,
    "BDUL": 0.10526315789473684,
    "BDUR": 0.09057971014492754,
    "CANL": 0.0,
    "CANR": 0.0,
    "CEPDL": 0.085612968591692,
    "CEPDR": 0.10321969696969698,
    "CEPVL": 0.06445993031358885,
    "CEPVR": 0.09375,
    "DA1": 0.09411764705882353,
    "DA2": 0.08796992481203007,
    "DA3": 0.07589285714285714,
    "DA4": 0.06937799043062201,
    "DA5": 0.09475806451612903,
    "DA6": 0.0880952380952381,
    "DA7": 0.08361204013377926,
    "DA8": 0.06685633001422475,
    "DA9": 0.08273894436519258,
    "DB1": 0.07707509881422925,
    "DB2": 0.08918406072106262,
    "DB3": 0.07701711491442542,
    "DB4": 0.06666666666666667,
    "DB5": 0.06126482213438735,
    "DB6": 0.10857142857142857,
    "DB7": 0.07972972972972973,
    "DD1": 0.06917293233082707,
    "DD2": 0.08404558404558404,
    "DD3": 0.097926267281106,
    "DD4": 0.08571428571428572,
    "DD5": 0.09191176470588236,
    "DD6": 0.08569500674763833,
    "DVA": 0.06507766470273166,
    "DVB": 0.0823262839879154,
    "DVC": 0.07855973813420622,
    "FLPL": 0.10591133004926108,
    "FLPR": 0.07029177718832891,
    "HSNL": 0.09008097165991903,
    "HSNR": 0.07942708333333333,
    "I1L": 0.06781376518218624,
    "I1R": 0.1023391812865497,
    "I2L": 0.1,
    "I2R": 0.08735632183908046,
    "I3": 0.08615384615384615,
    "I4": 0.08095238095238096,
    "I5": 0.09142857142857143,
    "I6": 0.09523809523809523,
    "IL1DL": 0.05588235294117647,
    "IL1DR": 0.11004784688995216,
    "IL1L": 0.06683168316831684,
    "IL1R": 0.08314087759815242,
    "IL1VL": 0.08893280632411067,
    "IL1VR": 0.08251231527093596,
    "IL2DL": 0.0718954248366013,
    "IL2DR": 0.08571428571428572,
    "IL2L": 0.09696969696969697,
    "IL2R": 0.08403361344537816,
    "IL2VL": 0.05128205128205128,
    "IL2VR": 0.09468822170900693,
    "LUAL": 0.06545454545454546,
    "LUAR": 0.09910714285714285,
    "M1": 0.11904761904761904,
    "M2L": 0.08169934640522876,
    "M2R": 0.05555555555555555,
    "M3L": 0.08169934640522876,
    "M3R": 0.10606060606060606,
    "M4": 0.09833333333333333,
    "M5": 0.0,
    "MCL": 0.0989010989010989,
    "MCR": 0.125,
    "MI": 0.09782608695652174,
    "NSML": 0.09042553191489362,
    "NSMR": 0.08187134502923976,
    "OLLL": 0.08728010825439783,
    "OLLR": 0.0695970695970696,
    "OLQDL": 0.07866379310344827,
    "OLQDR": 0.08134920634920635,
    "OLQVL": 0.03968253968253968,
    "OLQVR": 0.0451505016722408,
    "PDA": 0.15,
    "PDB": 0.09615384615384616,
    "PDEL": 0.1038961038961039,
    "PDER": 0.06153846153846154,
    "PHAL": 0.05,
    "PHAR": 0.08482142857142858,
    "PHBL": 0.08728448275862069,
    "PHBR": 0.07928571428571428,
    "PHCL": 0.06493506493506493,
    "PHCR": 0.08986175115207373,
    "PLML": 0.08181818181818182,
    "PLMR": 0.07575757575757576,
    "PLNL": 0.07538461538461538,
    "PLNR": 0.08823529411764706,
    "PQR": 0.058315334773218146,
    "PVCL": 0.06678700361010831,
    "PVCR": 0.0780520346897932,
    "PVDL": 0.05138339920948617,
    "PVDR": 0.08658008658008658,
    "PVM": 0.08260869565217391,
    "PVNL": 0.056673728813559324,
    "PVNR": 0.07547169811320754,
    "PVPL": 0.07662981319100266,
    "PVPR": 0.07970604861503675,
    "PVQL": 0.099002849002849,
    "PVQR": 0.07855973813420622,
    "PVR": 0.07764265668849392,
    "PVT": 0.07086026852312283,
    "PVWL": 0.08,
    "PVWR": 0.07816091954022988,
    "RIAL": 0.08049886621315193,
    "RIAR": 0.07424812030075188,
    "RIBL": 0.07344632768361582,
    "RIBR": 0.07398648648648648,
    "RICL": 0.08741258741258741,
    "RICR": 0.08268858800773694,
    "RID": 0.0851602023608769,
    "RIFL": 0.05,
    "RIFR": 0.08259325044404973,
    "RIGL": 0.08901044256588762,
    "RIGR": 0.08120903131828114,
    "RIH": 0.06378073770491803,
    "RIML": 0.05426599749058971,
    "RIMR": 0.07225853304284677,
    "RIPL": 0.07661290322580645,
    "RIPR": 0.06774193548387097,
    "RIR": 0.0580539656582175,
    "RIS": 0.07781818181818181,
    "RIVL": 0.09259259259259259,
    "RIVR": 0.06636500754147813,
    "RMDDL": 0.08125,
    "RMDDR": 0.062339331619537273,
    "RMDL": 0.06040756914119359,
    "RMDR": 0.08421610169491525,
    "RMDVL": 0.07906626506024096,
    "RMDVR": 0.07822222222222222,
    "RMED": 0.0825426944971537,
    "RMEL": 0.08545454545454545,
    "RMER": 0.09943181818181818,
    "RMEV": 0.07307692307692308,
    "RMFL": 0.05401234567901234,
    "RMFR": 0.07692307692307693,
    "RMGL": 0.05917366946778711,
    "RMGR": 0.06827048114434331,
    "RMHL": 0.0715158924205379,
    "RMHR": 0.08525345622119816,
    "SAADL": 0.07063492063492063,
    "SAADR": 0.0846774193548387,
    "SAAVL": 0.08647798742138364,
    "SAAVR": 0.06283783783783783,
    "SABD": 0.12142857142857143,
    "SABVL": 0.11538461538461539,
    "SABVR": 0.08008658008658008,
    "SDQL": 0.07122507122507123,
    "SDQR": 0.0907258064516129,
    "SIADL": 0.06868686868686869,
    "SIADR": 0.06638655462184874,
    "SIAVL": 0.09287257019438445,
    "SIAVR": 0.07161803713527852,
    "SIBDL": 0.07037037037037037,
    "SIBDR": 0.10912698412698413,
    "SIBVL": 0.07410714285714286,
    "SIBVR": 0.06029810298102981,
    "SMBDL": 0.07518796992481203,
    "SMBDR": 0.06854838709677419,
    "SMBVL": 0.0804140127388535,
    "SMBVR": 0.07536764705882353,
    "SMDDL": 0.07248157248157248,
    "SMDDR": 0.06520031421838178,
    "SMDVL": 0.10821309655937847,
    "SMDVR": 0.08771929824561403,
    "URADL": 0.044444444444444446,