{
  "clustering_coefficients": {
    "ADAL": 0.07010213556174559,
    "ADAR": 0.06427604871447902,
    "ADEL": 0.08058252427184466,
    "ADER": 0.07326007326007326,
    "ADFL": 0.08367071524966262,
    "ADFR": 0.09384941675503712,
    "ADLL": 0.05965082444228904,
    "ADLR": 0.07606589147286821,
    "AFDL": 0.07866379310344827,
    "AFDR": 0.08709677419354839,
    "AIAL": 0.08200212992545261,
    "AIAR": 0.09290030211480363,
    "AIBL": 0.07071622846781506,
    "AIBR": 0.059718969555035126,
    "AIML": 0.05852842809364549,
    "AIMR": 0.07848443843031123,
    "AINL": 0.07699619771863118,
    "AINR": 0.0884450784593438,
    "AIYL": 0.06785714285714285,
    "AIYR": 0.07347972972972973,
    "AIZL": 0.07186234817813765,
    "AIZR": 0.08681522748375116,
    "ALA": 0.07692307692307693,
    "ALML": 0.10101010101010101,
    "ALMR": 0.09116809116809117,
    "ALNL": 0.06593406593406594,
    "ALNR": 0.07712765957446809,
    "AQR": 0.07115749525616698,
    "AS1": 0.08166666666666667,
    "AS10": 0.0645933014354067,
    "AS11": 0.08805668016194332,
    "AS2": 0.09288537549407115,
    "AS3": 0.1380952380952381,
    "AS4": 0.05514705882352941,
    "AS5": 0.08333333333333333,
    "AS6": 0.09615384615384616,
    "AS7": 0.0,
    "AS8": 0.11904761904761904,
    "AS9": 0.08823529411764706,
    "ASEL": 0.07319391634980989,
    "ASER": 0.05112781954887218,
    "ASGL": 0.0907258064516129,
    "ASGR": 0.08714285714285715,
    "ASHL": 0.07229524772497473,
    "ASHR": 0.0768321513002364,
    "ASIL": 0.08349146110056926,
    "ASIR": 0.10526315789473684,
    "ASJL": 0.0868421052631579,
    "ASJR": 0.06862745098039216,
    "ASKL": 0.07602339181286549,
    "ASKR": 0.0761904761904762,
    "AUAL": 0.09010840108401084,
    "AUAR": 0.09259259259259259,
    "AVAL": 0.052809649897028535,
    "AVAR": 0.0679266895761741,
    "AVBL": 0.05682985279014036,
    "AVBR": 0.0633356790992259,
    "AVDL": 0.06963613550815559,
    "AVDR": 0.07567091948966125,
    "AVEL": 0.0614406779661017,
    "AVER": 0.06636304489264802,
    "AVFL": 0.06955810147299508,
    "AVFR": 0.07121212121212121,
    "AVG": 0.08760577401692385,
    "AVHL": 0.0589010989010989,
    "AVHR": 0.07037037037037037,
    "AVJL": 0.07757611241217799,
    "AVJR": 0.07460035523978685,
    "AVKL": 0.0822829131652661,
    "AVKR": 0.07069913589945012,
    "AVL": 0.06586608442503639,
    "AVM": 0.08783783783783784,
    "AWAL": 0.09558823529411764,
    "AWAR": 0.07253086419753087,
    "AWBL": 0.07946428571428571,
    "AWBR": 0.06263498920086392,
    "AWCL": 0.07631160572337042,
    "AWCR": 0.06631299734748011,
    "BAGL": 0.08049242424242424,
    "BAGR": 0.0655940594059406,
    "BDUL": 0.125,
    "BDUR": 0.08095238095238096,
    "CANL": 0.0,
    "CANR": 0.0,
    "CEPDL": 0.06362672322375397,
    "CEPDR": 0.07271557271557272,
    "CEPVL": 0.0722972972972973,
    "CEPVR": 0.06357927786499215,
    "DA1": 0.1111111111111111,
    "DA2": 0.06142857142857143,
    "DA3": 0.08417508417508418,
    "DA4": 0.08893280632411067,
    "DA5": 0.10707070707070707,
    "DA6": 0.125,
    "DA7": 0.06324110671936758,
    "DA8": 0.07675244010647737,
    "DA9": 0.06890243902439025,
    "DB1": 0.07076923076923076,
    "DB2": 0.07575757575757576,
    "DB3": 0.08602150537634409,
    "DB4": 0.09076923076923077,
    "DB5": 0.06907894736842106,
    "DB6": 0.07941176470588235,
    "DB7": 0.07983761840324763,
    "DD1": 0.09391534391534391,
    "DD2": 0.09051724137931035,
    "DD3": 0.09854014598540146,
    "DD4": 0.08333333333333333,
    "DD5": 0.09926470588235294,
    "DD6": 0.0872093023255814,
    "DVA": 0.07815723126289251,
    "DVB": 0.053643724696356275,
    "DVC": 0.08448979591836735,
    "FLPL": 0.08519108280254777,
    "FLPR": 0.0765993265993266,
    "HSNL": 0.06169965075669383,
    "HSNR": 0.075516693163752,
    "I1L": 0.0582010582010582,
    "I1R": 0.08531317494600432,
    "I2L": 0.1007905138339921,
    "I2R": 0.1023391812865497,
    "I3": 0.09523809523809523,
    "I4": 0.09287925696594428,
    "I5": 0.09829059829059829,
    "I6": 0.12727272727272726,
    "IL1DL": 0.031746031746031744,
    "IL1DR": 0.08571428571428572,
    "IL1L": 0.05555555555555555,
    "IL1R": 0.09549071618037135,
    "IL1VL": 0.08134920634920635,
    "IL1VR": 0.07641921397379912,
    "IL2DL": 0.06291390728476821,
    "IL2DR": 0.08225108225108226,
    "IL2L": 0.06597774244833068,
    "IL2R": 0.11515151515151516,
    "IL2VL": 0.075,
    "IL2VR": 0.09117647058823529,
    "LUAL": 0.09288537549407115,
    "LUAR": 0.09175531914893617,
    "M1": 0.10952380952380952,
    "M2L": 0.09130434782608696,
    "M2R": 0.09197324414715718,
    "M3L": 0.1,
    "M3R": 0.05291005291005291,
    "M4": 0.07916666666666666,
    "M5": 0.047619047619047616,
    "MCL": 0.0380952380952381,
    "MCR": 0.14285714285714285,
    "MI": 0.08496732026143791,
    "NSML": 0.05921052631578947,
    "NSMR": 0.0868421052631579,
    "OLLL": 0.07419898819561552,
    "OLLR": 0.0699685534591195,
    "OLQDL": 0.07246376811594203,
    "OLQDR": 0.09159663865546218,
    "OLQVL": 0.08571428571428572,
    "OLQVR": 0.11358024691358025,
    "PDA": 0.11538461538461539,
    "PDB": 0.09740259740259741,
    "PDEL": 0.09454545454545454,
    "PDER": 0.06449044585987261,
    "PHAL": 0.09101382488479262,
    "PHAR": 0.11024844720496894,
    "PHBL": 0.06912878787878787,
    "PHBR": 0.07407407407407407,
    "PHCL": 0.0678191489361702,
    "PHCR": 0.07837837837837838,
    "PLML": 0.08823529411764706,
    "PLMR": 0.07051282051282051,
    "PLNL": 0.0734341252699784,
    "PLNR": 0.1092436974789916,
    "PQR": 0.06818181818181818,
    "PVCL": 0.06725888324873096,
    "PVCR": 0.06805184902783072,
    "PVDL": 0.07105263157894737,
    "PVDR": 0.0755939524838013,
    "PVM": 0.047619047619047616,
    "PVNL": 0.0696999031945789,
    "PVNR": 0.07387862796833773,
    "PVPL": 0.07870894677236694,
    "PVPR": 0.07264050901378578,
    "PVQL": 0.07252888318356868,
    "PVQR": 0.0690406976744186,
    "PVR": 0.07394540942928039,
    "PVT": 0.06676621160409556,
    "PVWL": 0.1022167487684729,
    "PVWR": 0.07037037037037037,
    "RIAL": 0.06318082788671024,
    "RIAR": 0.07032890132960112,
    "RIBL": 0.06039076376554174,
    "RIBR": 0.07154538021259199,
    "RICL": 0.0807002561912895,
    "RICR": 0.07248677248677249,
    "RID": 0.061260210035005834,
    "RIFL": 0.07098765432098765,
    "RIFR": 0.08319327731092437,
    "RIGL": 0.07191087103308576,
    "RIGR": 0.07195421095666395,
    "RIH": 0.05919931856899489,
    "RIML": 0.06506180871828236,
    "RIMR": 0.06872727272727273,
    "RIPL": 0.10256410256410256,
    "RIPR": 0.10652173913043478,
    "RIR": 0.0763765541740675,
    "RIS": 0.06571242680546518,
    "RIVL": 0.06685633001422475,
    "RIVR": 0.09975369458128079,
    "RMDDL": 0.0676829268292683,
    "RMDDR": 0.09057071960297766,
    "RMDL": 0.06342015855039637,
    "RMDR": 0.06243949661181026,
    "RMDVL": 0.07020872865275142,
    "RMDVR": 0.08867223769730734,
    "RMED": 0.08620689655172414,
    "RMEL": 0.07266009852216748,
    "RMER": 0.052941176470588235,
    "RMEV": 0.10199714693295292,
    "RMFL": 0.07543103448275862,
    "RMFR": 0.1043956043956044,
    "RMGL": 0.079177897574124,
    "RMGR": 0.07776162790697674,
    "RMHL": 0.08366935483870967,
    "RMHR": 0.08917197452229299,
    "SAADL": 0.07780784844384303,
    "SAADR": 0.08439490445859872,
    "SAAVL": 0.07905405405405405,
    "SAAVR": 0.06939163498098859,
    "SABD": 0.10714285714285714,
    "SABVL": 0.06190476190476191,
    "SABVR": 0.0784313725490196,
    "SDQL": 0.0668103448275862,
    "SDQR": 0.08726625111308994,
    "SIADL": 0.07407407407407407,
    "SIADR": 0.07037037037037037,
    "SIAVL": 0.09393939393939393,
    "SIAVR": 0.07949308755760369,
    "SIBDL": 0.10557768924302789,
    "SIBDR": 0.07065217391304347,
    "SIBVL": 0.06545209176788123,
    "SIBVR": 0.08699324324324324,
    "SMBDL": 0.07878787878787878,
    "SMBDR": 0.06986531986531987,
    "SMBVL": 0.08948432760364004,
    "SMBVR": 0.07905405405405405,
    "SMDDL": 0.05857898715041572,
    "SMDDR": 0.06585612968591692,