{
  "clustering_coefficients": {
    "ADAL": 0.07003710575139147,
    "ADAR": 0.07374768089053803,
    "ADEL": 0.06820119352088662,
    "ADER": 0.07751937984496124,
    "ADFL": 0.09038290293855744,
    "ADFR": 0.07885763000852515,
    "ADLL": 0.06286266924564797,
    "ADLR": 0.0782608695652174,
    "AFDL": 0.08266129032258064,
    "AFDR": 0.085,
    "AIAL": 0.06882591093117409,
    "AIAR": 0.08246225319396051,
    "AIBL": 0.06297918948521358,
    "AIBR": 0.06819211599456275,
    "AIML": 0.08928571428571429,
    "AIMR": 0.08253968253968254,
    "AINL": 0.06666666666666667,
    "AINR": 0.07020872865275142,
    "AIYL": 0.10107334525939177,
    "AIYR": 0.09109311740890688,
    "AIZL": 0.07494322482967448,
    "AIZR": 0.09535452322738386,
    "ALA": 0.0673352435530086,
    "ALML": 0.06507936507936508,
    "ALMR": 0.0935672514619883,
    "ALNL": 0.07575757575757576,
    "ALNR": 0.10253456221198157,
    "AQR": 0.08108108108108109,
    "AS1": 0.08404558404558404,
    "AS10": 0.07196969696969698,
    "AS11": 0.06775067750677506,
    "AS2": 0.08571428571428572,
    "AS3": 0.09259259259259259,
    "AS4": 0.1375,
    "AS5": 0.0718954248366013,
    "AS6": 0.03636363636363636,
    "AS7": 0.16666666666666666,
    "AS8": 0.0875,
    "AS9": 0.0,
    "ASEL": 0.05353535353535353,
    "ASER": 0.08629130966952264,
    "ASGL": 0.087248322147651,
    "ASGR": 0.09428571428571429,
    "ASHL": 0.07782299084435401,
    "ASHR": 0.08086680761099366,
    "ASIL": 0.08639308855291576,
    "ASIR": 0.10089285714285715,
    "ASJL": 0.06986899563318777,
    "ASJR": 0.10130718954248366,
    "ASKL": 0.07666666666666666,
    "ASKR": 0.09062003179650238,
    "AUAL": 0.06951871657754011,
    "AUAR": 0.08498023715415019,
    "AVAL": 0.05611390284757119,
    "AVAR": 0.06992337164750957,
    "AVBL": 0.06482782853127196,
    "AVBR": 0.06296586896822283,
    "AVDL": 0.08333333333333333,
    "AVDR": 0.06439199589533094,
    "AVEL": 0.05079527963057978,
    "AVER": 0.06919406150583245,
    "AVFL": 0.07423409269442262,
    "AVFR": 0.06357142857142857,
    "AVG": 0.05832771409305462,
    "AVHL": 0.06681270536692223,
    "AVHR": 0.07309322033898305,
    "AVJL": 0.06641942009440324,
    "AVJR": 0.07282184655396619,
    "AVKL": 0.08465608465608465,
    "AVKR": 0.07134146341463414,
    "AVL": 0.07630813953488372,
    "AVM": 0.0625,
    "AWAL": 0.10526315789473684,
    "AWAR": 0.082010582010582,
    "AWBL": 0.09212880143112702,
    "AWBR": 0.08436724565756824,
    "AWCL": 0.08544839255499154,
    "AWCR": 0.06984126984126984,
    "BAGL": 0.09640102827763496,
    "BAGR": 0.08714285714285715,
    "BDUL": 0.051470588235294115,
    "BDUR": 0.06285714285714286,
    "CANL": 0.0,
    "CANR": 0.0,
    "CEPDL": 0.07142857142857142,
    "CEPDR": 0.07396870554765292,
    "CEPVL": 0.08333333333333333,
    "CEPVR": 0.07732558139534884,
    "DA1": 0.0891089108910891,
    "DA2": 0.08028616852146264,
    "DA3": 0.0765993265993266,
    "DA4": 0.08991228070175439,
    "DA5": 0.06324110671936758,
    "DA6": 0.15088757396449703,
    "DA7": 0.10276679841897234,
    "DA8": 0.08996328029375765,
    "DA9": 0.08722222222222223,
    "DB1": 0.0748847926267281,
    "DB2": 0.08214285714285714,
    "DB3": 0.0812807881773399,
    "DB4": 0.12416107382550336,
    "DB5": 0.1023391812865497,
    "DB6": 0.07142857142857142,
    "DB7": 0.05988372093023256,
    "DD1": 0.08686868686868687,
    "DD2": 0.07056451612903226,
    "DD3": 0.06307692307692307,
    "DD4": 0.06944444444444445,
    "DD5": 0.07309941520467836,
    "DD6": 0.06258890469416785,
    "DVA": 0.06436539041302382,
    "DVB": 0.0853960396039604,
    "DVC": 0.07304643261608154,
    "FLPL": 0.06190476190476191,
    "FLPR": 0.07854984894259819,
    "HSNL": 0.07334963325183375,
    "HSNR": 0.07322788517867604,
    "I1L": 0.07,
    "I1R": 0.08851674641148326,
    "I2L": 0.1,
    "I2R": 0.05434782608695652,
    "I3": 0.06349206349206349,
    "I4": 0.09307359307359307,
    "I5": 0.08099352051835854,
    "I6": 0.08974358974358974,
    "IL1DL": 0.05857142857142857,
    "IL1DR": 0.09151193633952255,
    "IL1L": 0.06928406466512702,
    "IL1R": 0.06125356125356125,
    "IL1VL": 0.0625,
    "IL1VR": 0.06432748538011696,
    "IL2DL": 0.04857142857142857,
    "IL2DR": 0.0691699604743083,
    "IL2L": 0.0603448275862069,
    "IL2R": 0.0610079575596817,
    "IL2VL": 0.14393939393939395,
    "IL2VR": 0.09347826086956522,
    "LUAL": 0.08633776091081594,
    "LUAR": 0.09417344173441734,
    "M1": 0.09,
    "M2L": 0.0673076923076923,
    "M2R": 0.07720588235294118,
    "M3L": 0.08888888888888889,
    "M3R": 0.07142857142857142,
    "M4": 0.07258064516129033,
    "M5": 0.0,
    "MCL": 0.09523809523809523,
    "MCR": 0.075,
    "MI": 0.08455882352941177,
    "NSML": 0.10476190476190476,
    "NSMR": 0.11538461538461539,
    "OLLL": 0.07160493827160494,
    "OLLR": 0.08024224072672217,
    "OLQDL": 0.0582010582010582,
    "OLQDR": 0.0643879173290938,
    "OLQVL": 0.09740259740259741,
    "OLQVR": 0.07823613086770982,
    "PDA": 0.08095238095238096,
    "PDB": 0.085,
    "PDEL": 0.0677361853832442,
    "PDER": 0.1067193675889328,
    "PHAL": 0.07219827586206896,
    "PHAR": 0.10727272727272727,
    "PHBL": 0.0812807881773399,
    "PHBR": 0.08045977011494253,
    "PHCL": 0.10181818181818182,
    "PHCR": 0.08874458874458875,
    "PLML": 0.17777777777777778,
    "PLMR": 0.09941520467836257,
    "PLNL": 0.11571428571428571,
    "PLNR": 0.10897435897435898,
    "PQR": 0.07126436781609195,
    "PVCL": 0.06609589041095891,
    "PVCR": 0.07173840507173841,
    "PVDL": 0.05384615384615385,
    "PVDR": 0.08947368421052632,
    "PVM": 0.07561728395061729,
    "PVNL": 0.05547652916073969,
    "PVNR": 0.06567028985507246,
    "PVPL": 0.07469654528478058,
    "PVPR": 0.06041844577284372,
    "PVQL": 0.07741935483870968,
    "PVQR": 0.07191521574564724,
    "PVR": 0.07605794891345788,
    "PVT": 0.075990675990676,
    "PVWL": 0.07949308755760369,
    "PVWR": 0.08179012345679013,
    "RIAL": 0.07855280312907431,
    "RIAR": 0.06132075471698113,
    "RIBL": 0.07973291437549096,
    "RIBR": 0.05605889014722537,
    "RICL": 0.06426735218508997,
    "RICR": 0.07588961510530139,
    "RID": 0.06812933025404157,
    "RIFL": 0.07857142857142857,
    "RIFR": 0.0626750700280112,
    "RIGL": 0.06943396226415094,
    "RIGR": 0.07566938300349244,
    "RIH": 0.06827048114434331,
    "RIML": 0.06679245283018868,
    "RIMR": 0.08585445625511039,
    "RIPL": 0.08633776091081594,
    "RIPR": 0.07142857142857142,
    "RIR": 0.06890243902439025,
    "RIS": 0.0856727976766699,
    "RIVL": 0.08288770053475936,
    "RIVR": 0.07780784844384303,
    "RMDDL": 0.08048103607770583,
    "RMDDR": 0.07692307692307693,
    "RMDL": 0.0739622641509434,
    "RMDR": 0.0739231664726426,
    "RMDVL": 0.07293233082706767,
    "RMDVR": 0.07528641571194762,
    "RMED": 0.07676767676767676,
    "RMEL": 0.1125,
    "RMER": 0.06695156695156695,
    "RMEV": 0.08270676691729323,
    "RMFL": 0.10142857142857142,
    "RMFR": 0.08695652173913043,
    "RMGL": 0.06598240469208211,
    "RMGR": 0.06963613550815559,
    "RMHL": 0.07977207977207977,
    "RMHR": 0.06277056277056277,
    "SAADL": 0.08837579617834394,
    "SAADR": 0.0967741935483871,
    "SAAVL": 0.06574074074074074,
    "SAAVR": 0.07258064516129033,
    "SABD": 0.08095238095238096,
    "SABVL": 0.08791208791208792,
    "SABVR": 0.1,
    "SDQL": 0.06635802469135803,
    "SDQR": 0.1095679012345679,
    "SIADL": 0.09302325581395349,
    "SIADR": 0.07036535859269283,
    "SIAVL": 0.07658157602663707,
    "SIAVR": 0.08615384615384615,
    "SIBDL": 0.06956521739130435,
    "SIBDR": 0.08620689655172414,
    "SIBVL": 0.07997557997557997,
    "SIBVR": 0.09267840593141798,
    "SMBDL": 0.06915739268680444,
    "SMBDR": 0.07419354838709677,
    "SMBVL": 0.06622851365015167,
    "SMBVR": 0.08434547908232119,
    "SMDDL": 0.07657342657342657,
    "SMDDR": 0.06624758220502901,
    "SMDVL": 0.08888888888888889,
    "SMDVR": 0.08266129032258064,
    "URADL": 0.03333333333333333,
    "URADR": 0.044444444444444446,