{
  "clustering_coefficients": {
    "ADAL": 0.07807308970099668,
    "ADAR": 0.05128205128205128,
    "ADEL": 0.06899055918663761,
    "ADER": 0.08373668925459826,
    "ADFL": 0.06794871794871794,
    "ADFR": 0.07466340269277846,
    "ADLL": 0.06984478935698447,
    "ADLR": 0.07410562180579217,
    "AFDL": 0.07380952380952381,
    "AFDR": 0.051470588235294115,
    "AIAL": 0.06578947368421052,
    "AIAR": 0.07932263814616755,
    "AIBL": 0.07664027149321267,
    "AIBR": 0.07697095435684648,
    "AIML": 0.07160493827160494,
    "AIMR": 0.08664955070603338,
    "AINL": 0.06302521008403361,
    "AINR": 0.059821428571428574,
    "AIYL": 0.07603686635944701,
    "AIYR": 0.09090909090909091,
    "AIZL": 0.0856372218476062,
    "AIZR": 0.07777777777777778,
    "ALA": 0.06714285714285714,
    "ALML": 0.07698412698412699,
    "ALMR": 0.08333333333333333,
    "ALNL": 0.057692307692307696,
    "ALNR": 0.0641025641025641,
    "AQR": 0.09013785790031813,
    "AS1": 0.059782608695652176,
    "AS10": 0.06,
    "AS11": 0.06188118811881188,
    "AS2": 0.09736842105263158,
    "AS3": 0.09848484848484848,
    "AS4": 0.10582010582010581,
    "AS5": 0.07272727272727272,
    "AS6": 0.03618421052631579,
    "AS7": 0.1388888888888889,
    "AS8": 0.08888888888888889,
    "AS9": 0.0,
    "ASEL": 0.07702182284980745,
    "ASER": 0.08333333333333333,
    "ASGL": 0.06428571428571428,
    "ASGR": 0.06896551724137931,
    "ASHL": 0.057733050847457626,
    "ASHR": 0.06715506715506715,
    "ASIL": 0.08285714285714285,
    "ASIR": 0.08888888888888889,
    "ASJL": 0.05789473684210526,
    "ASJR": 0.08333333333333333,
    "ASKL": 0.1111111111111111,
    "ASKR": 0.09297912713472485,
    "AUAL": 0.05218216318785579,
    "AUAR": 0.09401709401709402,
    "AVAL": 0.0643848009650181,
    "AVAR": 0.0588455772113943,
    "AVBL": 0.06485695708712613,
    "AVBR": 0.0681551116333725,
    "AVDL": 0.06306892067620286,
    "AVDR": 0.07365023474178403,
    "AVEL": 0.068218954248366,
    "AVER": 0.0641025641025641,
    "AVFL": 0.06402199528672427,
    "AVFR": 0.06181150550795594,
    "AVG": 0.0664519906323185,
    "AVHL": 0.06129032258064516,
    "AVHR": 0.07956844234659474,
    "AVJL": 0.08019323671497584,
    "AVJR": 0.06873111782477341,
    "AVKL": 0.08276643990929705,
    "AVKR": 0.08157602663706992,
    "AVL": 0.05718954248366013,
    "AVM": 0.08559201141226819,
    "AWAL": 0.07846715328467153,
    "AWAR": 0.09681697612732096,
    "AWBL": 0.08183183183183183,
    "AWBR": 0.07692307692307693,
    "AWCL": 0.07616279069767441,
    "AWCR": 0.07404458598726114,
    "BAGL": 0.09649122807017543,
    "BAGR": 0.1022167487684729,
    "BDUL": 0.09539473684210527,
    "BDUR": 0.09285714285714286,
    "CANL": 0.0,
    "CANR": 0.0,
    "CEPDL": 0.0918918918918919,
    "CEPDR": 0.07676767676767676,
    "CEPVL": 0.0742397137745975,
    "CEPVR": 0.08748615725359911,
    "DA1": 0.08179012345679013,
    "DA2": 0.07991360691144708,
    "DA3": 0.0775716694772344,
    "DA4": 0.09926470588235294,
    "DA5": 0.07400379506641366,
    "DA6": 0.11538461538461539,
    "DA7": 0.09104938271604938,
    "DA8": 0.07818181818181819,
    "DA9": 0.0732159406858202,
    "DB1": 0.10218978102189781,
    "DB2": 0.08303571428571428,
    "DB3": 0.08630527817403709,
    "DB4": 0.0683111954459203,
    "DB5": 0.09523809523809523,
    "DB6": 0.08,
    "DB7": 0.07974137931034483,
    "DD1": 0.06126482213438735,
    "DD2": 0.07076923076923076,
    "DD3": 0.08529411764705883,
    "DD4": 0.07309941520467836,
    "DD5": 0.06926406926406926,
    "DD6": 0.06871035940803383,
    "DVA": 0.07313027744270205,
    "DVB": 0.07585825027685493,
    "DVC": 0.0715497737556561,
    "FLPL": 0.07714285714285714,
    "FLPR": 0.09412650602409639,
    "HSNL": 0.08098933074684772,
    "HSNR": 0.08064516129032258,
    "I1L": 0.09963768115942029,
    "I1R": 0.07539682539682539,
    "I2L": 0.13865546218487396,
    "I2R": 0.09671532846715329,
    "I3": 0.0868945868945869,
    "I4": 0.0872865275142315,
    "I5": 0.06521739130434782,
    "I6": 0.075,
    "IL1DL": 0.06315789473684211,
    "IL1DR": 0.1105072463768116,
    "IL1L": 0.08297413793103449,
    "IL1R": 0.09051724137931035,
    "IL1VL": 0.07358870967741936,
    "IL1VR": 0.09729064039408868,
    "IL2DL": 0.11578947368421053,
    "IL2DR": 0.06613756613756613,
    "IL2L": 0.08183183183183183,
    "IL2R": 0.06547619047619048,
    "IL2VL": 0.07051282051282051,
    "IL2VR": 0.0735930735930736,
    "LUAL": 0.08996212121212122,
    "LUAR": 0.11359026369168357,
    "M1": 0.045454545454545456,
    "M2L": 0.07792207792207792,
    "M2R": 0.04583333333333333,
    "M3L": 0.1023391812865497,
    "M3R": 0.15555555555555556,
    "M4": 0.1118421052631579,
    "M5": 0.03333333333333333,
    "MCL": 0.1388888888888889,
    "MCR": 0.13636363636363635,
    "MI": 0.08166666666666667,
    "NSML": 0.08518518518518518,
    "NSMR": 0.08417508417508418,
    "OLLL": 0.0874384236453202,
    "OLLR": 0.07498248072880168,
    "OLQDL": 0.09288537549407115,
    "OLQDR": 0.06428571428571428,
    "OLQVL": 0.1152073732718894,
    "OLQVR": 0.06923076923076923,
    "PDA": 0.1111111111111111,
    "PDB": 0.08909574468085106,
    "PDEL": 0.0894396551724138,
    "PDER": 0.06126482213438735,
    "PHAL": 0.07692307692307693,
    "PHAR": 0.09841269841269841,
    "PHBL": 0.0595959595959596,
    "PHBR": 0.07954545454545454,
    "PHCL": 0.09666666666666666,
    "PHCR": 0.07410714285714286,
    "PLML": 0.0625,
    "PLMR": 0.09090909090909091,
    "PLNL": 0.0988538681948424,
    "PLNR": 0.08791208791208792,
    "PQR": 0.06692406692406692,
    "PVCL": 0.05409202669476642,
    "PVCR": 0.05475701574264202,
    "PVDL": 0.09382716049382717,
    "PVDR": 0.06719367588932806,
    "PVM": 0.1261904761904762,
    "PVNL": 0.08315677966101695,
    "PVNR": 0.06375661375661376,
    "PVPL": 0.06413876563130294,
    "PVPR": 0.06702475478748249,
    "PVQL": 0.06910569105691057,
    "PVQR": 0.07235726399095534,
    "PVR": 0.06455862977602109,
    "PVT": 0.06678773204196933,
    "PVWL": 0.09503239740820735,
    "PVWR": 0.07357357357357357,
    "RIAL": 0.07320319432120674,
    "RIAR": 0.06919406150583245,
    "RIBL": 0.07013698630136986,
    "RIBR": 0.07962962962962963,
    "RICL": 0.09768009768009768,
    "RICR": 0.08814589665653495,
    "RID": 0.06653225806451613,
    "RIFL": 0.0670995670995671,
    "RIFR": 0.08645276292335116,
    "RIGL": 0.07393790849673203,
    "RIGR": 0.05513595166163142,
    "RIH": 0.06380823767724511,
    "RIML": 0.0764947245017585,
    "RIMR": 0.07029245767060031,
    "RIPL": 0.09104938271604938,
    "RIPR": 0.06481481481481481,
    "RIR": 0.05426356589147287,
    "RIS": 0.061088295687885014,
    "RIVL": 0.0715725806451613,
    "RIVR": 0.07128309572301425,
    "RMDDL": 0.08199643493761141,
    "RMDDR": 0.08374384236453201,
    "RMDL": 0.06452830188679246,
    "RMDR": 0.08980044345898004,
    "RMDVL": 0.0708502024291498,
    "RMDVR": 0.05862403100775194,
    "RMED": 0.07444168734491315,
    "RMEL": 0.10173160173160173,
    "RMER": 0.10582010582010581,
    "RMEV": 0.08262108262108261,
    "RMFL": 0.08130081300813008,
    "RMFR": 0.08893280632411067,
    "RMGL": 0.07905405405405405,
    "RMGR": 0.080078125,
    "RMHL": 0.06344086021505377,
    "RMHR": 0.07714285714285714,
    "SAADL": 0.059714795008912656,
    "SAADR": 0.05911680911680912,
    "SAAVL": 0.06658496732026144,
    "SAAVR": 0.08513513513513514,
    "SABD": 0.07258064516129033,
    "SABVL": 0.09090909090909091,
    "SABVR": 0.10416666666666667,
    "SDQL": 0.08097165991902834,
    "SDQR": 0.08534850640113797,
    "SIADL": 0.10685483870967742,
    "SIADR": 0.06882591093117409,
    "SIAVL": 0.11576354679802955,
    "SIAVR": 0.07671957671957672,
    "SIBDL": 0.10307692307692308,
    "SIBDR": 0.11052631578947368,
    "SIBVL": 0.07456828885400314,
    "SIBVR": 0.08960763520678686,
    "SMBDL": 0.07307692307692308,
    "SMBDR": 0.07954545454545454,
    "SMBVL": 0.09777424483306836,
    "SMBVR": 0.06696428571428571,
    "SMDDL": 0.06699470098410296,
    "SMDDR": 0.07770800627943485,