{
  "clustering_coefficients": {
    "ADAL": 0.06963249516441006,
    "ADAR": 0.05993340732519423,
    "ADEL": 0.0995115995115995,
    "ADER": 0.05277777777777778,
    "ADFL": 0.08505564387917329,
    "ADFR": 0.07460611677479147,
    "ADLL": 0.0777027027027027,
    "ADLR": 0.0626750700280112,
    "AFDL": 0.08620689655172414,
    "AFDR": 0.06878306878306878,
    "AIAL": 0.0784313725490196,
    "AIAR": 0.07321428571428572,
    "AIBL": 0.07352079671939074,
    "AIBR": 0.07523419203747073,
    "AIML": 0.07114624505928854,
    "AIMR": 0.06025824964131994,
    "AINL": 0.07702182284980745,
    "AINR": 0.0804140127388535,
    "AIYL": 0.07183499288762446,
    "AIYR": 0.08,
    "AIZL": 0.06244218316373728,
    "AIZR": 0.08190709046454768,
    "ALA": 0.08557046979865772,
    "ALML": 0.08083140877598152,
    "ALMR": 0.0196078431372549,
    "ALNL": 0.08823529411764706,
    "ALNR": 0.08947368421052632,
    "AQR": 0.10783055198973042,
    "AS1": 0.07571428571428572,
    "AS10": 0.09325396825396826,
    "AS11": 0.07744107744107744,
    "AS2": 0.08876811594202899,
    "AS3": 0.12121212121212122,
    "AS4": 0.09064327485380116,
    "AS5": 0.0718954248366013,
    "AS6": 0.058823529411764705,
    "AS7": 0.06666666666666667,
    "AS8": 0.06666666666666667,
    "AS9": 0.0,
    "ASEL": 0.07944915254237288,
    "ASER": 0.07478632478632478,
    "ASGL": 0.06277056277056277,
    "ASGR": 0.08585858585858586,
    "ASHL": 0.06901217861975643,
    "ASHR": 0.0840534171249018,
    "ASIL": 0.0992063492063492,
    "ASIR": 0.06315789473684211,
    "ASJL": 0.09848484848484848,
    "ASJR": 0.05128205128205128,
    "ASKL": 0.10869565217391304,
    "ASKR": 0.0765993265993266,
    "AUAL": 0.06481481481481481,
    "AUAR": 0.06206896551724138,
    "AVAL": 0.0638895987733197,
    "AVAR": 0.06737407312707748,
    "AVBL": 0.06724845995893224,
    "AVBR": 0.06935669155657669,
    "AVDL": 0.07049486461251167,
    "AVDR": 0.07121588089330025,
    "AVEL": 0.07582184517497349,
    "AVER": 0.06639288158795345,
    "AVFL": 0.06689342403628118,
    "AVFR": 0.08664546899841018,
    "AVG": 0.06867732558139535,
    "AVHL": 0.05735492577597841,
    "AVHR": 0.0579185520361991,
    "AVJL": 0.06436363636363636,
    "AVJR": 0.0625,
    "AVKL": 0.07489760093622001,
    "AVKR": 0.08843537414965986,
    "AVL": 0.07979626485568761,
    "AVM": 0.07678571428571429,
    "AWAL": 0.07142857142857142,
    "AWAR": 0.09441489361702128,
    "AWBL": 0.06825396825396825,
    "AWBR": 0.07092198581560284,
    "AWCL": 0.07407407407407407,
    "AWCR": 0.10370994940978077,
    "BAGL": 0.06766381766381767,
    "BAGR": 0.08870967741935484,
    "BDUL": 0.025,
    "BDUR": 0.07230769230769231,
    "CANL": 0.0,
    "CANR": 0.0,
    "CEPDL": 0.08195488721804511,
    "CEPDR": 0.07319391634980989,
    "CEPVL": 0.07869634340222575,
    "CEPVR": 0.09634888438133875,
    "DA1": 0.07203389830508475,
    "DA2": 0.10178571428571428,
    "DA3": 0.065,
    "DA4": 0.08465608465608465,
    "DA5": 0.05730659025787966,
    "DA6": 0.09285714285714286,
    "DA7": 0.09442724458204334,
    "DA8": 0.06854838709677419,
    "DA9": 0.08181818181818182,
    "DB1": 0.08947368421052632,
    "DB2": 0.06635802469135803,
    "DB3": 0.0570409982174688,
    "DB4": 0.07671957671957672,
    "DB5": 0.06698564593301436,
    "DB6": 0.04411764705882353,
    "DB7": 0.08783783783783784,
    "DD1": 0.07526881720430108,
    "DD2": 0.08922558922558922,
    "DD3": 0.06190476190476191,
    "DD4": 0.09736842105263158,
    "DD5": 0.07083333333333333,
    "DD6": 0.06981981981981981,
    "DVA": 0.07572919454107573,
    "DVB": 0.08960573476702509,
    "DVC": 0.07312806158152554,
    "FLPL": 0.09375,
    "FLPR": 0.07589285714285714,
    "HSNL": 0.06576797385620915,
    "HSNR": 0.06566970091027308,
    "I1L": 0.07083333333333333,
    "I1R": 0.10570469798657718,
    "I2L": 0.11029411764705882,
    "I2R": 0.10428571428571429,
    "I3": 0.09558823529411764,
    "I4": 0.08597883597883597,
    "I5": 0.08855291576673865,
    "I6": 0.07309941520467836,
    "IL1DL": 0.07352941176470588,
    "IL1DR": 0.09,
    "IL1L": 0.09195402298850575,
    "IL1R": 0.06628787878787878,
    "IL1VL": 0.08885941644562334,
    "IL1VR": 0.08528428093645485,
    "IL2DL": 0.14052287581699346,
    "IL2DR": 0.08169934640522876,
    "IL2L": 0.09645232815964523,
    "IL2R": 0.11576354679802955,
    "IL2VL": 0.0875,
    "IL2VR": 0.09846153846153846,
    "LUAL": 0.08374384236453201,
    "LUAR": 0.09012345679012346,
    "M1": 0.10263157894736842,
    "M2L": 0.10416666666666667,
    "M2R": 0.06060606060606061,
    "M3L": 0.07916666666666666,
    "M3R": 0.12368421052631579,
    "M4": 0.08271604938271605,
    "M5": 0.03333333333333333,
    "MCL": 0.13942307692307693,
    "MCR": 0.10294117647058823,
    "MI": 0.058823529411764705,
    "NSML": 0.11538461538461539,
    "NSMR": 0.0782608695652174,
    "OLLL": 0.07442489851150202,
    "OLLR": 0.08178438661710037,
    "OLQDL": 0.082010582010582,
    "OLQDR": 0.08488063660477453,
    "OLQVL": 0.06734006734006734,
    "OLQVR": 0.09124087591240876,
    "PDA": 0.07824933687002653,
    "PDB": 0.07352941176470588,
    "PDEL": 0.065,
    "PDER": 0.08695652173913043,
    "PHAL": 0.08410138248847926,
    "PHAR": 0.08189655172413793,
    "PHBL": 0.07869742198100407,
    "PHBR": 0.0931899641577061,
    "PHCL": 0.06552706552706553,
    "PHCR": 0.08836206896551724,
    "PLML": 0.11029411764705882,
    "PLMR": 0.07309941520467836,
    "PLNL": 0.0845771144278607,
    "PLNR": 0.14705882352941177,
    "PQR": 0.1035031847133758,
    "PVCL": 0.06371613887829072,
    "PVCR": 0.07319163524168666,
    "PVDL": 0.09090909090909091,
    "PVDR": 0.08695652173913043,
    "PVM": 0.09076923076923077,
    "PVNL": 0.06717984604618614,
    "PVNR": 0.07996485061511424,
    "PVPL": 0.06228287841191067,
    "PVPR": 0.05323093220338983,
    "PVQL": 0.0765993265993266,
    "PVQR": 0.08012568735271014,
    "PVR": 0.06514723678902784,
    "PVT": 0.06401617250673855,
    "PVWL": 0.07373271889400922,
    "PVWR": 0.09331797235023041,
    "RIAL": 0.06311111111111112,
    "RIAR": 0.06845688350983359,
    "RIBL": 0.07553290083410566,
    "RIBR": 0.05976941747572816,
    "RICL": 0.07563636363636364,
    "RICR": 0.07672706681766704,
    "RID": 0.09267241379310345,
    "RIFL": 0.07142857142857142,
    "RIFR": 0.08624708624708624,
    "RIGL": 0.07833710407239819,
    "RIGR": 0.08055555555555556,
    "RIH": 0.08227176220806794,
    "RIML": 0.0686835650040883,
    "RIMR": 0.064,
    "RIPL": 0.06746031746031746,
    "RIPR": 0.10031847133757962,
    "RIR": 0.07280080889787664,
    "RIS": 0.08134582623509369,
    "RIVL": 0.09962049335863378,
    "RIVR": 0.0844062947067239,
    "RMDDL": 0.074288256227758,
    "RMDDR": 0.0668103448275862,
    "RMDL": 0.06641942009440324,
    "RMDR": 0.08306878306878307,
    "RMDVL": 0.06337209302325582,
    "RMDVR": 0.06831983805668017,
    "RMED": 0.06607142857142857,
    "RMEL": 0.07789855072463768,
    "RMER": 0.06559139784946237,
    "RMEV": 0.10202020202020202,
    "RMFL": 0.08930987821380243,
    "RMFR": 0.08888888888888889,
    "RMGL": 0.06582633053221289,
    "RMGR": 0.07668067226890757,
    "RMHL": 0.0928030303030303,
    "RMHR": 0.07741935483870968,
    "SAADL": 0.07678571428571429,
    "SAADR": 0.08492063492063492,
    "SAAVL": 0.0811111111111111,
    "SAAVR": 0.08501683501683502,
    "SABD": 0.08714285714285715,
    "SABVL": 0.051470588235294115,
    "SABVR": 0.07692307692307693,
    "SDQL": 0.07419354838709677,
    "SDQR": 0.0754985754985755,
    "SIADL": 0.08974358974358974,
    "SIADR": 0.0635673624288425,
    "SIAVL": 0.07661290322580645,
    "SIAVR": 0.08410138248847926,
    "SIBDL": 0.07011494252873564,
    "SIBDR": 0.08455882352941177,
    "SIBVL": 0.06968876860622462,
    "SIBVR": 0.0779976717112922,
    "SMBDL": 0.08033033033033032,
    "SMBDR": 0.06477732793522267,
    "SMBVL": 0.07874762808349146,
    "SMBVR": 0.06620370370370371,
    "SMDDL": 0.0763765541740675,
    "SMDDR": 0.07949932341001353,
    "SMDVL": 0.07489878542510121,
    "SMDVR": 0.08592017738359202,