{
  "clustering_coefficients": {
    "ADAL": 0.06362467866323908,
    "ADAR": 0.07089898053753475,
    "ADEL": 0.09558823529411764,
    "ADER": 0.07872823618470856,
    "ADFL": 0.07696030977734754,
    "ADFR": 0.07682060390763766,
    "ADLL": 0.0728744939271255,
    "ADLR": 0.07120377655389457,
    "AFDL": 0.05,
    "AFDR": 0.05570291777188329,
    "AIAL": 0.05862533692722372,
    "AIAR": 0.07946428571428571,
    "AIBL": 0.08535762483130904,
    "AIBR": 0.07385398981324279,
    "AIML": 0.09511568123393316,
    "AIMR": 0.06562922868741543,
    "AINL": 0.07698412698412699,
    "AINR": 0.0660828025477707,
    "AIYL": 0.08571428571428572,
    "AIYR": 0.06677265500794913,
    "AIZL": 0.07737627651217596,
    "AIZR": 0.06456456456456457,
    "ALA": 0.09569377990430622,
    "ALML": 0.07657657657657657,
    "ALMR": 0.11315789473684211,
    "ALNL": 0.06084656084656084,
    "ALNR": 0.11904761904761904,
    "AQR": 0.0748663101604278,
    "AS1": 0.07391304347826087,
    "AS10": 0.08319327731092437,
    "AS11": 0.05555555555555555,
    "AS2": 0.08602150537634409,
    "AS3": 0.10606060606060606,
    "AS4": 0.09384615384615384,
    "AS5": 0.0875,
    "AS6": 0.04201680672268908,
    "AS7": 0.06666666666666667,
    "AS8": 0.06666666666666667,
    "AS9": 0.16071428571428573,
    "ASEL": 0.08513513513513514,
    "ASER": 0.08895348837209302,
    "ASGL": 0.08307692307692308,
    "ASGR": 0.08282828282828283,
    "ASHL": 0.06928571428571428,
    "ASHR": 0.08279370952821462,
    "ASIL": 0.07481060606060606,
    "ASIR": 0.06304347826086956,
    "ASJL": 0.1026936026936027,
    "ASJR": 0.11904761904761904,
    "ASKL": 0.07857142857142857,
    "ASKR": 0.049910873440285206,
    "AUAL": 0.0748847926267281,
    "AUAR": 0.07905138339920949,
    "AVAL": 0.0626118067978533,
    "AVAR": 0.06390449438202248,
    "AVBL": 0.05420401195049082,
    "AVBR": 0.08408037094281298,
    "AVDL": 0.06387891226269882,
    "AVDR": 0.054285714285714284,
    "AVEL": 0.07622641509433963,
    "AVER": 0.05859010270774977,
    "AVFL": 0.07645968489341984,
    "AVFR": 0.08032596041909197,
    "AVG": 0.0672289156626506,
    "AVHL": 0.05792861322410767,
    "AVHR": 0.07273603082851637,
    "AVJL": 0.08157319737800436,
    "AVJR": 0.073178391959799,
    "AVKL": 0.07047667862634546,
    "AVKR": 0.08981481481481482,
    "AVL": 0.07167235494880546,
    "AVM": 0.08144796380090498,
    "AWAL": 0.10130718954248366,
    "AWAR": 0.07575757575757576,
    "AWBL": 0.07973421926910298,
    "AWBR": 0.06736242884250475,
    "AWCL": 0.08460076045627377,
    "AWCR": 0.07996632996632996,
    "BAGL": 0.06364749082007344,
    "BAGR": 0.07163323782234957,
    "BDUL": 0.10238095238095238,
    "BDUR": 0.07720588235294118,
    "CANL": 0.0,
    "CANR": 0.0,
    "CEPDL": 0.0710128055878929,
    "CEPDR": 0.10890302066772654,
    "CEPVL": 0.06306306306306306,
    "CEPVR": 0.075,
    "DA1": 0.09649122807017543,
    "DA2": 0.06612685560053981,
    "DA3": 0.08739495798319327,
    "DA4": 0.08709677419354839,
    "DA5": 0.07792207792207792,
    "DA6": 0.12916666666666668,
    "DA7": 0.07142857142857142,
    "DA8": 0.08419023136246787,
    "DA9": 0.07107843137254902,
    "DB1": 0.06428571428571428,
    "DB2": 0.0812958435207824,
    "DB3": 0.07692307692307693,
    "DB4": 0.05090909090909091,
    "DB5": 0.0718954248366013,
    "DB6": 0.07894736842105263,
    "DB7": 0.08397435897435897,
    "DD1": 0.06666666666666667,
    "DD2": 0.09482758620689655,
    "DD3": 0.06432748538011696,
    "DD4": 0.07142857142857142,
    "DD5": 0.1213235294117647,
    "DD6": 0.09672830725462304,
    "DVA": 0.07563347837215255,
    "DVB": 0.06989247311827956,
    "DVC": 0.0964261631827377,
    "FLPL": 0.08620689655172414,
    "FLPR": 0.09538950715421304,
    "HSNL": 0.0696999031945789,
    "HSNR": 0.07982546201232033,
    "I1L": 0.08244680851063829,
    "I1R": 0.10714285714285714,
    "I2L": 0.05615942028985507,
    "I2R": 0.0851063829787234,
    "I3": 0.10033444816053512,
    "I4": 0.07901234567901234,
    "I5": 0.08285714285714285,
    "I6": 0.05128205128205128,
    "IL1DL": 0.07846715328467153,
    "IL1DR": 0.06481481481481481,
    "IL1L": 0.10854503464203233,
    "IL1R": 0.12080536912751678,
    "IL1VL": 0.08102766798418973,
    "IL1VR": 0.07936507936507936,
    "IL2DL": 0.0661764705882353,
    "IL2DR": 0.12083333333333333,
    "IL2L": 0.09660107334525939,
    "IL2R": 0.07142857142857142,
    "IL2VL": 0.07051282051282051,
    "IL2VR": 0.07311827956989247,
    "LUAL": 0.08487654320987655,
    "LUAR": 0.08660714285714285,
    "M1": 0.11052631578947368,
    "M2L": 0.10846560846560846,
    "M2R": 0.09462365591397849,
    "M3L": 0.09340659340659341,
    "M3R": 0.08279569892473118,
    "M4": 0.1108695652173913,
    "M5": 0.0,
    "MCL": 0.05555555555555555,
    "MCR": 0.09090909090909091,
    "MI": 0.06739130434782609,
    "NSML": 0.11397058823529412,
    "NSMR": 0.06884057971014493,
    "OLLL": 0.07777777777777778,
    "OLLR": 0.0778498609823911,
    "OLQDL": 0.06937799043062201,
    "OLQDR": 0.07161803713527852,
    "OLQVL": 0.05846774193548387,
    "OLQVR": 0.07692307692307693,
    "PDA": 0.075,
    "PDB": 0.08496732026143791,
    "PDEL": 0.06280788177339902,
    "PDER": 0.07874762808349146,
    "PHAL": 0.0718954248366013,
    "PHAR": 0.06221198156682028,
    "PHBL": 0.09544159544159544,
    "PHBR": 0.06018518518518518,
    "PHCL": 0.11818181818181818,
    "PHCR": 0.08198614318706697,
    "PLML": 0.09881422924901186,
    "PLMR": 0.11538461538461539,
    "PLNL": 0.07474747474747474,
    "PLNR": 0.0784313725490196,
    "PQR": 0.10080645161290322,
    "PVCL": 0.07442464736451374,
    "PVCR": 0.07529411764705882,
    "PVDL": 0.07017543859649122,
    "PVDR": 0.1023391812865497,
    "PVM": 0.06190476190476191,
    "PVNL": 0.08383838383838384,
    "PVNR": 0.07296703296703297,
    "PVPL": 0.07322801024765158,
    "PVPR": 0.05637393767705382,
    "PVQL": 0.06926658905704307,
    "PVQR": 0.06471183013144591,
    "PVR": 0.0688608776844071,
    "PVT": 0.07540760869565218,
    "PVWL": 0.078,
    "PVWR": 0.06465517241379311,
    "RIAL": 0.046875,
    "RIAR": 0.06988304093567252,
    "RIBL": 0.076,
    "RIBR": 0.07256235827664399,
    "RICL": 0.06714975845410628,
    "RICR": 0.08497246262785209,
    "RID": 0.05757575757575758,
    "RIFL": 0.08658008658008658,
    "RIFR": 0.08405797101449275,
    "RIGL": 0.07326820603907638,
    "RIGR": 0.05753217259651779,
    "RIH": 0.07109164420485176,
    "RIML": 0.06725146198830409,
    "RIMR": 0.07461240310077519,
    "RIPL": 0.10826210826210826,
    "RIPR": 0.09359605911330049,
    "RIR": 0.0780885780885781,
    "RIS": 0.07047872340425532,
    "RIVL": 0.07575757575757576,
    "RIVR": 0.07264957264957266,
    "RMDDL": 0.07081807081807082,
    "RMDDR": 0.0919661733615222,
    "RMDL": 0.07349966284558328,
    "RMDR": 0.07407407407407407,
    "RMDVL": 0.07081807081807082,
    "RMDVR": 0.08552631578947369,
    "RMED": 0.0874384236453202,
    "RMEL": 0.08831908831908832,
    "RMER": 0.06719367588932806,
    "RMEV": 0.07848837209302326,
    "RMFL": 0.10151187904967603,
    "RMFR": 0.06521739130434782,
    "RMGL": 0.07137462235649547,
    "RMGR": 0.08144796380090498,
    "RMHL": 0.08,
    "RMHR": 0.09818181818181818,
    "SAADL": 0.08383838383838384,
    "SAADR": 0.06675224646983312,
    "SAAVL": 0.05813953488372093,
    "SAAVR": 0.05353535353535353,
    "SABD": 0.08078602620087336,
    "SABVL": 0.11428571428571428,
    "SABVR": 0.0661764705882353,
    "SDQL": 0.07481060606060606,
    "SDQR": 0.07883369330453564,
    "SIADL": 0.05961844197138315,
    "SIADR": 0.0701058201058201,
    "SIAVL": 0.07020872865275142,
    "SIAVR": 0.09681697612732096,
    "SIBDL": 0.09283819628647215,
    "SIBDR": 0.12121212121212122,
    "SIBVL": 0.06490727532097004,
    "SIBVR": 0.07502420135527589,
    "SMBDL": 0.07560627674750357,
    "SMBDR": 0.07076923076923076,
    "SMBVL": 0.10067567567567567,
    "SMBVR": 0.08158508158508158,
    "SMDDL": 0.07885763000852515,
    "SMDDR": 0.06332320162107397,
    "SMDVL": 0.09010011123470522,
    "SMDVR": 0.0774468085106383,