{
  "clustering_coefficients": {
    "ADAL": 0.0824524312896406,
    "ADAR": 0.0754985754985755,
    "ADEL": 0.0872093023255814,
    "ADER": 0.07583417593528817,
    "ADFL": 0.06302521008403361,
    "ADFR": 0.08496503496503496,
    "ADLL": 0.08581081081081081,
    "ADLR": 0.08280701754385965,
    "AFDL": 0.07266009852216748,
    "AFDR": 0.07046979865771812,
    "AIAL": 0.07293233082706767,
    "AIAR": 0.0732484076433121,
    "AIBL": 0.0823262839879154,
    "AIBR": 0.07875833760903027,
    "AIML": 0.07203907203907203,
    "AIMR": 0.07188703465982028,
    "AINL": 0.07857142857142857,
    "AINR": 0.07275320970042796,
    "AIYL": 0.0858433734939759,
    "AIYR": 0.09062003179650238,
    "AIZL": 0.076417004048583,
    "AIZR": 0.06698240866035182,
    "ALA": 0.06545454545454546,
    "ALML": 0.10240427426536064,
    "ALMR": 0.09191176470588236,
    "ALNL": 0.10897435897435898,
    "ALNR": 0.07647058823529412,
    "AQR": 0.09038461538461538,
    "AS1": 0.08487654320987655,
    "AS10": 0.09066666666666667,
    "AS11": 0.09157509157509157,
    "AS2": 0.08735632183908046,
    "AS3": 0.06944444444444445,
    "AS4": 0.09583333333333334,
    "AS5": 0.08095238095238096,
    "AS6": 0.08148148148148149,
    "AS7": 0.0,
    "AS8": 0.10526315789473684,
    "AS9": 0.03571428571428571,
    "ASEL": 0.07894736842105263,
    "ASER": 0.07527539779681762,
    "ASGL": 0.09636363636363636,
    "ASGR": 0.07971014492753623,
    "ASHL": 0.07323232323232323,
    "ASHR": 0.08150943396226415,
    "ASIL": 0.11090909090909092,
    "ASIR": 0.07602339181286549,
    "ASJL": 0.065,
    "ASJR": 0.05128205128205128,
    "ASKL": 0.08153846153846153,
    "ASKR": 0.06477732793522267,
    "AUAL": 0.07560483870967742,
    "AUAR": 0.06153846153846154,
    "AVAL": 0.06663613464621021,
    "AVAR": 0.0671806167400881,
    "AVBL": 0.060852495793606284,
    "AVBR": 0.05211424332344214,
    "AVDL": 0.06890368852459017,
    "AVDR": 0.06454816285998013,
    "AVEL": 0.07981049562682216,
    "AVER": 0.05041095890410959,
    "AVFL": 0.07928475033738192,
    "AVFR": 0.08207217694994179,
    "AVG": 0.06716417910447761,
    "AVHL": 0.06741293532338309,
    "AVHR": 0.06747252747252747,
    "AVJL": 0.08836589698046181,
    "AVJR": 0.0783132530120482,
    "AVKL": 0.07724957555178268,
    "AVKR": 0.07446808510638298,
    "AVL": 0.08006042296072508,
    "AVM": 0.07549504950495049,
    "AWAL": 0.04891304347826087,
    "AWAR": 0.09,
    "AWBL": 0.05750798722044728,
    "AWBR": 0.08598726114649681,
    "AWCL": 0.09597523219814241,
    "AWCR": 0.06836248012718601,
    "BAGL": 0.08875338753387534,
    "BAGR": 0.09949409780775717,
    "BDUL": 0.05228758169934641,
    "BDUR": 0.051470588235294115,
    "CANL": 0.0,
    "CANR": 0.0,
    "CEPDL": 0.06618569636135509,
    "CEPDR": 0.07489878542510121,
    "CEPVL": 0.059267241379310345,
    "CEPVR": 0.1112618724559023,
    "DA1": 0.06989247311827956,
    "DA2": 0.0896551724137931,
    "DA3": 0.0967741935483871,
    "DA4": 0.06543624161073826,
    "DA5": 0.07142857142857142,
    "DA6": 0.033707865168539325,
    "DA7": 0.09090909090909091,
    "DA8": 0.06525157232704402,
    "DA9": 0.06555269922879177,
    "DB1": 0.09333333333333334,
    "DB2": 0.07190635451505016,
    "DB3": 0.07432432432432433,
    "DB4": 0.05844155844155844,
    "DB5": 0.07654320987654321,
    "DB6": 0.08823529411764706,
    "DB7": 0.06902356902356903,
    "DD1": 0.056878306878306875,
    "DD2": 0.06349206349206349,
    "DD3": 0.08307692307692308,
    "DD4": 0.08498023715415019,
    "DD5": 0.08241758241758242,
    "DD6": 0.05630630630630631,
    "DVA": 0.07000702411613205,
    "DVB": 0.08891454965357967,
    "DVC": 0.08509090909090909,
    "FLPL": 0.08179231863442389,
    "FLPR": 0.08797127468581688,
    "HSNL": 0.06891891891891892,
    "HSNR": 0.08257522743177047,
    "I1L": 0.13043478260869565,
    "I1R": 0.06159420289855073,
    "I2L": 0.06878306878306878,
    "I2R": 0.11036789297658862,
    "I3": 0.06428571428571428,
    "I4": 0.0868945868945869,
    "I5": 0.07390300230946882,
    "I6": 0.13450292397660818,
    "IL1DL": 0.08187134502923976,
    "IL1DR": 0.054367201426024955,
    "IL1L": 0.09135802469135802,
    "IL1R": 0.08389715832205684,
    "IL1VL": 0.1037037037037037,
    "IL1VR": 0.0880952380952381,
    "IL2DL": 0.10833333333333334,
    "IL2DR": 0.06985294117647059,
    "IL2L": 0.07020872865275142,
    "IL2R": 0.12363636363636364,
    "IL2VL": 0.08241758241758242,
    "IL2VR": 0.08658008658008658,
    "LUAL": 0.07274826789838337,
    "LUAR": 0.10569105691056911,
    "M1": 0.08974358974358974,
    "M2L": 0.10033444816053512,
    "M2R": 0.09803921568627451,
    "M3L": 0.05238095238095238,
    "M3R": 0.12727272727272726,
    "M4": 0.08893280632411067,
    "M5": 0.0,
    "MCL": 0.07777777777777778,
    "MCR": 0.125,
    "MI": 0.09064327485380116,
    "NSML": 0.06818181818181818,
    "NSMR": 0.08008658008658008,
    "OLLL": 0.05267857142857143,
    "OLLR": 0.08547557840616966,
    "OLQDL": 0.09595959595959595,
    "OLQDR": 0.08024691358024691,
    "OLQVL": 0.12252475247524752,
    "OLQVR": 0.06465517241379311,
    "PDA": 0.09076923076923077,
    "PDB": 0.13815789473684212,
    "PDEL": 0.08525345622119816,
    "PDER": 0.07120743034055728,
    "PHAL": 0.09473684210526316,
    "PHAR": 0.06746031746031746,
    "PHBL": 0.0872865275142315,
    "PHBR": 0.08891454965357967,
    "PHCL": 0.09782608695652174,
    "PHCR": 0.08179723502304148,
    "PLML": 0.07407407407407407,
    "PLMR": 0.07777777777777778,
    "PLNL": 0.10256410256410256,
    "PLNR": 0.08181818181818182,
    "PQR": 0.09549071618037135,
    "PVCL": 0.07453825857519789,
    "PVCR": 0.06761383087983568,
    "PVDL": 0.12171052631578948,
    "PVDR": 0.07608695652173914,
    "PVM": 0.10276679841897234,
    "PVNL": 0.06651549508692366,
    "PVNR": 0.07359813084112149,
    "PVPL": 0.0670081092616304,
    "PVPR": 0.06836783822821377,
    "PVQL": 0.06767676767676768,
    "PVQR": 0.05906976744186047,
    "PVR": 0.07052379322149949,
    "PVT": 0.06932773109243698,
    "PVWL": 0.08817204301075268,
    "PVWR": 0.0898989898989899,
    "RIAL": 0.08009708737864078,
    "RIAR": 0.06186317321688501,
    "RIBL": 0.06716886377903326,
    "RIBR": 0.08117564730580826,
    "RICL": 0.0436046511627907,
    "RICR": 0.06342494714587738,
    "RID": 0.1150990099009901,
    "RIFL": 0.10033444816053512,
    "RIFR": 0.07938718662952646,
    "RIGL": 0.06991005723630417,
    "RIGR": 0.06852637962401456,
    "RIH": 0.07250755287009064,
    "RIML": 0.07854984894259819,
    "RIMR": 0.07070974576271187,
    "RIPL": 0.08307692307692308,
    "RIPR": 0.07407407407407407,
    "RIR": 0.06344586728754366,
    "RIS": 0.08611918604651163,
    "RIVL": 0.06666666666666667,
    "RIVR": 0.06970128022759602,
    "RMDDL": 0.09732142857142857,
    "RMDDR": 0.06825396825396825,
    "RMDL": 0.07915309446254072,
    "RMDR": 0.08174097664543524,
    "RMDVL": 0.09290030211480363,
    "RMDVR": 0.06673728813559322,
    "RMED": 0.06666666666666667,
    "RMEL": 0.08823529411764706,
    "RMER": 0.085,
    "RMEV": 0.075,
    "RMFL": 0.06571428571428571,
    "RMFR": 0.08088235294117647,
    "RMGL": 0.06972361809045226,
    "RMGR": 0.07798784604996624,
    "RMHL": 0.07819548872180451,
    "RMHR": 0.08522727272727272,
    "SAADL": 0.09696969696969697,
    "SAADR": 0.07102272727272728,
    "SAAVL": 0.07844129554655871,
    "SAAVR": 0.08007334963325183,
    "SABD": 0.05291005291005291,
    "SABVL": 0.10256410256410256,
    "SABVR": 0.05555555555555555,
    "SDQL": 0.07834101382488479,
    "SDQR": 0.08365019011406843,
    "SIADL": 0.06262626262626263,
    "SIADR": 0.06904761904761905,
    "SIAVL": 0.06327160493827161,
    "SIAVR": 0.0696969696969697,
    "SIBDL": 0.11005692599620494,
    "SIBDR": 0.09,
    "SIBVL": 0.06660746003552398,
    "SIBVR": 0.10751879699248121,
    "SMBDL": 0.06451612903225806,
    "SMBDR": 0.09352078239608802,
    "SMBVL": 0.10105580693815988,
    "SMBVR": 0.07162162162162163,
    "SMDDL": 0.08130400628436764,
    "SMDDR": 0.06794972505891594,
    "SMDVL": 0.08699324324324324,