{
  "clustering_coefficients": {
    "ADAL": 0.07763975155279502,
    "ADAR": 0.0732574679943101,
    "ADEL": 0.10174418604651163,
    "ADER": 0.08481349911190053,
    "ADFL": 0.06622851365015167,
    "ADFR": 0.06891766882516188,
    "ADLL": 0.08306709265175719,
    "ADLR": 0.0704656862745098,
    "AFDL": 0.0802675585284281,
    "AFDR": 0.07631578947368421,
    "AIAL": 0.08618581907090464,
    "AIAR": 0.0920303605313093,
    "AIBL": 0.06762028608582575,
    "AIBR": 0.06706281833616298,
    "AIML": 0.06896551724137931,
    "AIMR": 0.07692307692307693,
    "AINL": 0.06923076923076923,
    "AINR": 0.08974358974358974,
    "AIYL": 0.08866995073891626,
    "AIYR": 0.054187192118226604,
    "AIZL": 0.08981818181818182,
    "AIZR": 0.07263513513513513,
    "ALA": 0.06315789473684211,
    "ALML": 0.07963709677419355,
    "ALMR": 0.0880952380952381,
    "ALNL": 0.0641025641025641,
    "ALNR": 0.04923076923076923,
    "AQR": 0.0893760539629005,
    "AS1": 0.11067193675889328,
    "AS10": 0.07777777777777778,
    "AS11": 0.08166666666666667,
    "AS2": 0.10606060606060606,
    "AS3": 0.14285714285714285,
    "AS4": 0.04093567251461988,
    "AS5": 0.12878787878787878,
    "AS6": 0.11235955056179775,
    "AS7": 0.08333333333333333,
    "AS8": 0.041666666666666664,
    "AS9": 0.08333333333333333,
    "ASEL": 0.10296010296010295,
    "ASER": 0.09013282732447818,
    "ASGL": 0.07435344827586207,
    "ASGR": 0.08193979933110368,
    "ASHL": 0.05087440381558029,
    "ASHR": 0.08934517203107659,
    "ASIL": 0.07575757575757576,
    "ASIR": 0.05555555555555555,
    "ASJL": 0.087248322147651,
    "ASJR": 0.06111111111111111,
    "ASKL": 0.06346749226006192,
    "ASKR": 0.08555133079847908,
    "AUAL": 0.0698005698005698,
    "AUAR": 0.07098765432098765,
    "AVAL": 0.06276569142285571,
    "AVAR": 0.06157082748948107,
    "AVBL": 0.06439773106439774,
    "AVBR": 0.06670500287521564,
    "AVDL": 0.06044425459205468,
    "AVDR": 0.08356883326604764,
    "AVEL": 0.07721073471183458,
    "AVER": 0.053790983606557374,
    "AVFL": 0.07855973813420622,
    "AVFR": 0.07163601161665054,
    "AVG": 0.08833445718138908,
    "AVHL": 0.086685552407932,
    "AVHR": 0.06473029045643154,
    "AVJL": 0.07018181818181818,
    "AVJR": 0.055614406779661014,
    "AVKL": 0.08223477715003139,
    "AVKR": 0.0710506424792139,
    "AVL": 0.07029478458049887,
    "AVM": 0.07577807848443843,
    "AWAL": 0.07631578947368421,
    "AWAR": 0.07471264367816093,
    "AWBL": 0.08190883190883191,
    "AWBR": 0.09506172839506173,
    "AWCL": 0.07932263814616755,
    "AWCR": 0.06908831908831908,
    "BAGL": 0.08266129032258064,
    "BAGR": 0.09392789373814042,
    "BDUL": 0.07916666666666666,
    "BDUR": 0.09066666666666667,
    "CANL": 0.0,
    "CANR": 0.0,
    "CEPDL": 0.08412698412698413,
    "CEPDR": 0.1,
    "CEPVL": 0.09246088193456614,
    "CEPVR": 0.06512605042016807,
    "DA1": 0.0625,
    "DA2": 0.0779639175257732,
    "DA3": 0.08709677419354839,
    "DA4": 0.11494252873563218,
    "DA5": 0.1095679012345679,
    "DA6": 0.06140350877192982,
    "DA7": 0.05788177339901478,
    "DA8": 0.06805664830841857,
    "DA9": 0.08662790697674419,
    "DB1": 0.09272727272727273,
    "DB2": 0.07483731019522777,
    "DB3": 0.09714795008912656,
    "DB4": 0.058394160583941604,
    "DB5": 0.075,
    "DB6": 0.11029411764705882,
    "DB7": 0.0777233782129743,
    "DD1": 0.08271604938271605,
    "DD2": 0.09523809523809523,
    "DD3": 0.10185185185185185,
    "DD4": 0.15384615384615385,
    "DD5": 0.05982905982905983,
    "DD6": 0.07641196013289037,
    "DVA": 0.05966072455434158,
    "DVB": 0.09259259259259259,
    "DVC": 0.07242827151854443,
    "FLPL": 0.07428571428571429,
    "FLPR": 0.06408094435075885,
    "HSNL": 0.07407407407407407,
    "HSNR": 0.07528263103802672,
    "I1L": 0.11764705882352941,
    "I1R": 0.07692307692307693,
    "I2L": 0.06190476190476191,
    "I2R": 0.1130952380952381,
    "I3": 0.10789473684210527,
    "I4": 0.06698564593301436,
    "I5": 0.0665024630541872,
    "I6": 0.07720588235294118,
    "IL1DL": 0.06666666666666667,
    "IL1DR": 0.09444444444444444,
    "IL1L": 0.08,
    "IL1R": 0.10341555977229601,
    "IL1VL": 0.08095238095238096,
    "IL1VR": 0.08994708994708994,
    "IL2DL": 0.09210526315789473,
    "IL2DR": 0.06535947712418301,
    "IL2L": 0.091792656587473,
    "IL2R": 0.0894396551724138,
    "IL2VL": 0.12637362637362637,
    "IL2VR": 0.08275862068965517,
    "LUAL": 0.11577181208053691,
    "LUAR": 0.08686440677966102,
    "M1": 0.1,
    "M2L": 0.10130718954248366,
    "M2R": 0.058333333333333334,
    "M3L": 0.11904761904761904,
    "M3R": 0.1282051282051282,
    "M4": 0.07177033492822966,
    "M5": 0.05357142857142857,
    "MCL": 0.12222222222222222,
    "MCR": 0.09340659340659341,
    "MI": 0.07894736842105263,
    "NSML": 0.07481751824817519,
    "NSMR": 0.07718120805369127,
    "OLLL": 0.07058823529411765,
    "OLLR": 0.07838589981447125,
    "OLQDL": 0.08300395256916997,
    "OLQDR": 0.07513416815742398,
    "OLQVL": 0.08857142857142856,
    "OLQVR": 0.0944700460829493,
    "PDA": 0.08874458874458875,
    "PDB": 0.08518518518518518,
    "PDEL": 0.08617424242424243,
    "PDER": 0.09740259740259741,
    "PHAL": 0.07114624505928854,
    "PHAR": 0.06773399014778325,
    "PHBL": 0.09506172839506173,
    "PHBR": 0.09595959595959595,
    "PHCL": 0.1111111111111111,
    "PHCR": 0.06896551724137931,
    "PLML": 0.09090909090909091,
    "PLMR": 0.17777777777777778,
    "PLNL": 0.05411255411255411,
    "PLNR": 0.08441558441558442,
    "PQR": 0.06766917293233082,
    "PVCL": 0.06892067620286085,
    "PVCR": 0.06355218855218855,
    "PVDL": 0.10276679841897234,
    "PVDR": 0.07454545454545454,
    "PVM": 0.07586206896551724,
    "PVNL": 0.06131744919411353,
    "PVNR": 0.07268808777429467,
    "PVPL": 0.07612732095490717,
    "PVPR": 0.059353471118177,
    "PVQL": 0.07357142857142857,
    "PVQR": 0.08427815570672713,
    "PVR": 0.06560415122312824,
    "PVT": 0.07431457431457432,
    "PVWL": 0.06942078364565588,
    "PVWR": 0.0840080971659919,
    "RIAL": 0.08851351351351351,
    "RIAR": 0.07294028722600152,
    "RIBL": 0.08674463937621832,
    "RIBR": 0.06531762295081968,
    "RICL": 0.0995115995115995,
    "RICR": 0.0741687979539642,
    "RID": 0.09544159544159544,
    "RIFL": 0.09166666666666666,
    "RIFR": 0.07833655705996131,
    "RIGL": 0.08031674208144797,
    "RIGR": 0.08212209302325581,
    "RIH": 0.06649709302325581,
    "RIML": 0.07797330097087378,
    "RIMR": 0.08139534883720931,
    "RIPL": 0.08428030303030302,
    "RIPR": 0.07635467980295567,
    "RIR": 0.0763888888888889,
    "RIS": 0.08581818181818182,
    "RIVL": 0.061660561660561664,
    "RIVR": 0.09159482758620689,
    "RMDDL": 0.0685897435897436,
    "RMDDR": 0.08971774193548387,
    "RMDL": 0.08233041575492342,
    "RMDR": 0.0763265306122449,
    "RMDVL": 0.07723577235772358,
    "RMDVR": 0.08998646820027063,
    "RMED": 0.07312252964426877,
    "RMEL": 0.10023041474654378,
    "RMER": 0.10606060606060606,
    "RMEV": 0.0603448275862069,
    "RMFL": 0.07126436781609195,
    "RMFR": 0.1,
    "RMGL": 0.09765625,
    "RMGR": 0.07474747474747474,
    "RMHL": 0.09090909090909091,
    "RMHR": 0.07878787878787878,
    "SAADL": 0.09375,
    "SAADR": 0.07841483979763912,
    "SAAVL": 0.07475728155339806,
    "SAAVR": 0.08765652951699464,
    "SABD": 0.09166666666666666,
    "SABVL": 0.15151515151515152,
    "SABVR": 0.06666666666666667,
    "SDQL": 0.09384615384615384,
    "SDQR": 0.07790143084260731,
    "SIADL": 0.08823529411764706,
    "SIADR": 0.08823529411764706,
    "SIAVL": 0.06354515050167224,
    "SIAVR": 0.07767857142857143,
    "SIBDL": 0.0873015873015873,
    "SIBDR": 0.10606060606060606,
    "SIBVL": 0.08297872340425531,
    "SIBVR": 0.0898716119828816,
    "SMBDL": 0.07443609022556391,
    "SMBDR": 0.06818181818181818,
    "SMBVL": 0.08928571428571429,
    "SMBVR": 0.056303549571603426,
    "SMDDL": 0.07372505543237251,
    "SMDDR": 0.07424242424242425,
    "SMDVL": 0.06829268292682927,