{
  "clustering_coefficients": {
    "ADAL": 0.06084656084656084,
    "ADAR": 0.07505285412262157,
    "ADEL": 0.07630878438331855,
    "ADER": 0.0761353517364203,
    "ADFL": 0.06039488966318235,
    "ADFR": 0.08620689655172414,
    "ADLL": 0.07424242424242425,
    "ADLR": 0.07584905660377358,
    "AFDL": 0.06340579710144928,
    "AFDR": 0.09090909090909091,
    "AIAL": 0.06183932346723044,
    "AIAR": 0.06607142857142857,
    "AIBL": 0.0701058201058201,
    "AIBR": 0.06589673913043478,
    "AIML": 0.07474747474747474,
    "AIMR": 0.06276747503566334,
    "AINL": 0.06875,
    "AINR": 0.05977229601518026,
    "AIYL": 0.07007575757575757,
    "AIYR": 0.06995230524642289,
    "AIZL": 0.07777777777777778,
    "AIZR": 0.07649938800489596,
    "ALA": 0.0861244019138756,
    "ALML": 0.08403361344537816,
    "ALMR": 0.04780876494023904,
    "ALNL": 0.08496732026143791,
    "ALNR": 0.08733624454148471,
    "AQR": 0.07649667405764966,
    "AS1": 0.07894736842105263,
    "AS10": 0.0625,
    "AS11": 0.06620209059233449,
    "AS2": 0.09047619047619047,
    "AS3": 0.10714285714285714,
    "AS4": 0.07368421052631578,
    "AS5": 0.06818181818181818,
    "AS6": 0.11538461538461539,
    "AS7": 0.10606060606060606,
    "AS8": 0.07142857142857142,
    "AS9": 0.10952380952380952,
    "ASEL": 0.08288770053475936,
    "ASER": 0.06938775510204082,
    "ASGL": 0.07539682539682539,
    "ASGR": 0.08950617283950617,
    "ASHL": 0.06722689075630252,
    "ASHR": 0.08142389525368249,
    "ASIL": 0.09239130434782608,
    "ASIR": 0.10317460317460317,
    "ASJL": 0.08068783068783068,
    "ASJR": 0.1111111111111111,
    "ASKL": 0.08974358974358974,
    "ASKR": 0.06878306878306878,
    "AUAL": 0.08963282937365011,
    "AUAR": 0.07142857142857142,
    "AVAL": 0.05484757621189405,
    "AVAR": 0.05564908342686121,
    "AVBL": 0.07472384665367121,
    "AVBR": 0.06359368331199317,
    "AVDL": 0.061272584446190104,
    "AVDR": 0.06722689075630252,
    "AVEL": 0.07449577098243332,
    "AVER": 0.06147540983606557,
    "AVFL": 0.07018181818181818,
    "AVFR": 0.07037037037037037,
    "AVG": 0.06559949780288764,
    "AVHL": 0.07311893203883495,
    "AVHR": 0.06849666495638788,
    "AVJL": 0.05438401775804662,
    "AVJR": 0.06441476826394343,
    "AVKL": 0.0625,
    "AVKR": 0.09302325581395349,
    "AVL": 0.07283464566929133,
    "AVM": 0.08064516129032258,
    "AWAL": 0.08771929824561403,
    "AWAR": 0.08461538461538462,
    "AWBL": 0.06587301587301587,
    "AWBR": 0.07142857142857142,
    "AWCL": 0.08505747126436781,
    "AWCR": 0.05080213903743316,
    "BAGL": 0.065149136577708,
    "BAGR": 0.06666666666666667,
    "BDUL": 0.07894736842105263,
    "BDUR": 0.09973404255319149,
    "CANL": 0.0,
    "CANR": 0.0,
    "CEPDL": 0.0647342995169082,
    "CEPDR": 0.07508731082654249,
    "CEPVL": 0.07445442875481387,
    "CEPVR": 0.07432432432432433,
    "DA1": 0.0761904761904762,
    "DA2": 0.054140127388535034,
    "DA3": 0.08928571428571429,
    "DA4": 0.08421052631578947,
    "DA5": 0.10098522167487685,
    "DA6": 0.07777777777777778,
    "DA7": 0.09601449275362318,
    "DA8": 0.08559201141226819,
    "DA9": 0.07859848484848485,
    "DB1": 0.07230769230769231,
    "DB2": 0.10228898426323318,
    "DB3": 0.0898716119828816,
    "DB4": 0.08251231527093596,
    "DB5": 0.08421052631578947,
    "DB6": 0.09259259259259259,
    "DB7": 0.09810554803788904,
    "DD1": 0.08279569892473118,
    "DD2": 0.07115749525616698,
    "DD3": 0.08095238095238096,
    "DD4": 0.1067193675889328,
    "DD5": 0.07017543859649122,
    "DD6": 0.0821566110397946,
    "DVA": 0.07026231263383298,
    "DVB": 0.09684684684684684,
    "DVC": 0.07776162790697674,
    "FLPL": 0.08366935483870967,
    "FLPR": 0.07946428571428571,
    "HSNL": 0.0763888888888889,
    "HSNR": 0.08638049814520403,
    "I1L": 0.08851674641148326,
    "I1R": 0.10714285714285714,
    "I2L": 0.13186813186813187,
    "I2R": 0.03676470588235294,
    "I3": 0.09808612440191387,
    "I4": 0.07635467980295567,
    "I5": 0.08102766798418973,
    "I6": 0.13059701492537312,
    "IL1DL": 0.05090909090909091,
    "IL1DR": 0.07590132827324478,
    "IL1L": 0.07171717171717172,
    "IL1R": 0.04909090909090909,
    "IL1VL": 0.0730550284629981,
    "IL1VR": 0.07894736842105263,
    "IL2DL": 0.07792207792207792,
    "IL2DR": 0.07941176470588235,
    "IL2L": 0.09883720930232558,
    "IL2R": 0.0761904761904762,
    "IL2VL": 0.043478260869565216,
    "IL2VR": 0.09683794466403162,
    "LUAL": 0.10217391304347827,
    "LUAR": 0.10794044665012408,
    "M1": 0.08974358974358974,
    "M2L": 0.06842105263157895,
    "M2R": 0.08078602620087336,
    "M3L": 0.047619047619047616,
    "M3R": 0.08333333333333333,
    "M4": 0.09166666666666666,
    "M5": 0.06862745098039216,
    "MCL": 0.10256410256410256,
    "MCR": 0.1388888888888889,
    "MI": 0.0546218487394958,
    "NSML": 0.09163346613545817,
    "NSMR": 0.07833333333333334,
    "OLLL": 0.07272727272727272,
    "OLLR": 0.07584541062801932,
    "OLQDL": 0.10714285714285714,
    "OLQDR": 0.08501683501683502,
    "OLQVL": 0.09429280397022333,
    "OLQVR": 0.06093189964157706,
    "PDA": 0.07126436781609195,
    "PDB": 0.06878306878306878,
    "PDEL": 0.08547008547008547,
    "PDER": 0.07373737373737374,
    "PHAL": 0.056666666666666664,
    "PHAR": 0.08366935483870967,
    "PHBL": 0.07037037037037037,
    "PHBR": 0.0503003003003003,
    "PHCL": 0.09846153846153846,
    "PHCR": 0.08,
    "PLML": 0.1,
    "PLMR": 0.060526315789473685,
    "PLNL": 0.07246376811594203,
    "PLNR": 0.10504201680672269,
    "PQR": 0.07221542227662178,
    "PVCL": 0.07061592781482935,
    "PVCR": 0.0654863481228669,
    "PVDL": 0.09642857142857143,
    "PVDR": 0.08571428571428572,
    "PVM": 0.09109311740890688,
    "PVNL": 0.07039911308203992,
    "PVNR": 0.05929038281979458,
    "PVPL": 0.058102587380844305,
    "PVPR": 0.07125124131082423,
    "PVQL": 0.07443609022556391,
    "PVQR": 0.07715260017050299,
    "PVR": 0.0778688524590164,
    "PVT": 0.07129396984924623,
    "PVWL": 0.055299539170506916,
    "PVWR": 0.0741444866920152,
    "RIAL": 0.07964224872231687,
    "RIAR": 0.08302411873840446,
    "RIBL": 0.06332288401253919,
    "RIBR": 0.06431686046511628,
    "RICL": 0.07540485829959515,
    "RICR": 0.07671957671957672,
    "RID": 0.08035714285714286,
    "RIFL": 0.06571428571428571,
    "RIFR": 0.07308970099667775,
    "RIGL": 0.07429467084639499,
    "RIGR": 0.0662778366914104,
    "RIH": 0.08187543736878937,
    "RIML": 0.06672597864768683,
    "RIMR": 0.07692307692307693,
    "RIPL": 0.07459677419354839,
    "RIPR": 0.06436781609195402,
    "RIR": 0.06875631951466127,
    "RIS": 0.0741222366710013,
    "RIVL": 0.06981981981981981,
    "RIVR": 0.10262008733624454,
    "RMDDL": 0.07974388824214203,
    "RMDDR": 0.07804232804232804,
    "RMDL": 0.06400259909031839,
    "RMDR": 0.0661111111111111,
    "RMDVL": 0.07793522267206478,
    "RMDVR": 0.06987179487179487,
    "RMED": 0.08787128712871287,
    "RMEL": 0.06862745098039216,
    "RMER": 0.10740740740740741,
    "RMEV": 0.06209453197405004,
    "RMFL": 0.07763532763532764,
    "RMFR": 0.09941520467836257,
    "RMGL": 0.058323895809739526,
    "RMGR": 0.05786686838124055,
    "RMHL": 0.07142857142857142,
    "RMHR": 0.08753315649867374,
    "SAADL": 0.07593984962406015,
    "SAADR": 0.06642728904847396,
    "SAAVL": 0.061517113783533764,
    "SAAVR": 0.09022118742724097,
    "SABD": 0.07246376811594203,
    "SABVL": 0.06550218340611354,
    "SABVR": 0.04583333333333333,
    "SDQL": 0.07162162162162163,
    "SDQR": 0.06217948717948718,
    "SIADL": 0.09928443649373882,
    "SIADR": 0.06020066889632107,
    "SIAVL": 0.07809330628803246,
    "SIAVR": 0.07142857142857142,
    "SIBDL": 0.09032258064516129,
    "SIBDR": 0.09076923076923077,
    "SIBVL": 0.07657657657657657,
    "SIBVR": 0.06562922868741543,
    "SMBDL": 0.08870967741935484,
    "SMBDR": 0.06420626895854398,
    "SMBVL": 0.07899159663865546,
    "SMBVR": 0.0755813953488372,
    "SMDDL": 0.07930367504835589,
    "SMDDR": 0.05249110320284697,