{
  "clustering_coefficients": {
    "ADAL": 0.09262166405023547,
    "ADAR": 0.05405405405405406,
    "ADEL": 0.0873015873015873,
    "ADER": 0.07142857142857142,
    "ADFL": 0.07560296846011132,
    "ADFR": 0.06710310965630115,
    "ADLL": 0.07189239332096475,
    "ADLR": 0.06851642129105323,
    "AFDL": 0.07871198568872988,
    "AFDR": 0.07357859531772576,
    "AIAL": 0.0839517625231911,
    "AIAR": 0.05555555555555555,
    "AIBL": 0.08265856950067477,
    "AIBR": 0.06582796957284962,
    "AIML": 0.0860323886639676,
    "AIMR": 0.07555555555555556,
    "AINL": 0.09013282732447818,
    "AINR": 0.07841483979763912,
    "AIYL": 0.07020872865275142,
    "AIYR": 0.06995230524642289,
    "AIZL": 0.05612244897959184,
    "AIZR": 0.07885085574572127,
    "ALA": 0.07647058823529412,
    "ALML": 0.06262626262626263,
    "ALMR": 0.0873015873015873,
    "ALNL": 0.08892617449664429,
    "ALNR": 0.07004310344827586,
    "AQR": 0.06833558863328823,
    "AS1": 0.08974358974358974,
    "AS10": 0.06746031746031746,
    "AS11": 0.09595959595959595,
    "AS2": 0.08545454545454545,
    "AS3": 0.05555555555555555,
    "AS4": 0.09090909090909091,
    "AS5": 0.10457516339869281,
    "AS6": 0.14444444444444443,
    "AS7": 0.03409090909090909,
    "AS8": 0.0,
    "AS9": 0.05,
    "ASEL": 0.0673076923076923,
    "ASER": 0.06485587583148558,
    "ASGL": 0.06140350877192982,
    "ASGR": 0.05776515151515151,
    "ASHL": 0.06072874493927125,
    "ASHR": 0.06357927786499215,
    "ASIL": 0.06559139784946237,
    "ASIR": 0.10457516339869281,
    "ASJL": 0.13043478260869565,
    "ASJR": 0.08928571428571429,
    "ASKL": 0.1023391812865497,
    "ASKR": 0.07003012048192771,
    "AUAL": 0.09435173299101413,
    "AUAR": 0.08876811594202899,
    "AVAL": 0.06660168940870695,
    "AVAR": 0.06926406926406926,
    "AVBL": 0.06318772924308103,
    "AVBR": 0.05866103347416315,
    "AVDL": 0.0792714212416624,
    "AVDR": 0.07966680905595899,
    "AVEL": 0.07191470054446461,
    "AVER": 0.06512605042016807,
    "AVFL": 0.06931216931216931,
    "AVFR": 0.06876606683804627,
    "AVG": 0.07113583138173302,
    "AVHL": 0.06985055230669265,
    "AVHR": 0.07166301969365427,
    "AVJL": 0.07282415630550622,
    "AVJR": 0.08024118738404452,
    "AVKL": 0.07333333333333333,
    "AVKR": 0.0696489241223103,
    "AVL": 0.06959152798789713,
    "AVM": 0.09359605911330049,
    "AWAL": 0.08455882352941177,
    "AWAR": 0.09142857142857143,
    "AWBL": 0.08672086720867209,
    "AWBR": 0.0803769401330377,
    "AWCL": 0.08083140877598152,
    "AWCR": 0.08728448275862069,
    "BAGL": 0.06788793103448276,
    "BAGR": 0.07210626185958255,
    "BDUL": 0.08666666666666667,
    "BDUR": 0.08187134502923976,
    "CANL": 0.0,
    "CANR": 0.0,
    "CEPDL": 0.06726694915254237,
    "CEPDR": 0.0546218487394958,
    "CEPVL": 0.08897876643073811,
    "CEPVR": 0.05982905982905983,
    "DA1": 0.06521739130434782,
    "DA2": 0.07543103448275862,
    "DA3": 0.07977207977207977,
    "DA4": 0.07370517928286853,
    "DA5": 0.0868945868945869,
    "DA6": 0.08615384615384615,
    "DA7": 0.05272727272727273,
    "DA8": 0.09371362048894064,
    "DA9": 0.07989417989417989,
    "DB1": 0.10098522167487685,
    "DB2": 0.06767676767676768,
    "DB3": 0.07594235033259424,
    "DB4": 0.075,
    "DB5": 0.09788359788359788,
    "DB6": 0.07142857142857142,
    "DB7": 0.06912878787878787,
    "DD1": 0.05172413793103448,
    "DD2": 0.06878306878306878,
    "DD3": 0.07142857142857142,
    "DD4": 0.06593406593406594,
    "DD5": 0.10294117647058823,
    "DD6": 0.06746031746031746,
    "DVA": 0.07666274278987639,
    "DVB": 0.08787878787878788,
    "DVC": 0.07466216216216216,
    "FLPL": 0.07258064516129033,
    "FLPR": 0.09074074074074075,
    "HSNL": 0.09087947882736157,
    "HSNR": 0.06376057254391672,
    "I1L": 0.06719367588932806,
    "I1R": 0.13666666666666666,
    "I2L": 0.058823529411764705,
    "I2R": 0.09941520467836257,
    "I3": 0.10846560846560846,
    "I4": 0.11029411764705882,
    "I5": 0.07512315270935961,
    "I6": 0.07777777777777778,
    "IL1DL": 0.06324110671936758,
    "IL1DR": 0.06263498920086392,
    "IL1L": 0.06618819776714513,
    "IL1R": 0.07311827956989247,
    "IL1VL": 0.08297413793103449,
    "IL1VR": 0.08355437665782493,
    "IL2DL": 0.06209150326797386,
    "IL2DR": 0.05555555555555555,
    "IL2L": 0.07816091954022988,
    "IL2R": 0.08095238095238096,
    "IL2VL": 0.06593406593406594,
    "IL2VR": 0.09117647058823529,
    "LUAL": 0.08498023715415019,
    "LUAR": 0.09714285714285714,
    "M1": 0.06719367588932806,
    "M2L": 0.075,
    "M2R": 0.08148148148148149,
    "M3L": 0.05223880597014925,
    "M3R": 0.08974358974358974,
    "M4": 0.11304347826086956,
    "M5": 0.15,
    "MCL": 0.06363636363636363,
    "MCR": 0.0625,
    "MI": 0.10882352941176471,
    "NSML": 0.1,
    "NSMR": 0.07849462365591398,
    "OLLL": 0.09576612903225806,
    "OLLR": 0.08198380566801619,
    "OLQDL": 0.0773109243697479,
    "OLQDR": 0.052307692307692305,
    "OLQVL": 0.08083140877598152,
    "OLQVR": 0.0825426944971537,
    "PDA": 0.09473684210526316,
    "PDB": 0.05333333333333334,
    "PDEL": 0.07056451612903226,
    "PDER": 0.08024691358024691,
    "PHAL": 0.10740740740740741,
    "PHAR": 0.09113300492610837,
    "PHBL": 0.08709677419354839,
    "PHBR": 0.046464646464646465,
    "PHCL": 0.06,
    "PHCR": 0.07874762808349146,
    "PLML": 0.09340659340659341,
    "PLMR": 0.08823529411764706,
    "PLNL": 0.09032258064516129,
    "PLNR": 0.07692307692307693,
    "PQR": 0.07096774193548387,
    "PVCL": 0.06275487086542818,
    "PVCR": 0.06906077348066299,
    "PVDL": 0.0868421052631579,
    "PVDR": 0.056363636363636366,
    "PVM": 0.07818181818181819,
    "PVNL": 0.08139534883720931,
    "PVNR": 0.07861413999296518,
    "PVPL": 0.07362936112369732,
    "PVPR": 0.07170224411603722,
    "PVQL": 0.06653225806451613,
    "PVQR": 0.0673828125,
    "PVR": 0.06949152542372881,
    "PVT": 0.06288478452066842,
    "PVWL": 0.07230769230769231,
    "PVWR": 0.060455192034139404,
    "RIAL": 0.08304093567251462,
    "RIAR": 0.09462528387585163,
    "RIBL": 0.06073808303434136,
    "RIBR": 0.08105263157894736,
    "RICL": 0.08924205378973105,
    "RICR": 0.07032115171650055,
    "RID": 0.06939163498098859,
    "RIFL": 0.11204013377926421,
    "RIFR": 0.09246088193456614,
    "RIGL": 0.07827669902912622,
    "RIGR": 0.0690359477124183,
    "RIH": 0.06833060556464812,
    "RIML": 0.0580539656582175,
    "RIMR": 0.068359375,
    "RIPL": 0.07130124777183601,
    "RIPR": 0.08275862068965517,
    "RIR": 0.07411764705882352,
    "RIS": 0.07599629286376275,
    "RIVL": 0.09375,
    "RIVR": 0.0730550284629981,
    "RMDDL": 0.0685805422647528,
    "RMDDR": 0.06906906906906907,
    "RMDL": 0.06670567583382095,
    "RMDR": 0.06634819532908705,
    "RMDVL": 0.08072009291521487,
    "RMDVR": 0.05862403100775194,
    "RMED": 0.08850574712643679,
    "RMEL": 0.08831908831908832,
    "RMER": 0.08193979933110368,
    "RMEV": 0.06196581196581197,
    "RMFL": 0.06465517241379311,
    "RMFR": 0.06340579710144928,
    "RMGL": 0.09734848484848485,
    "RMGR": 0.07839947950553025,
    "RMHL": 0.0730550284629981,
    "RMHR": 0.08620689655172414,
    "SAADL": 0.07323232323232323,
    "SAADR": 0.08358433734939759,
    "SAAVL": 0.08312958435207823,
    "SAAVR": 0.04734848484848485,
    "SABD": 0.05615942028985507,
    "SABVL": 0.05,
    "SABVR": 0.07631578947368421,
    "SDQL": 0.07692307692307693,
    "SDQR": 0.07777777777777778,
    "SIADL": 0.06878306878306878,
    "SIADR": 0.07219827586206896,
    "SIAVL": 0.07575757575757576,
    "SIAVR": 0.09135802469135802,
    "SIBDL": 0.06126482213438735,
    "SIBDR": 0.11052631578947368,
    "SIBVL": 0.07452431289640592,
    "SIBVR": 0.0715736040609137,
    "SMBDL": 0.09697933227344992,
    "SMBDR": 0.07605421686746988,
    "SMBVL": 0.0803769401330377,
    "SMBVR": 0.07444444444444444,
    "SMDDL": 0.07,
    "SMDDR": 0.07293497363796134,
    "SMDVL": 0.06950880444856349,
    "SMDVR": 0.07931354359925788,
    "URADL": 0.06944444444444445,