{
  "clustering_coefficients": {
    "ADAL": 0.08202511773940345,
    "ADAR": 0.07027300303336703,
    "ADEL": 0.07630878438331855,
    "ADER": 0.07505285412262157,
    "ADFL": 0.09662398137369034,
    "ADFR": 0.076,
    "ADLL": 0.07432432432432433,
    "ADLR": 0.06231003039513678,
    "AFDL": 0.06566820276497695,
    "AFDR": 0.10583941605839416,
    "AIAL": 0.06490952006294257,
    "AIAR": 0.08600337268128162,
    "AIBL": 0.08358570563294973,
    "AIBR": 0.07692307692307693,
    "AIML": 0.07394957983193277,
    "AIMR": 0.07631160572337042,
    "AINL": 0.07023411371237458,
    "AINR": 0.0891583452211127,
    "AIYL": 0.06573275862068965,
    "AIYR": 0.07866379310344827,
    "AIZL": 0.07242225859247135,
    "AIZR": 0.059869375907111756,
    "ALA": 0.08695652173913043,
    "ALML": 0.07758620689655173,
    "ALMR": 0.11594202898550725,
    "ALNL": 0.1,
    "ALNR": 0.07571428571428572,
    "AQR": 0.0962566844919786,
    "AS1": 0.0670995670995671,
    "AS10": 0.0761904761904762,
    "AS11": 0.08125,
    "AS2": 0.06172839506172839,
    "AS3": 0.09523809523809523,
    "AS4": 0.14761904761904762,
    "AS5": 0.09064327485380116,
    "AS6": 0.08333333333333333,
    "AS7": 0.1527777777777778,
    "AS8": 0.017857142857142856,
    "AS9": 0.017857142857142856,
    "ASEL": 0.08288770053475936,
    "ASER": 0.09168704156479218,
    "ASGL": 0.06985294117647059,
    "ASGR": 0.0839080459770115,
    "ASHL": 0.08248987854251012,
    "ASHR": 0.06436487638533675,
    "ASIL": 0.09,
    "ASIR": 0.08187134502923976,
    "ASJL": 0.06515957446808511,
    "ASJR": 0.14285714285714285,
    "ASKL": 0.06428571428571428,
    "ASKR": 0.08669354838709678,
    "AUAL": 0.06363636363636363,
    "AUAR": 0.0873015873015873,
    "AVAL": 0.046987951807228916,
    "AVAR": 0.07083906464924347,
    "AVBL": 0.06581139620126625,
    "AVBR": 0.07337662337662337,
    "AVDL": 0.06380208333333333,
    "AVDR": 0.07228017883755589,
    "AVEL": 0.06767822736030829,
    "AVER": 0.05753490611458835,
    "AVFL": 0.07662463627546072,
    "AVFR": 0.08108108108108109,
    "AVG": 0.06587202007528231,
    "AVHL": 0.085896309314587,
    "AVHR": 0.07529821073558648,
    "AVJL": 0.06174089068825911,
    "AVJR": 0.07247899159663866,
    "AVKL": 0.08040364583333333,
    "AVKR": 0.07946210268948656,
    "AVL": 0.07737148913619502,
    "AVM": 0.059907834101382486,
    "AWAL": 0.075,
    "AWAR": 0.07,
    "AWBL": 0.08018154311649017,
    "AWBR": 0.0623342175066313,
    "AWCL": 0.07178217821782178,
    "AWCR": 0.08838383838383838,
    "BAGL": 0.07604562737642585,
    "BAGR": 0.06909090909090909,
    "BDUL": 0.07142857142857142,
    "BDUR": 0.07905138339920949,
    "CANL": 0.0,
    "CANR": 0.0,
    "CEPDL": 0.089798087141339,
    "CEPDR": 0.08487874465049929,
    "CEPVL": 0.10025706940874037,
    "CEPVR": 0.06435185185185185,
    "DA1": 0.08796296296296297,
    "DA2": 0.07040998217468805,
    "DA3": 0.09006928406466513,
    "DA4": 0.11272727272727273,
    "DA5": 0.07666666666666666,
    "DA6": 0.1076923076923077,
    "DA7": 0.08994708994708994,
    "DA8": 0.08302808302808302,
    "DA9": 0.07378048780487804,
    "DB1": 0.07636363636363637,
    "DB2": 0.1021671826625387,
    "DB3": 0.09792993630573249,
    "DB4": 0.13157894736842105,
    "DB5": 0.0935672514619883,
    "DB6": 0.07037037037037037,
    "DB7": 0.07800387596899225,
    "DD1": 0.07297297297297298,
    "DD2": 0.08004926108374384,
    "DD3": 0.0735930735930736,
    "DD4": 0.12727272727272726,
    "DD5": 0.1349206349206349,
    "DD6": 0.06646341463414634,
    "DVA": 0.07385585091805974,
    "DVB": 0.08021390374331551,
    "DVC": 0.07446091644204851,
    "FLPL": 0.0816464237516869,
    "FLPR": 0.08160919540229886,
    "HSNL": 0.08542246982358404,
    "HSNR": 0.08393939393939394,
    "I1L": 0.07971014492753623,
    "I1R": 0.08157894736842106,
    "I2L": 0.1023391812865497,
    "I2R": 0.07142857142857142,
    "I3": 0.09288537549407115,
    "I4": 0.08695652173913043,
    "I5": 0.08165322580645161,
    "I6": 0.046153846153846156,
    "IL1DL": 0.09740259740259741,
    "IL1DR": 0.07407407407407407,
    "IL1L": 0.1,
    "IL1R": 0.07010135135135136,
    "IL1VL": 0.08974358974358974,
    "IL1VR": 0.09191176470588236,
    "IL2DL": 0.06727272727272728,
    "IL2DR": 0.11264822134387352,
    "IL2L": 0.06388888888888888,
    "IL2R": 0.10960591133004927,
    "IL2VL": 0.09340659340659341,
    "IL2VR": 0.08134920634920635,
    "LUAL": 0.07373271889400922,
    "LUAR": 0.07767857142857143,
    "M1": 0.058333333333333334,
    "M2L": 0.08552631578947369,
    "M2R": 0.03235294117647059,
    "M3L": 0.06593406593406594,
    "M3R": 0.08225108225108226,
    "M4": 0.08893280632411067,
    "M5": 0.08333333333333333,
    "MCL": 0.06666666666666667,
    "MCR": 0.08225108225108226,
    "MI": 0.08153846153846153,
    "NSML": 0.10789473684210527,
    "NSMR": 0.08157894736842106,
    "OLLL": 0.08836206896551724,
    "OLLR": 0.07393790849673203,
    "OLQDL": 0.08373205741626795,
    "OLQDR": 0.07017543859649122,
    "OLQVL": 0.049783549783549784,
    "OLQVR": 0.07027649769585254,
    "PDA": 0.04285714285714286,
    "PDB": 0.08950617283950617,
    "PDEL": 0.06521739130434782,
    "PDER": 0.09511784511784512,
    "PHAL": 0.06653992395437262,
    "PHAR": 0.06938559322033898,
    "PHBL": 0.09281842818428185,
    "PHBR": 0.07510148849797023,
    "PHCL": 0.0718954248366013,
    "PHCR": 0.08755760368663594,
    "PLML": 0.09615384615384616,
    "PLMR": 0.15966386554621848,
    "PLNL": 0.08236808236808237,
    "PLNR": 0.08008658008658008,
    "PQR": 0.0955128205128205,
    "PVCL": 0.07020913358941527,
    "PVCR": 0.06299676184869002,
    "PVDL": 0.07866379310344827,
    "PVDR": 0.07957559681697612,
    "PVM": 0.05980861244019139,
    "PVNL": 0.08256029684601113,
    "PVNR": 0.06518691588785047,
    "PVPL": 0.06221484861053505,
    "PVPR": 0.08012568735271014,
    "PVQL": 0.07706093189964158,
    "PVQR": 0.06830601092896176,
    "PVR": 0.07864357864357864,
    "PVT": 0.07333333333333333,
    "PVWL": 0.08262108262108261,
    "PVWR": 0.08064516129032258,
    "RIAL": 0.0776215582893966,
    "RIAR": 0.07845084409136048,
    "RIBL": 0.0693033381712627,
    "RIBR": 0.08,
    "RICL": 0.06745098039215686,
    "RICR": 0.09284497444633731,
    "RID": 0.09259259259259259,
    "RIFL": 0.07454545454545454,
    "RIFR": 0.08598726114649681,
    "RIGL": 0.08053221288515407,
    "RIGR": 0.06892067620286085,
    "RIH": 0.07479572595851666,
    "RIML": 0.06996487119437939,
    "RIMR": 0.05341712490180676,
    "RIPL": 0.08333333333333333,
    "RIPR": 0.08768971332209106,
    "RIR": 0.08261933904528763,
    "RIS": 0.08060556464811784,
    "RIVL": 0.0777988614800759,
    "RIVR": 0.07142857142857142,
    "RMDDL": 0.059371362048894066,
    "RMDDR": 0.05555555555555555,
    "RMDL": 0.07930809399477806,
    "RMDR": 0.07226107226107226,
    "RMDVL": 0.06818181818181818,
    "RMDVR": 0.07634032634032634,
    "RMED": 0.0625,
    "RMEL": 0.06719367588932806,
    "RMER": 0.07264957264957266,
    "RMEV": 0.0871951219512195,
    "RMFL": 0.06896551724137931,
    "RMFR": 0.07037037037037037,
    "RMGL": 0.06275303643724696,
    "RMGR": 0.055424528301886794,
    "RMHL": 0.08796296296296297,
    "RMHR": 0.07294429708222812,
    "SAADL": 0.0861244019138756,
    "SAADR": 0.07814407814407814,
    "SAAVL": 0.08202567760342368,
    "SAAVR": 0.06282051282051282,
    "SABD": 0.0875,
    "SABVL": 0.0784313725490196,
    "SABVR": 0.06985294117647059,
    "SDQL": 0.0625,
    "SDQR": 0.08057228915662651,
    "SIADL": 0.08597883597883597,
    "SIADR": 0.08412698412698413,
    "SIAVL": 0.07736720554272518,
    "SIAVR": 0.07142857142857142,
    "SIBDL": 0.08641975308641975,
    "SIBDR": 0.06259426847662142,
    "SIBVL": 0.08571428571428572,
    "SIBVR": 0.0831081081081081,
    "SMBDL": 0.061585365853658536,
    "SMBDR": 0.07142857142857142,
    "SMBVL": 0.08214285714285714,
    "SMBVR": 0.07231588287488909,
    "SMDDL": 0.07525252525252525,
    "SMDDR": 0.062111801242236024,
    "SMDVL": 0.07540983606557378,
    "SMDVR": 0.08600770218228498,