{
  "clustering_coefficients": {
    "ADAL": 0.05789473684210526,
    "ADAR": 0.08333333333333333,
    "ADEL": 0.08673469387755102,
    "ADER": 0.0782312925170068,
    "ADFL": 0.07074721780604133,
    "ADFR": 0.07034412955465587,
    "ADLL": 0.04550499445061043,
    "ADLR": 0.06587837837837837,
    "AFDL": 0.08222811671087533,
    "AFDR": 0.07833333333333334,
    "AIAL": 0.08677248677248678,
    "AIAR": 0.08907563025210084,
    "AIBL": 0.06095176010430248,
    "AIBR": 0.07107709130672499,
    "AIML": 0.06677265500794913,
    "AIMR": 0.07756024096385543,
    "AINL": 0.0992063492063492,
    "AINR": 0.08502024291497975,
    "AIYL": 0.097926267281106,
    "AIYR": 0.08269230769230769,
    "AIZL": 0.07761437908496732,
    "AIZR": 0.06651884700665188,
    "ALA": 0.12867647058823528,
    "ALML": 0.07732558139534884,
    "ALMR": 0.08753315649867374,
    "ALNL": 0.08333333333333333,
    "ALNR": 0.07530864197530865,
    "AQR": 0.0811965811965812,
    "AS1": 0.09364548494983277,
    "AS10": 0.08377896613190731,
    "AS11": 0.08139534883720931,
    "AS2": 0.06333333333333334,
    "AS3": 0.08928571428571429,
    "AS4": 0.03308823529411765,
    "AS5": 0.0661764705882353,
    "AS6": 0.06535947712418301,
    "AS7": 0.07142857142857142,
    "AS8": 0.07142857142857142,
    "AS9": 0.16666666666666666,
    "ASEL": 0.06616541353383458,
    "ASER": 0.09415121255349501,
    "ASGL": 0.04363636363636364,
    "ASGR": 0.08279569892473118,
    "ASHL": 0.07681365576102418,
    "ASHR": 0.08424242424242424,
    "ASIL": 0.12128712871287128,
    "ASIR": 0.06349206349206349,
    "ASJL": 0.10666666666666667,
    "ASJR": 0.1,
    "ASKL": 0.06842105263157895,
    "ASKR": 0.07543103448275862,
    "AUAL": 0.0797979797979798,
    "AUAR": 0.09659090909090909,
    "AVAL": 0.06507984332630311,
    "AVAR": 0.07115032080659946,
    "AVBL": 0.0732496194824962,
    "AVBR": 0.0710017574692443,
    "AVDL": 0.07582184517497349,
    "AVDR": 0.07861302276336686,
    "AVEL": 0.0654945054945055,
    "AVER": 0.06282552083333333,
    "AVFL": 0.07401989467524868,
    "AVFR": 0.10033726812816189,
    "AVG": 0.08810143042912874,
    "AVHL": 0.07149735194992778,
    "AVHR": 0.06970784213223988,
    "AVJL": 0.06430155210643015,
    "AVJR": 0.08251748251748252,
    "AVKL": 0.07467177242888402,
    "AVKR": 0.07877664504170528,
    "AVL": 0.074800290486565,
    "AVM": 0.09814323607427056,
    "AWAL": 0.08095238095238096,
    "AWAR": 0.06680161943319839,
    "AWBL": 0.07055555555555555,
    "AWBR": 0.07047619047619047,
    "AWCL": 0.08217592592592593,
    "AWCR": 0.08195488721804511,
    "BAGL": 0.07142857142857142,
    "BAGR": 0.09307359307359307,
    "BDUL": 0.08666666666666667,
    "BDUR": 0.07797029702970297,
    "CANL": 0.0,
    "CANR": 0.0,
    "CEPDL": 0.0639481000926784,
    "CEPDR": 0.0920303605313093,
    "CEPVL": 0.08581081081081081,
    "CEPVR": 0.0763000852514919,
    "DA1": 0.07114624505928854,
    "DA2": 0.0654320987654321,
    "DA3": 0.06551724137931035,
    "DA4": 0.08333333333333333,
    "DA5": 0.08428571428571428,
    "DA6": 0.06043956043956044,
    "DA7": 0.08095238095238096,
    "DA8": 0.08664955070603338,
    "DA9": 0.08751608751608751,
    "DB1": 0.09325396825396826,
    "DB2": 0.09125188536953242,
    "DB3": 0.08460076045627377,
    "DB4": 0.07373737373737374,
    "DB5": 0.0889423076923077,
    "DB6": 0.06986899563318777,
    "DB7": 0.07807807807807808,
    "DD1": 0.06616541353383458,
    "DD2": 0.06727272727272728,
    "DD3": 0.08796296296296297,
    "DD4": 0.07083333333333333,
    "DD5": 0.11403508771929824,
    "DD6": 0.06311111111111112,
    "DVA": 0.06092206366630077,
    "DVB": 0.05198019801980198,
    "DVC": 0.07472384665367121,
    "FLPL": 0.08862876254180602,
    "FLPR": 0.08568548387096774,
    "HSNL": 0.04691516709511568,
    "HSNR": 0.07899686520376176,
    "I1L": 0.09523809523809523,
    "I1R": 0.10912698412698413,
    "I2L": 0.08169934640522876,
    "I2R": 0.058,
    "I3": 0.07258064516129033,
    "I4": 0.11436170212765957,
    "I5": 0.08994708994708994,
    "I6": 0.09615384615384616,
    "IL1DL": 0.039473684210526314,
    "IL1DR": 0.08465608465608465,
    "IL1L": 0.09740259740259741,
    "IL1R": 0.06357758620689655,
    "IL1VL": 0.07246376811594203,
    "IL1VR": 0.07671957671957672,
    "IL2DL": 0.11904761904761904,
    "IL2DR": 0.10661764705882353,
    "IL2L": 0.07669172932330827,
    "IL2R": 0.03463203463203463,
    "IL2VL": 0.06907894736842106,
    "IL2VR": 0.10363636363636364,
    "LUAL": 0.07866379310344827,
    "LUAR": 0.07989690721649484,
    "M1": 0.057692307692307696,
    "M2L": 0.09090909090909091,
    "M2R": 0.05303030303030303,
    "M3L": 0.09210526315789473,
    "M3R": 0.09330143540669857,
    "M4": 0.07294429708222812,
    "M5": 0.07142857142857142,
    "MCL": 0.10714285714285714,
    "MCR": 0.14814814814814814,
    "MI": 0.07173913043478261,
    "NSML": 0.08095238095238096,
    "NSMR": 0.09285714285714286,
    "OLLL": 0.08315334773218143,
    "OLLR": 0.0851063829787234,
    "OLQDL": 0.07122507122507123,
    "OLQDR": 0.10106382978723404,
    "OLQVL": 0.07974137931034483,
    "OLQVR": 0.06806930693069307,
    "PDA": 0.10869565217391304,
    "PDB": 0.08421052631578947,
    "PDEL": 0.08355437665782493,
    "PDER": 0.095,
    "PHAL": 0.082010582010582,
    "PHAR": 0.07741935483870968,
    "PHBL": 0.0960591133004926,
    "PHBR": 0.08079847908745247,
    "PHCL": 0.09523809523809523,
    "PHCR": 0.09907834101382489,
    "PLML": 0.09064327485380116,
    "PLMR": 0.06593406593406594,
    "PLNL": 0.10396825396825397,
    "PLNR": 0.057692307692307696,
    "PQR": 0.07058823529411765,
    "PVCL": 0.0700218818380744,
    "PVCR": 0.07136237256719184,
    "PVDL": 0.0915032679738562,
    "PVDR": 0.04523809523809524,
    "PVM": 0.05851063829787234,
    "PVNL": 0.06215213358070501,
    "PVNR": 0.07117750439367311,
    "PVPL": 0.06825619448340346,
    "PVPR": 0.06871345029239766,
    "PVQL": 0.07894736842105263,
    "PVQR": 0.06580166821130677,
    "PVR": 0.07054945054945055,
    "PVT": 0.06966145833333333,
    "PVWL": 0.07777777777777778,
    "PVWR": 0.06788793103448276,
    "RIAL": 0.06430363864491845,
    "RIAR": 0.05774783445620789,
    "RIBL": 0.06473649967469096,
    "RIBR": 0.05997304582210242,
    "RICL": 0.07036535859269283,
    "RICR": 0.06590136054421769,
    "RID": 0.07153614457831325,
    "RIFL": 0.0707070707070707,
    "RIFR": 0.062162162162162166,
    "RIGL": 0.0712962962962963,
    "RIGR": 0.06905660377358491,
    "RIH": 0.08221181977764774,
    "RIML": 0.08601521357519017,
    "RIMR": 0.06654111738857502,
    "RIPL": 0.06559139784946237,
    "RIPR": 0.08134920634920635,
    "RIR": 0.06918687589158345,
    "RIS": 0.08496978851963746,
    "RIVL": 0.09778225806451613,
    "RIVR": 0.06436781609195402,
    "RMDDL": 0.07957957957957958,
    "RMDDR": 0.10670731707317073,
    "RMDL": 0.08544509421702404,
    "RMDR": 0.0708502024291498,
    "RMDVL": 0.0837962962962963,
    "RMDVR": 0.065149136577708,
    "RMED": 0.07232142857142858,
    "RMEL": 0.07407407407407407,
    "RMER": 0.07509881422924901,
    "RMEV": 0.10095389507154214,
    "RMFL": 0.09778225806451613,
    "RMFR": 0.08403361344537816,
    "RMGL": 0.06794972505891594,
    "RMGR": 0.07334785766158315,
    "RMHL": 0.05267857142857143,
    "RMHR": 0.08660714285714285,
    "SAADL": 0.08080808080808081,
    "SAADR": 0.06875,
    "SAAVL": 0.06473594548551959,
    "SAAVR": 0.09408602150537634,
    "SABD": 0.06896551724137931,
    "SABVL": 0.09523809523809523,
    "SABVR": 0.07762096774193548,
    "SDQL": 0.08888888888888889,
    "SDQR": 0.07736943907156674,
    "SIADL": 0.06745362563237774,
    "SIADR": 0.08333333333333333,
    "SIAVL": 0.08377659574468085,
    "SIAVR": 0.08838383838383838,
    "SIBDL": 0.08505747126436781,
    "SIBDR": 0.09076923076923077,
    "SIBVL": 0.07918367346938776,
    "SIBVR": 0.0804054054054054,
    "SMBDL": 0.0837028824833703,
    "SMBDR": 0.07063492063492063,
    "SMBVL": 0.08669354838709678,
    "SMBVR": 0.08246225319396051,
    "SMDDL": 0.07107843137254902,
    "SMDDR": 0.05672268907563025,