{
  "clustering_coefficients": {
    "ADAL": 0.0821256038647343,
    "ADAR": 0.0652753108348135,
    "ADEL": 0.08518877057115198,
    "ADER": 0.08411949685534591,
    "ADFL": 0.06984126984126984,
    "ADFR": 0.07227022780832679,
    "ADLL": 0.06630581867388363,
    "ADLR": 0.06797706797706797,
    "AFDL": 0.07053571428571428,
    "AFDR": 0.12248322147651007,
    "AIAL": 0.08917197452229299,
    "AIAR": 0.07010135135135136,
    "AIBL": 0.058823529411764705,
    "AIBR": 0.07759784075573549,
    "AIML": 0.1,
    "AIMR": 0.0809108527131783,
    "AINL": 0.05952380952380952,
    "AINR": 0.0707070707070707,
    "AIYL": 0.0665024630541872,
    "AIYR": 0.10857142857142857,
    "AIZL": 0.10277777777777777,
    "AIZR": 0.07380952380952381,
    "ALA": 0.11,
    "ALML": 0.09910913140311804,
    "ALMR": 0.039473684210526314,
    "ALNL": 0.02564102564102564,
    "ALNR": 0.05844155844155844,
    "AQR": 0.08168028004667445,
    "AS1": 0.06363636363636363,
    "AS10": 0.06277056277056277,
    "AS11": 0.08164983164983165,
    "AS2": 0.047619047619047616,
    "AS3": 0.09166666666666666,
    "AS4": 0.09486166007905138,
    "AS5": 0.044444444444444446,
    "AS6": 0.08888888888888889,
    "AS7": 0.10909090909090909,
    "AS8": 0.15555555555555556,
    "AS9": 0.13333333333333333,
    "ASEL": 0.06951871657754011,
    "ASER": 0.06620209059233449,
    "ASGL": 0.06578947368421052,
    "ASGR": 0.07739938080495357,
    "ASHL": 0.08374083129584352,
    "ASHR": 0.06472727272727273,
    "ASIL": 0.056818181818181816,
    "ASIR": 0.11764705882352941,
    "ASJL": 0.11004784688995216,
    "ASJR": 0.09615384615384616,
    "ASKL": 0.08571428571428572,
    "ASKR": 0.08468834688346884,
    "AUAL": 0.0794912559618442,
    "AUAR": 0.0907258064516129,
    "AVAL": 0.06471291866028708,
    "AVAR": 0.06184094903339191,
    "AVBL": 0.06493506493506493,
    "AVBR": 0.07090986757795814,
    "AVDL": 0.06738391845979615,
    "AVDR": 0.06319485078993564,
    "AVEL": 0.06820843091334895,
    "AVER": 0.07122093023255814,
    "AVFL": 0.08433734939759036,
    "AVFR": 0.08249158249158249,
    "AVG": 0.06658291457286432,
    "AVHL": 0.0736986301369863,
    "AVHR": 0.0668328047122791,
    "AVJL": 0.07788267026298044,
    "AVJR": 0.06562137049941928,
    "AVKL": 0.07494703389830508,
    "AVKR": 0.0710128055878929,
    "AVL": 0.0715909090909091,
    "AVM": 0.08850574712643679,
    "AWAL": 0.09210526315789473,
    "AWAR": 0.06734006734006734,
    "AWBL": 0.05966386554621849,
    "AWBR": 0.07862903225806452,
    "AWCL": 0.09753787878787878,
    "AWCR": 0.05172413793103448,
    "BAGL": 0.05892857142857143,
    "BAGR": 0.055,
    "BDUL": 0.09473684210526316,
    "BDUR": 0.06797235023041474,
    "CANL": 0.0,
    "CANR": 0.0,
    "CEPDL": 0.07817220543806647,
    "CEPDR": 0.07678571428571429,
    "CEPVL": 0.08492063492063492,
    "CEPVR": 0.075,
    "DA1": 0.08333333333333333,
    "DA2": 0.10969793322734499,
    "DA3": 0.07647058823529412,
    "DA4": 0.07559681697612732,
    "DA5": 0.057971014492753624,
    "DA6": 0.0761904761904762,
    "DA7": 0.08465608465608465,
    "DA8": 0.09942716857610474,
    "DA9": 0.09186046511627907,
    "DB1": 0.06037151702786378,
    "DB2": 0.07102272727272728,
    "DB3": 0.08095238095238096,
    "DB4": 0.08851674641148326,
    "DB5": 0.04779411764705882,
    "DB6": 0.06842105263157895,
    "DB7": 0.09401709401709402,
    "DD1": 0.07196969696969698,
    "DD2": 0.08686868686868687,
    "DD3": 0.09411764705882353,
    "DD4": 0.07309941520467836,
    "DD5": 0.07916666666666666,
    "DD6": 0.052941176470588235,
    "DVA": 0.05357142857142857,
    "DVB": 0.05785714285714286,
    "DVC": 0.05754088431253786,
    "FLPL": 0.08497536945812807,
    "FLPR": 0.10084033613445378,
    "HSNL": 0.07252888318356868,
    "HSNR": 0.07187696170747018,
    "I1L": 0.07390300230946882,
    "I1R": 0.08333333333333333,
    "I2L": 0.051587301587301584,
    "I2R": 0.09006734006734007,
    "I3": 0.12867647058823528,
    "I4": 0.08260869565217391,
    "I5": 0.07407407407407407,
    "I6": 0.1111111111111111,
    "IL1DL": 0.08753315649867374,
    "IL1DR": 0.06262626262626263,
    "IL1L": 0.09259259259259259,
    "IL1R": 0.07294429708222812,
    "IL1VL": 0.06465517241379311,
    "IL1VR": 0.06719367588932806,
    "IL2DL": 0.08823529411764706,
    "IL2DR": 0.07575757575757576,
    "IL2L": 0.06160714285714286,
    "IL2R": 0.07857142857142857,
    "IL2VL": 0.13333333333333333,
    "IL2VR": 0.10173160173160173,
    "LUAL": 0.06105990783410138,
    "LUAR": 0.07327586206896551,
    "M1": 0.06878306878306878,
    "M2L": 0.07916666666666666,
    "M2R": 0.12087912087912088,
    "M3L": 0.06725146198830409,
    "M3R": 0.08088235294117647,
    "M4": 0.058823529411764705,
    "M5": 0.06666666666666667,
    "MCL": 0.023809523809523808,
    "MCR": 0.08928571428571429,
    "MI": 0.1020066889632107,
    "NSML": 0.060526315789473685,
    "NSMR": 0.07571428571428572,
    "OLLL": 0.06049382716049383,
    "OLLR": 0.07948179271708683,
    "OLQDL": 0.0830945558739255,
    "OLQDR": 0.06160714285714286,
    "OLQVL": 0.061555075593952485,
    "OLQVR": 0.07266009852216748,
    "PDA": 0.0718954248366013,
    "PDB": 0.06432748538011696,
    "PDEL": 0.06714285714285714,
    "PDER": 0.05555555555555555,
    "PHAL": 0.1,
    "PHAR": 0.11234567901234568,
    "PHBL": 0.0706618962432916,
    "PHBR": 0.08597883597883597,
    "PHCL": 0.06060606060606061,
    "PHCR": 0.07428571428571429,
    "PLML": 0.08888888888888889,
    "PLMR": 0.08095238095238096,
    "PLNL": 0.05295566502463054,
    "PLNR": 0.052884615384615384,
    "PQR": 0.09523809523809523,
    "PVCL": 0.08209247648902822,
    "PVCR": 0.07142857142857142,
    "PVDL": 0.08094435075885328,
    "PVDR": 0.07161803713527852,
    "PVM": 0.07894736842105263,
    "PVNL": 0.06473649967469096,
    "PVNR": 0.06245105716523101,
    "PVPL": 0.06875,
    "PVPR": 0.07106208311954848,
    "PVQL": 0.06048906048906049,
    "PVQR": 0.057254391672088484,
    "PVR": 0.06215292609995728,
    "PVT": 0.06296296296296296,
    "PVWL": 0.09846153846153846,
    "PVWR": 0.08862433862433862,
    "RIAL": 0.06286337209302326,
    "RIAR": 0.0797872340425532,
    "RIBL": 0.05162116040955631,
    "RIBR": 0.06822316555488174,
    "RICL": 0.08037735849056604,
    "RICR": 0.07361111111111111,
    "RID": 0.07224334600760456,
    "RIFL": 0.07,
    "RIFR": 0.07509627727856226,
    "RIGL": 0.06009811937857727,
    "RIGR": 0.06747638326585695,
    "RIH": 0.07742355237475602,
    "RIML": 0.07415005861664713,
    "RIMR": 0.06515867656988521,
    "RIPL": 0.08049242424242424,
    "RIPR": 0.05454545454545454,
    "RIR": 0.06716981132075471,
    "RIS": 0.0812743823146944,
    "RIVL": 0.0660828025477707,
    "RIVR": 0.0868945868945869,
    "RMDDL": 0.09004237288135593,
    "RMDDR": 0.06349206349206349,
    "RMDL": 0.07268518518518519,
    "RMDR": 0.07848443843031123,
    "RMDVL": 0.08712121212121213,
    "RMDVR": 0.07389937106918239,
    "RMED": 0.09191919191919191,
    "RMEL": 0.06666666666666667,
    "RMER": 0.08050847457627118,
    "RMEV": 0.06691729323308271,
    "RMFL": 0.10344827586206896,
    "RMFR": 0.08095238095238096,
    "RMGL": 0.06900584795321638,
    "RMGR": 0.0751953125,
    "RMHL": 0.06831831831831832,
    "RMHR": 0.09243697478991597,
    "SAADL": 0.08598726114649681,
    "SAADR": 0.08207217694994179,
    "SAAVL": 0.09789156626506024,
    "SAAVR": 0.10342368045649072,
    "SABD": 0.06862745098039216,
    "SABVL": 0.11818181818181818,
    "SABVR": 0.09523809523809523,
    "SDQL": 0.11148648648648649,
    "SDQR": 0.08159392789373814,
    "SIADL": 0.07114624505928854,
    "SIADR": 0.07507507507507508,
    "SIAVL": 0.09186746987951808,
    "SIAVR": 0.09545983701979045,
    "SIBDL": 0.09454545454545454,
    "SIBDR": 0.09,
    "SIBVL": 0.060503388189738626,
    "SIBVR": 0.07436182019977802,
    "SMBDL": 0.07702182284980745,
    "SMBDR": 0.07256778309409888,
    "SMBVL": 0.0647607934655776,
    "SMBVR": 0.05982905982905983,
    "SMDDL": 0.06331699346405228,
    "SMDDR": 0.070873786407767,
    "SMDVL": 0.07053571428571428,