{
  "clustering_coefficients": {
    "ADAL": 0.1059322033898305,
    "ADAR": 0.08984830805134189,
    "ADEL": 0.07880844645550528,
    "ADER": 0.07509157509157509,
    "ADFL": 0.06430155210643015,
    "ADFR": 0.06231117824773414,
    "ADLL": 0.06992230854605994,
    "ADLR": 0.0710506424792139,
    "AFDL": 0.1037593984962406,
    "AFDR": 0.055,
    "AIAL": 0.07187222715173026,
    "AIAR": 0.08597883597883597,
    "AIBL": 0.07307692307692308,
    "AIBR": 0.07012048192771084,
    "AIML": 0.0668103448275862,
    "AIMR": 0.07702182284980745,
    "AINL": 0.08498023715415019,
    "AINR": 0.09006734006734007,
    "AIYL": 0.08974358974358974,
    "AIYR": 0.07181571815718157,
    "AIZL": 0.05121951219512195,
    "AIZR": 0.059233449477351915,
    "ALA": 0.07427536231884058,
    "ALML": 0.05087440381558029,
    "ALMR": 0.10666666666666667,
    "ALNL": 0.03205128205128205,
    "ALNR": 0.06842105263157895,
    "AQR": 0.0737791932059448,
    "AS1": 0.09472049689440994,
    "AS10": 0.07258064516129033,
    "AS11": 0.08186738836265223,
    "AS2": 0.09166666666666666,
    "AS3": 0.03636363636363636,
    "AS4": 0.07368421052631578,
    "AS5": 0.07407407407407407,
    "AS6": 0.16666666666666666,
    "AS7": 0.1,
    "AS8": 0.03333333333333333,
    "AS9": 0.11904761904761904,
    "ASEL": 0.09190231362467867,
    "ASER": 0.07387057387057387,
    "ASGL": 0.09926470588235294,
    "ASGR": 0.08260869565217391,
    "ASHL": 0.07716701902748414,
    "ASHR": 0.07060390763765542,
    "ASIL": 0.0840080971659919,
    "ASIR": 0.09937888198757763,
    "ASJL": 0.0584045584045584,
    "ASJR": 0.10606060606060606,
    "ASKL": 0.05952380952380952,
    "ASKR": 0.0903041825095057,
    "AUAL": 0.08734939759036145,
    "AUAR": 0.08571428571428572,
    "AVAL": 0.06437625083388926,
    "AVAR": 0.05932762030323006,
    "AVBL": 0.06545166402535657,
    "AVBR": 0.06889452011403231,
    "AVDL": 0.05993852459016393,
    "AVDR": 0.07842582106455266,
    "AVEL": 0.07357102433503113,
    "AVER": 0.06411945542380325,
    "AVFL": 0.07795957651588066,
    "AVFR": 0.07628205128205129,
    "AVG": 0.06868489583333333,
    "AVHL": 0.07365145228215768,
    "AVHR": 0.07586705202312138,
    "AVJL": 0.06286379511059371,
    "AVJR": 0.06967787114845939,
    "AVKL": 0.07114427860696518,
    "AVKR": 0.07672706681766704,
    "AVL": 0.08714596949891068,
    "AVM": 0.10081585081585082,
    "AWAL": 0.061764705882352944,
    "AWAR": 0.07543103448275862,
    "AWBL": 0.07264957264957266,
    "AWBR": 0.08021390374331551,
    "AWCL": 0.07680722891566265,
    "AWCR": 0.06351351351351352,
    "BAGL": 0.0865546218487395,
    "BAGR": 0.07636363636363637,
    "BDUL": 0.07941176470588235,
    "BDUR": 0.06277056277056277,
    "CANL": 0.0,
    "CANR": 0.0,
    "CEPDL": 0.07808667211774326,
    "CEPDR": 0.07224334600760456,
    "CEPVL": 0.10028449502133713,
    "CEPVR": 0.08653846153846154,
    "DA1": 0.0962962962962963,
    "DA2": 0.06153846153846154,
    "DA3": 0.06296296296296296,
    "DA4": 0.10952380952380952,
    "DA5": 0.051587301587301584,
    "DA6": 0.10714285714285714,
    "DA7": 0.08404558404558404,
    "DA8": 0.0821976149914821,
    "DA9": 0.09615384615384616,
    "DB1": 0.06833333333333333,
    "DB2": 0.09090909090909091,
    "DB3": 0.08417508417508418,
    "DB4": 0.08663366336633663,
    "DB5": 0.0797872340425532,
    "DB6": 0.09736842105263158,
    "DB7": 0.08428030303030302,
    "DD1": 0.08354755784061697,
    "DD2": 0.08,
    "DD3": 0.07368421052631578,
    "DD4": 0.07789855072463768,
    "DD5": 0.0718954248366013,
    "DD6": 0.07961783439490445,
    "DVA": 0.06842755637936361,
    "DVB": 0.08888888888888889,
    "DVC": 0.07052058111380145,
    "FLPL": 0.07936507936507936,
    "FLPR": 0.09274193548387097,
    "HSNL": 0.08536585365853659,
    "HSNR": 0.07115009746588694,
    "I1L": 0.10317460317460317,
    "I1R": 0.08333333333333333,
    "I2L": 0.11538461538461539,
    "I2R": 0.09239130434782608,
    "I3": 0.10148514851485149,
    "I4": 0.08947368421052632,
    "I5": 0.09333333333333334,
    "I6": 0.05303030303030303,
    "IL1DL": 0.08307692307692308,
    "IL1DR": 0.09009009009009009,
    "IL1L": 0.06739130434782609,
    "IL1R": 0.08225108225108226,
    "IL1VL": 0.09523809523809523,
    "IL1VR": 0.05952380952380952,
    "IL2DL": 0.12857142857142856,
    "IL2DR": 0.07065217391304347,
    "IL2L": 0.08755760368663594,
    "IL2R": 0.07230769230769231,
    "IL2VL": 0.06818181818181818,
    "IL2VR": 0.08021390374331551,
    "LUAL": 0.07905138339920949,
    "LUAR": 0.0635673624288425,
    "M1": 0.07352941176470588,
    "M2L": 0.09333333333333334,
    "M2R": 0.0625,
    "M3L": 0.0761904761904762,
    "M3R": 0.09047619047619047,
    "M4": 0.09285714285714286,
    "M5": 0.1,
    "MCL": 0.047619047619047616,
    "MCR": 0.0,
    "MI": 0.08994708994708994,
    "NSML": 0.06985294117647059,
    "NSMR": 0.10474308300395258,
    "OLLL": 0.08660714285714285,
    "OLLR": 0.07637997432605904,
    "OLQDL": 0.0787037037037037,
    "OLQDR": 0.0874384236453202,
    "OLQVL": 0.08226037195994278,
    "OLQVR": 0.045714285714285714,
    "PDA": 0.06613756613756613,
    "PDB": 0.09926470588235294,
    "PDEL": 0.07575757575757576,
    "PDER": 0.0742397137745975,
    "PHAL": 0.12121212121212122,
    "PHAR": 0.07180851063829788,
    "PHBL": 0.09012345679012346,
    "PHBR": 0.08238636363636363,
    "PHCL": 0.05533596837944664,
    "PHCR": 0.09866220735785954,
    "PLML": 0.08333333333333333,
    "PLMR": 0.1125,
    "PLNL": 0.08753315649867374,
    "PLNR": 0.08518518518518518,
    "PQR": 0.09611231101511879,
    "PVCL": 0.07584363514868026,
    "PVCR": 0.06478230337078651,
    "PVDL": 0.12280701754385964,
    "PVDR": 0.11952191235059761,
    "PVM": 0.08403361344537816,
    "PVNL": 0.07985480943738657,
    "PVNR": 0.08694605009633911,
    "PVPL": 0.07651715039577836,
    "PVPR": 0.06662269129287599,
    "PVQL": 0.0809108527131783,
    "PVQR": 0.07714701601164484,
    "PVR": 0.06209637357178341,
    "PVT": 0.0686402081977879,
    "PVWL": 0.060714285714285714,
    "PVWR": 0.06543385490753911,
    "RIAL": 0.06794538361508452,
    "RIAR": 0.06722972972972972,
    "RIBL": 0.06612685560053981,
    "RIBR": 0.08425925925925926,
    "RICL": 0.08259423503325942,
    "RICR": 0.07830687830687831,
    "RID": 0.10344827586206896,
    "RIFL": 0.06535947712418301,
    "RIFR": 0.08722222222222223,
    "RIGL": 0.0800376647834275,
    "RIGR": 0.07914572864321608,
    "RIH": 0.08732565191024863,
    "RIML": 0.07179987004548408,
    "RIMR": 0.06284367635506677,
    "RIPL": 0.1,
    "RIPR": 0.06904761904761905,
    "RIR": 0.06638297872340425,
    "RIS": 0.08798114689709348,
    "RIVL": 0.06803455723542116,
    "RIVR": 0.10539629005059022,
    "RMDDL": 0.09046454767726161,
    "RMDDR": 0.07219973009446694,
    "RMDL": 0.0831918505942275,
    "RMDR": 0.1032258064516129,
    "RMDVL": 0.075,
    "RMDVR": 0.06984478935698447,
    "RMED": 0.0754985754985755,
    "RMEL": 0.11031518624641834,
    "RMER": 0.08166666666666667,
    "RMEV": 0.07489878542510121,
    "RMFL": 0.07931034482758621,
    "RMFR": 0.10253456221198157,
    "RMGL": 0.0736318407960199,
    "RMGR": 0.0741222366710013,
    "RMHL": 0.07410714285714286,
    "RMHR": 0.07671957671957672,
    "SAADL": 0.06481481481481481,
    "SAADR": 0.07741935483870968,
    "SAAVL": 0.06723404255319149,
    "SAAVR": 0.08502024291497975,
    "SABD": 0.09788359788359788,
    "SABVL": 0.10784313725490197,
    "SABVR": 0.0761904761904762,
    "SDQL": 0.07530864197530865,
    "SDQR": 0.09593023255813954,
    "SIADL": 0.07846153846153846,
    "SIADR": 0.06439393939393939,
    "SIAVL": 0.07792207792207792,
    "SIAVR": 0.06072874493927125,
    "SIBDL": 0.08545454545454545,
    "SIBDR": 0.09898989898989899,
    "SIBVL": 0.0642512077294686,
    "SIBVR": 0.08592017738359202,
    "SMBDL": 0.07317073170731707,
    "SMBDR": 0.07154882154882154,
    "SMBVL": 0.08485958485958486,
    "SMBVR": 0.06666666666666667,
    "SMDDL": 0.0769835035349568,
    "SMDDR": 0.059098639455782316,
    "SMDVL": 0.07142857142857142,
    "SMDVR": 0.07513227513227513,