{
  "clustering_coefficients": {
    "ADAL": 0.0821976149914821,
    "ADAR": 0.05903271692745377,
    "ADEL": 0.08898305084745763,
    "ADER": 0.07212713936430318,
    "ADFL": 0.07807807807807808,
    "ADFR": 0.09222886421861656,
    "ADLL": 0.0778175313059034,
    "ADLR": 0.0672713529856387,
    "AFDL": 0.07588532883642496,
    "AFDR": 0.07427536231884058,
    "AIAL": 0.06933198380566802,
    "AIAR": 0.09681697612732096,
    "AIBL": 0.06740133264992311,
    "AIBR": 0.07751564756860857,
    "AIML": 0.08010118043844856,
    "AIMR": 0.06976744186046512,
    "AINL": 0.07053571428571428,
    "AINR": 0.08445532435740515,
    "AIYL": 0.08321479374110953,
    "AIYR": 0.08620689655172414,
    "AIZL": 0.08160703075957314,
    "AIZR": 0.05465587044534413,
    "ALA": 0.08260869565217391,
    "ALML": 0.0754985754985755,
    "ALMR": 0.09210526315789473,
    "ALNL": 0.09818181818181818,
    "ALNR": 0.0861244019138756,
    "AQR": 0.07539118065433854,
    "AS1": 0.10033444816053512,
    "AS10": 0.09454545454545454,
    "AS11": 0.06706753006475485,
    "AS2": 0.08488063660477453,
    "AS3": 0.07142857142857142,
    "AS4": 0.08428571428571428,
    "AS5": 0.08874458874458875,
    "AS6": 0.09090909090909091,
    "AS7": 0.13333333333333333,
    "AS8": 0.2,
    "AS9": 0.06818181818181818,
    "ASEL": 0.06836248012718601,
    "ASER": 0.07484076433121019,
    "ASGL": 0.08081896551724138,
    "ASGR": 0.10270700636942676,
    "ASHL": 0.06885593220338983,
    "ASHR": 0.08238851095993953,
    "ASIL": 0.06688963210702341,
    "ASIR": 0.08095238095238096,
    "ASJL": 0.07894736842105263,
    "ASJR": 0.2037037037037037,
    "ASKL": 0.075,
    "ASKR": 0.07087628865979381,
    "AUAL": 0.08299595141700405,
    "AUAR": 0.10666666666666667,
    "AVAL": 0.06531413612565445,
    "AVAR": 0.07216494845360824,
    "AVBL": 0.06920178143199726,
    "AVBR": 0.05603448275862069,
    "AVDL": 0.061987704918032786,
    "AVDR": 0.05561643835616439,
    "AVEL": 0.07030620467365029,
    "AVER": 0.07384859714134463,
    "AVFL": 0.07283018867924529,
    "AVFR": 0.07582184517497349,
    "AVG": 0.07522743177046885,
    "AVHL": 0.06435897435897436,
    "AVHR": 0.07404458598726114,
    "AVJL": 0.05153321976149915,
    "AVJR": 0.08266569555717407,
    "AVKL": 0.06278366111951589,
    "AVKR": 0.09006211180124224,
    "AVL": 0.0888819095477387,
    "AVM": 0.08547557840616966,
    "AWAL": 0.12083333333333333,
    "AWAR": 0.06236559139784946,
    "AWBL": 0.08509036144578314,
    "AWBR": 0.09696458684654301,
    "AWCL": 0.07711138310893513,
    "AWCR": 0.06336405529953917,
    "BAGL": 0.07474747474747474,
    "BAGR": 0.0777988614800759,
    "BDUL": 0.07309941520467836,
    "BDUR": 0.07664233576642336,
    "CANL": 0.0,
    "CANR": 0.0,
    "CEPDL": 0.09786821705426356,
    "CEPDR": 0.08660351826792964,
    "CEPVL": 0.1048951048951049,
    "CEPVR": 0.07407407407407407,
    "DA1": 0.08498023715415019,
    "DA2": 0.06134453781512605,
    "DA3": 0.0701058201058201,
    "DA4": 0.08488063660477453,
    "DA5": 0.0761904761904762,
    "DA6": 0.07941176470588235,
    "DA7": 0.06049382716049383,
    "DA8": 0.0753045404208195,
    "DA9": 0.07334963325183375,
    "DB1": 0.07311827956989247,
    "DB2": 0.10515873015873016,
    "DB3": 0.07657200811359026,
    "DB4": 0.0873015873015873,
    "DB5": 0.10326086956521739,
    "DB6": 0.09531772575250837,
    "DB7": 0.0884450784593438,
    "DD1": 0.07387057387057387,
    "DD2": 0.05982905982905983,
    "DD3": 0.07230769230769231,
    "DD4": 0.09868421052631579,
    "DD5": 0.06666666666666667,
    "DD6": 0.07563025210084033,
    "DVA": 0.06304842378940527,
    "DVB": 0.07539682539682539,
    "DVC": 0.07460815047021943,
    "FLPL": 0.06788793103448276,
    "FLPR": 0.10076045627376426,
    "HSNL": 0.09863364645602049,
    "HSNR": 0.07584635416666667,
    "I1L": 0.06926406926406926,
    "I1R": 0.09042553191489362,
    "I2L": 0.06666666666666667,
    "I2R": 0.07664233576642336,
    "I3": 0.1,
    "I4": 0.07142857142857142,
    "I5": 0.0802675585284281,
    "I6": 0.045454545454545456,
    "IL1DL": 0.09558823529411764,
    "IL1DR": 0.0765993265993266,
    "IL1L": 0.06,
    "IL1R": 0.06369426751592357,
    "IL1VL": 0.06689189189189189,
    "IL1VR": 0.10106382978723404,
    "IL2DL": 0.08134920634920635,
    "IL2DR": 0.08874458874458875,
    "IL2L": 0.08704453441295547,
    "IL2R": 0.08043478260869565,
    "IL2VL": 0.08193979933110368,
    "IL2VR": 0.10869565217391304,
    "LUAL": 0.09742120343839542,
    "LUAR": 0.08401400233372229,
    "M1": 0.07575757575757576,
    "M2L": 0.07720588235294118,
    "M2R": 0.07894736842105263,
    "M3L": 0.07516339869281045,
    "M3R": 0.09047619047619047,
    "M4": 0.08333333333333333,
    "M5": 0.09523809523809523,
    "MCL": 0.047619047619047616,
    "MCR": 0.08333333333333333,
    "MI": 0.08211678832116788,
    "NSML": 0.07894736842105263,
    "NSMR": 0.09090909090909091,
    "OLLL": 0.07767722473604827,
    "OLLR": 0.07407407407407407,
    "OLQDL": 0.08148148148148149,
    "OLQDR": 0.09881422924901186,
    "OLQVL": 0.10202020202020202,
    "OLQVR": 0.09615384615384616,
    "PDA": 0.07516339869281045,
    "PDB": 0.09047619047619047,
    "PDEL": 0.09472049689440994,
    "PDER": 0.07076923076923076,
    "PHAL": 0.07380952380952381,
    "PHAR": 0.07834757834757834,
    "PHBL": 0.09244264507422402,
    "PHBR": 0.10043196544276457,
    "PHCL": 0.0960591133004926,
    "PHCR": 0.060836501901140684,
    "PLML": 0.09523809523809523,
    "PLMR": 0.12878787878787878,
    "PLNL": 0.08497536945812807,
    "PLNR": 0.11538461538461539,
    "PQR": 0.08501683501683502,
    "PVCL": 0.06519316493313522,
    "PVCR": 0.07224898110411264,
    "PVDL": 0.082010582010582,
    "PVDR": 0.1331877729257642,
    "PVM": 0.04411764705882353,
    "PVNL": 0.0763888888888889,
    "PVNR": 0.07856532877882152,
    "PVPL": 0.07534246575342465,
    "PVPR": 0.06787595084844938,
    "PVQL": 0.07368421052631578,
    "PVQR": 0.08392539964476022,
    "PVR": 0.0764957264957265,
    "PVT": 0.06446540880503145,
    "PVWL": 0.09753086419753086,
    "PVWR": 0.09159482758620689,
    "RIAL": 0.06828885400313972,
    "RIAR": 0.07533286615276805,
    "RIBL": 0.06197033898305085,
    "RIBR": 0.06169925826028321,
    "RICL": 0.07460035523978685,
    "RICR": 0.08208955223880597,
    "RID": 0.06546489563567362,
    "RIFL": 0.09064327485380116,
    "RIFR": 0.07769145394006659,
    "RIGL": 0.08222222222222222,
    "RIGR": 0.07178683385579937,
    "RIH": 0.07095209217707701,
    "RIML": 0.05564648117839607,
    "RIMR": 0.06983805668016195,
    "RIPL": 0.07040998217468805,
    "RIPR": 0.10857142857142857,
    "RIR": 0.0663265306122449,
    "RIS": 0.07191489361702127,
    "RIVL": 0.06060606060606061,
    "RIVR": 0.07306590257879657,
    "RMDDL": 0.07422402159244265,
    "RMDDR": 0.09108159392789374,
    "RMDL": 0.07575757575757576,
    "RMDR": 0.07029339853300734,
    "RMDVL": 0.07756024096385543,
    "RMDVR": 0.080338266384778,
    "RMED": 0.056451612903225805,
    "RMEL": 0.06876790830945559,
    "RMER": 0.08658008658008658,
    "RMEV": 0.0891025641025641,
    "RMFL": 0.057245080500894455,
    "RMFR": 0.09523809523809523,
    "RMGL": 0.07788267026298044,
    "RMGR": 0.06431005110732538,
    "RMHL": 0.0677361853832442,
    "RMHR": 0.08465608465608465,
    "SAADL": 0.07471264367816093,
    "SAADR": 0.09317211948790896,
    "SAAVL": 0.07361702127659575,
    "SAAVR": 0.08374083129584352,
    "SABD": 0.09116809116809117,
    "SABVL": 0.09047619047619047,
    "SABVR": 0.1323529411764706,
    "SDQL": 0.07758620689655173,
    "SDQR": 0.06653225806451613,
    "SIADL": 0.08253968253968254,
    "SIADR": 0.06842105263157895,
    "SIAVL": 0.07920792079207921,
    "SIAVR": 0.08004926108374384,
    "SIBDL": 0.07142857142857142,
    "SIBDR": 0.08874458874458875,
    "SIBVL": 0.05777460770328103,
    "SIBVR": 0.06666666666666667,
    "SMBDL": 0.08662790697674419,
    "SMBDR": 0.07407407407407407,
    "SMBVL": 0.06507936507936508,
    "SMBVR": 0.0582039911308204,
    "SMDDL": 0.05813953488372093,
    "SMDDR": 0.0666049953746531,