{
  "clustering_coefficients": {
    "ADAL": 0.085995085995086,
    "ADAR": 0.07036535859269283,
    "ADEL": 0.06762438682550806,
    "ADER": 0.07072617246596066,
    "ADFL": 0.07741251325556733,
    "ADFR": 0.06832298136645963,
    "ADLL": 0.07284382284382285,
    "ADLR": 0.06708595387840671,
    "AFDL": 0.06555269922879177,
    "AFDR": 0.06578947368421052,
    "AIAL": 0.06777493606138107,
    "AIAR": 0.08143939393939394,
    "AIBL": 0.08126137052759248,
    "AIBR": 0.07330415754923414,
    "AIML": 0.08125,
    "AIMR": 0.08509036144578314,
    "AINL": 0.06435643564356436,
    "AINR": 0.09287257019438445,
    "AIYL": 0.08111702127659574,
    "AIYR": 0.07142857142857142,
    "AIZL": 0.10222868217054264,
    "AIZR": 0.07905982905982906,
    "ALA": 0.09698996655518395,
    "ALML": 0.07837837837837838,
    "ALMR": 0.08142857142857143,
    "ALNL": 0.06111111111111111,
    "ALNR": 0.06739130434782609,
    "AQR": 0.07094594594594594,
    "AS1": 0.08870967741935484,
    "AS10": 0.06344086021505377,
    "AS11": 0.0748847926267281,
    "AS2": 0.07142857142857142,
    "AS3": 0.05454545454545454,
    "AS4": 0.0880952380952381,
    "AS5": 0.05714285714285714,
    "AS6": 0.07352941176470588,
    "AS7": 0.10256410256410256,
    "AS8": 0.08333333333333333,
    "AS9": 0.023809523809523808,
    "ASEL": 0.0668103448275862,
    "ASER": 0.06540697674418605,
    "ASGL": 0.06324110671936758,
    "ASGR": 0.059782608695652176,
    "ASHL": 0.07027027027027027,
    "ASHR": 0.07910014513788098,
    "ASIL": 0.07142857142857142,
    "ASIR": 0.07142857142857142,
    "ASJL": 0.04710144927536232,
    "ASJR": 0.05303030303030303,
    "ASKL": 0.10869565217391304,
    "ASKR": 0.08490566037735849,
    "AUAL": 0.07204301075268817,
    "AUAR": 0.07058823529411765,
    "AVAL": 0.07103610675039246,
    "AVAR": 0.05733842010771993,
    "AVBL": 0.052600818234950324,
    "AVBR": 0.06211890243902439,
    "AVDL": 0.06078860898138007,
    "AVDR": 0.07658643326039387,
    "AVEL": 0.07955575702629193,
    "AVER": 0.0655142979086641,
    "AVFL": 0.07018181818181818,
    "AVFR": 0.07781649245063879,
    "AVG": 0.08489795918367347,
    "AVHL": 0.06958250497017893,
    "AVHR": 0.08303085299455536,
    "AVJL": 0.0772604588394062,
    "AVJR": 0.06394984326018809,
    "AVKL": 0.06453634085213032,
    "AVKR": 0.07703488372093023,
    "AVL": 0.06892932120363891,
    "AVM": 0.09642857142857143,
    "AWAL": 0.09166666666666666,
    "AWAR": 0.09598853868194843,
    "AWBL": 0.07692307692307693,
    "AWBR": 0.07245080500894455,
    "AWCL": 0.09428571428571429,
    "AWCR": 0.07396088019559902,
    "BAGL": 0.06756756756756757,
    "BAGR": 0.09195402298850575,
    "BDUL": 0.0935672514619883,
    "BDUR": 0.10047846889952153,
    "CANL": 0.0,
    "CANR": 0.0,
    "CEPDL": 0.0719360568383659,
    "CEPDR": 0.08372093023255814,
    "CEPVL": 0.08419023136246787,
    "CEPVR": 0.07594235033259424,
    "DA1": 0.0625,
    "DA2": 0.06641366223908918,
    "DA3": 0.08133333333333333,
    "DA4": 0.08275862068965517,
    "DA5": 0.07512315270935961,
    "DA6": 0.0903010033444816,
    "DA7": 0.09531772575250837,
    "DA8": 0.08854718981972429,
    "DA9": 0.06766917293233082,
    "DB1": 0.06736242884250475,
    "DB2": 0.0582010582010582,
    "DB3": 0.08333333333333333,
    "DB4": 0.0868945868945869,
    "DB5": 0.05952380952380952,
    "DB6": 0.07120743034055728,
    "DB7": 0.07250755287009064,
    "DD1": 0.08301158301158301,
    "DD2": 0.07512315270935961,
    "DD3": 0.08571428571428572,
    "DD4": 0.1813186813186813,
    "DD5": 0.10989010989010989,
    "DD6": 0.06666666666666667,
    "DVA": 0.06671686746987952,
    "DVB": 0.08465608465608465,
    "DVC": 0.07038123167155426,
    "FLPL": 0.10875331564986737,
    "FLPR": 0.0777988614800759,
    "HSNL": 0.0725635593220339,
    "HSNR": 0.07047685834502104,
    "I1L": 0.07666666666666666,
    "I1R": 0.09963768115942029,
    "I2L": 0.08333333333333333,
    "I2R": 0.10507246376811594,
    "I3": 0.08204334365325078,
    "I4": 0.08282828282828283,
    "I5": 0.0654320987654321,
    "I6": 0.10897435897435898,
    "IL1DL": 0.043478260869565216,
    "IL1DR": 0.10341555977229601,
    "IL1L": 0.09101382488479262,
    "IL1R": 0.08585858585858586,
    "IL1VL": 0.08307692307692308,
    "IL1VR": 0.08595988538681948,
    "IL2DL": 0.08888888888888889,
    "IL2DR": 0.08496732026143791,
    "IL2L": 0.07815126050420168,
    "IL2R": 0.07272727272727272,
    "IL2VL": 0.10256410256410256,
    "IL2VR": 0.08620689655172414,
    "LUAL": 0.06736242884250475,
    "LUAR": 0.09315589353612168,
    "M1": 0.10416666666666667,
    "M2L": 0.08831908831908832,
    "M2R": 0.08169934640522876,
    "M3L": 0.07222222222222222,
    "M3R": 0.07017543859649122,
    "M4": 0.09090909090909091,
    "M5": 0.1,
    "MCL": 0.08181818181818182,
    "MCR": 0.09523809523809523,
    "MI": 0.08102766798418973,
    "NSML": 0.07894736842105263,
    "NSMR": 0.09064327485380116,
    "OLLL": 0.07378048780487804,
    "OLLR": 0.0894109396914446,
    "OLQDL": 0.06666666666666667,
    "OLQDR": 0.07789855072463768,
    "OLQVL": 0.06904761904761905,
    "OLQVR": 0.06374501992031872,
    "PDA": 0.0625,
    "PDB": 0.06578947368421052,
    "PDEL": 0.08796296296296297,
    "PDER": 0.09416445623342175,
    "PHAL": 0.0847953216374269,
    "PHAR": 0.05925925925925926,
    "PHBL": 0.10392609699769054,
    "PHBR": 0.056818181818181816,
    "PHCL": 0.09523809523809523,
    "PHCR": 0.07936507936507936,
    "PLML": 0.11428571428571428,
    "PLMR": 0.11904761904761904,
    "PLNL": 0.08950617283950617,
    "PLNR": 0.06923076923076923,
    "PQR": 0.07539682539682539,
    "PVCL": 0.06862371330537552,
    "PVCR": 0.06420676202860859,
    "PVDL": 0.07818181818181819,
    "PVDR": 0.07142857142857142,
    "PVM": 0.07236842105263158,
    "PVNL": 0.08712541620421754,
    "PVNR": 0.061484409310496264,
    "PVPL": 0.06288501026694045,
    "PVPR": 0.0654945054945055,
    "PVQL": 0.09893617021276596,
    "PVQR": 0.057488653555219364,
    "PVR": 0.06936011209715086,
    "PVT": 0.0744199207696661,
    "PVWL": 0.10545454545454545,
    "PVWR": 0.10857142857142857,
    "RIAL": 0.06311475409836066,
    "RIAR": 0.08873505349276274,
    "RIBL": 0.06328616352201258,
    "RIBR": 0.06241565452091768,
    "RICL": 0.04884004884004884,
    "RICR": 0.08857808857808858,
    "RID": 0.06862745098039216,
    "RIFL": 0.10173160173160173,
    "RIFR": 0.07756024096385543,
    "RIGL": 0.06462585034013606,
    "RIGR": 0.06712962962962964,
    "RIH": 0.08163980378416258,
    "RIML": 0.08291203235591507,
    "RIMR": 0.07377777777777778,
    "RIPL": 0.07285714285714286,
    "RIPR": 0.09302325581395349,
    "RIR": 0.06910876132930513,
    "RIS": 0.054987212276214836,
    "RIVL": 0.08021390374331551,
    "RIVR": 0.07207207207207207,
    "RMDDL": 0.05982905982905983,
    "RMDDR": 0.0787037037037037,
    "RMDL": 0.07344632768361582,
    "RMDR": 0.05897435897435897,
    "RMDVL": 0.06696428571428571,
    "RMDVR": 0.06818181818181818,
    "RMED": 0.06654456654456654,
    "RMEL": 0.08008658008658008,
    "RMER": 0.0868945868945869,
    "RMEV": 0.0911144578313253,
    "RMFL": 0.09022556390977443,
    "RMFR": 0.09615384615384616,
    "RMGL": 0.07507288629737609,
    "RMGR": 0.08238851095993953,
    "RMHL": 0.0773109243697479,
    "RMHR": 0.08528428093645485,
    "SAADL": 0.06478405315614617,
    "SAADR": 0.09190556492411467,
    "SAAVL": 0.08296362023070097,
    "SAAVR": 0.07217694994179279,
    "SABD": 0.10173160173160173,
    "SABVL": 0.09191176470588236,
    "SABVR": 0.08088235294117647,
    "SDQL": 0.07969924812030076,
    "SDQR": 0.052547770700636945,
    "SIADL": 0.08428571428571428,
    "SIADR": 0.1037037037037037,
    "SIAVL": 0.06981981981981981,
    "SIAVR": 0.0907258064516129,
    "SIBDL": 0.08187134502923976,
    "SIBDR": 0.09722222222222222,
    "SIBVL": 0.07307171853856563,
    "SIBVR": 0.07010135135135136,
    "SMBDL": 0.07756410256410257,
    "SMBDR": 0.09084084084084085,
    "SMBVL": 0.07484076433121019,
    "SMBVR": 0.09391891891891892,
    "SMDDL": 0.09512578616352202,