{
  "clustering_coefficients": {
    "ADAL": 0.1043956043956044,
    "ADAR": 0.0710128055878929,
    "ADEL": 0.06984126984126984,
    "ADER": 0.07195421095666395,
    "ADFL": 0.08434547908232119,
    "ADFR": 0.06831395348837209,
    "ADLL": 0.07603092783505154,
    "ADLR": 0.06582174979558462,
    "AFDL": 0.082010582010582,
    "AFDR": 0.08885941644562334,
    "AIAL": 0.06673407482305359,
    "AIAR": 0.08600770218228498,
    "AIBL": 0.06572258533042846,
    "AIBR": 0.061495457721872815,
    "AIML": 0.07669172932330827,
    "AIMR": 0.07829181494661921,
    "AINL": 0.10968660968660969,
    "AINR": 0.06546854942233633,
    "AIYL": 0.08269961977186312,
    "AIYR": 0.09475806451612903,
    "AIZL": 0.07502131287297528,
    "AIZR": 0.08231292517006802,
    "ALA": 0.10846560846560846,
    "ALML": 0.09035409035409035,
    "ALMR": 0.07428571428571429,
    "ALNL": 0.09090909090909091,
    "ALNR": 0.08064516129032258,
    "AQR": 0.0839080459770115,
    "AS1": 0.08142857142857143,
    "AS10": 0.08921694480102696,
    "AS11": 0.08421052631578947,
    "AS2": 0.08235294117647059,
    "AS3": 0.10476190476190476,
    "AS4": 0.0989010989010989,
    "AS5": 0.07380952380952381,
    "AS6": 0.13846153846153847,
    "AS7": 0.10784313725490197,
    "AS8": 0.10606060606060606,
    "AS9": 0.057692307692307696,
    "ASEL": 0.04752851711026616,
    "ASER": 0.07593250444049733,
    "ASGL": 0.07894736842105263,
    "ASGR": 0.0665024630541872,
    "ASHL": 0.07207207207207207,
    "ASHR": 0.06281771968046478,
    "ASIL": 0.0787037037037037,
    "ASIR": 0.09881422924901186,
    "ASJL": 0.09952229299363058,
    "ASJR": 0.06666666666666667,
    "ASKL": 0.11,
    "ASKR": 0.08557457212713937,
    "AUAL": 0.07883369330453564,
    "AUAR": 0.06837606837606838,
    "AVAL": 0.05071521456436931,
    "AVAR": 0.06344733773804898,
    "AVBL": 0.05579631635969664,
    "AVBR": 0.0777663583418979,
    "AVDL": 0.08125707814269535,
    "AVDR": 0.0655328798185941,
    "AVEL": 0.0665266106442577,
    "AVER": 0.05088702147525677,
    "AVFL": 0.06216696269982238,
    "AVFR": 0.048412698412698414,
    "AVG": 0.06687675070028011,
    "AVHL": 0.06317411402157165,
    "AVHR": 0.07184517497348887,
    "AVJL": 0.06838656838656838,
    "AVJR": 0.05990338164251208,
    "AVKL": 0.06030150753768844,
    "AVKR": 0.05855855855855856,
    "AVL": 0.07818181818181819,
    "AVM": 0.08079268292682927,
    "AWAL": 0.05514705882352941,
    "AWAR": 0.06386861313868614,
    "AWBL": 0.08422939068100359,
    "AWBR": 0.06357758620689655,
    "AWCL": 0.07099391480730223,
    "AWCR": 0.06518282988871224,
    "BAGL": 0.09759759759759759,
    "BAGR": 0.07789855072463768,
    "BDUL": 0.0761904761904762,
    "BDUR": 0.10363636363636364,
    "CANL": 0.0,
    "CANR": 0.0,
    "CEPDL": 0.08250276854928018,
    "CEPDR": 0.08064516129032258,
    "CEPVL": 0.07396870554765292,
    "CEPVR": 0.09596577017114914,
    "DA1": 0.12376237623762376,
    "DA2": 0.06687898089171974,
    "DA3": 0.07160493827160494,
    "DA4": 0.08874458874458875,
    "DA5": 0.08024691358024691,
    "DA6": 0.09615384615384616,
    "DA7": 0.05541871921182266,
    "DA8": 0.06438721136767318,
    "DA9": 0.06992230854605994,
    "DB1": 0.07575757575757576,
    "DB2": 0.1,
    "DB3": 0.08461538461538462,
    "DB4": 0.07833333333333334,
    "DB5": 0.08225108225108226,
    "DB6": 0.07516339869281045,
    "DB7": 0.07472826086956522,
    "DD1": 0.08494623655913978,
    "DD2": 0.07142857142857142,
    "DD3": 0.08881578947368421,
    "DD4": 0.11818181818181818,
    "DD5": 0.08187134502923976,
    "DD6": 0.07491582491582492,
    "DVA": 0.0680053547523427,
    "DVB": 0.08377896613190731,
    "DVC": 0.05175658720200753,
    "FLPL": 0.07722929936305732,
    "FLPR": 0.06986531986531987,
    "HSNL": 0.052222222222222225,
    "HSNR": 0.0670081092616304,
    "I1L": 0.061872909698996656,
    "I1R": 0.06578947368421052,
    "I2L": 0.07058823529411765,
    "I2R": 0.08547008547008547,
    "I3": 0.06725146198830409,
    "I4": 0.10181818181818182,
    "I5": 0.08444022770398482,
    "I6": 0.052941176470588235,
    "IL1DL": 0.07916666666666666,
    "IL1DR": 0.08102766798418973,
    "IL1L": 0.09267241379310345,
    "IL1R": 0.0903010033444816,
    "IL1VL": 0.049783549783549784,
    "IL1VR": 0.06333333333333334,
    "IL2DL": 0.08260869565217391,
    "IL2DR": 0.07538461538461538,
    "IL2L": 0.07241379310344828,
    "IL2R": 0.09090909090909091,
    "IL2VL": 0.0989010989010989,
    "IL2VR": 0.09126984126984126,
    "LUAL": 0.07306590257879657,
    "LUAR": 0.04777070063694268,
    "M1": 0.06,
    "M2L": 0.0761904761904762,
    "M2R": 0.047619047619047616,
    "M3L": 0.10476190476190476,
    "M3R": 0.02564102564102564,
    "M4": 0.0641025641025641,
    "M5": 0.047619047619047616,
    "MCL": 0.12179487179487179,
    "MCR": 0.04395604395604396,
    "MI": 0.11578947368421053,
    "NSML": 0.08333333333333333,
    "NSMR": 0.06521739130434782,
    "OLLL": 0.09310344827586207,
    "OLLR": 0.07927786499215071,
    "OLQDL": 0.08300395256916997,
    "OLQDR": 0.07692307692307693,
    "OLQVL": 0.0683111954459203,
    "OLQVR": 0.06436781609195402,
    "PDA": 0.06304347826086956,
    "PDB": 0.0915032679738562,
    "PDEL": 0.07768924302788845,
    "PDER": 0.058315334773218146,
    "PHAL": 0.07824933687002653,
    "PHAR": 0.09259259259259259,
    "PHBL": 0.08143939393939394,
    "PHBR": 0.0672396359959555,
    "PHCL": 0.0920303605313093,
    "PHCR": 0.05495689655172414,
    "PLML": 0.10256410256410256,
    "PLMR": 0.08181818181818182,
    "PLNL": 0.09173387096774194,
    "PLNR": 0.0625,
    "PQR": 0.07074721780604133,
    "PVCL": 0.06694334175387946,
    "PVCR": 0.05320366132723112,
    "PVDL": 0.08658008658008658,
    "PVDR": 0.09683794466403162,
    "PVM": 0.10909090909090909,
    "PVNL": 0.06532356532356533,
    "PVNR": 0.07253012048192771,
    "PVPL": 0.06899418121363259,
    "PVPR": 0.06181619256017506,
    "PVQL": 0.09315286624203821,
    "PVQR": 0.07785299806576403,
    "PVR": 0.056870070568700706,
    "PVT": 0.07279514699020065,
    "PVWL": 0.08288770053475936,
    "PVWR": 0.06746031746031746,
    "RIAL": 0.054009819967266774,
    "RIAR": 0.0694249649368864,
    "RIBL": 0.06663941128372854,
    "RIBR": 0.05616653574234093,
    "RICL": 0.05698924731182796,
    "RICR": 0.06215316315205328,
    "RID": 0.08810240963855422,
    "RIFL": 0.06552706552706553,
    "RIFR": 0.07317073170731707,
    "RIGL": 0.06675170068027211,
    "RIGR": 0.06831395348837209,
    "RIH": 0.0823262839879154,
    "RIML": 0.07492997198879552,
    "RIMR": 0.08843537414965986,
    "RIPL": 0.08620689655172414,
    "RIPR": 0.04849137931034483,
    "RIR": 0.09644444444444444,
    "RIS": 0.07155025553662692,
    "RIVL": 0.07306590257879657,
    "RIVR": 0.07744107744107744,
    "RMDDL": 0.06824782187802517,
    "RMDDR": 0.05026455026455026,
    "RMDL": 0.09098360655737706,
    "RMDR": 0.07142857142857142,
    "RMDVL": 0.061234817813765184,
    "RMDVR": 0.06986404833836858,
    "RMED": 0.07384615384615385,
    "RMEL": 0.12980769230769232,
    "RMER": 0.06209150326797386,
    "RMEV": 0.0746606334841629,
    "RMFL": 0.08311855670103092,
    "RMFR": 0.09761904761904762,
    "RMGL": 0.06260647359454855,
    "RMGR": 0.07743710691823899,
    "RMHL": 0.06607142857142857,
    "RMHR": 0.05857142857142857,
    "SAADL": 0.08496332518337409,
    "SAADR": 0.05564387917329094,
    "SAAVL": 0.0828698553948832,
    "SAAVR": 0.06511627906976744,
    "SABD": 0.09210526315789473,
    "SABVL": 0.09523809523809523,
    "SABVR": 0.08333333333333333,
    "SDQL": 0.07400379506641366,
    "SDQR": 0.07311827956989247,
    "SIADL": 0.06156156156156156,
    "SIADR": 0.08022922636103152,
    "SIAVL": 0.06845965770171149,
    "SIAVR": 0.09563758389261745,
    "SIBDL": 0.09963768115942029,
    "SIBDR": 0.060526315789473685,
    "SIBVL": 0.07983761840324763,
    "SIBVR": 0.08739255014326648,
    "SMBDL": 0.09813874788494077,
    "SMBDR": 0.07252888318356868,
    "SMBVL": 0.07631160572337042,
    "SMBVR": 0.09342783505154639,
    "SMDDL": 0.06778087279480037,