{
  "clustering_coefficients": {
    "ADAL": 0.07128412537917088,
    "ADAR": 0.07785299806576403,
    "ADEL": 0.06431686046511628,
    "ADER": 0.06852497096399536,
    "ADFL": 0.07188703465982028,
    "ADFR": 0.08148558758314856,
    "ADLL": 0.07684529828109202,
    "ADLR": 0.08502024291497975,
    "AFDL": 0.08333333333333333,
    "AFDR": 0.07471264367816093,
    "AIAL": 0.06255545696539486,
    "AIAR": 0.0967741935483871,
    "AIBL": 0.0781615925058548,
    "AIBR": 0.07195767195767196,
    "AIML": 0.10090361445783133,
    "AIMR": 0.05853658536585366,
    "AINL": 0.1095679012345679,
    "AINR": 0.06716417910447761,
    "AIYL": 0.08709677419354839,
    "AIYR": 0.060836501901140684,
    "AIZL": 0.05611729019211325,
    "AIZR": 0.08546511627906976,
    "ALA": 0.0761904761904762,
    "ALML": 0.07358870967741936,
    "ALMR": 0.1,
    "ALNL": 0.09649122807017543,
    "ALNR": 0.07676767676767676,
    "AQR": 0.08664546899841018,
    "AS1": 0.08571428571428572,
    "AS10": 0.06481481481481481,
    "AS11": 0.0885509838998211,
    "AS2": 0.0761904761904762,
    "AS3": 0.08181818181818182,
    "AS4": 0.0915032679738562,
    "AS5": 0.07692307692307693,
    "AS6": 0.0661764705882353,
    "AS7": 0.05555555555555555,
    "AS8": 0.1346153846153846,
    "AS9": 0.03333333333333333,
    "ASEL": 0.07358870967741936,
    "ASER": 0.07770582793709528,
    "ASGL": 0.08266129032258064,
    "ASGR": 0.10114942528735632,
    "ASHL": 0.06974789915966387,
    "ASHR": 0.08479729729729729,
    "ASIL": 0.07122507122507123,
    "ASIR": 0.05844155844155844,
    "ASJL": 0.09818181818181818,
    "ASJR": 0.07894736842105263,
    "ASKL": 0.08695652173913043,
    "ASKR": 0.0905848787446505,
    "AUAL": 0.07275132275132275,
    "AUAR": 0.07692307692307693,
    "AVAL": 0.06395206651993153,
    "AVAR": 0.0659846547314578,
    "AVBL": 0.06846986089644513,
    "AVBR": 0.06290367874192643,
    "AVDL": 0.06426332288401254,
    "AVDR": 0.059305210918114144,
    "AVEL": 0.06574761399787911,
    "AVER": 0.06387061403508772,
    "AVFL": 0.06533232628398791,
    "AVFR": 0.07636518771331058,
    "AVG": 0.06722383720930232,
    "AVHL": 0.07159026598754951,
    "AVHR": 0.06962616822429907,
    "AVJL": 0.08215408805031446,
    "AVJR": 0.0815255423372988,
    "AVKL": 0.07622950819672131,
    "AVKR": 0.0682295311406578,
    "AVL": 0.0597775718257646,
    "AVM": 0.0853960396039604,
    "AWAL": 0.11650485436893204,
    "AWAR": 0.10123456790123457,
    "AWBL": 0.08971774193548387,
    "AWBR": 0.07793522267206478,
    "AWCL": 0.09554140127388536,
    "AWCR": 0.08318425760286226,
    "BAGL": 0.07692307692307693,
    "BAGR": 0.08465608465608465,
    "BDUL": 0.0784313725490196,
    "BDUR": 0.0956989247311828,
    "CANL": 0.0,
    "CANR": 0.0,
    "CEPDL": 0.08425720620842572,
    "CEPDR": 0.08358433734939759,
    "CEPVL": 0.08250355618776671,
    "CEPVR": 0.07996632996632996,
    "DA1": 0.10263157894736842,
    "DA2": 0.06503378378378379,
    "DA3": 0.08545454545454545,
    "DA4": 0.09636363636363636,
    "DA5": 0.07285714285714286,
    "DA6": 0.0989010989010989,
    "DA7": 0.05555555555555555,
    "DA8": 0.08863080684596578,
    "DA9": 0.08751529987760098,
    "DB1": 0.09523809523809523,
    "DB2": 0.10185185185185185,
    "DB3": 0.0603448275862069,
    "DB4": 0.07373271889400922,
    "DB5": 0.0735930735930736,
    "DB6": 0.08078602620087336,
    "DB7": 0.07875457875457875,
    "DD1": 0.06984126984126984,
    "DD2": 0.08695652173913043,
    "DD3": 0.08465608465608465,
    "DD4": 0.06842105263157895,
    "DD5": 0.09473684210526316,
    "DD6": 0.07028469750889679,
    "DVA": 0.06374684705342812,
    "DVB": 0.09012345679012346,
    "DVC": 0.05741066198008202,
    "FLPL": 0.07435344827586207,
    "FLPR": 0.09259259259259259,
    "HSNL": 0.0761904761904762,
    "HSNR": 0.06905210295040803,
    "I1L": 0.07647058823529412,
    "I1R": 0.09416445623342175,
    "I2L": 0.07894736842105263,
    "I2R": 0.09047619047619047,
    "I3": 0.07333333333333333,
    "I4": 0.07,
    "I5": 0.07669172932330827,
    "I6": 0.10227272727272728,
    "IL1DL": 0.09064327485380116,
    "IL1DR": 0.12,
    "IL1L": 0.06746031746031746,
    "IL1R": 0.07190635451505016,
    "IL1VL": 0.10114942528735632,
    "IL1VR": 0.07380952380952381,
    "IL2DL": 0.08235294117647059,
    "IL2DR": 0.08187134502923976,
    "IL2L": 0.07115749525616698,
    "IL2R": 0.06376518218623482,
    "IL2VL": 0.08333333333333333,
    "IL2VR": 0.06725146198830409,
    "LUAL": 0.08355437665782493,
    "LUAR": 0.08279569892473118,
    "M1": 0.09868421052631579,
    "M2L": 0.08095238095238096,
    "M2R": 0.11666666666666667,
    "M3L": 0.07380952380952381,
    "M3R": 0.12777777777777777,
    "M4": 0.07427055702917772,
    "M5": 0.0,
    "MCL": 0.19642857142857142,
    "MCR": 0.0989010989010989,
    "MI": 0.1,
    "NSML": 0.05416666666666667,
    "NSMR": 0.09347826086956522,
    "OLLL": 0.09642857142857143,
    "OLLR": 0.07744433688286544,
    "OLQDL": 0.07792207792207792,
    "OLQDR": 0.10742705570291777,
    "OLQVL": 0.05952380952380952,
    "OLQVR": 0.08497536945812807,
    "PDA": 0.08421052631578947,
    "PDB": 0.050724637681159424,
    "PDEL": 0.06719367588932806,
    "PDER": 0.07777777777777778,
    "PHAL": 0.09230769230769231,
    "PHAR": 0.12080536912751678,
    "PHBL": 0.0946969696969697,
    "PHBR": 0.06428571428571428,
    "PHCL": 0.0755939524838013,
    "PHCR": 0.07233704292527822,
    "PLML": 0.07142857142857142,
    "PLMR": 0.06302521008403361,
    "PLNL": 0.0992063492063492,
    "PLNR": 0.051470588235294115,
    "PQR": 0.07239512855209743,
    "PVCL": 0.0626905487804878,
    "PVCR": 0.062454873646209386,
    "PVDL": 0.04583333333333333,
    "PVDR": 0.10474308300395258,
    "PVM": 0.06209150326797386,
    "PVNL": 0.06348470806302131,
    "PVNR": 0.06891237340378688,
    "PVPL": 0.07589911256422233,
    "PVPR": 0.07428278688524591,
    "PVQL": 0.0888030888030888,
    "PVQR": 0.06290849673202614,
    "PVR": 0.06746031746031746,
    "PVT": 0.06658878504672897,
    "PVWL": 0.1,
    "PVWR": 0.08121019108280254,
    "RIAL": 0.06509090909090909,
    "RIAR": 0.07277452891487979,
    "RIBL": 0.07109164420485176,
    "RIBR": 0.06765957446808511,
    "RICL": 0.06851063829787234,
    "RICR": 0.09090909090909091,
    "RID": 0.08012820512820513,
    "RIFL": 0.07253086419753087,
    "RIFR": 0.07962962962962963,
    "RIGL": 0.06290909090909091,
    "RIGR": 0.06361209964412812,
    "RIH": 0.07242424242424242,
    "RIML": 0.06697009102730819,
    "RIMR": 0.08289396602226128,
    "RIPL": 0.09206349206349207,
    "RIPR": 0.06788793103448276,
    "RIR": 0.05060728744939271,
    "RIS": 0.06991685563114135,
    "RIVL": 0.10372340425531915,
    "RIVR": 0.061200923787528866,
    "RMDDL": 0.0941320293398533,
    "RMDDR": 0.07571428571428572,
    "RMDL": 0.07923033389926429,
    "RMDR": 0.08236434108527131,
    "RMDVL": 0.08472400513478819,
    "RMDVR": 0.08390119250425894,
    "RMED": 0.07491582491582492,
    "RMEL": 0.0989010989010989,
    "RMER": 0.05585106382978723,
    "RMEV": 0.07390745501285347,
    "RMFL": 0.05803571428571429,
    "RMFR": 0.07692307692307693,
    "RMGL": 0.08387257341961175,
    "RMGR": 0.07569558101472995,
    "RMHL": 0.0733558178752108,
    "RMHR": 0.051839464882943144,
    "SAADL": 0.07142857142857142,
    "SAADR": 0.08049242424242424,
    "SAAVL": 0.07132075471698113,
    "SAAVR": 0.06912878787878787,
    "SABD": 0.05028462998102467,
    "SABVL": 0.10238095238095238,
    "SABVR": 0.0868421052631579,
    "SDQL": 0.0797979797979798,
    "SDQR": 0.05727155727155727,
    "SIADL": 0.07874762808349146,
    "SIADR": 0.09006734006734007,
    "SIAVL": 0.07824933687002653,
    "SIAVR": 0.08547008547008547,
    "SIBDL": 0.07007575757575757,
    "SIBDR": 0.07971014492753623,
    "SIBVL": 0.0728395061728395,
    "SIBVR": 0.06580829756795423,
    "SMBDL": 0.06803594351732992,
    "SMBDR": 0.07574152542372882,
    "SMBVL": 0.08434547908232119,
    "SMBVR": 0.07626262626262627,
    "SMDDL": 0.07175269427112876,
    "SMDDR": 0.07111111111111111,
    "SMDVL": 0.0792838874680307,