{
  "clustering_coefficients": {
    "ADAL": 0.08518518518518518,
    "ADAR": 0.07108317214700194,
    "ADEL": 0.06824782187802517,
    "ADER": 0.08341759352881699,
    "ADFL": 0.06517857142857143,
    "ADFR": 0.05006418485237484,
    "ADLL": 0.08943089430894309,
    "ADLR": 0.0852575488454707,
    "AFDL": 0.0761904761904762,
    "AFDR": 0.09259259259259259,
    "AIAL": 0.08290488431876607,
    "AIAR": 0.06818181818181818,
    "AIBL": 0.08668341708542714,
    "AIBR": 0.08633474576271187,
    "AIML": 0.07714285714285714,
    "AIMR": 0.07432432432432433,
    "AINL": 0.08152173913043478,
    "AINR": 0.07041251778093884,
    "AIYL": 0.06481481481481481,
    "AIYR": 0.08439490445859872,
    "AIZL": 0.07637795275590552,
    "AIZR": 0.08943089430894309,
    "ALA": 0.11268939393939394,
    "ALML": 0.08961593172119488,
    "ALMR": 0.07516339869281045,
    "ALNL": 0.0735930735930736,
    "ALNR": 0.10952380952380952,
    "AQR": 0.06060606060606061,
    "AS1": 0.08986175115207373,
    "AS10": 0.0738255033557047,
    "AS11": 0.06869009584664537,
    "AS2": 0.07407407407407407,
    "AS3": 0.1527777777777778,
    "AS4": 0.08753315649867374,
    "AS5": 0.05454545454545454,
    "AS6": 0.11363636363636363,
    "AS7": 0.09722222222222222,
    "AS8": 0.023809523809523808,
    "AS9": 0.1,
    "ASEL": 0.07249322493224933,
    "ASER": 0.07472178060413355,
    "ASGL": 0.06060606060606061,
    "ASGR": 0.08947368421052632,
    "ASHL": 0.07037037037037037,
    "ASHR": 0.057633973710819006,
    "ASIL": 0.0980603448275862,
    "ASIR": 0.10714285714285714,
    "ASJL": 0.08571428571428572,
    "ASJR": 0.07575757575757576,
    "ASKL": 0.06884057971014493,
    "ASKR": 0.07661290322580645,
    "AUAL": 0.07394957983193277,
    "AUAR": 0.08333333333333333,
    "AVAL": 0.05907942744877912,
    "AVAR": 0.06208750916646297,
    "AVBL": 0.0701393286890437,
    "AVBR": 0.07086034177961108,
    "AVDL": 0.05986090412319921,
    "AVDR": 0.06816059757236227,
    "AVEL": 0.0747978436657682,
    "AVER": 0.07794273594909862,
    "AVFL": 0.06872370266479663,
    "AVFR": 0.05555555555555555,
    "AVG": 0.0630656108597285,
    "AVHL": 0.06451612903225806,
    "AVHR": 0.0713961922030825,
    "AVJL": 0.0872210953346856,
    "AVJR": 0.07515151515151515,
    "AVKL": 0.07517482517482517,
    "AVKR": 0.08685800604229607,
    "AVL": 0.07587382779198636,
    "AVM": 0.06797235023041474,
    "AWAL": 0.1,
    "AWAR": 0.085,
    "AWBL": 0.06418485237483953,
    "AWBR": 0.05349500713266762,
    "AWCL": 0.08823529411764706,
    "AWCR": 0.07963709677419355,
    "BAGL": 0.11200716845878136,
    "BAGR": 0.09425493716337523,
    "BDUL": 0.04779411764705882,
    "BDUR": 0.07114624505928854,
    "CANL": 0.0,
    "CANR": 0.0,
    "CEPDL": 0.08115942028985507,
    "CEPDR": 0.08161953727506427,
    "CEPVL": 0.06950067476383266,
    "CEPVR": 0.0662847790507365,
    "DA1": 0.06842105263157895,
    "DA2": 0.0811965811965812,
    "DA3": 0.08429561200923788,
    "DA4": 0.116600790513834,
    "DA5": 0.09333333333333334,
    "DA6": 0.06043956043956044,
    "DA7": 0.08923076923076922,
    "DA8": 0.08312858312858312,
    "DA9": 0.08863080684596578,
    "DB1": 0.10238095238095238,
    "DB2": 0.07692307692307693,
    "DB3": 0.07467994310099574,
    "DB4": 0.09975369458128079,
    "DB5": 0.10344827586206896,
    "DB6": 0.08008658008658008,
    "DB7": 0.09849624060150376,
    "DD1": 0.07983193277310924,
    "DD2": 0.05591397849462366,
    "DD3": 0.0761904761904762,
    "DD4": 0.011111111111111112,
    "DD5": 0.08823529411764706,
    "DD6": 0.08093126385809313,
    "DVA": 0.0699859747545582,
    "DVB": 0.08823529411764706,
    "DVC": 0.08324496288441145,
    "FLPL": 0.06923076923076923,
    "FLPR": 0.09012345679012346,
    "HSNL": 0.07467994310099574,
    "HSNR": 0.07026044821320412,
    "I1L": 0.0718954248366013,
    "I1R": 0.1,
    "I2L": 0.06521739130434782,
    "I2R": 0.07738095238095238,
    "I3": 0.08452722063037249,
    "I4": 0.06862745098039216,
    "I5": 0.11067193675889328,
    "I6": 0.08088235294117647,
    "IL1DL": 0.08153846153846153,
    "IL1DR": 0.06666666666666667,
    "IL1L": 0.06382978723404255,
    "IL1R": 0.09553571428571428,
    "IL1VL": 0.11413043478260869,
    "IL1VR": 0.10526315789473684,
    "IL2DL": 0.09523809523809523,
    "IL2DR": 0.0735930735930736,
    "IL2L": 0.09235668789808917,
    "IL2R": 0.06140350877192982,
    "IL2VL": 0.10989010989010989,
    "IL2VR": 0.09523809523809523,
    "LUAL": 0.08333333333333333,
    "LUAR": 0.07241379310344828,
    "M1": 0.0935672514619883,
    "M2L": 0.07949308755760369,
    "M2R": 0.06190476190476191,
    "M3L": 0.1,
    "M3R": 0.10869565217391304,
    "M4": 0.06578947368421052,
    "M5": 0.2,
    "MCL": 0.12727272727272726,
    "MCR": 0.07983193277310924,
    "MI": 0.08359133126934984,
    "NSML": 0.07575757575757576,
    "NSMR": 0.07230769230769231,
    "OLLL": 0.12550607287449392,
    "OLLR": 0.0859453993933266,
    "OLQDL": 0.08851674641148326,
    "OLQDR": 0.08488063660477453,
    "OLQVL": 0.08415841584158416,
    "OLQVR": 0.0649867374005305,
    "PDA": 0.09482758620689655,
    "PDB": 0.08166666666666667,
    "PDEL": 0.05533596837944664,
    "PDER": 0.07834757834757834,
    "PHAL": 0.08941605839416059,
    "PHAR": 0.08333333333333333,
    "PHBL": 0.08282828282828283,
    "PHBR": 0.0746031746031746,
    "PHCL": 0.09090909090909091,
    "PHCR": 0.09259259259259259,
    "PLML": 0.07142857142857142,
    "PLMR": 0.11428571428571428,
    "PLNL": 0.08,
    "PLNR": 0.10416666666666667,
    "PQR": 0.08740359897172237,
    "PVCL": 0.07516650808753568,
    "PVCR": 0.07195185766614338,
    "PVDL": 0.08590308370044053,
    "PVDR": 0.06613756613756613,
    "PVM": 0.0992063492063492,
    "PVNL": 0.0904126213592233,
    "PVNR": 0.06904622586307782,
    "PVPL": 0.06911519198664441,
    "PVPR": 0.0574212271973466,
    "PVQL": 0.05867970660146699,
    "PVQR": 0.06164965986394558,
    "PVR": 0.07753386268099019,
    "PVT": 0.07342320654790563,
    "PVWL": 0.09151193633952255,
    "PVWR": 0.0766488413547237,
    "RIAL": 0.07913472070098576,
    "RIAR": 0.075,
    "RIBL": 0.06682995101469559,
    "RIBR": 0.08940182054616384,
    "RICL": 0.06593406593406594,
    "RICR": 0.07983761840324763,
    "RID": 0.0920303605313093,
    "RIFL": 0.07264957264957266,
    "RIFR": 0.07751937984496124,
    "RIGL": 0.07344854673998429,
    "RIGR": 0.07221350078492936,
    "RIH": 0.0925050641458474,
    "RIML": 0.0641476274165202,
    "RIMR": 0.06923890063424948,
    "RIPL": 0.08064516129032258,
    "RIPR": 0.0935483870967742,
    "RIR": 0.06862745098039216,
    "RIS": 0.08031496062992126,
    "RIVL": 0.07112068965517242,
    "RIVR": 0.07090909090909091,
    "RMDDL": 0.06831831831831832,
    "RMDDR": 0.07027027027027027,
    "RMDL": 0.08233041575492342,
    "RMDR": 0.07301587301587302,
    "RMDVL": 0.05603448275862069,
    "RMDVR": 0.07248677248677249,
    "RMED": 0.1082995951417004,
    "RMEL": 0.125,
    "RMER": 0.0896551724137931,
    "RMEV": 0.052525252525252523,
    "RMFL": 0.09113300492610837,
    "RMFR": 0.125,
    "RMGL": 0.08213552361396304,
    "RMGR": 0.07061933534743202,
    "RMHL": 0.09640102827763496,
    "RMHR": 0.0907258064516129,
    "SAADL": 0.07871198568872988,
    "SAADR": 0.07563025210084033,
    "SAAVL": 0.08583899127061105,
    "SAAVR": 0.08279845956354301,
    "SABD": 0.08113590263691683,
    "SABVL": 0.08455882352941177,
    "SABVR": 0.13592233009708737,
    "SDQL": 0.0595959595959596,
    "SDQR": 0.08416547788873038,
    "SIADL": 0.07258064516129033,
    "SIADR": 0.08081896551724138,
    "SIAVL": 0.09729064039408868,
    "SIAVR": 0.0665024630541872,
    "SIBDL": 0.09565217391304348,
    "SIBDR": 0.10367892976588629,
    "SIBVL": 0.07760532150776053,
    "SIBVR": 0.0755082284607938,
    "SMBDL": 0.06511627906976744,
    "SMBDR": 0.08935361216730038,
    "SMBVL": 0.08770161290322581,
    "SMBVR": 0.06552706552706553,
    "SMDDL": 0.07007186858316222,
    "SMDDR": 0.07154538021259199,
    "SMDVL": 0.0844988344988345,
    "SMDVR": 0.0664983164983165,
    "URADL": 0.17857142857142858,