{
  "clustering_coefficients": {
    "ADAL": 0.07822410147991543,
    "ADAR": 0.08433734939759036,
    "ADEL": 0.09207161125319693,
    "ADER": 0.09196515004840271,
    "ADFL": 0.08604651162790698,
    "ADFR": 0.06445993031358885,
    "ADLL": 0.06767515923566879,
    "ADLR": 0.07802064359441409,
    "AFDL": 0.10153846153846154,
    "AFDR": 0.08947368421052632,
    "AIAL": 0.07217694994179279,
    "AIAR": 0.07067669172932331,
    "AIBL": 0.09302325581395349,
    "AIBR": 0.0718954248366013,
    "AIML": 0.08658008658008658,
    "AIMR": 0.06548347613219094,
    "AINL": 0.08050089445438283,
    "AINR": 0.09391771019677997,
    "AIYL": 0.07011494252873564,
    "AIYR": 0.07132132132132132,
    "AIZL": 0.0792520035618878,
    "AIZR": 0.06931216931216931,
    "ALA": 0.105,
    "ALML": 0.06641366223908918,
    "ALMR": 0.1037037037037037,
    "ALNL": 0.06432748538011696,
    "ALNR": 0.09090909090909091,
    "AQR": 0.07774607703281027,
    "AS1": 0.07294429708222812,
    "AS10": 0.0956989247311828,
    "AS11": 0.08199643493761141,
    "AS2": 0.10333333333333333,
    "AS3": 0.08181818181818182,
    "AS4": 0.10588235294117647,
    "AS5": 0.10294117647058823,
    "AS6": 0.1619047619047619,
    "AS7": 0.04945054945054945,
    "AS8": 0.05,
    "AS9": 0.08928571428571429,
    "ASEL": 0.10873015873015873,
    "ASER": 0.08108108108108109,
    "ASGL": 0.08008658008658008,
    "ASGR": 0.07718120805369127,
    "ASHL": 0.07195121951219512,
    "ASHR": 0.08457907159716758,
    "ASIL": 0.09666666666666666,
    "ASIR": 0.07357859531772576,
    "ASJL": 0.08990147783251232,
    "ASJR": 0.08181818181818182,
    "ASKL": 0.10181451612903226,
    "ASKR": 0.07722929936305732,
    "AUAL": 0.07631160572337042,
    "AUAR": 0.06465517241379311,
    "AVAL": 0.06533601378518093,
    "AVAR": 0.05798192771084337,
    "AVBL": 0.0740049751243781,
    "AVBR": 0.06035934868051657,
    "AVDL": 0.06335282651072124,
    "AVDR": 0.07230980123372173,
    "AVEL": 0.0682883939038687,
    "AVER": 0.06877828054298643,
    "AVFL": 0.0792838874680307,
    "AVFR": 0.05656565656565657,
    "AVG": 0.0643879173290938,
    "AVHL": 0.07076502732240438,
    "AVHR": 0.08074283407347597,
    "AVJL": 0.06867732558139535,
    "AVJR": 0.09116279069767441,
    "AVKL": 0.06809432146294514,
    "AVKR": 0.08846153846153847,
    "AVL": 0.06259946949602122,
    "AVM": 0.08404558404558404,
    "AWAL": 0.10989010989010989,
    "AWAR": 0.08022922636103152,
    "AWBL": 0.09285714285714286,
    "AWBR": 0.05126050420168067,
    "AWCL": 0.0654320987654321,
    "AWCR": 0.08144796380090498,
    "BAGL": 0.08190883190883191,
    "BAGR": 0.06587301587301587,
    "BDUL": 0.05693069306930693,
    "BDUR": 0.08947368421052632,
    "CANL": 0.0,
    "CANR": 0.0,
    "CEPDL": 0.08276450511945392,
    "CEPDR": 0.06933333333333333,
    "CEPVL": 0.07647058823529412,
    "CEPVR": 0.06927175843694494,
    "DA1": 0.09956709956709957,
    "DA2": 0.06427604871447902,
    "DA3": 0.09331797235023041,
    "DA4": 0.08095238095238096,
    "DA5": 0.08152173913043478,
    "DA6": 0.1111111111111111,
    "DA7": 0.08333333333333333,
    "DA8": 0.0891583452211127,
    "DA9": 0.06927175843694494,
    "DB1": 0.09030837004405286,
    "DB2": 0.051094890510948905,
    "DB3": 0.05372405372405373,
    "DB4": 0.11375661375661375,
    "DB5": 0.08134920634920635,
    "DB6": 0.07391304347826087,
    "DB7": 0.07151162790697674,
    "DD1": 0.0967948717948718,
    "DD2": 0.08392857142857142,
    "DD3": 0.08498023715415019,
    "DD4": 0.1111111111111111,
    "DD5": 0.0661764705882353,
    "DD6": 0.07720588235294118,
    "DVA": 0.06905571540674862,
    "DVB": 0.06774193548387097,
    "DVC": 0.06860902255639098,
    "FLPL": 0.05992844364937388,
    "FLPR": 0.07804232804232804,
    "HSNL": 0.091005291005291,
    "HSNR": 0.06363636363636363,
    "I1L": 0.09411764705882353,
    "I1R": 0.09782608695652174,
    "I2L": 0.04411764705882353,
    "I2R": 0.08049242424242424,
    "I3": 0.085,
    "I4": 0.08893280632411067,
    "I5": 0.05104408352668213,
    "I6": 0.12380952380952381,
    "IL1DL": 0.10173160173160173,
    "IL1DR": 0.07454819277108433,
    "IL1L": 0.08428571428571428,
    "IL1R": 0.07591093117408906,
    "IL1VL": 0.08620689655172414,
    "IL1VR": 0.0802675585284281,
    "IL2DL": 0.0868421052631579,
    "IL2DR": 0.07516339869281045,
    "IL2L": 0.09353348729792148,
    "IL2R": 0.06904761904761905,
    "IL2VL": 0.08241758241758242,
    "IL2VR": 0.1242603550295858,
    "LUAL": 0.07112068965517242,
    "LUAR": 0.06055900621118013,
    "M1": 0.10846560846560846,
    "M2L": 0.12916666666666668,
    "M2R": 0.1164021164021164,
    "M3L": 0.07602339181286549,
    "M3R": 0.11397058823529412,
    "M4": 0.0625,
    "M5": 0.08928571428571429,
    "MCL": 0.12301587301587301,
    "MCR": 0.10714285714285714,
    "MI": 0.10358565737051793,
    "NSML": 0.08403361344537816,
    "NSMR": 0.10912698412698413,
    "OLLL": 0.07063492063492063,
    "OLLR": 0.06882591093117409,
    "OLQDL": 0.10052910052910052,
    "OLQDR": 0.05,
    "OLQVL": 0.09427609427609428,
    "OLQVR": 0.08174603174603175,
    "PDA": 0.06084656084656084,
    "PDB": 0.09583333333333334,
    "PDEL": 0.08893280632411067,
    "PDER": 0.1038961038961039,
    "PHAL": 0.08487654320987655,
    "PHAR": 0.07509881422924901,
    "PHBL": 0.052307692307692305,
    "PHBR": 0.06280788177339902,
    "PHCL": 0.0889423076923077,
    "PHCR": 0.07166666666666667,
    "PLML": 0.06363636363636363,
    "PLMR": 0.09333333333333334,
    "PLNL": 0.08851674641148326,
    "PLNR": 0.12867647058823528,
    "PQR": 0.08404558404558404,
    "PVCL": 0.07421451787648971,
    "PVCR": 0.05418250950570342,
    "PVDL": 0.07789855072463768,
    "PVDR": 0.0582010582010582,
    "PVM": 0.06493506493506493,
    "PVNL": 0.07050092764378478,
    "PVNR": 0.07254901960784314,
    "PVPL": 0.0841025641025641,
    "PVPR": 0.07920580700256191,
    "PVQL": 0.07193732193732194,
    "PVQR": 0.06279434850863422,
    "PVR": 0.06605019815059446,
    "PVT": 0.07011543394613083,
    "PVWL": 0.09567901234567901,
    "PVWR": 0.05258467023172905,
    "RIAL": 0.07601351351351351,
    "RIAR": 0.08443188951663529,
    "RIBL": 0.06433566433566433,
    "RIBR": 0.07927272727272727,
    "RICL": 0.08921694480102696,
    "RICR": 0.07733050847457627,
    "RID": 0.07602862254025045,
    "RIFL": 0.09151193633952255,
    "RIFR": 0.09108087679516251,
    "RIGL": 0.04981773997569866,
    "RIGR": 0.10098176718092566,
    "RIH": 0.070079883805374,
    "RIML": 0.08127659574468085,
    "RIMR": 0.06452702702702702,
    "RIPL": 0.06428571428571428,
    "RIPR": 0.041666666666666664,
    "RIR": 0.06467473524962178,
    "RIS": 0.07222222222222222,
    "RIVL": 0.08004926108374384,
    "RIVR": 0.08160919540229886,
    "RMDDL": 0.08035714285714286,
    "RMDDR": 0.07209302325581396,
    "RMDL": 0.07428355957767722,
    "RMDR": 0.07219973009446694,
    "RMDVL": 0.08333333333333333,
    "RMDVR": 0.06268882175226587,
    "RMED": 0.07758620689655173,
    "RMEL": 0.06666666666666667,
    "RMER": 0.06527093596059114,
    "RMEV": 0.11585365853658537,
    "RMFL": 0.07869634340222575,
    "RMFR": 0.0784313725490196,
    "RMGL": 0.0819000819000819,
    "RMGR": 0.07800751879699248,
    "RMHL": 0.10622710622710622,
    "RMHR": 0.07862903225806452,
    "SAADL": 0.07589285714285714,
    "SAADR": 0.06912442396313365,
    "SAAVL": 0.07236842105263158,
    "SAAVR": 0.08678343949044585,
    "SABD": 0.06,
    "SABVL": 0.0875,
    "SABVR": 0.07692307692307693,
    "SDQL": 0.08024691358024691,
    "SDQR": 0.10121951219512196,
    "SIADL": 0.07389162561576355,
    "SIADR": 0.07849462365591398,
    "SIAVL": 0.09180035650623886,
    "SIAVR": 0.07654320987654321,
    "SIBDL": 0.06767676767676768,
    "SIBDR": 0.07177033492822966,
    "SIBVL": 0.05970149253731343,
    "SIBVR": 0.08324496288441145,
    "SMBDL": 0.0761904761904762,
    "SMBDR": 0.06890756302521009,
    "SMBVL": 0.07885085574572127,
    "SMBVR": 0.06427604871447902,
    "SMDDL": 0.0735062893081761,
    "SMDDR": 0.05555555555555555,
    "SMDVL": 0.07027300303336703,