{
  "clustering_coefficients": {
    "ADAL": 0.07972199509403106,
    "ADAR": 0.07917261055634807,
    "ADEL": 0.08314855875831485,
    "ADER": 0.07688588007736943,
    "ADFL": 0.0743321718931475,
    "ADFR": 0.06349206349206349,
    "ADLL": 0.06925675675675676,
    "ADLR": 0.07598784194528875,
    "AFDL": 0.06303724928366762,
    "AFDR": 0.07758620689655173,
    "AIAL": 0.0990990990990991,
    "AIAR": 0.08765652951699464,
    "AIBL": 0.07610673135233474,
    "AIBR": 0.07979626485568761,
    "AIML": 0.08297413793103449,
    "AIMR": 0.08290488431876607,
    "AINL": 0.07586206896551724,
    "AINR": 0.10075187969924812,
    "AIYL": 0.0746031746031746,
    "AIYR": 0.08640552995391705,
    "AIZL": 0.06047700170357751,
    "AIZR": 0.07688588007736943,
    "ALA": 0.08363636363636363,
    "ALML": 0.08232118758434548,
    "ALMR": 0.1125,
    "ALNL": 0.09134615384615384,
    "ALNR": 0.0880952380952381,
    "AQR": 0.06766381766381767,
    "AS1": 0.07258064516129033,
    "AS10": 0.08421052631578947,
    "AS11": 0.07019438444924406,
    "AS2": 0.09285714285714286,
    "AS3": 0.08571428571428572,
    "AS4": 0.0847953216374269,
    "AS5": 0.07142857142857142,
    "AS6": 0.09663865546218488,
    "AS7": 0.06818181818181818,
    "AS8": 0.0,
    "AS9": 0.08974358974358974,
    "ASEL": 0.06818181818181818,
    "ASER": 0.08213716108452951,
    "ASGL": 0.11375661375661375,
    "ASGR": 0.08222811671087533,
    "ASHL": 0.07133676092544987,
    "ASHR": 0.060093348891481914,
    "ASIL": 0.08838383838383838,
    "ASIR": 0.08941605839416059,
    "ASJL": 0.0761904761904762,
    "ASJR": 0.08181818181818182,
    "ASKL": 0.0830945558739255,
    "ASKR": 0.10116279069767442,
    "AUAL": 0.07099143206854346,
    "AUAR": 0.05658198614318707,
    "AVAL": 0.06587362496802251,
    "AVAR": 0.05315005727376861,
    "AVBL": 0.07622403560830861,
    "AVBR": 0.062285714285714285,
    "AVDL": 0.08078431372549019,
    "AVDR": 0.07231661831744716,
    "AVEL": 0.06862745098039216,
    "AVER": 0.06509471987101975,
    "AVFL": 0.08744517543859649,
    "AVFR": 0.0626984126984127,
    "AVG": 0.07973174366616989,
    "AVHL": 0.0640812940688511,
    "AVHR": 0.0700280112044818,
    "AVJL": 0.05634278002699055,
    "AVJR": 0.08509090909090909,
    "AVKL": 0.06189788053949904,
    "AVKR": 0.07240204429301533,
    "AVL": 0.07231104651162791,
    "AVM": 0.08307692307692308,
    "AWAL": 0.08947368421052632,
    "AWAR": 0.09216589861751152,
    "AWBL": 0.06947890818858561,
    "AWBR": 0.05813953488372093,
    "AWCL": 0.08395061728395062,
    "AWCR": 0.09302325581395349,
    "BAGL": 0.07452574525745258,
    "BAGR": 0.05627705627705628,
    "BDUL": 0.08658008658008658,
    "BDUR": 0.08193979933110368,
    "CANL": 0.0,
    "CANR": 0.0,
    "CEPDL": 0.0770509977827051,
    "CEPDR": 0.07379518072289157,
    "CEPVL": 0.09174964438122332,
    "CEPVR": 0.07478632478632478,
    "DA1": 0.05846153846153846,
    "DA2": 0.08641975308641975,
    "DA3": 0.08823529411764706,
    "DA4": 0.1118421052631579,
    "DA5": 0.07859531772575251,
    "DA6": 0.10416666666666667,
    "DA7": 0.09416445623342175,
    "DA8": 0.07845868152274837,
    "DA9": 0.06218487394957983,
    "DB1": 0.04112554112554113,
    "DB2": 0.1111111111111111,
    "DB3": 0.07767857142857143,
    "DB4": 0.08439490445859872,
    "DB5": 0.10661764705882353,
    "DB6": 0.09117647058823529,
    "DB7": 0.08592692828146144,
    "DD1": 0.07819548872180451,
    "DD2": 0.08251231527093596,
    "DD3": 0.08404558404558404,
    "DD4": 0.08441558441558442,
    "DD5": 0.07211538461538461,
    "DD6": 0.0699614890885751,
    "DVA": 0.0629596940276552,
    "DVB": 0.08121019108280254,
    "DVC": 0.07909604519774012,
    "FLPL": 0.04521276595744681,
    "FLPR": 0.057932263814616754,
    "HSNL": 0.06825396825396825,
    "HSNR": 0.069831013916501,
    "I1L": 0.09116809116809117,
    "I1R": 0.07285714285714286,
    "I2L": 0.0989010989010989,
    "I2R": 0.09126984126984126,
    "I3": 0.07857142857142857,
    "I4": 0.08586762075134168,
    "I5": 0.06504065040650407,
    "I6": 0.06818181818181818,
    "IL1DL": 0.06060606060606061,
    "IL1DR": 0.10606060606060606,
    "IL1L": 0.08602150537634409,
    "IL1R": 0.10353535353535354,
    "IL1VL": 0.09330143540669857,
    "IL1VR": 0.09595959595959595,
    "IL2DL": 0.09803921568627451,
    "IL2DR": 0.095,
    "IL2L": 0.08424908424908426,
    "IL2R": 0.0695970695970696,
    "IL2VL": 0.15384615384615385,
    "IL2VR": 0.07357859531772576,
    "LUAL": 0.105,
    "LUAR": 0.06,
    "M1": 0.06722689075630252,
    "M2L": 0.07407407407407407,
    "M2R": 0.07676767676767676,
    "M3L": 0.08095238095238096,
    "M3R": 0.04395604395604396,
    "M4": 0.07804232804232804,
    "M5": 0.05555555555555555,
    "MCL": 0.06666666666666667,
    "MCR": 0.09090909090909091,
    "MI": 0.08455882352941177,
    "NSML": 0.09705882352941177,
    "NSMR": 0.10333333333333333,
    "OLLL": 0.0595959595959596,
    "OLLR": 0.07906626506024096,
    "OLQDL": 0.08497536945812807,
    "OLQDR": 0.0890302066772655,
    "OLQVL": 0.10869565217391304,
    "OLQVR": 0.07175925925925926,
    "PDA": 0.08148148148148149,
    "PDB": 0.07667386609071274,
    "PDEL": 0.04736842105263158,
    "PDER": 0.0735930735930736,
    "PHAL": 0.07692307692307693,
    "PHAR": 0.07178217821782178,
    "PHBL": 0.08850574712643679,
    "PHBR": 0.07373737373737374,
    "PHCL": 0.0761904761904762,
    "PHCR": 0.08728448275862069,
    "PLML": 0.03787878787878788,
    "PLMR": 0.08823529411764706,
    "PLNL": 0.08836206896551724,
    "PLNR": 0.08571428571428572,
    "PQR": 0.0748847926267281,
    "PVCL": 0.0629399585921325,
    "PVCR": 0.06256206554121152,
    "PVDL": 0.052307692307692305,
    "PVDR": 0.10396039603960396,
    "PVM": 0.0625,
    "PVNL": 0.06623058053965658,
    "PVNR": 0.07380715705765407,
    "PVPL": 0.06379393355801637,
    "PVPR": 0.05706214689265537,
    "PVQL": 0.07029339853300734,
    "PVQR": 0.07092198581560284,
    "PVR": 0.08073054526204342,
    "PVT": 0.05699177438307873,
    "PVWL": 0.08891454965357967,
    "PVWR": 0.07067669172932331,
    "RIAL": 0.051879084967320264,
    "RIAR": 0.0627030539311241,
    "RIBL": 0.07446808510638298,
    "RIBR": 0.0780701754385965,
    "RICL": 0.0873015873015873,
    "RICR": 0.07555555555555556,
    "RID": 0.09274873524451939,
    "RIFL": 0.07078853046594982,
    "RIFR": 0.0777233782129743,
    "RIGL": 0.05874125874125874,
    "RIGR": 0.07542147293700088,
    "RIH": 0.07765023632680622,
    "RIML": 0.06673728813559322,
    "RIMR": 0.06747638326585695,
    "RIPL": 0.08677098150782361,
    "RIPR": 0.07090909090909091,
    "RIR": 0.07698113207547169,
    "RIS": 0.0740905057675244,
    "RIVL": 0.05397727272727273,
    "RIVR": 0.06881720430107527,
    "RMDDL": 0.06562054208273894,
    "RMDDR": 0.08823529411764706,
    "RMDL": 0.09265075376884423,
    "RMDR": 0.07041540020263425,
    "RMDVL": 0.07593984962406015,
    "RMDVR": 0.06920999324780554,
    "RMED": 0.08728448275862069,
    "RMEL": 0.1108695652173913,
    "RMER": 0.07065217391304347,
    "RMEV": 0.06426735218508997,
    "RMFL": 0.10167310167310167,
    "RMFR": 0.10822510822510822,
    "RMGL": 0.06549628629304524,
    "RMGR": 0.0724881995954147,
    "RMHL": 0.0659536541889483,
    "RMHR": 0.05862068965517241,
    "SAADL": 0.10429936305732485,
    "SAADR": 0.06908831908831908,
    "SAAVL": 0.08433734939759036,
    "SAAVR": 0.09871794871794871,
    "SABD": 0.07017543859649122,
    "SABVL": 0.05042016806722689,
    "SABVR": 0.06363636363636363,
    "SDQL": 0.0891891891891892,
    "SDQR": 0.07969639468690702,
    "SIADL": 0.07320099255583126,
    "SIADR": 0.0839080459770115,
    "SIAVL": 0.06336405529953917,
    "SIAVR": 0.08,
    "SIBDL": 0.07852193995381063,
    "SIBDR": 0.08531746031746032,
    "SIBVL": 0.05773762765121759,
    "SIBVR": 0.08559201141226819,
    "SMBDL": 0.08620689655172414,
    "SMBDR": 0.06875,
    "SMBVL": 0.07841483979763912,
    "SMBVR": 0.07814992025518341,
    "SMDDL": 0.068,
    "SMDDR": 0.05664488017429194,
    "SMDVL": 0.0755082284607938,
    "SMDVR": 0.07466666666666667,