{
  "clustering_coefficients": {
    "ADAL": 0.07,
    "ADAR": 0.09103840682788052,
    "ADEL": 0.08253968253968254,
    "ADER": 0.07001166861143523,
    "ADFL": 0.0795593635250918,
    "ADFR": 0.08047385620915033,
    "ADLL": 0.06313131313131314,
    "ADLR": 0.10337837837837838,
    "AFDL": 0.08640552995391705,
    "AFDR": 0.05434782608695652,
    "AIAL": 0.0782608695652174,
    "AIAR": 0.0968013468013468,
    "AIBL": 0.07268170426065163,
    "AIBR": 0.07883597883597884,
    "AIML": 0.08023106546854943,
    "AIMR": 0.07973421926910298,
    "AINL": 0.07523148148148148,
    "AINR": 0.08963414634146341,
    "AIYL": 0.0855614973262032,
    "AIYR": 0.06666666666666667,
    "AIZL": 0.07303779069767442,
    "AIZR": 0.0944741532976827,
    "ALA": 0.06956521739130435,
    "ALML": 0.08487394957983194,
    "ALMR": 0.07177033492822966,
    "ALNL": 0.09583333333333334,
    "ALNR": 0.07846153846153846,
    "AQR": 0.0681063122923588,
    "AS1": 0.06267806267806268,
    "AS10": 0.08166666666666667,
    "AS11": 0.09511568123393316,
    "AS2": 0.08893280632411067,
    "AS3": 0.07142857142857142,
    "AS4": 0.11594202898550725,
    "AS5": 0.10714285714285714,
    "AS6": 0.09941520467836257,
    "AS7": 0.09848484848484848,
    "AS8": 0.04285714285714286,
    "AS9": 0.1,
    "ASEL": 0.06636500754147813,
    "ASER": 0.07509627727856226,
    "ASGL": 0.11057692307692307,
    "ASGR": 0.06166666666666667,
    "ASHL": 0.07020757020757021,
    "ASHR": 0.07283142389525368,
    "ASIL": 0.06296296296296296,
    "ASIR": 0.05555555555555555,
    "ASJL": 0.1,
    "ASJR": 0.08928571428571429,
    "ASKL": 0.1164021164021164,
    "ASKR": 0.08028616852146264,
    "AUAL": 0.0623342175066313,
    "AUAR": 0.09549071618037135,
    "AVAL": 0.060087599233506706,
    "AVAR": 0.060613152351977534,
    "AVBL": 0.06631254283755997,
    "AVBR": 0.06339401820546164,
    "AVDL": 0.07575180814617434,
    "AVDR": 0.07269021739130435,
    "AVEL": 0.06977401129943503,
    "AVER": 0.08094928478543563,
    "AVFL": 0.07757885763000852,
    "AVFR": 0.09274193548387097,
    "AVG": 0.07339089481946624,
    "AVHL": 0.06327800829875518,
    "AVHR": 0.06797184337879454,
    "AVJL": 0.0652834008097166,
    "AVJR": 0.07049418604651163,
    "AVKL": 0.06382415254237288,
    "AVKR": 0.09874152952565343,
    "AVL": 0.07387190684133915,
    "AVM": 0.08355437665782493,
    "AWAL": 0.07720588235294118,
    "AWAR": 0.09655172413793103,
    "AWBL": 0.09285714285714286,
    "AWBR": 0.08457374830852503,
    "AWCL": 0.08710801393728224,
    "AWCR": 0.08885017421602788,
    "BAGL": 0.07894736842105263,
    "BAGR": 0.06818181818181818,
    "BDUL": 0.08148148148148149,
    "BDUR": 0.08545454545454545,
    "CANL": 0.0,
    "CANR": 0.0,
    "CEPDL": 0.09617021276595744,
    "CEPDR": 0.05267857142857143,
    "CEPVL": 0.08333333333333333,
    "CEPVR": 0.07252559726962457,
    "DA1": 0.08497536945812807,
    "DA2": 0.05502846299810247,
    "DA3": 0.10134310134310134,
    "DA4": 0.07236842105263158,
    "DA5": 0.11253561253561253,
    "DA6": 0.1,
    "DA7": 0.06884057971014493,
    "DA8": 0.08848314606741572,
    "DA9": 0.07128412537917088,
    "DB1": 0.08531746031746032,
    "DB2": 0.05627705627705628,
    "DB3": 0.058734939759036146,
    "DB4": 0.08064516129032258,
    "DB5": 0.10606060606060606,
    "DB6": 0.06763285024154589,
    "DB7": 0.07977207977207977,
    "DD1": 0.09259259259259259,
    "DD2": 0.05476190476190476,
    "DD3": 0.12058823529411765,
    "DD4": 0.13736263736263737,
    "DD5": 0.07916666666666666,
    "DD6": 0.07354497354497354,
    "DVA": 0.06233918128654971,
    "DVB": 0.09180035650623886,
    "DVC": 0.07443897099069513,
    "FLPL": 0.057809330628803245,
    "FLPR": 0.0851063829787234,
    "HSNL": 0.0804380664652568,
    "HSNR": 0.0676287492925863,
    "I1L": 0.06374501992031872,
    "I1R": 0.06432748538011696,
    "I2L": 0.11057692307692307,
    "I2R": 0.09104938271604938,
    "I3": 0.07142857142857142,
    "I4": 0.1386861313868613,
    "I5": 0.07762096774193548,
    "I6": 0.13333333333333333,
    "IL1DL": 0.08851674641148326,
    "IL1DR": 0.1,
    "IL1L": 0.08712121212121213,
    "IL1R": 0.10052910052910052,
    "IL1VL": 0.09272727272727273,
    "IL1VR": 0.08403361344537816,
    "IL2DL": 0.09558823529411764,
    "IL2DR": 0.06725146198830409,
    "IL2L": 0.07889733840304182,
    "IL2R": 0.08333333333333333,
    "IL2VL": 0.08974358974358974,
    "IL2VR": 0.08333333333333333,
    "LUAL": 0.0903010033444816,
    "LUAR": 0.08299595141700405,
    "M1": 0.06111111111111111,
    "M2L": 0.10256410256410256,
    "M2R": 0.08496732026143791,
    "M3L": 0.09259259259259259,
    "M3R": 0.07083333333333333,
    "M4": 0.09259259259259259,
    "M5": 0.12878787878787878,
    "MCL": 0.0,
    "MCR": 0.0875,
    "MI": 0.07114624505928854,
    "NSML": 0.08545454545454545,
    "NSMR": 0.08008658008658008,
    "OLLL": 0.05423280423280423,
    "OLLR": 0.07630878438331855,
    "OLQDL": 0.08641975308641975,
    "OLQDR": 0.11382799325463744,
    "OLQVL": 0.07474747474747474,
    "OLQVR": 0.0920303605313093,
    "PDA": 0.08771929824561403,
    "PDB": 0.09090909090909091,
    "PDEL": 0.08068783068783068,
    "PDER": 0.08923076923076922,
    "PHAL": 0.05847953216374269,
    "PHAR": 0.07177033492822966,
    "PHBL": 0.07435344827586207,
    "PHBR": 0.07444168734491315,
    "PHCL": 0.06925996204933586,
    "PHCR": 0.09405940594059406,
    "PLML": 0.1,
    "PLMR": 0.08888888888888889,
    "PLNL": 0.07957559681697612,
    "PLNR": 0.09722222222222222,
    "PQR": 0.07512315270935961,
    "PVCL": 0.06747252747252747,
    "PVCR": 0.07916124837451236,
    "PVDL": 0.08465608465608465,
    "PVDR": 0.09636363636363636,
    "PVM": 0.0821501014198783,
    "PVNL": 0.09216101694915255,
    "PVNR": 0.07349510032664489,
    "PVPL": 0.07152557718424626,
    "PVPR": 0.0708092485549133,
    "PVQL": 0.07326478149100257,
    "PVQR": 0.07665094339622641,
    "PVR": 0.07871930669234473,
    "PVT": 0.07813834329632792,
    "PVWL": 0.07142857142857142,
    "PVWR": 0.07386363636363637,
    "RIAL": 0.07569095477386935,
    "RIAR": 0.0633280339162692,
    "RIBL": 0.08788449466415568,
    "RIBR": 0.06439649359406609,
    "RICL": 0.08013937282229965,
    "RICR": 0.07103610675039246,
    "RID": 0.07207207207207207,
    "RIFL": 0.09,
    "RIFR": 0.07136237256719184,
    "RIGL": 0.0507679180887372,
    "RIGR": 0.06268221574344024,
    "RIH": 0.06220222339862361,
    "RIML": 0.08566037735849057,
    "RIMR": 0.07161458333333333,
    "RIPL": 0.07512315270935961,
    "RIPR": 0.07432432432432433,
    "RIR": 0.06870567375886524,
    "RIS": 0.082483781278962,
    "RIVL": 0.08349146110056926,
    "RIVR": 0.07698412698412699,
    "RMDDL": 0.07769145394006659,
    "RMDDR": 0.09359190556492411,
    "RMDL": 0.06221498371335505,
    "RMDR": 0.08980044345898004,
    "RMDVL": 0.0776955602536998,
    "RMDVR": 0.07434640522875817,
    "RMED": 0.06142857142857143,
    "RMEL": 0.08496732026143791,
    "RMER": 0.08994708994708994,
    "RMEV": 0.06329849012775841,
    "RMFL": 0.05976430976430976,
    "RMFR": 0.12121212121212122,
    "RMGL": 0.07106455266138165,
    "RMGR": 0.07802340702210664,
    "RMHL": 0.05802861685214626,
    "RMHR": 0.09666666666666666,
    "SAADL": 0.08735632183908046,
    "SAADR": 0.08148558758314856,
    "SAAVL": 0.09988901220865705,
    "SAAVR": 0.08444444444444445,
    "SABD": 0.11029411764705882,
    "SABVL": 0.09090909090909091,
    "SABVR": 0.11904761904761904,
    "SDQL": 0.08945686900958466,
    "SDQR": 0.08497536945812807,
    "SIADL": 0.06527093596059114,
    "SIADR": 0.08928571428571429,
    "SIAVL": 0.06126482213438735,
    "SIAVR": 0.08315334773218143,
    "SIBDL": 0.07936507936507936,
    "SIBDR": 0.09943181818181818,
    "SIBVL": 0.06756756756756757,
    "SIBVR": 0.06613756613756613,
    "SMBDL": 0.08801955990220049,
    "SMBDR": 0.07590132827324478,
    "SMBVL": 0.0746031746031746,
    "SMBVR": 0.07142857142857142,
    "SMDDL": 0.06705539358600583,
    "SMDDR": 0.09090909090909091,
    "SMDVL": 0.07680722891566265,
    "SMDVR": 0.07726901062959934,