{
  "clustering_coefficients": {
    "ADAL": 0.08653846153846154,
    "ADAR": 0.06428571428571428,
    "ADEL": 0.08139534883720931,
    "ADER": 0.08902439024390243,
    "ADFL": 0.08739495798319327,
    "ADFR": 0.08970276008492568,
    "ADLL": 0.07894736842105263,
    "ADLR": 0.07384131971720345,
    "AFDL": 0.06857142857142857,
    "AFDR": 0.08695652173913043,
    "AIAL": 0.08095238095238096,
    "AIAR": 0.08494623655913978,
    "AIBL": 0.0654296875,
    "AIBR": 0.08296075509190264,
    "AIML": 0.08282828282828283,
    "AIMR": 0.07894736842105263,
    "AINL": 0.067816091954023,
    "AINR": 0.08290488431876607,
    "AIYL": 0.08487874465049929,
    "AIYR": 0.06950067476383266,
    "AIZL": 0.0705916813122437,
    "AIZR": 0.06487148102815178,
    "ALA": 0.03110047846889952,
    "ALML": 0.09290953545232274,
    "ALMR": 0.1007905138339921,
    "ALNL": 0.038461538461538464,
    "ALNR": 0.06140350877192982,
    "AQR": 0.08906882591093117,
    "AS1": 0.07272727272727272,
    "AS10": 0.06833333333333333,
    "AS11": 0.09612141652613827,
    "AS2": 0.15497076023391812,
    "AS3": 0.08571428571428572,
    "AS4": 0.10535117056856187,
    "AS5": 0.13333333333333333,
    "AS6": 0.1043956043956044,
    "AS7": 0.1,
    "AS8": 0.08333333333333333,
    "AS9": 0.08974358974358974,
    "ASEL": 0.08263069139966273,
    "ASER": 0.07027027027027027,
    "ASGL": 0.08187134502923976,
    "ASGR": 0.09347826086956522,
    "ASHL": 0.07435064935064935,
    "ASHR": 0.07411957411957412,
    "ASIL": 0.09057071960297766,
    "ASIR": 0.07312252964426877,
    "ASJL": 0.09288537549407115,
    "ASJR": 0.125,
    "ASKL": 0.05194805194805195,
    "ASKR": 0.10152284263959391,
    "AUAL": 0.07925801011804384,
    "AUAR": 0.07793522267206478,
    "AVAL": 0.05730365822460987,
    "AVAR": 0.058482046871640506,
    "AVBL": 0.06610237807335752,
    "AVBR": 0.07279137287432601,
    "AVDL": 0.07382785164450664,
    "AVDR": 0.07249560632688928,
    "AVEL": 0.06591903719912473,
    "AVER": 0.07142857142857142,
    "AVFL": 0.07225177304964539,
    "AVFR": 0.07151162790697674,
    "AVG": 0.07115009746588694,
    "AVHL": 0.08522083805209513,
    "AVHR": 0.06322751322751323,
    "AVJL": 0.076,
    "AVJR": 0.07054125998225377,
    "AVKL": 0.07805628847845207,
    "AVKR": 0.08142389525368249,
    "AVL": 0.07802287581699346,
    "AVM": 0.07019704433497537,
    "AWAL": 0.0861244019138756,
    "AWAR": 0.09788359788359788,
    "AWBL": 0.051075268817204304,
    "AWBR": 0.10404040404040404,
    "AWCL": 0.0778175313059034,
    "AWCR": 0.08059914407988587,
    "BAGL": 0.08322056833558863,
    "BAGR": 0.1051693404634581,
    "BDUL": 0.08421052631578947,
    "BDUR": 0.08576642335766424,
    "CANL": 0.0,
    "CANR": 0.0,
    "CEPDL": 0.07770870337477798,
    "CEPDR": 0.07796852646638054,
    "CEPVL": 0.0920303605313093,
    "CEPVR": 0.08912655971479501,
    "DA1": 0.06086956521739131,
    "DA2": 0.09090909090909091,
    "DA3": 0.07518796992481203,
    "DA4": 0.05928853754940711,
    "DA5": 0.05517241379310345,
    "DA6": 0.09583333333333334,
    "DA7": 0.08833333333333333,
    "DA8": 0.059722222222222225,
    "DA9": 0.0695970695970696,
    "DB1": 0.09698275862068965,
    "DB2": 0.06806930693069307,
    "DB3": 0.06831831831831832,
    "DB4": 0.0992063492063492,
    "DB5": 0.1111111111111111,
    "DB6": 0.12280701754385964,
    "DB7": 0.07512315270935961,
    "DD1": 0.07478632478632478,
    "DD2": 0.1007905138339921,
    "DD3": 0.08187134502923976,
    "DD4": 0.07692307692307693,
    "DD5": 0.08088235294117647,
    "DD6": 0.06756756756756757,
    "DVA": 0.07413750917543431,
    "DVB": 0.08494623655913978,
    "DVC": 0.06148340923877684,
    "FLPL": 0.10336134453781512,
    "FLPR": 0.1,
    "HSNL": 0.06853146853146853,
    "HSNR": 0.07256410256410256,
    "I1L": 0.06698564593301436,
    "I1R": 0.0691699604743083,
    "I2L": 0.049783549783549784,
    "I2R": 0.08653846153846154,
    "I3": 0.10457516339869281,
    "I4": 0.08498023715415019,
    "I5": 0.06666666666666667,
    "I6": 0.057692307692307696,
    "IL1DL": 0.06209150326797386,
    "IL1DR": 0.08482142857142858,
    "IL1L": 0.07333333333333333,
    "IL1R": 0.095,
    "IL1VL": 0.08950617283950617,
    "IL1VR": 0.10507246376811594,
    "IL2DL": 0.09117647058823529,
    "IL2DR": 0.08823529411764706,
    "IL2L": 0.07368421052631578,
    "IL2R": 0.07034220532319392,
    "IL2VL": 0.09340659340659341,
    "IL2VR": 0.05555555555555555,
    "LUAL": 0.07188498402555911,
    "LUAR": 0.0785472972972973,
    "M1": 0.14285714285714285,
    "M2L": 0.09597523219814241,
    "M2R": 0.1111111111111111,
    "M3L": 0.09558823529411764,
    "M3R": 0.054945054945054944,
    "M4": 0.07635467980295567,
    "M5": 0.05,
    "MCL": 0.06209150326797386,
    "MCR": 0.09477124183006536,
    "MI": 0.09583333333333334,
    "NSML": 0.08024691358024691,
    "NSMR": 0.07666666666666666,
    "OLLL": 0.09061696658097686,
    "OLLR": 0.08413926499032882,
    "OLQDL": 0.08044554455445545,
    "OLQDR": 0.08374384236453201,
    "OLQVL": 0.06142857142857143,
    "OLQVR": 0.07407407407407407,
    "PDA": 0.08300395256916997,
    "PDB": 0.10458452722063037,
    "PDEL": 0.08429561200923788,
    "PDER": 0.08199643493761141,
    "PHAL": 0.10493827160493827,
    "PHAR": 0.08260869565217391,
    "PHBL": 0.08321479374110953,
    "PHBR": 0.08487394957983194,
    "PHCL": 0.07142857142857142,
    "PHCR": 0.07833333333333334,
    "PLML": 0.08333333333333333,
    "PLMR": 0.08571428571428572,
    "PLNL": 0.05384615384615385,
    "PLNR": 0.09243697478991597,
    "PQR": 0.09010840108401084,
    "PVCL": 0.0761986301369863,
    "PVCR": 0.06952025280091928,
    "PVDL": 0.07272727272727272,
    "PVDR": 0.07368421052631578,
    "PVM": 0.07294429708222812,
    "PVNL": 0.06655290102389079,
    "PVNR": 0.06414719045251119,
    "PVPL": 0.07392156862745099,
    "PVPR": 0.06973923590054579,
    "PVQL": 0.09391891891891892,
    "PVQR": 0.05270793036750483,
    "PVR": 0.0701800847457627,
    "PVT": 0.06085526315789474,
    "PVWL": 0.09101382488479262,
    "PVWR": 0.07963709677419355,
    "RIAL": 0.06290228203627853,
    "RIAR": 0.06451612903225806,
    "RIBL": 0.06795058139534883,
    "RIBR": 0.08201523140011717,
    "RICL": 0.07212713936430318,
    "RICR": 0.09159727479182438,
    "RID": 0.06621621621621622,
    "RIFL": 0.08,
    "RIFR": 0.05856727976766699,
    "RIGL": 0.07050906963136337,
    "RIGR": 0.08230152949745084,
    "RIH": 0.08496978851963746,
    "RIML": 0.07311207311207311,
    "RIMR": 0.08298319327731092,
    "RIPL": 0.082010582010582,
    "RIPR": 0.08333333333333333,
    "RIR": 0.08490566037735849,
    "RIS": 0.06514657980456026,
    "RIVL": 0.11059907834101383,
    "RIVR": 0.09018567639257294,
    "RMDDL": 0.0757020757020757,
    "RMDDR": 0.06344086021505377,
    "RMDL": 0.06956521739130435,
    "RMDR": 0.06825396825396825,
    "RMDVL": 0.08208955223880597,
    "RMDVR": 0.06891891891891892,
    "RMED": 0.06680161943319839,
    "RMEL": 0.08888888888888889,
    "RMER": 0.09230769230769231,
    "RMEV": 0.06912442396313365,
    "RMFL": 0.082010582010582,
    "RMFR": 0.050239234449760764,
    "RMGL": 0.07091737150292778,
    "RMGR": 0.07624831309041835,
    "RMHL": 0.09392789373814042,
    "RMHR": 0.07512315270935961,
    "SAADL": 0.07275132275132275,
    "SAADR": 0.06436781609195402,
    "SAAVL": 0.06557377049180328,
    "SAAVR": 0.08963911525029103,
    "SABD": 0.09876543209876543,
    "SABVL": 0.08157894736842106,
    "SABVR": 0.07407407407407407,
    "SDQL": 0.11866359447004608,
    "SDQR": 0.07767857142857143,
    "SIADL": 0.06666666666666667,
    "SIADR": 0.07539118065433854,
    "SIAVL": 0.10317460317460317,
    "SIAVR": 0.06313131313131314,
    "SIBDL": 0.09563758389261745,
    "SIBDR": 0.10326086956521739,
    "SIBVL": 0.08381839348079162,
    "SIBVR": 0.06527777777777778,
    "SMBDL": 0.08996212121212122,
    "SMBDR": 0.0782051282051282,
    "SMBVL": 0.06984126984126984,
    "SMBVR": 0.08465608465608465,
    "SMDDL": 0.07283018867924529,
    "SMDDR": 0.06546644844517185,
    "SMDVL": 0.06666666666666667,