{
  "clustering_coefficients": {
    "ADAL": 0.06776556776556776,
    "ADAR": 0.07077856420626896,
    "ADEL": 0.08657047724750278,
    "ADER": 0.08985102420856611,
    "ADFL": 0.0617359413202934,
    "ADFR": 0.07482993197278912,
    "ADLL": 0.08358433734939759,
    "ADLR": 0.08773784355179703,
    "AFDL": 0.10551330798479087,
    "AFDR": 0.1,
    "AIAL": 0.07599629286376275,
    "AIAR": 0.06464646464646465,
    "AIBL": 0.06869184455391351,
    "AIBR": 0.06671483622350674,
    "AIML": 0.08640552995391705,
    "AIMR": 0.09103840682788052,
    "AINL": 0.09425287356321839,
    "AINR": 0.06818181818181818,
    "AIYL": 0.0978494623655914,
    "AIYR": 0.06064356435643564,
    "AIZL": 0.070079883805374,
    "AIZR": 0.08482142857142858,
    "ALA": 0.07834101382488479,
    "ALML": 0.09427609427609428,
    "ALMR": 0.09401709401709402,
    "ALNL": 0.05303030303030303,
    "ALNR": 0.07380952380952381,
    "AQR": 0.11746031746031746,
    "AS1": 0.06857142857142857,
    "AS10": 0.10028653295128939,
    "AS11": 0.08365019011406843,
    "AS2": 0.06428571428571428,
    "AS3": 0.09047619047619047,
    "AS4": 0.07692307692307693,
    "AS5": 0.06985294117647059,
    "AS6": 0.1111111111111111,
    "AS7": 0.14285714285714285,
    "AS8": 0.14285714285714285,
    "AS9": 0.045454545454545456,
    "ASEL": 0.07364864864864865,
    "ASER": 0.09443507588532883,
    "ASGL": 0.06493506493506493,
    "ASGR": 0.0907563025210084,
    "ASHL": 0.0704449152542373,
    "ASHR": 0.08029908972691807,
    "ASIL": 0.10061919504643962,
    "ASIR": 0.07894736842105263,
    "ASJL": 0.08095238095238096,
    "ASJR": 0.12222222222222222,
    "ASKL": 0.11314655172413793,
    "ASKR": 0.077524893314367,
    "AUAL": 0.07586206896551724,
    "AUAR": 0.08352668213457076,
    "AVAL": 0.05796108522882982,
    "AVAR": 0.06944944224541202,
    "AVBL": 0.050076161462300074,
    "AVBR": 0.07458307597282272,
    "AVDL": 0.06544780074191839,
    "AVDR": 0.0767316466196599,
    "AVEL": 0.07296380090497738,
    "AVER": 0.07498585172608942,
    "AVFL": 0.07735849056603773,
    "AVFR": 0.07591093117408906,
    "AVG": 0.06428571428571428,
    "AVHL": 0.07301587301587302,
    "AVHR": 0.0683433570256971,
    "AVJL": 0.056511056511056514,
    "AVJR": 0.08776223776223777,
    "AVKL": 0.06283138918345706,
    "AVKR": 0.08432708688245315,
    "AVL": 0.0992462311557789,
    "AVM": 0.08374384236453201,
    "AWAL": 0.1111111111111111,
    "AWAR": 0.06797235023041474,
    "AWBL": 0.07057057057057058,
    "AWBR": 0.12096774193548387,
    "AWCL": 0.09487666034155598,
    "AWCR": 0.05846774193548387,
    "BAGL": 0.06428571428571428,
    "BAGR": 0.09285714285714286,
    "BDUL": 0.051470588235294115,
    "BDUR": 0.09808612440191387,
    "CANL": 0.0,
    "CANR": 0.0,
    "CEPDL": 0.08253968253968254,
    "CEPDR": 0.08930987821380243,
    "CEPVL": 0.07061340941512126,
    "CEPVR": 0.07583547557840617,
    "DA1": 0.08695652173913043,
    "DA2": 0.07471264367816093,
    "DA3": 0.06551724137931035,
    "DA4": 0.08421052631578947,
    "DA5": 0.08512931034482758,
    "DA6": 0.09166666666666666,
    "DA7": 0.08571428571428572,
    "DA8": 0.06654545454545455,
    "DA9": 0.06842105263157895,
    "DB1": 0.09885057471264368,
    "DB2": 0.05698924731182796,
    "DB3": 0.08064516129032258,
    "DB4": 0.08222811671087533,
    "DB5": 0.0873015873015873,
    "DB6": 0.11666666666666667,
    "DB7": 0.07128412537917088,
    "DD1": 0.06923076923076923,
    "DD2": 0.05,
    "DD3": 0.09057971014492754,
    "DD4": 0.041666666666666664,
    "DD5": 0.10968660968660969,
    "DD6": 0.09103840682788052,
    "DVA": 0.07461664841182913,
    "DVB": 0.07654320987654321,
    "DVC": 0.07582110412299091,
    "FLPL": 0.08064516129032258,
    "FLPR": 0.07354925775978408,
    "HSNL": 0.07928118393234672,
    "HSNR": 0.09047965116279069,
    "I1L": 0.07357859531772576,
    "I1R": 0.09347826086956522,
    "I2L": 0.0761904761904762,
    "I2R": 0.07833333333333334,
    "I3": 0.0992063492063492,
    "I4": 0.07849462365591398,
    "I5": 0.07258064516129033,
    "I6": 0.08333333333333333,
    "IL1DL": 0.09267241379310345,
    "IL1DR": 0.08333333333333333,
    "IL1L": 0.07264957264957266,
    "IL1R": 0.07333333333333333,
    "IL1VL": 0.09288537549407115,
    "IL1VR": 0.09047619047619047,
    "IL2DL": 0.0962962962962963,
    "IL2DR": 0.08950617283950617,
    "IL2L": 0.06236559139784946,
    "IL2R": 0.0992063492063492,
    "IL2VL": 0.1323529411764706,
    "IL2VR": 0.0890909090909091,
    "LUAL": 0.09090909090909091,
    "LUAR": 0.06939163498098859,
    "M1": 0.058333333333333334,
    "M2L": 0.08505747126436781,
    "M2R": 0.10173160173160173,
    "M3L": 0.0661764705882353,
    "M3R": 0.07894736842105263,
    "M4": 0.08241758241758242,
    "M5": 0.08928571428571429,
    "MCL": 0.10714285714285714,
    "MCR": 0.08333333333333333,
    "MI": 0.09047619047619047,
    "NSML": 0.06126482213438735,
    "NSMR": 0.06315789473684211,
    "OLLL": 0.08410138248847926,
    "OLLR": 0.07823613086770982,
    "OLQDL": 0.10185185185185185,
    "OLQDR": 0.06477732793522267,
    "OLQVL": 0.0907563025210084,
    "OLQVR": 0.05952380952380952,
    "PDA": 0.06862745098039216,
    "PDB": 0.07859531772575251,
    "PDEL": 0.07205240174672489,
    "PDER": 0.07707509881422925,
    "PHAL": 0.06140350877192982,
    "PHAR": 0.09722222222222222,
    "PHBL": 0.11382799325463744,
    "PHBR": 0.08288770053475936,
    "PHCL": 0.07301980198019802,
    "PHCR": 0.07849462365591398,
    "PLML": 0.1,
    "PLMR": 0.10166666666666667,
    "PLNL": 0.09391534391534391,
    "PLNR": 0.06666666666666667,
    "PQR": 0.08454106280193237,
    "PVCL": 0.0734065934065934,
    "PVCR": 0.06680400235432607,
    "PVDL": 0.09166666666666666,
    "PVDR": 0.0935672514619883,
    "PVM": 0.10317460317460317,
    "PVNL": 0.0871177015755329,
    "PVNR": 0.08249010118785746,
    "PVPL": 0.05299818291944276,
    "PVPR": 0.07764505119453925,
    "PVQL": 0.09704370179948586,
    "PVQR": 0.0791015625,
    "PVR": 0.07356375525455394,
    "PVT": 0.07445520581113801,
    "PVWL": 0.075,
    "PVWR": 0.0980603448275862,
    "RIAL": 0.058704453441295545,
    "RIAR": 0.08055975794251134,
    "RIBL": 0.07171139463264409,
    "RIBR": 0.0652428320655354,
    "RICL": 0.08323632130384168,
    "RICR": 0.0651618398637138,
    "RID": 0.06862745098039216,
    "RIFL": 0.07894736842105263,
    "RIFR": 0.06908831908831908,
    "RIGL": 0.08306188925081433,
    "RIGR": 0.07411328745367919,
    "RIH": 0.0736986301369863,
    "RIML": 0.04657534246575343,
    "RIMR": 0.07619689817936615,
    "RIPL": 0.09833333333333333,
    "RIPR": 0.09173387096774194,
    "RIR": 0.08641005498821681,
    "RIS": 0.06918238993710692,
    "RIVL": 0.06878306878306878,
    "RIVR": 0.06267806267806268,
    "RMDDL": 0.07149758454106281,
    "RMDDR": 0.07575757575757576,
    "RMDL": 0.080301685891748,
    "RMDR": 0.07958921694480103,
    "RMDVL": 0.07112068965517242,
    "RMDVR": 0.08963691376701967,
    "RMED": 0.09195402298850575,
    "RMEL": 0.0880952380952381,
    "RMER": 0.06774193548387097,
    "RMEV": 0.06675224646983312,
    "RMFL": 0.10259179265658748,
    "RMFR": 0.0847953216374269,
    "RMGL": 0.07692307692307693,
    "RMGR": 0.06849666495638788,
    "RMHL": 0.05541871921182266,
    "RMHR": 0.0587557603686636,
    "SAADL": 0.08188585607940446,
    "SAADR": 0.09135802469135802,
    "SAAVL": 0.08592692828146144,
    "SAAVR": 0.07936507936507936,
    "SABD": 0.057539682539682536,
    "SABVL": 0.0784313725490196,
    "SABVR": 0.07692307692307693,
    "SDQL": 0.07571428571428572,
    "SDQR": 0.09494949494949495,
    "SIADL": 0.08282828282828283,
    "SIADR": 0.0929054054054054,
    "SIAVL": 0.08279569892473118,
    "SIAVR": 0.096,
    "SIBDL": 0.08650190114068441,
    "SIBDR": 0.09487666034155598,
    "SIBVL": 0.07730812013348165,
    "SIBVR": 0.08985200845665962,
    "SMBDL": 0.06616541353383458,
    "SMBDR": 0.08659638554216867,
    "SMBVL": 0.06746031746031746,
    "SMBVR": 0.07371794871794872,
    "SMDDL": 0.09108653220559532,
    "SMDDR": 0.07142857142857142,