{
  "clustering_coefficients": {
    "ADAL": 0.07513227513227513,
    "ADAR": 0.08190709046454768,
    "ADEL": 0.0735009671179884,
    "ADER": 0.06802721088435375,
    "ADFL": 0.0740905057675244,
    "ADFR": 0.08265139116202946,
    "ADLL": 0.07616279069767441,
    "ADLR": 0.07899231426131512,
    "AFDL": 0.06060606060606061,
    "AFDR": 0.09330143540669857,
    "AIAL": 0.0916919959473151,
    "AIAR": 0.07388663967611336,
    "AIBL": 0.08602739726027397,
    "AIBR": 0.0805735056542811,
    "AIML": 0.05864197530864197,
    "AIMR": 0.0875,
    "AINL": 0.08487874465049929,
    "AINR": 0.08097165991902834,
    "AIYL": 0.09881422924901186,
    "AIYR": 0.08282828282828283,
    "AIZL": 0.086073500967118,
    "AIZR": 0.06908831908831908,
    "ALA": 0.05952380952380952,
    "ALML": 0.08108108108108109,
    "ALMR": 0.0784313725490196,
    "ALNL": 0.07575757575757576,
    "ALNR": 0.07712765957446809,
    "AQR": 0.07766367137355584,
    "AS1": 0.07333333333333333,
    "AS10": 0.09379968203497616,
    "AS11": 0.06825396825396825,
    "AS2": 0.05588235294117647,
    "AS3": 0.08333333333333333,
    "AS4": 0.12103174603174603,
    "AS5": 0.0861244019138756,
    "AS6": 0.03636363636363636,
    "AS7": 0.09523809523809523,
    "AS8": 0.02727272727272727,
    "AS9": 0.0,
    "ASEL": 0.08377896613190731,
    "ASER": 0.05810810810810811,
    "ASGL": 0.07,
    "ASGR": 0.0891304347826087,
    "ASHL": 0.08897126969416126,
    "ASHR": 0.07574468085106383,
    "ASIL": 0.07142857142857142,
    "ASIR": 0.058695652173913045,
    "ASJL": 0.10610079575596817,
    "ASJR": 0.1,
    "ASKL": 0.09411764705882353,
    "ASKR": 0.08148558758314856,
    "AUAL": 0.07692307692307693,
    "AUAR": 0.08374384236453201,
    "AVAL": 0.0681981335247667,
    "AVAR": 0.06563807531380753,
    "AVBL": 0.06901960784313725,
    "AVBR": 0.07284515636918383,
    "AVDL": 0.06835672249886826,
    "AVDR": 0.07115384615384615,
    "AVEL": 0.07494145199063232,
    "AVER": 0.06848552338530067,
    "AVFL": 0.08224043715846995,
    "AVFR": 0.06717171717171717,
    "AVG": 0.07738095238095238,
    "AVHL": 0.062266500622665005,
    "AVHR": 0.07789358200767965,
    "AVJL": 0.0630114566284779,
    "AVJR": 0.07215541165587419,
    "AVKL": 0.07672706681766704,
    "AVKR": 0.08835978835978836,
    "AVL": 0.06395348837209303,
    "AVM": 0.060836501901140684,
    "AWAL": 0.09375,
    "AWAR": 0.09486166007905138,
    "AWBL": 0.0867003367003367,
    "AWBR": 0.07931034482758621,
    "AWCL": 0.10404040404040404,
    "AWCR": 0.10683760683760683,
    "BAGL": 0.08571428571428572,
    "BAGR": 0.06349206349206349,
    "BDUL": 0.08947368421052632,
    "BDUR": 0.05533596837944664,
    "CANL": 0.0,
    "CANR": 0.0,
    "CEPDL": 0.08321678321678322,
    "CEPDR": 0.08251231527093596,
    "CEPVL": 0.059444444444444446,
    "CEPVR": 0.08302808302808302,
    "DA1": 0.06277056277056277,
    "DA2": 0.08433734939759036,
    "DA3": 0.07063492063492063,
    "DA4": 0.09885057471264368,
    "DA5": 0.060526315789473685,
    "DA6": 0.14114832535885166,
    "DA7": 0.06613756613756613,
    "DA8": 0.08177777777777778,
    "DA9": 0.0732574679943101,
    "DB1": 0.08296943231441048,
    "DB2": 0.10181818181818182,
    "DB3": 0.05990220048899755,
    "DB4": 0.0868945868945869,
    "DB5": 0.0915032679738562,
    "DB6": 0.058355437665782495,
    "DB7": 0.0655241935483871,
    "DD1": 0.09388335704125178,
    "DD2": 0.09384615384615384,
    "DD3": 0.0891304347826087,
    "DD4": 0.04487179487179487,
    "DD5": 0.0718954248366013,
    "DD6": 0.07837837837837838,
    "DVA": 0.0760381593714927,
    "DVB": 0.08164983164983165,
    "DVC": 0.07966188524590163,
    "FLPL": 0.07815126050420168,
    "FLPR": 0.08449074074074074,
    "HSNL": 0.06325910931174089,
    "HSNR": 0.07466666666666667,
    "I1L": 0.09523809523809523,
    "I1R": 0.0873015873015873,
    "I2L": 0.07236842105263158,
    "I2R": 0.09808612440191387,
    "I3": 0.05846153846153846,
    "I4": 0.06166666666666667,
    "I5": 0.1163575042158516,
    "I6": 0.0641025641025641,
    "IL1DL": 0.05714285714285714,
    "IL1DR": 0.07,
    "IL1L": 0.09066427289048475,
    "IL1R": 0.08,
    "IL1VL": 0.09090909090909091,
    "IL1VR": 0.08022922636103152,
    "IL2DL": 0.07941176470588235,
    "IL2DR": 0.0457516339869281,
    "IL2L": 0.08536585365853659,
    "IL2R": 0.061555075593952485,
    "IL2VL": 0.07352941176470588,
    "IL2VR": 0.11576354679802955,
    "LUAL": 0.09037162162162163,
    "LUAR": 0.08165322580645161,
    "M1": 0.08888888888888889,
    "M2L": 0.11764705882352941,
    "M2R": 0.10326086956521739,
    "M3L": 0.07105263157894737,
    "M3R": 0.06593406593406594,
    "M4": 0.10615384615384615,
    "M5": 0.19047619047619047,
    "MCL": 0.07142857142857142,
    "MCR": 0.18518518518518517,
    "MI": 0.06552706552706553,
    "NSML": 0.0761904761904762,
    "NSMR": 0.06324110671936758,
    "OLLL": 0.09247311827956989,
    "OLLR": 0.07785642062689585,
    "OLQDL": 0.04784688995215311,
    "OLQDR": 0.06091954022988506,
    "OLQVL": 0.07857142857142857,
    "OLQVR": 0.1393188854489164,
    "PDA": 0.06842105263157895,
    "PDB": 0.07857142857142857,
    "PDEL": 0.08333333333333333,
    "PDER": 0.0811965811965812,
    "PHAL": 0.06368821292775666,
    "PHAR": 0.05570291777188329,
    "PHBL": 0.08417508417508418,
    "PHBR": 0.06829679595278246,
    "PHCL": 0.0661764705882353,
    "PHCR": 0.07373271889400922,
    "PLML": 0.10317460317460317,
    "PLMR": 0.09477124183006536,
    "PLNL": 0.09287257019438445,
    "PLNR": 0.09550561797752809,
    "PQR": 0.05656565656565657,
    "PVCL": 0.07771311194796303,
    "PVCR": 0.07549157303370786,
    "PVDL": 0.09683794466403162,
    "PVDR": 0.08714285714285715,
    "PVM": 0.06842105263157895,
    "PVNL": 0.06984667802385008,
    "PVNR": 0.07151253918495298,
    "PVPL": 0.06677917068466731,
    "PVPR": 0.08125707814269535,
    "PVQL": 0.061654135338345864,
    "PVQR": 0.07692307692307693,
    "PVR": 0.07320942883046237,
    "PVT": 0.07627118644067797,
    "PVWL": 0.08142857142857143,
    "PVWR": 0.06428571428571428,
    "RIAL": 0.08333333333333333,
    "RIAR": 0.06935366739288308,
    "RIBL": 0.065587734241908,
    "RIBR": 0.08373786407766991,
    "RICL": 0.05290697674418605,
    "RICR": 0.10063559322033898,
    "RID": 0.08728448275862069,
    "RIFL": 0.07142857142857142,
    "RIFR": 0.06684491978609626,
    "RIGL": 0.06261101243339254,
    "RIGR": 0.06515151515151515,
    "RIH": 0.06608226567768037,
    "RIML": 0.07522485690923958,
    "RIMR": 0.08,
    "RIPL": 0.0865546218487395,
    "RIPR": 0.08514492753623189,
    "RIR": 0.059218559218559216,
    "RIS": 0.07640067911714771,
    "RIVL": 0.0811965811965812,
    "RIVR": 0.049019607843137254,
    "RMDDL": 0.08358433734939759,
    "RMDDR": 0.07701149425287357,
    "RMDL": 0.07807417046193885,
    "RMDR": 0.0846774193548387,
    "RMDVL": 0.07017543859649122,
    "RMDVR": 0.07175226586102719,
    "RMED": 0.06695156695156695,
    "RMEL": 0.06324110671936758,
    "RMER": 0.10339506172839506,
    "RMEV": 0.08585858585858586,
    "RMFL": 0.09487666034155598,
    "RMFR": 0.0861244019138756,
    "RMGL": 0.07390648567119155,
    "RMGR": 0.07183673469387755,
    "RMHL": 0.08048433048433049,
    "RMHR": 0.08465608465608465,
    "SAADL": 0.0780189959294437,
    "SAADR": 0.05632183908045977,
    "SAAVL": 0.07763975155279502,
    "SAAVR": 0.05573248407643312,
    "SABD": 0.07816091954022988,
    "SABVL": 0.12179487179487179,
    "SABVR": 0.08947368421052632,
    "SDQL": 0.08585055643879173,
    "SDQR": 0.08903133903133903,
    "SIADL": 0.06566820276497695,
    "SIADR": 0.056790123456790124,
    "SIAVL": 0.07407407407407407,
    "SIAVR": 0.06995230524642289,
    "SIBDL": 0.06914893617021277,
    "SIBDR": 0.06521739130434782,
    "SIBVL": 0.07071428571428572,
    "SIBVR": 0.07631160572337042,
    "SMBDL": 0.0677361853832442,
    "SMBDR": 0.08611955420466058,
    "SMBVL": 0.05573248407643312,
    "SMBVR": 0.07857974388824214,
    "SMDDL": 0.06989247311827956,
    "SMDDR": 0.07111111111111111,
    "SMDVL": 0.07815964523281596,