{
  "clustering_coefficients": {
    "ADAL": 0.07506950880444857,
    "ADAR": 0.06712473572938689,
    "ADEL": 0.0914811229428848,
    "ADER": 0.07948717948717948,
    "ADFL": 0.09883720930232558,
    "ADFR": 0.06832627118644068,
    "ADLL": 0.08180708180708181,
    "ADLR": 0.08888888888888889,
    "AFDL": 0.0876923076923077,
    "AFDR": 0.05228758169934641,
    "AIAL": 0.07665505226480836,
    "AIAR": 0.07602862254025045,
    "AIBL": 0.07799304520615996,
    "AIBR": 0.0648018648018648,
    "AIML": 0.08840304182509506,
    "AIMR": 0.07814407814407814,
    "AINL": 0.0840821566110398,
    "AINR": 0.10591133004926108,
    "AIYL": 0.09084084084084085,
    "AIYR": 0.1043360433604336,
    "AIZL": 0.07811320754716981,
    "AIZR": 0.08072009291521487,
    "ALA": 0.09462365591397849,
    "ALML": 0.10708263069139966,
    "ALMR": 0.08157894736842106,
    "ALNL": 0.06060606060606061,
    "ALNR": 0.06702898550724638,
    "AQR": 0.07834757834757834,
    "AS1": 0.08421052631578947,
    "AS10": 0.0587248322147651,
    "AS11": 0.06464646464646465,
    "AS2": 0.09090909090909091,
    "AS3": 0.08928571428571429,
    "AS4": 0.0661764705882353,
    "AS5": 0.07575757575757576,
    "AS6": 0.09047619047619047,
    "AS7": 0.06190476190476191,
    "AS8": 0.08333333333333333,
    "AS9": 0.10897435897435898,
    "ASEL": 0.092880978865406,
    "ASER": 0.08291203235591507,
    "ASGL": 0.11333333333333333,
    "ASGR": 0.1,
    "ASHL": 0.08059914407988587,
    "ASHR": 0.09025679758308157,
    "ASIL": 0.07166666666666667,
    "ASIR": 0.08421052631578947,
    "ASJL": 0.06878306878306878,
    "ASJR": 0.08152173913043478,
    "ASKL": 0.07509881422924901,
    "ASKR": 0.07491582491582492,
    "AUAL": 0.08568548387096774,
    "AUAR": 0.06695156695156695,
    "AVAL": 0.07565613283342261,
    "AVAR": 0.06809884863802303,
    "AVBL": 0.0669831223628692,
    "AVBR": 0.0660667251975417,
    "AVDL": 0.06551724137931035,
    "AVDR": 0.06500847936687394,
    "AVEL": 0.07761194029850746,
    "AVER": 0.07531840140535792,
    "AVFL": 0.07248157248157248,
    "AVFR": 0.06921373200442968,
    "AVG": 0.07518543492919758,
    "AVHL": 0.07635746606334842,
    "AVHR": 0.06902985074626866,
    "AVJL": 0.08200354609929078,
    "AVJR": 0.06427015250544663,
    "AVKL": 0.0706182643221781,
    "AVKR": 0.06673407482305359,
    "AVL": 0.07304075235109718,
    "AVM": 0.08620689655172414,
    "AWAL": 0.07720588235294118,
    "AWAR": 0.10166666666666667,
    "AWBL": 0.12774957698815567,
    "AWBR": 0.08064516129032258,
    "AWCL": 0.07631160572337042,
    "AWCR": 0.09968102073365231,
    "BAGL": 0.0728744939271255,
    "BAGR": 0.09,
    "BDUL": 0.06909090909090909,
    "BDUR": 0.10698689956331878,
    "CANL": 0.0,
    "CANR": 0.0,
    "CEPDL": 0.054497354497354496,
    "CEPDR": 0.09306803594351733,
    "CEPVL": 0.0673758865248227,
    "CEPVR": 0.07209302325581396,
    "DA1": 0.08823529411764706,
    "DA2": 0.07347972972972973,
    "DA3": 0.09185606060606061,
    "DA4": 0.08528428093645485,
    "DA5": 0.07931034482758621,
    "DA6": 0.06521739130434782,
    "DA7": 0.09729064039408868,
    "DA8": 0.06759259259259259,
    "DA9": 0.08951271186440678,
    "DB1": 0.07098765432098765,
    "DB2": 0.06666666666666667,
    "DB3": 0.06766917293233082,
    "DB4": 0.06666666666666667,
    "DB5": 0.09401709401709402,
    "DB6": 0.09288537549407115,
    "DB7": 0.09584859584859586,
    "DD1": 0.07762096774193548,
    "DD2": 0.07114624505928854,
    "DD3": 0.08695652173913043,
    "DD4": 0.08876811594202899,
    "DD5": 0.09090909090909091,
    "DD6": 0.08693244739756367,
    "DVA": 0.06645735217163788,
    "DVB": 0.06324110671936758,
    "DVC": 0.06908665105386416,
    "FLPL": 0.07606490872210954,
    "FLPR": 0.10714285714285714,
    "HSNL": 0.08695652173913043,
    "HSNR": 0.07606787595084845,
    "I1L": 0.08099352051835854,
    "I1R": 0.10304659498207885,
    "I2L": 0.07707509881422925,
    "I2R": 0.09391534391534391,
    "I3": 0.11842105263157894,
    "I4": 0.08796296296296297,
    "I5": 0.07834757834757834,
    "I6": 0.08571428571428572,
    "IL1DL": 0.07027649769585254,
    "IL1DR": 0.06546489563567362,
    "IL1L": 0.09307359307359307,
    "IL1R": 0.06403940886699508,
    "IL1VL": 0.07792207792207792,
    "IL1VR": 0.05476190476190476,
    "IL2DL": 0.07352941176470588,
    "IL2DR": 0.038011695906432746,
    "IL2L": 0.07741935483870968,
    "IL2R": 0.08421052631578947,
    "IL2VL": 0.07692307692307693,
    "IL2VR": 0.10130718954248366,
    "LUAL": 0.06904761904761905,
    "LUAR": 0.09297912713472485,
    "M1": 0.05238095238095238,
    "M2L": 0.10263157894736842,
    "M2R": 0.07334525939177101,
    "M3L": 0.11176470588235295,
    "M3R": 0.07368421052631578,
    "M4": 0.075,
    "M5": 0.1,
    "MCL": 0.06363636363636363,
    "MCR": 0.044444444444444446,
    "MI": 0.08823529411764706,
    "NSML": 0.07720588235294118,
    "NSMR": 0.08333333333333333,
    "OLLL": 0.09090909090909091,
    "OLLR": 0.07553290083410566,
    "OLQDL": 0.07818181818181819,
    "OLQDR": 0.08441558441558442,
    "OLQVL": 0.07539682539682539,
    "OLQVR": 0.07471264367816093,
    "PDA": 0.09686609686609686,
    "PDB": 0.08974358974358974,
    "PDEL": 0.06680161943319839,
    "PDER": 0.1111111111111111,
    "PHAL": 0.06613756613756613,
    "PHAR": 0.07054455445544554,
    "PHBL": 0.08660508083140878,
    "PHBR": 0.08333333333333333,
    "PHCL": 0.07692307692307693,
    "PHCR": 0.08452722063037249,
    "PLML": 0.1111111111111111,
    "PLMR": 0.07017543859649122,
    "PLNL": 0.08045977011494253,
    "PLNR": 0.08241758241758242,
    "PQR": 0.09928443649373882,
    "PVCL": 0.06404565630944832,
    "PVCR": 0.07237746220797069,
    "PVDL": 0.07957559681697612,
    "PVDR": 0.06926406926406926,
    "PVM": 0.11052631578947368,
    "PVNL": 0.07182576459684893,
    "PVNR": 0.06783493499152063,
    "PVPL": 0.07660924750679964,
    "PVPR": 0.08687040181097906,
    "PVQL": 0.07321428571428572,
    "PVQR": 0.09019426456984274,
    "PVR": 0.06379647749510763,
    "PVT": 0.06767123287671233,
    "PVWL": 0.08294930875576037,
    "PVWR": 0.06354300385109114,
    "RIAL": 0.0784313725490196,
    "RIAR": 0.06862745098039216,
    "RIBL": 0.05773762765121759,
    "RIBR": 0.08245083207261725,
    "RICL": 0.0706984667802385,
    "RICR": 0.08282904689863843,
    "RID": 0.10636856368563685,
    "RIFL": 0.08266129032258064,
    "RIFR": 0.060760667903525044,
    "RIGL": 0.06541313559322035,
    "RIGR": 0.06508047585724283,
    "RIH": 0.07212885154061624,
    "RIML": 0.07757496740547588,
    "RIMR": 0.06326530612244897,
    "RIPL": 0.06682027649769585,
    "RIPR": 0.065,
    "RIR": 0.08397271952259165,
    "RIS": 0.07299546142208775,
    "RIVL": 0.0723905723905724,
    "RIVR": 0.08923076923076922,
    "RMDDL": 0.06685633001422475,
    "RMDDR": 0.07358870967741936,
    "RMDL": 0.06859557867360208,
    "RMDR": 0.07683352735739232,
    "RMDVL": 0.08321479374110953,
    "RMDVR": 0.0717896865520728,
    "RMED": 0.06451612903225806,
    "RMEL": 0.06578947368421052,
    "RMER": 0.06280788177339902,
    "RMEV": 0.08695652173913043,
    "RMFL": 0.05802861685214626,
    "RMFR": 0.1134453781512605,
    "RMGL": 0.06087584215591915,
    "RMGR": 0.08479212253829321,
    "RMHL": 0.08426073131955485,
    "RMHR": 0.06790123456790123,
    "SAADL": 0.07605421686746988,
    "SAADR": 0.09282178217821782,
    "SAAVL": 0.07171853856562922,
    "SAAVR": 0.09220985691573927,
    "SABD": 0.08695652173913043,
    "SABVL": 0.10714285714285714,
    "SABVR": 0.0645933014354067,
    "SDQL": 0.07386363636363637,
    "SDQR": 0.07390745501285347,
    "SIADL": 0.08990147783251232,
    "SIADR": 0.09503239740820735,
    "SIAVL": 0.06746031746031746,
    "SIAVR": 0.06333333333333334,
    "SIBDL": 0.09347826086956522,
    "SIBDR": 0.06989247311827956,
    "SIBVL": 0.07218045112781955,
    "SIBVR": 0.06619537275064268,
    "SMBDL": 0.07130124777183601,
    "SMBDR": 0.09186746987951808,
    "SMBVL": 0.07094594594594594,
    "SMBVR": 0.08823529411764706,
    "SMDDL": 0.06745707277187245,
    "SMDDR": 0.08009259259259259,