{
  "clustering_coefficients": {
    "ADAL": 0.08451417004048584,
    "ADAR": 0.08358433734939759,
    "ADEL": 0.07649667405764966,
    "ADER": 0.07387755102040816,
    "ADFL": 0.07282282282282282,
    "ADFR": 0.09292412617220801,
    "ADLL": 0.07740213523131673,
    "ADLR": 0.08626328699918234,
    "AFDL": 0.09747899159663866,
    "AFDR": 0.08497536945812807,
    "AIAL": 0.07175925925925926,
    "AIAR": 0.03333333333333333,
    "AIBL": 0.06762438682550806,
    "AIBR": 0.06769230769230769,
    "AIML": 0.08064516129032258,
    "AIMR": 0.08721804511278196,
    "AINL": 0.08467023172905526,
    "AINR": 0.07894736842105263,
    "AIYL": 0.06515957446808511,
    "AIYR": 0.07037037037037037,
    "AIZL": 0.08038422649140546,
    "AIZR": 0.06714975845410628,
    "ALA": 0.09210526315789473,
    "ALML": 0.08157602663706992,
    "ALMR": 0.08421052631578947,
    "ALNL": 0.11538461538461539,
    "ALNR": 0.07894736842105263,
    "AQR": 0.06906906906906907,
    "AS1": 0.08307692307692308,
    "AS10": 0.08363636363636363,
    "AS11": 0.09394904458598727,
    "AS2": 0.08095238095238096,
    "AS3": 0.041666666666666664,
    "AS4": 0.09166666666666666,
    "AS5": 0.09340659340659341,
    "AS6": 0.08974358974358974,
    "AS7": 0.047619047619047616,
    "AS8": 0.08333333333333333,
    "AS9": 0.08333333333333333,
    "ASEL": 0.07857974388824214,
    "ASER": 0.09068627450980392,
    "ASGL": 0.09477124183006536,
    "ASGR": 0.095,
    "ASHL": 0.09061696658097686,
    "ASHR": 0.06585081585081586,
    "ASIL": 0.0944206008583691,
    "ASIR": 0.09047619047619047,
    "ASJL": 0.08496732026143791,
    "ASJR": 0.10952380952380952,
    "ASKL": 0.07190635451505016,
    "ASKR": 0.05555555555555555,
    "AUAL": 0.08064516129032258,
    "AUAR": 0.07019438444924406,
    "AVAL": 0.05648050579557429,
    "AVAR": 0.06216537775133849,
    "AVBL": 0.057191634656423386,
    "AVBR": 0.05942788074133763,
    "AVDL": 0.061683599419448475,
    "AVDR": 0.06759443339960239,
    "AVEL": 0.06275487086542818,
    "AVER": 0.07056892778993436,
    "AVFL": 0.07089804186360567,
    "AVFR": 0.11140819964349376,
    "AVG": 0.06791569086651054,
    "AVHL": 0.07696969696969697,
    "AVHR": 0.0670846394984326,
    "AVJL": 0.08765723270440251,
    "AVJR": 0.08346972176759411,
    "AVKL": 0.06961613532856213,
    "AVKR": 0.0682643427741467,
    "AVL": 0.07708688245315162,
    "AVM": 0.08633776091081594,
    "AWAL": 0.0784313725490196,
    "AWAR": 0.09259259259259259,
    "AWBL": 0.07819548872180451,
    "AWBR": 0.08445945945945946,
    "AWCL": 0.0811965811965812,
    "AWCR": 0.09285714285714286,
    "BAGL": 0.08858858858858859,
    "BAGR": 0.08068783068783068,
    "BDUL": 0.0847953216374269,
    "BDUR": 0.07142857142857142,
    "CANL": 0.0,
    "CANR": 0.0,
    "CEPDL": 0.09215017064846416,
    "CEPDR": 0.07563694267515923,
    "CEPVL": 0.09838998211091235,
    "CEPVR": 0.06084656084656084,
    "DA1": 0.082010582010582,
    "DA2": 0.08888888888888889,
    "DA3": 0.08333333333333333,
    "DA4": 0.05952380952380952,
    "DA5": 0.08888888888888889,
    "DA6": 0.05,
    "DA7": 0.08300395256916997,
    "DA8": 0.06694402420574887,
    "DA9": 0.07899159663865546,
    "DB1": 0.0625,
    "DB2": 0.06451612903225806,
    "DB3": 0.08641975308641975,
    "DB4": 0.06333333333333334,
    "DB5": 0.10276679841897234,
    "DB6": 0.09538461538461539,
    "DB7": 0.08823529411764706,
    "DD1": 0.04985754985754986,
    "DD2": 0.08235294117647059,
    "DD3": 0.07671957671957672,
    "DD4": 0.04285714285714286,
    "DD5": 0.07380952380952381,
    "DD6": 0.062137049941927994,
    "DVA": 0.06863702979970689,
    "DVB": 0.09462365591397849,
    "DVC": 0.08289174867524603,
    "FLPL": 0.075,
    "FLPR": 0.07104795737122557,
    "HSNL": 0.07452431289640592,
    "HSNR": 0.06958295557570263,
    "I1L": 0.06277056277056277,
    "I1R": 0.0625,
    "I2L": 0.07037037037037037,
    "I2R": 0.05741626794258373,
    "I3": 0.08361204013377926,
    "I4": 0.11131386861313869,
    "I5": 0.06746031746031746,
    "I6": 0.08888888888888889,
    "IL1DL": 0.07380952380952381,
    "IL1DR": 0.09523809523809523,
    "IL1L": 0.0754985754985755,
    "IL1R": 0.07407407407407407,
    "IL1VL": 0.05952380952380952,
    "IL1VR": 0.08823529411764706,
    "IL2DL": 0.0868421052631579,
    "IL2DR": 0.0625,
    "IL2L": 0.1039426523297491,
    "IL2R": 0.05,
    "IL2VL": 0.10476190476190476,
    "IL2VR": 0.07946428571428571,
    "LUAL": 0.09173387096774194,
    "LUAR": 0.07969924812030076,
    "M1": 0.08421052631578947,
    "M2L": 0.06666666666666667,
    "M2R": 0.10698689956331878,
    "M3L": 0.07947019867549669,
    "M3R": 0.11538461538461539,
    "M4": 0.09866220735785954,
    "M5": 0.09523809523809523,
    "MCL": 0.11538461538461539,
    "MCR": 0.09191176470588236,
    "MI": 0.08441558441558442,
    "NSML": 0.06613756613756613,
    "NSMR": 0.04473684210526316,
    "OLLL": 0.08243243243243244,
    "OLLR": 0.07880676758682101,
    "OLQDL": 0.09494949494949495,
    "OLQDR": 0.07293233082706767,
    "OLQVL": 0.07670454545454546,
    "OLQVR": 0.08600337268128162,
    "PDA": 0.10326086956521739,
    "PDB": 0.0787037037037037,
    "PDEL": 0.06166666666666667,
    "PDER": 0.09455587392550144,
    "PHAL": 0.085,
    "PHAR": 0.12040133779264214,
    "PHBL": 0.06153846153846154,
    "PHBR": 0.06597774244833068,
    "PHCL": 0.07166666666666667,
    "PHCR": 0.07357859531772576,
    "PLML": 0.11052631578947368,
    "PLMR": 0.06769230769230769,
    "PLNL": 0.07765151515151515,
    "PLNR": 0.05454545454545454,
    "PQR": 0.08294930875576037,
    "PVCL": 0.05997109826589595,
    "PVCR": 0.06061138439915671,
    "PVDL": 0.09722222222222222,
    "PVDR": 0.07065217391304347,
    "PVM": 0.09544159544159544,
    "PVNL": 0.07423117709437964,
    "PVNR": 0.07823529411764706,
    "PVPL": 0.05708908406524467,
    "PVPR": 0.06539000467071462,
    "PVQL": 0.06734006734006734,
    "PVQR": 0.07344632768361582,
    "PVR": 0.06763698630136987,
    "PVT": 0.06670087224217547,
    "PVWL": 0.08415841584158416,
    "PVWR": 0.08994708994708994,
    "RIAL": 0.06791995148574893,
    "RIAR": 0.07846829880728186,
    "RIBL": 0.07873831775700935,
    "RIBR": 0.07802287581699346,
    "RICL": 0.07897286821705427,
    "RICR": 0.06255792400370713,
    "RID": 0.05862068965517241,
    "RIFL": 0.06666666666666667,
    "RIFR": 0.07869634340222575,
    "RIGL": 0.08351488743645606,
    "RIGR": 0.06820119352088662,
    "RIH": 0.06612685560053981,
    "RIML": 0.06666666666666667,
    "RIMR": 0.06813020439061317,
    "RIPL": 0.10648148148148148,
    "RIPR": 0.0739268680445151,
    "RIR": 0.08665430954587582,
    "RIS": 0.05704941860465116,
    "RIVL": 0.06875,
    "RIVR": 0.08021390374331551,
    "RMDDL": 0.06965394853593611,
    "RMDDR": 0.09401709401709402,
    "RMDL": 0.08147713950762016,
    "RMDR": 0.06471183013144591,
    "RMDVL": 0.08302411873840446,
    "RMDVR": 0.05905861456483126,
    "RMED": 0.08924611973392461,
    "RMEL": 0.08333333333333333,
    "RMER": 0.08193979933110368,
    "RMEV": 0.07585568917668825,
    "RMFL": 0.1101511879049676,
    "RMFR": 0.1213235294117647,
    "RMGL": 0.08030523255813954,
    "RMGR": 0.07526475037821483,
    "RMHL": 0.048903878583473864,
    "RMHR": 0.07905138339920949,
    "SAADL": 0.08823529411764706,
    "SAADR": 0.05387205387205387,
    "SAAVL": 0.08837579617834394,
    "SAAVR": 0.07777777777777778,
    "SABD": 0.0868945868945869,
    "SABVL": 0.07105263157894737,
    "SABVR": 0.08974358974358974,
    "SDQL": 0.07635467980295567,
    "SDQR": 0.08412698412698413,
    "SIADL": 0.06631299734748011,
    "SIADR": 0.07590132827324478,
    "SIAVL": 0.08166666666666667,
    "SIAVR": 0.04262672811059908,
    "SIBDL": 0.10079575596816977,
    "SIBDR": 0.08288770053475936,
    "SIBVL": 0.06711111111111111,
    "SIBVR": 0.08598726114649681,
    "SMBDL": 0.07132132132132132,
    "SMBDR": 0.08108108108108109,
    "SMBVL": 0.06528046421663443,
    "SMBVR": 0.08214285714285714,
    "SMDDL": 0.06700336700336701,
    "SMDDR": 0.06944444444444445,
    "SMDVL": 0.07212713936430318,