{
  "clustering_coefficients": {
    "ADAL": 0.0729483282674772,
    "ADAR": 0.07264957264957266,
    "ADEL": 0.07066795740561471,
    "ADER": 0.07970342910101946,
    "ADFL": 0.06875,
    "ADFR": 0.09249786871270248,
    "ADLL": 0.0673076923076923,
    "ADLR": 0.08755555555555555,
    "AFDL": 0.054838709677419356,
    "AFDR": 0.06923076923076923,
    "AIAL": 0.07532861476238625,
    "AIAR": 0.09172932330827067,
    "AIBL": 0.07509752925877763,
    "AIBR": 0.07662650602409639,
    "AIML": 0.0874384236453202,
    "AIMR": 0.06161745827984596,
    "AINL": 0.06521739130434782,
    "AINR": 0.0944741532976827,
    "AIYL": 0.07676767676767676,
    "AIYR": 0.08494623655913978,
    "AIZL": 0.08377518557794274,
    "AIZR": 0.0745721271393643,
    "ALA": 0.07142857142857142,
    "ALML": 0.08974358974358974,
    "ALMR": 0.11988304093567251,
    "ALNL": 0.15151515151515152,
    "ALNR": 0.0867003367003367,
    "AQR": 0.07593984962406015,
    "AS1": 0.15015479876160992,
    "AS10": 0.07894736842105263,
    "AS11": 0.062054208273894434,
    "AS2": 0.11470588235294117,
    "AS3": 0.09722222222222222,
    "AS4": 0.10256410256410256,
    "AS5": 0.10416666666666667,
    "AS6": 0.027472527472527472,
    "AS7": 0.06666666666666667,
    "AS8": 0.08974358974358974,
    "AS9": 0.06666666666666667,
    "ASEL": 0.08148558758314856,
    "ASER": 0.06546854942233633,
    "ASGL": 0.08552631578947369,
    "ASGR": 0.07449856733524356,
    "ASHL": 0.07894736842105263,
    "ASHR": 0.06692531522793405,
    "ASIL": 0.096,
    "ASIR": 0.10836501901140684,
    "ASJL": 0.05952380952380952,
    "ASJR": 0.05303030303030303,
    "ASKL": 0.0784313725490196,
    "ASKR": 0.08498253783469151,
    "AUAL": 0.07912457912457913,
    "AUAR": 0.055456171735241505,
    "AVAL": 0.06472840392438382,
    "AVAR": 0.0573538337042282,
    "AVBL": 0.05448408871745419,
    "AVBR": 0.06526288255296887,
    "AVDL": 0.07778330019880715,
    "AVDR": 0.08995327102803738,
    "AVEL": 0.07819794584500467,
    "AVER": 0.07406542056074766,
    "AVFL": 0.07607282184655396,
    "AVFR": 0.0868945868945869,
    "AVG": 0.0859046283309958,
    "AVHL": 0.06448598130841121,
    "AVHR": 0.06621315192743764,
    "AVJL": 0.07498248072880168,
    "AVJR": 0.08994276369582993,
    "AVKL": 0.07752667922159448,
    "AVKR": 0.08169934640522876,
    "AVL": 0.0705003248862898,
    "AVM": 0.05570291777188329,
    "AWAL": 0.06666666666666667,
    "AWAR": 0.07275132275132275,
    "AWBL": 0.08840304182509506,
    "AWBR": 0.08288770053475936,
    "AWCL": 0.08885542168674698,
    "AWCR": 0.09156050955414012,
    "BAGL": 0.09073359073359073,
    "BAGR": 0.07777777777777778,
    "BDUL": 0.07142857142857142,
    "BDUR": 0.07971014492753623,
    "CANL": 0.0,
    "CANR": 0.0,
    "CEPDL": 0.08657407407407407,
    "CEPDR": 0.06912878787878787,
    "CEPVL": 0.07530529172320218,
    "CEPVR": 0.07267441860465117,
    "DA1": 0.1,
    "DA2": 0.0748663101604278,
    "DA3": 0.08444022770398482,
    "DA4": 0.07380952380952381,
    "DA5": 0.07859531772575251,
    "DA6": 0.05925925925925926,
    "DA7": 0.10822510822510822,
    "DA8": 0.07794273594909862,
    "DA9": 0.0620782726045884,
    "DB1": 0.12433862433862433,
    "DB2": 0.09761904761904762,
    "DB3": 0.06862745098039216,
    "DB4": 0.07034220532319392,
    "DB5": 0.0880952380952381,
    "DB6": 0.08465608465608465,
    "DB7": 0.05454545454545454,
    "DD1": 0.07210626185958255,
    "DD2": 0.0946969696969697,
    "DD3": 0.07526881720430108,
    "DD4": 0.07142857142857142,
    "DD5": 0.10096153846153846,
    "DD6": 0.057766367137355584,
    "DVA": 0.06983883346124328,
    "DVB": 0.08918406072106262,
    "DVC": 0.07050906963136337,
    "FLPL": 0.09733333333333333,
    "FLPR": 0.09503239740820735,
    "HSNL": 0.08475783475783476,
    "HSNR": 0.07092004381161007,
    "I1L": 0.08823529411764706,
    "I1R": 0.06878306878306878,
    "I2L": 0.11538461538461539,
    "I2R": 0.09523809523809523,
    "I3": 0.07894736842105263,
    "I4": 0.10358565737051793,
    "I5": 0.07683982683982683,
    "I6": 0.044444444444444446,
    "IL1DL": 0.0935483870967742,
    "IL1DR": 0.07204301075268817,
    "IL1L": 0.06763925729442971,
    "IL1R": 0.07230769230769231,
    "IL1VL": 0.11244019138755981,
    "IL1VR": 0.07407407407407407,
    "IL2DL": 0.08307692307692308,
    "IL2DR": 0.08421052631578947,
    "IL2L": 0.06862745098039216,
    "IL2R": 0.07575757575757576,
    "IL2VL": 0.038461538461538464,
    "IL2VR": 0.09126984126984126,
    "LUAL": 0.0761904761904762,
    "LUAR": 0.08345864661654136,
    "M1": 0.08181818181818182,
    "M2L": 0.09876543209876543,
    "M2R": 0.09288537549407115,
    "M3L": 0.06593406593406594,
    "M3R": 0.07037037037037037,
    "M4": 0.08187134502923976,
    "M5": 0.1,
    "MCL": 0.075,
    "MCR": 0.10740740740740741,
    "MI": 0.08187134502923976,
    "NSML": 0.07142857142857142,
    "NSMR": 0.05917159763313609,
    "OLLL": 0.07993966817496229,
    "OLLR": 0.08793324775353016,
    "OLQDL": 0.049783549783549784,
    "OLQDR": 0.09307359307359307,
    "OLQVL": 0.07275132275132275,
    "OLQVR": 0.09247311827956989,
    "PDA": 0.06725146198830409,
    "PDB": 0.07236842105263158,
    "PDEL": 0.08172043010752689,
    "PDER": 0.09420289855072464,
    "PHAL": 0.09626436781609195,
    "PHAR": 0.05588235294117647,
    "PHBL": 0.06072106261859583,
    "PHBR": 0.11066666666666666,
    "PHCL": 0.09042553191489362,
    "PHCR": 0.06,
    "PLML": 0.030303030303030304,
    "PLMR": 0.10784313725490197,
    "PLNL": 0.062169312169312166,
    "PLNR": 0.05454545454545454,
    "PQR": 0.104,
    "PVCL": 0.0720815752461322,
    "PVCR": 0.06693605059732959,
    "PVDL": 0.08148148148148149,
    "PVDR": 0.1076555023923445,
    "PVM": 0.1323529411764706,
    "PVNL": 0.07848837209302326,
    "PVNR": 0.08007718282682104,
    "PVPL": 0.06770833333333333,
    "PVPR": 0.05923076923076923,
    "PVQL": 0.07585825027685493,
    "PVQR": 0.070298769771529,
    "PVR": 0.07004830917874397,
    "PVT": 0.08192090395480225,
    "PVWL": 0.08857142857142856,
    "PVWR": 0.09464285714285714,
    "RIAL": 0.08226768968456948,
    "RIAR": 0.06531204644412192,
    "RIBL": 0.07515723270440251,
    "RIBR": 0.07113583138173302,
    "RICL": 0.07885763000852515,
    "RICR": 0.10347043701799485,
    "RID": 0.06867779204107831,
    "RIFL": 0.07266009852216748,
    "RIFR": 0.06959863364645602,
    "RIGL": 0.07510599636583888,
    "RIGR": 0.07948490230905861,
    "RIH": 0.08511306532663317,
    "RIML": 0.0548469387755102,
    "RIMR": 0.062244062244062245,
    "RIPL": 0.0913312693498452,
    "RIPR": 0.09047619047619047,
    "RIR": 0.06521739130434782,
    "RIS": 0.0696999031945789,
    "RIVL": 0.10212201591511937,
    "RIVR": 0.07815126050420168,
    "RMDDL": 0.07683352735739232,
    "RMDDR": 0.07857142857142857,
    "RMDL": 0.05823031880286272,
    "RMDR": 0.07273838630806846,
    "RMDVL": 0.09243697478991597,
    "RMDVR": 0.06868600682593856,
    "RMED": 0.0754985754985755,
    "RMEL": 0.11956521739130435,
    "RMER": 0.0846774193548387,
    "RMEV": 0.08740359897172237,
    "RMFL": 0.10617469879518072,
    "RMFR": 0.08241758241758242,
    "RMGL": 0.060011709601873534,
    "RMGR": 0.07156798959011061,
    "RMHL": 0.07443609022556391,
    "RMHR": 0.08888888888888889,
    "SAADL": 0.07474747474747474,
    "SAADR": 0.06708407871198568,
    "SAAVL": 0.08817829457364341,
    "SAAVR": 0.07713125845737483,
    "SABD": 0.09619047619047619,
    "SABVL": 0.1,
    "SABVR": 0.08088235294117647,
    "SDQL": 0.09584295612009237,
    "SDQR": 0.07142857142857142,
    "SIADL": 0.08,
    "SIADR": 0.06906906906906907,
    "SIAVL": 0.08487874465049929,
    "SIAVR": 0.06955645161290322,
    "SIBDL": 0.09544159544159544,
    "SIBDR": 0.07701149425287357,
    "SIBVL": 0.08547008547008547,
    "SIBVR": 0.06776556776556776,
    "SMBDL": 0.06882591093117409,
    "SMBDR": 0.07326007326007326,
    "SMBVL": 0.0708502024291498,
    "SMBVR": 0.07,
    "SMDDL": 0.08221872541306058,
    "SMDDR": 0.07193515704154002,
    "SMDVL": 0.08421610169491525,
    "SMDVR": 0.07277777777777777,