{
  "clustering_coefficients": {
    "ADAL": 0.07509157509157509,
    "ADAR": 0.08100233100233101,
    "ADEL": 0.09036144578313253,
    "ADER": 0.08867223769730734,
    "ADFL": 0.08054226475279107,
    "ADFR": 0.08209647495361781,
    "ADLL": 0.09499358151476252,
    "ADLR": 0.08562555456965394,
    "AFDL": 0.07701149425287357,
    "AFDR": 0.10535117056856187,
    "AIAL": 0.07989417989417989,
    "AIAR": 0.07130124777183601,
    "AIBL": 0.07536319612590799,
    "AIBR": 0.0615474794841735,
    "AIML": 0.06723484848484848,
    "AIMR": 0.09706959706959707,
    "AINL": 0.05128205128205128,
    "AINR": 0.06902356902356903,
    "AIYL": 0.10259179265658748,
    "AIYR": 0.08888888888888889,
    "AIZL": 0.057412790697674417,
    "AIZR": 0.07195767195767196,
    "ALA": 0.10545454545454545,
    "ALML": 0.06495263870094722,
    "ALMR": 0.1,
    "ALNL": 0.10714285714285714,
    "ALNR": 0.06769230769230769,
    "AQR": 0.05074424898511502,
    "AS1": 0.08134920634920635,
    "AS10": 0.07142857142857142,
    "AS11": 0.07833333333333334,
    "AS2": 0.09706959706959707,
    "AS3": 0.09926470588235294,
    "AS4": 0.08823529411764706,
    "AS5": 0.12867647058823528,
    "AS6": 0.07272727272727272,
    "AS7": 0.15,
    "AS8": 0.1111111111111111,
    "AS9": 0.08928571428571429,
    "ASEL": 0.07557354925775979,
    "ASER": 0.07795698924731183,
    "ASGL": 0.07272727272727272,
    "ASGR": 0.08068783068783068,
    "ASHL": 0.08012820512820513,
    "ASHR": 0.06976744186046512,
    "ASIL": 0.09885057471264368,
    "ASIR": 0.06926406926406926,
    "ASJL": 0.11273209549071618,
    "ASJR": 0.05263157894736842,
    "ASKL": 0.09237875288683603,
    "ASKR": 0.08660351826792964,
    "AUAL": 0.08064516129032258,
    "AUAR": 0.10526315789473684,
    "AVAL": 0.05758426966292135,
    "AVAR": 0.05987889661359049,
    "AVBL": 0.06914285714285714,
    "AVBR": 0.06487409304310712,
    "AVDL": 0.06888204225352113,
    "AVDR": 0.07227063044592516,
    "AVEL": 0.0762214983713355,
    "AVER": 0.05902593965060879,
    "AVFL": 0.0851063829787234,
    "AVFR": 0.07744433688286544,
    "AVG": 0.07755521314843349,
    "AVHL": 0.07277694982613016,
    "AVHR": 0.07248677248677249,
    "AVJL": 0.06613372093023256,
    "AVJR": 0.07232704402515723,
    "AVKL": 0.07026044821320412,
    "AVKR": 0.07630813953488372,
    "AVL": 0.07927272727272727,
    "AVM": 0.09076433121019108,
    "AWAL": 0.09047619047619047,
    "AWAR": 0.07333333333333333,
    "AWBL": 0.08318425760286226,
    "AWBR": 0.07634408602150537,
    "AWCL": 0.07804232804232804,
    "AWCR": 0.06562054208273894,
    "BAGL": 0.0812807881773399,
    "BAGR": 0.11470588235294117,
    "BDUL": 0.06304347826086956,
    "BDUR": 0.08571428571428572,
    "CANL": 0.0,
    "CANR": 0.0,
    "CEPDL": 0.09544950055493896,
    "CEPDR": 0.06747638326585695,
    "CEPVL": 0.05894308943089431,
    "CEPVR": 0.07209302325581396,
    "DA1": 0.10846560846560846,
    "DA2": 0.07680722891566265,
    "DA3": 0.12037037037037036,
    "DA4": 0.09671532846715329,
    "DA5": 0.07936507936507936,
    "DA6": 0.061507936507936505,
    "DA7": 0.08620689655172414,
    "DA8": 0.08324496288441145,
    "DA9": 0.07115384615384615,
    "DB1": 0.05952380952380952,
    "DB2": 0.07590132827324478,
    "DB3": 0.08585858585858586,
    "DB4": 0.07936507936507936,
    "DB5": 0.07655502392344497,
    "DB6": 0.10601719197707736,
    "DB7": 0.06375358166189111,
    "DD1": 0.08837579617834394,
    "DD2": 0.09655172413793103,
    "DD3": 0.06862745098039216,
    "DD4": 0.15454545454545454,
    "DD5": 0.10457516339869281,
    "DD6": 0.06611039794608473,
    "DVA": 0.060966449674511765,
    "DVB": 0.09473684210526316,
    "DVC": 0.07116920842411038,
    "FLPL": 0.09963325183374083,
    "FLPR": 0.061447811447811446,
    "HSNL": 0.10804263565891473,
    "HSNR": 0.08543263964950712,
    "I1L": 0.08064516129032258,
    "I1R": 0.06535947712418301,
    "I2L": 0.09636363636363636,
    "I2R": 0.07859531772575251,
    "I3": 0.08994708994708994,
    "I4": 0.104,
    "I5": 0.0733558178752108,
    "I6": 0.08181818181818182,
    "IL1DL": 0.05952380952380952,
    "IL1DR": 0.07219251336898395,
    "IL1L": 0.08522727272727272,
    "IL1R": 0.08994708994708994,
    "IL1VL": 0.09946949602122016,
    "IL1VR": 0.08615384615384615,
    "IL2DL": 0.07602339181286549,
    "IL2DR": 0.09808612440191387,
    "IL2L": 0.059475806451612906,
    "IL2R": 0.06285714285714286,
    "IL2VL": 0.08241758241758242,
    "IL2VR": 0.0880952380952381,
    "LUAL": 0.10372340425531915,
    "LUAR": 0.10080645161290322,
    "M1": 0.05454545454545454,
    "M2L": 0.07936507936507936,
    "M2R": 0.07105263157894737,
    "M3L": 0.09134615384615384,
    "M3R": 0.06666666666666667,
    "M4": 0.08928571428571429,
    "M5": 0.06944444444444445,
    "MCL": 0.06363636363636363,
    "MCR": 0.1111111111111111,
    "MI": 0.1,
    "NSML": 0.11253561253561253,
    "NSMR": 0.09113300492610837,
    "OLLL": 0.0876803551609323,
    "OLLR": 0.07124573378839591,
    "OLQDL": 0.06,
    "OLQDR": 0.06188118811881188,
    "OLQVL": 0.08314087759815242,
    "OLQVR": 0.08796296296296297,
    "PDA": 0.07754010695187166,
    "PDB": 0.08994708994708994,
    "PDEL": 0.08262108262108261,
    "PDER": 0.07936507936507936,
    "PHAL": 0.08571428571428572,
    "PHAR": 0.08617424242424243,
    "PHBL": 0.09123434704830054,
    "PHBR": 0.08620689655172414,
    "PHCL": 0.08307692307692308,
    "PHCR": 0.08166666666666667,
    "PLML": 0.08441558441558442,
    "PLMR": 0.09191176470588236,
    "PLNL": 0.09384615384615384,
    "PLNR": 0.08791208791208792,
    "PQR": 0.0782608695652174,
    "PVCL": 0.06465357539829567,
    "PVCR": 0.06810344827586207,
    "PVDL": 0.0992063492063492,
    "PVDR": 0.05731225296442688,
    "PVM": 0.11353711790393013,
    "PVNL": 0.07917109458023379,
    "PVNR": 0.07443897099069513,
    "PVPL": 0.054369414101290967,
    "PVPR": 0.07105009633911367,
    "PVQL": 0.07073170731707316,
    "PVQR": 0.06991005723630417,
    "PVR": 0.0728131212723658,
    "PVT": 0.07250470809792843,
    "PVWL": 0.09454545454545454,
    "PVWR": 0.08072009291521487,
    "RIAL": 0.07300204918032786,
    "RIAR": 0.08805668016194332,
    "RIBL": 0.059008160703075956,
    "RIBR": 0.07429906542056075,
    "RICL": 0.07672849915682968,
    "RICR": 0.08180058083252661,
    "RID": 0.08,
    "RIFL": 0.08008658008658008,
    "RIFR": 0.07414272474513438,
    "RIGL": 0.06757703081232493,
    "RIGR": 0.0752442996742671,
    "RIH": 0.06377358490566037,
    "RIML": 0.08264915161466886,
    "RIMR": 0.06521739130434782,
    "RIPL": 0.07758620689655173,
    "RIPR": 0.07027649769585254,
    "RIR": 0.08180058083252661,
    "RIS": 0.08265139116202946,
    "RIVL": 0.07777777777777778,
    "RIVR": 0.07777777777777778,
    "RMDDL": 0.06519208381839348,
    "RMDDR": 0.09771754636233952,
    "RMDL": 0.08017765310892941,
    "RMDR": 0.08673469387755102,
    "RMDVL": 0.0723905723905724,
    "RMDVR": 0.08157099697885196,
    "RMED": 0.08870967741935484,
    "RMEL": 0.06923076923076923,
    "RMER": 0.08695652173913043,
    "RMEV": 0.08023106546854943,
    "RMFL": 0.06695156695156695,
    "RMFR": 0.0761904761904762,
    "RMGL": 0.07490909090909091,
    "RMGR": 0.06318681318681318,
    "RMHL": 0.0685820203892493,
    "RMHR": 0.07881773399014778,
    "SAADL": 0.06323777403035413,
    "SAADR": 0.07389162561576355,
    "SAAVL": 0.07640586797066015,
    "SAAVR": 0.09269282814614344,
    "SABD": 0.07692307692307693,
    "SABVL": 0.06923076923076923,
    "SABVR": 0.17592592592592593,
    "SDQL": 0.07692307692307693,
    "SDQR": 0.08502024291497975,
    "SIADL": 0.0582010582010582,
    "SIADR": 0.09814323607427056,
    "SIAVL": 0.06481481481481481,
    "SIAVR": 0.08744038155802862,
    "SIBDL": 0.10666666666666667,
    "SIBDR": 0.08187134502923976,
    "SIBVL": 0.06627906976744186,
    "SIBVR": 0.0625,
    "SMBDL": 0.07454819277108433,
    "SMBDR": 0.07467994310099574,
    "SMBVL": 0.05840821566110398,
    "SMBVR": 0.06292352371732816,
    "SMDDL": 0.06727976766698936,
    "SMDDR": 0.05620360551431601,