{
  "clustering_coefficients": {
    "ADAL": 0.0695970695970696,
    "ADAR": 0.07645466847090664,
    "ADEL": 0.08747779751332149,
    "ADER": 0.07182576459684893,
    "ADFL": 0.08445532435740515,
    "ADFR": 0.09724689165186501,
    "ADLL": 0.07381258023106547,
    "ADLR": 0.07515105740181269,
    "AFDL": 0.11975308641975309,
    "AFDR": 0.07905138339920949,
    "AIAL": 0.07585825027685493,
    "AIAR": 0.08494623655913978,
    "AIBL": 0.07429467084639499,
    "AIBR": 0.07705382436260623,
    "AIML": 0.08704453441295547,
    "AIMR": 0.0643879173290938,
    "AINL": 0.09061696658097686,
    "AINR": 0.06485587583148558,
    "AIYL": 0.07,
    "AIYR": 0.06344086021505377,
    "AIZL": 0.07879045996592846,
    "AIZR": 0.05643879173290938,
    "ALA": 0.07538461538461538,
    "ALML": 0.08192567567567567,
    "ALMR": 0.1,
    "ALNL": 0.07051282051282051,
    "ALNR": 0.05928853754940711,
    "AQR": 0.07631160572337042,
    "AS1": 0.08333333333333333,
    "AS10": 0.06857142857142857,
    "AS11": 0.08151476251604621,
    "AS2": 0.06837606837606838,
    "AS3": 0.10714285714285714,
    "AS4": 0.07023411371237458,
    "AS5": 0.07707509881422925,
    "AS6": 0.10989010989010989,
    "AS7": 0.14772727272727273,
    "AS8": 0.15555555555555556,
    "AS9": 0.07692307692307693,
    "ASEL": 0.06842105263157895,
    "ASER": 0.08131618759455371,
    "ASGL": 0.07692307692307693,
    "ASGR": 0.06208053691275168,
    "ASHL": 0.09848484848484848,
    "ASHR": 0.06552006552006552,
    "ASIL": 0.08,
    "ASIR": 0.05555555555555555,
    "ASJL": 0.072992700729927,
    "ASJR": 0.06666666666666667,
    "ASKL": 0.06105990783410138,
    "ASKR": 0.09659090909090909,
    "AUAL": 0.07029177718832891,
    "AUAR": 0.06566820276497695,
    "AVAL": 0.059000523286237574,
    "AVAR": 0.06428276147168252,
    "AVBL": 0.06607574536663981,
    "AVBR": 0.05879080118694362,
    "AVDL": 0.07482993197278912,
    "AVDR": 0.07098171318575554,
    "AVEL": 0.05527865881286815,
    "AVER": 0.08025902668759811,
    "AVFL": 0.07907542579075426,
    "AVFR": 0.09417344173441734,
    "AVG": 0.07732680195941218,
    "AVHL": 0.07519016968987711,
    "AVHR": 0.06844336765596608,
    "AVJL": 0.06762749445676275,
    "AVJR": 0.06508047585724283,
    "AVKL": 0.06833855799373041,
    "AVKR": 0.06402116402116402,
    "AVL": 0.07092198581560284,
    "AVM": 0.0670995670995671,
    "AWAL": 0.09539473684210527,
    "AWAR": 0.06847360912981455,
    "AWBL": 0.0774468085106383,
    "AWBR": 0.07224334600760456,
    "AWCL": 0.07883369330453564,
    "AWCR": 0.08083140877598152,
    "BAGL": 0.07389162561576355,
    "BAGR": 0.0625,
    "BDUL": 0.08095238095238096,
    "BDUR": 0.07692307692307693,
    "CANL": 0.0,
    "CANR": 0.0,
    "CEPDL": 0.09067882472137791,
    "CEPDR": 0.059907834101382486,
    "CEPVL": 0.08744038155802862,
    "CEPVR": 0.07073643410852713,
    "DA1": 0.08870967741935484,
    "DA2": 0.09498207885304659,
    "DA3": 0.05263157894736842,
    "DA4": 0.07230769230769231,
    "DA5": 0.10474308300395258,
    "DA6": 0.057692307692307696,
    "DA7": 0.06048387096774194,
    "DA8": 0.06727976766698936,
    "DA9": 0.07251264755480608,
    "DB1": 0.05818965517241379,
    "DB2": 0.10727272727272727,
    "DB3": 0.07439024390243902,
    "DB4": 0.09259259259259259,
    "DB5": 0.05411255411255411,
    "DB6": 0.09523809523809523,
    "DB7": 0.06288032454361055,
    "DD1": 0.08110516934046345,
    "DD2": 0.07423580786026202,
    "DD3": 0.0754985754985755,
    "DD4": 0.044444444444444446,
    "DD5": 0.15,
    "DD6": 0.08181818181818182,
    "DVA": 0.06034271725826194,
    "DVB": 0.09412955465587045,
    "DVC": 0.07026044821320412,
    "FLPL": 0.07672849915682968,
    "FLPR": 0.04285714285714286,
    "HSNL": 0.0866721177432543,
    "HSNR": 0.07506053268765134,
    "I1L": 0.10461538461538461,
    "I1R": 0.07738095238095238,
    "I2L": 0.08004926108374384,
    "I2R": 0.1,
    "I3": 0.0691699604743083,
    "I4": 0.07352941176470588,
    "I5": 0.085,
    "I6": 0.08974358974358974,
    "IL1DL": 0.08142857142857143,
    "IL1DR": 0.12153846153846154,
    "IL1L": 0.07603686635944701,
    "IL1R": 0.0830945558739255,
    "IL1VL": 0.08831908831908832,
    "IL1VR": 0.06344086021505377,
    "IL2DL": 0.049019607843137254,
    "IL2DR": 0.06926406926406926,
    "IL2L": 0.06543385490753911,
    "IL2R": 0.08189655172413793,
    "IL2VL": 0.08244680851063829,
    "IL2VR": 0.10339506172839506,
    "LUAL": 0.08068783068783068,
    "LUAR": 0.11036789297658862,
    "M1": 0.10504201680672269,
    "M2L": 0.07142857142857142,
    "M2R": 0.11384615384615385,
    "M3L": 0.0989010989010989,
    "M3R": 0.08333333333333333,
    "M4": 0.07857142857142857,
    "M5": 0.03333333333333333,
    "MCL": 0.12380952380952381,
    "MCR": 0.05303030303030303,
    "MI": 0.06985294117647059,
    "NSML": 0.09486166007905138,
    "NSMR": 0.08088235294117647,
    "OLLL": 0.08496332518337409,
    "OLLR": 0.07381193124368049,
    "OLQDL": 0.0625,
    "OLQDR": 0.06419753086419754,
    "OLQVL": 0.08,
    "OLQVR": 0.09742120343839542,
    "PDA": 0.08333333333333333,
    "PDB": 0.09064327485380116,
    "PDEL": 0.06833333333333333,
    "PDER": 0.10181451612903226,
    "PHAL": 0.09330143540669857,
    "PHAR": 0.057245080500894455,
    "PHBL": 0.07219827586206896,
    "PHBR": 0.0715725806451613,
    "PHCL": 0.07011494252873564,
    "PHCR": 0.06157635467980296,
    "PLML": 0.07236842105263158,
    "PLMR": 0.08152173913043478,
    "PLNL": 0.07530864197530865,
    "PLNR": 0.08241758241758242,
    "PQR": 0.06890756302521009,
    "PVCL": 0.06752336448598131,
    "PVCR": 0.0685166152792052,
    "PVDL": 0.08831908831908832,
    "PVDR": 0.06578947368421052,
    "PVM": 0.07236842105263158,
    "PVNL": 0.1006900878293601,
    "PVNR": 0.06532538499751614,
    "PVPL": 0.06352567496029646,
    "PVPR": 0.05977337110481586,
    "PVQL": 0.07692307692307693,
    "PVQR": 0.08550039401103231,
    "PVR": 0.07435107787065552,
    "PVT": 0.081293157564344,
    "PVWL": 0.0754985754985755,
    "PVWR": 0.06976744186046512,
    "RIAL": 0.06174089068825911,
    "RIAR": 0.05616653574234093,
    "RIBL": 0.07805164319248827,
    "RIBR": 0.0770625566636446,
    "RICL": 0.05626780626780627,
    "RICR": 0.07432432432432433,
    "RID": 0.07857142857142857,
    "RIFL": 0.07716049382716049,
    "RIFR": 0.10033726812816189,
    "RIGL": 0.06956521739130435,
    "RIGR": 0.07904085257548846,
    "RIH": 0.09582018927444795,
    "RIML": 0.06914893617021277,
    "RIMR": 0.06901041666666667,
    "RIPL": 0.07291666666666667,
    "RIPR": 0.06084656084656084,
    "RIR": 0.08490566037735849,
    "RIS": 0.07345454545454545,
    "RIVL": 0.07373271889400922,
    "RIVR": 0.08160919540229886,
    "RMDDL": 0.09262851600387972,
    "RMDDR": 0.0948509485094851,
    "RMDL": 0.051890941072999124,
    "RMDR": 0.057692307692307696,
    "RMDVL": 0.05587121212121212,
    "RMDVR": 0.06197478991596639,
    "RMED": 0.06559139784946237,
    "RMEL": 0.0802675585284281,
    "RMER": 0.08043478260869565,
    "RMEV": 0.09114249037227215,
    "RMFL": 0.09375,
    "RMFR": 0.09583333333333334,
    "RMGL": 0.08807439824945296,
    "RMGR": 0.06722054380664652,
    "RMHL": 0.10015898251192369,
    "RMHR": 0.08620689655172414,
    "SAADL": 0.07894736842105263,
    "SAADR": 0.08159392789373814,
    "SAAVL": 0.0778498609823911,
    "SAAVR": 0.08076923076923077,
    "SABD": 0.10869565217391304,
    "SABVL": 0.1,
    "SABVR": 0.04736842105263158,
    "SDQL": 0.09259259259259259,
    "SDQR": 0.06653225806451613,
    "SIADL": 0.06631299734748011,
    "SIADR": 0.06470588235294118,
    "SIAVL": 0.08080808080808081,
    "SIAVR": 0.082039911308204,
    "SIBDL": 0.08663366336633663,
    "SIBDR": 0.06937799043062201,
    "SIBVL": 0.07159487776484284,
    "SIBVR": 0.07760532150776053,
    "SMBDL": 0.06803594351732992,
    "SMBDR": 0.07509505703422054,
    "SMBVL": 0.06898656898656899,
    "SMBVR": 0.07195767195767196,
    "SMDDL": 0.06867732558139535,
    "SMDDR": 0.08019323671497584,
    "SMDVL": 0.08028792912513842,
    "SMDVR": 0.05317460317460317,