{
  "clustering_coefficients": {
    "ADAL": 0.07737627651217596,
    "ADAR": 0.058704453441295545,
    "ADEL": 0.07361702127659575,
    "ADER": 0.07894736842105263,
    "ADFL": 0.08381839348079162,
    "ADFR": 0.07606589147286821,
    "ADLL": 0.0873015873015873,
    "ADLR": 0.07660377358490567,
    "AFDL": 0.043209876543209874,
    "AFDR": 0.04415954415954416,
    "AIAL": 0.06495098039215687,
    "AIAR": 0.07224334600760456,
    "AIBL": 0.07397959183673469,
    "AIBR": 0.056703296703296706,
    "AIML": 0.07142857142857142,
    "AIMR": 0.09684684684684684,
    "AINL": 0.0754985754985755,
    "AINR": 0.1,
    "AIYL": 0.09375,
    "AIYR": 0.06976744186046512,
    "AIZL": 0.05087440381558029,
    "AIZR": 0.07112068965517242,
    "ALA": 0.06535947712418301,
    "ALML": 0.11406844106463879,
    "ALMR": 0.09714285714285714,
    "ALNL": 0.11538461538461539,
    "ALNR": 0.08505747126436781,
    "AQR": 0.06693830034924331,
    "AS1": 0.10185185185185185,
    "AS10": 0.06904761904761905,
    "AS11": 0.06368563685636856,
    "AS2": 0.07309941520467836,
    "AS3": 0.08095238095238096,
    "AS4": 0.0992063492063492,
    "AS5": 0.10476190476190476,
    "AS6": 0.08928571428571429,
    "AS7": 0.05555555555555555,
    "AS8": 0.08928571428571429,
    "AS9": 0.16666666666666666,
    "ASEL": 0.07142857142857142,
    "ASER": 0.07404458598726114,
    "ASGL": 0.11764705882352941,
    "ASGR": 0.07936507936507936,
    "ASHL": 0.06657608695652174,
    "ASHR": 0.07622377622377623,
    "ASIL": 0.052795031055900624,
    "ASIR": 0.09523809523809523,
    "ASJL": 0.09288537549407115,
    "ASJR": 0.06666666666666667,
    "ASKL": 0.07029177718832891,
    "ASKR": 0.0784313725490196,
    "AUAL": 0.07407407407407407,
    "AUAR": 0.09714285714285714,
    "AVAL": 0.06009200690051754,
    "AVAR": 0.06093096234309624,
    "AVBL": 0.0639362490733877,
    "AVBR": 0.07009480034472852,
    "AVDL": 0.07991242474001095,
    "AVDR": 0.06547349342999546,
    "AVEL": 0.0661925601750547,
    "AVER": 0.08112033195020747,
    "AVFL": 0.06521739130434782,
    "AVFR": 0.07702182284980745,
    "AVG": 0.06868272680676576,
    "AVHL": 0.05550373134328358,
    "AVHR": 0.06772207563764292,
    "AVJL": 0.07672634271099744,
    "AVJR": 0.07296703296703297,
    "AVKL": 0.09055926115956901,
    "AVKR": 0.07855973813420622,
    "AVL": 0.0866408518877057,
    "AVM": 0.07142857142857142,
    "AWAL": 0.07932692307692307,
    "AWAR": 0.07881773399014778,
    "AWBL": 0.07710651828298887,
    "AWBR": 0.0880952380952381,
    "AWCL": 0.07357859531772576,
    "AWCR": 0.08035714285714286,
    "BAGL": 0.08512931034482758,
    "BAGR": 0.09090909090909091,
    "BDUL": 0.10740740740740741,
    "BDUR": 0.11384615384615385,
    "CANL": 0.0,
    "CANR": 0.0,
    "CEPDL": 0.05307855626326964,
    "CEPDR": 0.07925801011804384,
    "CEPVL": 0.07582582582582582,
    "CEPVR": 0.07592592592592592,
    "DA1": 0.11405835543766578,
    "DA2": 0.08906882591093117,
    "DA3": 0.07471264367816093,
    "DA4": 0.09047619047619047,
    "DA5": 0.08571428571428572,
    "DA6": 0.10052910052910052,
    "DA7": 0.11833333333333333,
    "DA8": 0.0587515299877601,
    "DA9": 0.08557457212713937,
    "DB1": 0.08461538461538462,
    "DB2": 0.07407407407407407,
    "DB3": 0.0728744939271255,
    "DB4": 0.06354515050167224,
    "DB5": 0.16013071895424835,
    "DB6": 0.09558823529411764,
    "DB7": 0.08734939759036145,
    "DD1": 0.07435344827586207,
    "DD2": 0.09126984126984126,
    "DD3": 0.06725146198830409,
    "DD4": 0.05128205128205128,
    "DD5": 0.05238095238095238,
    "DD6": 0.05712451861360719,
    "DVA": 0.06953087601723312,
    "DVB": 0.08823529411764706,
    "DVC": 0.08282828282828283,
    "FLPL": 0.08452950558213716,
    "FLPR": 0.08108108108108109,
    "HSNL": 0.07059961315280464,
    "HSNR": 0.07032803180914513,
    "I1L": 0.08187134502923976,
    "I1R": 0.10789473684210527,
    "I2L": 0.11764705882352941,
    "I2R": 0.07905138339920949,
    "I3": 0.08307692307692308,
    "I4": 0.10326086956521739,
    "I5": 0.04891304347826087,
    "I6": 0.1,
    "IL1DL": 0.1111111111111111,
    "IL1DR": 0.052995391705069124,
    "IL1L": 0.07866666666666666,
    "IL1R": 0.07538461538461538,
    "IL1VL": 0.08029689608636977,
    "IL1VR": 0.08333333333333333,
    "IL2DL": 0.11594202898550725,
    "IL2DR": 0.09778225806451613,
    "IL2L": 0.07323232323232323,
    "IL2R": 0.09782608695652174,
    "IL2VL": 0.1134453781512605,
    "IL2VR": 0.05434782608695652,
    "LUAL": 0.10904255319148937,
    "LUAR": 0.07667386609071274,
    "M1": 0.10256410256410256,
    "M2L": 0.07608695652173914,
    "M2R": 0.10476190476190476,
    "M3L": 0.0935672514619883,
    "M3R": 0.11666666666666667,
    "M4": 0.06790123456790123,
    "M5": 0.08333333333333333,
    "MCL": 0.16071428571428573,
    "MCR": 0.08928571428571429,
    "MI": 0.07894736842105263,
    "NSML": 0.09191176470588236,
    "NSMR": 0.0784313725490196,
    "OLLL": 0.08249158249158249,
    "OLLR": 0.07897286821705427,
    "OLQDL": 0.07971014492753623,
    "OLQDR": 0.10227272727272728,
    "OLQVL": 0.06696428571428571,
    "OLQVR": 0.07166666666666667,
    "PDA": 0.05952380952380952,
    "PDB": 0.12350597609561753,
    "PDEL": 0.06928406466512702,
    "PDER": 0.1037037037037037,
    "PHAL": 0.05514705882352941,
    "PHAR": 0.07065217391304347,
    "PHBL": 0.06267806267806268,
    "PHBR": 0.10892857142857143,
    "PHCL": 0.08285714285714285,
    "PHCR": 0.08,
    "PLML": 0.09763313609467456,
    "PLMR": 0.03333333333333333,
    "PLNL": 0.06,
    "PLNR": 0.0625,
    "PQR": 0.07512315270935961,
    "PVCL": 0.08201623237932508,
    "PVCR": 0.08301951386511469,
    "PVDL": 0.08568548387096774,
    "PVDR": 0.07936507936507936,
    "PVM": 0.0718954248366013,
    "PVNL": 0.07567567567567568,
    "PVNR": 0.07772855416834475,
    "PVPL": 0.05405405405405406,
    "PVPR": 0.06994981179422835,
    "PVQL": 0.098381601362862,
    "PVQR": 0.08339402767662053,
    "PVR": 0.07893579595426561,
    "PVT": 0.07073295745771399,
    "PVWL": 0.06884057971014493,
    "PVWR": 0.08810240963855422,
    "RIAL": 0.07612231620039037,
    "RIAR": 0.07127715951245363,
    "RIBL": 0.0713281799016163,
    "RIBR": 0.08269441401971522,
    "RICL": 0.06622222222222222,
    "RICR": 0.07405891980360066,
    "RID": 0.09151193633952255,
    "RIFL": 0.07076923076923076,
    "RIFR": 0.07055555555555555,
    "RIGL": 0.07151819322459223,
    "RIGR": 0.060648148148148145,
    "RIH": 0.08141891891891892,
    "RIML": 0.06490952006294257,
    "RIMR": 0.06380208333333333,
    "RIPL": 0.07432432432432433,
    "RIPR": 0.07881773399014778,
    "RIR": 0.06750392464678179,
    "RIS": 0.06749394673123486,
    "RIVL": 0.07816091954022988,
    "RIVR": 0.0968013468013468,
    "RMDDL": 0.10095389507154214,
    "RMDDR": 0.09236453201970443,
    "RMDL": 0.0907715582450832,
    "RMDR": 0.09044526901669758,
    "RMDVL": 0.057932263814616754,
    "RMDVR": 0.062037037037037036,
    "RMED": 0.07563694267515923,
    "RMEL": 0.06166666666666667,
    "RMER": 0.1,
    "RMEV": 0.07037943696450429,
    "RMFL": 0.052781740370898715,
    "RMFR": 0.09803921568627451,
    "RMGL": 0.06759715380405036,
    "RMGR": 0.07739825581395349,
    "RMHL": 0.06321839080459771,
    "RMHR": 0.1,
    "SAADL": 0.0821566110397946,
    "SAADR": 0.07053571428571428,
    "SAAVL": 0.08518877057115198,
    "SAAVR": 0.10107334525939177,
    "SABD": 0.0868945868945869,
    "SABVL": 0.08455882352941177,
    "SABVR": 0.08333333333333333,
    "SDQL": 0.09080459770114943,
    "SDQR": 0.06016177957532862,
    "SIADL": 0.12012987012987013,
    "SIADR": 0.0849624060150376,
    "SIAVL": 0.06091954022988506,
    "SIAVR": 0.06397306397306397,
    "SIBDL": 0.09474522292993631,
    "SIBDR": 0.10215053763440861,
    "SIBVL": 0.09544159544159544,
    "SIBVR": 0.08819345661450925,
    "SMBDL": 0.08235294117647059,
    "SMBDR": 0.08871627146361406,
    "SMBVL": 0.1,
    "SMBVR": 0.05342741935483871,
    "SMDDL": 0.08748674443266172,
    "SMDDR": 0.08687258687258688,
    "SMDVL": 0.07252559726962457,