{
  "clustering_coefficients": {
    "ADAL": 0.07743710691823899,
    "ADAR": 0.07875457875457875,
    "ADEL": 0.10256410256410256,
    "ADER": 0.06326304106548279,
    "ADFL": 0.08259423503325942,
    "ADFR": 0.070267131242741,
    "ADLL": 0.06778087279480037,
    "ADLR": 0.08922068463219228,
    "AFDL": 0.06666666666666667,
    "AFDR": 0.09740259740259741,
    "AIAL": 0.07444733420026008,
    "AIAR": 0.05454545454545454,
    "AIBL": 0.08091706001348618,
    "AIBR": 0.06960352422907488,
    "AIML": 0.0876923076923077,
    "AIMR": 0.06444444444444444,
    "AINL": 0.08950617283950617,
    "AINR": 0.08180708180708181,
    "AIYL": 0.07692307692307693,
    "AIYR": 0.08238636363636363,
    "AIZL": 0.06729131175468483,
    "AIZR": 0.08943781942078365,
    "ALA": 0.08571428571428572,
    "ALML": 0.08071428571428571,
    "ALMR": 0.07741935483870968,
    "ALNL": 0.13636363636363635,
    "ALNR": 0.08410138248847926,
    "AQR": 0.07504215851602024,
    "AS1": 0.06506238859180036,
    "AS10": 0.07509881422924901,
    "AS11": 0.09090909090909091,
    "AS2": 0.07666666666666666,
    "AS3": 0.06190476190476191,
    "AS4": 0.041666666666666664,
    "AS5": 0.08791208791208792,
    "AS6": 0.11428571428571428,
    "AS7": 0.06666666666666667,
    "AS8": 0.1282051282051282,
    "AS9": 0.08333333333333333,
    "ASEL": 0.07209302325581396,
    "ASER": 0.0715042372881356,
    "ASGL": 0.11029411764705882,
    "ASGR": 0.07098765432098765,
    "ASHL": 0.08072009291521487,
    "ASHR": 0.07908163265306123,
    "ASIL": 0.07539682539682539,
    "ASIR": 0.07561728395061729,
    "ASJL": 0.05555555555555555,
    "ASJR": 0.08888888888888889,
    "ASKL": 0.08964143426294821,
    "ASKR": 0.08303571428571428,
    "AUAL": 0.05555555555555555,
    "AUAR": 0.07120743034055728,
    "AVAL": 0.060844577711144425,
    "AVAR": 0.06453423120089787,
    "AVBL": 0.08086904043452021,
    "AVBR": 0.07178423236514522,
    "AVDL": 0.06824838898652606,
    "AVDR": 0.08050847457627118,
    "AVEL": 0.07109420713867759,
    "AVER": 0.06876061120543293,
    "AVFL": 0.07977386934673367,
    "AVFR": 0.08547008547008547,
    "AVG": 0.06944444444444445,
    "AVHL": 0.07494343891402715,
    "AVHR": 0.0675251256281407,
    "AVJL": 0.08812405446293495,
    "AVJR": 0.06826241134751773,
    "AVKL": 0.06120826709062003,
    "AVKR": 0.05011655011655012,
    "AVL": 0.06473594548551959,
    "AVM": 0.07530864197530865,
    "AWAL": 0.05263157894736842,
    "AWAR": 0.08831908831908832,
    "AWBL": 0.10689655172413794,
    "AWBR": 0.06951871657754011,
    "AWCL": 0.0787037037037037,
    "AWCR": 0.10477453580901856,
    "BAGL": 0.06491002570694088,
    "BAGR": 0.0641025641025641,
    "BDUL": 0.10218978102189781,
    "BDUR": 0.06017191977077364,
    "CANL": 0.0,
    "CANR": 0.0,
    "CEPDL": 0.08284883720930232,
    "CEPDR": 0.09323308270676692,
    "CEPVL": 0.08645276292335116,
    "CEPVR": 0.0868945868945869,
    "DA1": 0.07608695652173914,
    "DA2": 0.06749049429657794,
    "DA3": 0.08249158249158249,
    "DA4": 0.09151193633952255,
    "DA5": 0.06172839506172839,
    "DA6": 0.08974358974358974,
    "DA7": 0.06727272727272728,
    "DA8": 0.06631171345595353,
    "DA9": 0.08985879332477535,
    "DB1": 0.12962962962962962,
    "DB2": 0.06547619047619048,
    "DB3": 0.08754208754208755,
    "DB4": 0.07744107744107744,
    "DB5": 0.08455882352941177,
    "DB6": 0.09740259740259741,
    "DB7": 0.0858433734939759,
    "DD1": 0.08187599364069953,
    "DD2": 0.09076923076923077,
    "DD3": 0.08,
    "DD4": 0.057692307692307696,
    "DD5": 0.07509881422924901,
    "DD6": 0.0797872340425532,
    "DVA": 0.07120137019818938,
    "DVB": 0.10202360876897133,
    "DVC": 0.08302986161689731,
    "FLPL": 0.09474522292993631,
    "FLPR": 0.07802547770700637,
    "HSNL": 0.07320319432120674,
    "HSNR": 0.06742671009771987,
    "I1L": 0.08251231527093596,
    "I1R": 0.0978494623655914,
    "I2L": 0.08095238095238096,
    "I2R": 0.09210526315789473,
    "I3": 0.09462365591397849,
    "I4": 0.061872909698996656,
    "I5": 0.09401709401709402,
    "I6": 0.11764705882352941,
    "IL1DL": 0.07608695652173914,
    "IL1DR": 0.08576642335766424,
    "IL1L": 0.06723484848484848,
    "IL1R": 0.07759784075573549,
    "IL1VL": 0.07333333333333333,
    "IL1VR": 0.1,
    "IL2DL": 0.04201680672268908,
    "IL2DR": 0.10285714285714286,
    "IL2L": 0.06785714285714285,
    "IL2R": 0.10276679841897234,
    "IL2VL": 0.12380952380952381,
    "IL2VR": 0.09666666666666666,
    "LUAL": 0.09090909090909091,
    "LUAR": 0.09158415841584158,
    "M1": 0.06741573033707865,
    "M2L": 0.06842105263157895,
    "M2R": 0.08187134502923976,
    "M3L": 0.11375661375661375,
    "M3R": 0.08095238095238096,
    "M4": 0.08947368421052632,
    "M5": 0.08928571428571429,
    "MCL": 0.1111111111111111,
    "MCR": 0.07777777777777778,
    "MI": 0.09166666666666666,
    "NSML": 0.1,
    "NSMR": 0.1038961038961039,
    "OLLL": 0.10606060606060606,
    "OLLR": 0.07403651115618662,
    "OLQDL": 0.08102766798418973,
    "OLQDR": 0.08374384236453201,
    "OLQVL": 0.09163346613545817,
    "OLQVR": 0.06672297297297297,
    "PDA": 0.10784313725490197,
    "PDB": 0.09926470588235294,
    "PDEL": 0.09523809523809523,
    "PDER": 0.09435173299101413,
    "PHAL": 0.09649122807017543,
    "PHAR": 0.06466512702078522,
    "PHBL": 0.08950617283950617,
    "PHBR": 0.10272277227722772,
    "PHCL": 0.0784313725490196,
    "PHCR": 0.08179723502304148,
    "PLML": 0.019230769230769232,
    "PLMR": 0.1,
    "PLNL": 0.08410138248847926,
    "PLNR": 0.11397058823529412,
    "PQR": 0.09416445623342175,
    "PVCL": 0.060435699226985246,
    "PVCR": 0.07368026019514635,
    "PVDL": 0.08373205741626795,
    "PVDR": 0.08695652173913043,
    "PVM": 0.11,
    "PVNL": 0.06571936056838366,
    "PVNR": 0.07045260461144322,
    "PVPL": 0.06501283147989735,
    "PVPR": 0.0728578758337609,
    "PVQL": 0.11158798283261803,
    "PVQR": 0.08421610169491525,
    "PVR": 0.08347566182749787,
    "PVT": 0.07340862422997947,
    "PVWL": 0.08111702127659574,
    "PVWR": 0.08466453674121406,
    "RIAL": 0.06612377850162866,
    "RIAR": 0.08788515406162464,
    "RIBL": 0.06473058082575227,
    "RIBR": 0.05754088431253786,
    "RICL": 0.06532356532356533,
    "RICR": 0.08518189884649512,
    "RID": 0.06528662420382166,
    "RIFL": 0.08755760368663594,
    "RIFR": 0.049019607843137254,
    "RIGL": 0.07783018867924528,
    "RIGR": 0.0821078431372549,
    "RIH": 0.08295380611581002,
    "RIML": 0.07333333333333333,
    "RIMR": 0.07813446396123562,
    "RIPL": 0.05396290050590219,
    "RIPR": 0.09487666034155598,
    "RIR": 0.0674955595026643,
    "RIS": 0.07231270358306188,
    "RIVL": 0.09885057471264368,
    "RIVR": 0.06263498920086392,
    "RMDDL": 0.049663299663299666,
    "RMDDR": 0.06587301587301587,
    "RMDL": 0.07000585823081429,
    "RMDR": 0.08571428571428572,
    "RMDVL": 0.08045112781954887,
    "RMDVR": 0.06666666666666667,
    "RMED": 0.06439393939393939,
    "RMEL": 0.08547008547008547,
    "RMER": 0.08441558441558442,
    "RMEV": 0.06060606060606061,
    "RMFL": 0.09592145015105741,
    "RMFR": 0.05238095238095238,
    "RMGL": 0.08079625292740047,
    "RMGR": 0.0815913688469319,
    "RMHL": 0.08754208754208755,
    "RMHR": 0.1076923076923077,
    "SAADL": 0.08783783783783784,
    "SAADR": 0.08568548387096774,
    "SAAVL": 0.09933407325194228,
    "SAAVR": 0.07254623044096728,
    "SABD": 0.07608695652173914,
    "SABVL": 0.10833333333333334,
    "SABVR": 0.0935672514619883,
    "SDQL": 0.08067226890756303,
    "SDQR": 0.09156050955414012,
    "SIADL": 0.06666666666666667,
    "SIADR": 0.06236559139784946,
    "SIAVL": 0.09001782531194295,
    "SIAVR": 0.08417508417508418,
    "SIBDL": 0.08189655172413793,
    "SIBDR": 0.06578947368421052,
    "SIBVL": 0.06878306878306878,
    "SIBVR": 0.1008557457212714,
    "SMBDL": 0.10497835497835498,
    "SMBDR": 0.06896551724137931,
    "SMBVL": 0.08624031007751938,
    "SMBVR": 0.07848837209302326,
    "SMDDL": 0.0821976149914821,
    "SMDDR": 0.08361018826135105,