{
  "clustering_coefficients": {
    "ADAL": 0.07212713936430318,
    "ADAR": 0.0625,
    "ADEL": 0.06837606837606838,
    "ADER": 0.05789473684210526,
    "ADFL": 0.07508342602892103,
    "ADFR": 0.0778498609823911,
    "ADLL": 0.08522727272727272,
    "ADLR": 0.0837028824833703,
    "AFDL": 0.08571428571428572,
    "AFDR": 0.07352941176470588,
    "AIAL": 0.07535321821036106,
    "AIAR": 0.06722689075630252,
    "AIBL": 0.07184536834427425,
    "AIBR": 0.0676287492925863,
    "AIML": 0.0677361853832442,
    "AIMR": 0.06723716381418093,
    "AINL": 0.0654320987654321,
    "AINR": 0.06913996627318718,
    "AIYL": 0.09747899159663866,
    "AIYR": 0.08157602663706992,
    "AIZL": 0.07649938800489596,
    "AIZR": 0.07495741056218058,
    "ALA": 0.06923076923076923,
    "ALML": 0.08190883190883191,
    "ALMR": 0.06349206349206349,
    "ALNL": 0.045454545454545456,
    "ALNR": 0.07020057306590258,
    "AQR": 0.07758620689655173,
    "AS1": 0.1068840579710145,
    "AS10": 0.0784313725490196,
    "AS11": 0.05400696864111498,
    "AS2": 0.04891304347826087,
    "AS3": 0.09473684210526316,
    "AS4": 0.04285714285714286,
    "AS5": 0.06060606060606061,
    "AS6": 0.11538461538461539,
    "AS7": 0.19047619047619047,
    "AS8": 0.05555555555555555,
    "AS9": 0.045454545454545456,
    "ASEL": 0.06534090909090909,
    "ASER": 0.06349206349206349,
    "ASGL": 0.08394160583941605,
    "ASGR": 0.08153846153846153,
    "ASHL": 0.06767515923566879,
    "ASHR": 0.09129692832764505,
    "ASIL": 0.08045977011494253,
    "ASIR": 0.09740259740259741,
    "ASJL": 0.05731225296442688,
    "ASJR": 0.037037037037037035,
    "ASKL": 0.08935361216730038,
    "ASKR": 0.08175675675675675,
    "AUAL": 0.08172043010752689,
    "AUAR": 0.0576036866359447,
    "AVAL": 0.058629232039636665,
    "AVAR": 0.06868686868686869,
    "AVBL": 0.06451612903225806,
    "AVBR": 0.06504336224149433,
    "AVDL": 0.06369294605809128,
    "AVDR": 0.07351984385165908,
    "AVEL": 0.05866486850977748,
    "AVER": 0.07542735042735042,
    "AVFL": 0.07081038552321008,
    "AVFR": 0.06397306397306397,
    "AVG": 0.07359176256814053,
    "AVHL": 0.07416529830322934,
    "AVHR": 0.0662557781201849,
    "AVJL": 0.045007564296520426,
    "AVJR": 0.07883986928104575,
    "AVKL": 0.0743559718969555,
    "AVKR": 0.07610474631751228,
    "AVL": 0.057732680195941216,
    "AVM": 0.07762096774193548,
    "AWAL": 0.07391304347826087,
    "AWAR": 0.07741935483870968,
    "AWBL": 0.07741935483870968,
    "AWBR": 0.1111111111111111,
    "AWCL": 0.0775716694772344,
    "AWCR": 0.06976744186046512,
    "BAGL": 0.08189655172413793,
    "BAGR": 0.07264957264957266,
    "BDUL": 0.13043478260869565,
    "BDUR": 0.10144927536231885,
    "CANL": 0.0,
    "CANR": 0.0,
    "CEPDL": 0.08206686930091185,
    "CEPDR": 0.08906882591093117,
    "CEPVL": 0.07973291437549096,
    "CEPVR": 0.07894736842105263,
    "DA1": 0.08496732026143791,
    "DA2": 0.09527027027027027,
    "DA3": 0.10904255319148937,
    "DA4": 0.09740259740259741,
    "DA5": 0.0896551724137931,
    "DA6": 0.08333333333333333,
    "DA7": 0.08333333333333333,
    "DA8": 0.06313131313131314,
    "DA9": 0.09656652360515021,
    "DB1": 0.08885941644562334,
    "DB2": 0.04923076923076923,
    "DB3": 0.08823529411764706,
    "DB4": 0.1111111111111111,
    "DB5": 0.08088235294117647,
    "DB6": 0.0708955223880597,
    "DB7": 0.052801724137931036,
    "DD1": 0.06607142857142857,
    "DD2": 0.10237068965517242,
    "DD3": 0.0868421052631579,
    "DD4": 0.08947368421052632,
    "DD5": 0.09191176470588236,
    "DD6": 0.06787330316742081,
    "DVA": 0.06092488377783215,
    "DVB": 0.059821428571428574,
    "DVC": 0.0785669390320553,
    "FLPL": 0.07946210268948656,
    "FLPR": 0.09824281150159744,
    "HSNL": 0.07325383304940375,
    "HSNR": 0.08257522743177047,
    "I1L": 0.08862876254180602,
    "I1R": 0.05627705627705628,
    "I2L": 0.1023391812865497,
    "I2R": 0.05454545454545454,
    "I3": 0.08876811594202899,
    "I4": 0.0779467680608365,
    "I5": 0.0872865275142315,
    "I6": 0.08166666666666667,
    "IL1DL": 0.1,
    "IL1DR": 0.10461538461538461,
    "IL1L": 0.08862876254180602,
    "IL1R": 0.08153846153846153,
    "IL1VL": 0.06923076923076923,
    "IL1VR": 0.07516339869281045,
    "IL2DL": 0.051470588235294115,
    "IL2DR": 0.09247311827956989,
    "IL2L": 0.0610079575596817,
    "IL2R": 0.09782608695652174,
    "IL2VL": 0.07738095238095238,
    "IL2VR": 0.06,
    "LUAL": 0.07539682539682539,
    "LUAR": 0.08108108108108109,
    "M1": 0.06926406926406926,
    "M2L": 0.0992063492063492,
    "M2R": 0.07105263157894737,
    "M3L": 0.09210526315789473,
    "M3R": 0.08571428571428572,
    "M4": 0.08695652173913043,
    "M5": 0.1,
    "MCL": 0.06043956043956044,
    "MCR": 0.15555555555555556,
    "MI": 0.10661764705882353,
    "NSML": 0.10606060606060606,
    "NSMR": 0.075,
    "OLLL": 0.05015923566878981,
    "OLLR": 0.06623931623931624,
    "OLQDL": 0.08363636363636363,
    "OLQDR": 0.07818181818181819,
    "OLQVL": 0.07407407407407407,
    "OLQVR": 0.07358870967741936,
    "PDA": 0.10294117647058823,
    "PDB": 0.10449735449735449,
    "PDEL": 0.1,
    "PDER": 0.09663865546218488,
    "PHAL": 0.08421052631578947,
    "PHAR": 0.07692307692307693,
    "PHBL": 0.07122507122507123,
    "PHBR": 0.09076433121019108,
    "PHCL": 0.11038961038961038,
    "PHCR": 0.048494983277591976,
    "PLML": 0.07789855072463768,
    "PLMR": 0.0989010989010989,
    "PLNL": 0.0851063829787234,
    "PLNR": 0.07575757575757576,
    "PQR": 0.06948640483383686,
    "PVCL": 0.07823682498373455,
    "PVCR": 0.07273023104458184,
    "PVDL": 0.0873015873015873,
    "PVDR": 0.07936507936507936,
    "PVM": 0.06842105263157895,
    "PVNL": 0.06359011627906977,
    "PVNR": 0.06097055163832435,
    "PVPL": 0.069617105917454,
    "PVPR": 0.07744937055281882,
    "PVQL": 0.06691729323308271,
    "PVQR": 0.09302325581395349,
    "PVR": 0.07297687861271676,
    "PVT": 0.06131868131868132,
    "PVWL": 0.09549071618037135,
    "PVWR": 0.10333863275039745,
    "RIAL": 0.07919547454431175,
    "RIAR": 0.0636734693877551,
    "RIBL": 0.06155778894472362,
    "RIBR": 0.0821749795584628,
    "RICL": 0.06408898305084745,
    "RICR": 0.09020618556701031,
    "RID": 0.09185606060606061,
    "RIFL": 0.07575757575757576,
    "RIFR": 0.0834658187599364,
    "RIGL": 0.07622377622377623,
    "RIGR": 0.06549423893268648,
    "RIH": 0.0825109649122807,
    "RIML": 0.07544757033248081,
    "RIMR": 0.06295993458708095,
    "RIPL": 0.08083140877598152,
    "RIPR": 0.10833333333333334,
    "RIR": 0.07282415630550622,
    "RIS": 0.08071608040201005,
    "RIVL": 0.07530864197530865,
    "RIVR": 0.05015923566878981,
    "RMDDL": 0.07222222222222222,
    "RMDDR": 0.06050420168067227,
    "RMDL": 0.06400437636761488,
    "RMDR": 0.08547008547008547,
    "RMDVL": 0.075,
    "RMDVR": 0.07235621521335807,
    "RMED": 0.08319327731092437,
    "RMEL": 0.05952380952380952,
    "RMER": 0.08831908831908832,
    "RMEV": 0.08926487747957992,
    "RMFL": 0.08460236886632826,
    "RMFR": 0.06354515050167224,
    "RMGL": 0.060045317220543806,
    "RMGR": 0.06954760297096556,
    "RMHL": 0.06573275862068965,
    "RMHR": 0.0944700460829493,
    "SAADL": 0.07472178060413355,
    "SAADR": 0.06072874493927125,
    "SAAVL": 0.06050955414012739,
    "SAAVR": 0.07807807807807808,
    "SABD": 0.09653465346534654,
    "SABVL": 0.07857142857142857,
    "SABVR": 0.10526315789473684,
    "SDQL": 0.08823529411764706,
    "SDQR": 0.08261933904528763,
    "SIADL": 0.07654320987654321,
    "SIADR": 0.0931174089068826,
    "SIAVL": 0.06130573248407643,
    "SIAVR": 0.07,
    "SIBDL": 0.06797235023041474,
    "SIBDR": 0.06884057971014493,
    "SIBVL": 0.07577807848443843,
    "SIBVR": 0.06451612903225806,
    "SMBDL": 0.08669354838709678,
    "SMBDR": 0.08125,
    "SMBVL": 0.08748221906116643,
    "SMBVR": 0.07649938800489596,
    "SMDDL": 0.06447963800904978,
    "SMDDR": 0.0633672525439408,
    "SMDVL": 0.08333333333333333,
    "SMDVR": 0.07112526539278131,