{
  "clustering_coefficients": {
    "ADAL": 0.06444444444444444,
    "ADAR": 0.07436182019977802,
    "ADEL": 0.08087291399229782,
    "ADER": 0.07773109243697479,
    "ADFL": 0.09103169251517194,
    "ADFR": 0.05560928433268859,
    "ADLL": 0.09057527539779682,
    "ADLR": 0.06921029281277728,
    "AFDL": 0.08297413793103449,
    "AFDR": 0.08833333333333333,
    "AIAL": 0.07745901639344262,
    "AIAR": 0.09640102827763496,
    "AIBL": 0.08212121212121212,
    "AIBR": 0.05927230046948357,
    "AIML": 0.08383838383838384,
    "AIMR": 0.06723484848484848,
    "AINL": 0.1067193675889328,
    "AINR": 0.09778225806451613,
    "AIYL": 0.07603686635944701,
    "AIYR": 0.09009009009009009,
    "AIZL": 0.08059384941675504,
    "AIZR": 0.07988587731811697,
    "ALA": 0.07427536231884058,
    "ALML": 0.0691919191919192,
    "ALMR": 0.08271604938271605,
    "ALNL": 0.09523809523809523,
    "ALNR": 0.045454545454545456,
    "AQR": 0.07744107744107744,
    "AS1": 0.08285714285714285,
    "AS10": 0.09156050955414012,
    "AS11": 0.09744408945686901,
    "AS2": 0.09347826086956522,
    "AS3": 0.10317460317460317,
    "AS4": 0.08166666666666667,
    "AS5": 0.16666666666666666,
    "AS6": 0.09090909090909091,
    "AS7": 0.10714285714285714,
    "AS8": 0.09722222222222222,
    "AS9": 0.1,
    "ASEL": 0.08029689608636977,
    "ASER": 0.08487874465049929,
    "ASGL": 0.07105263157894737,
    "ASGR": 0.09681697612732096,
    "ASHL": 0.08251833740831296,
    "ASHR": 0.0739622641509434,
    "ASIL": 0.06712962962962964,
    "ASIR": 0.1213235294117647,
    "ASJL": 0.082010582010582,
    "ASJR": 0.07272727272727272,
    "ASKL": 0.09753086419753086,
    "ASKR": 0.06928571428571428,
    "AUAL": 0.08307692307692308,
    "AUAR": 0.08260869565217391,
    "AVAL": 0.05978934324659232,
    "AVAR": 0.06141424027403964,
    "AVBL": 0.05995875073659399,
    "AVBR": 0.06012319228709159,
    "AVDL": 0.0667420814479638,
    "AVDR": 0.07890365448504984,
    "AVEL": 0.059967141292442495,
    "AVER": 0.06340579710144928,
    "AVFL": 0.08455882352941177,
    "AVFR": 0.07645968489341984,
    "AVG": 0.07658811475409837,
    "AVHL": 0.06872946330777656,
    "AVHR": 0.0623398804440649,
    "AVJL": 0.08519388954171563,
    "AVJR": 0.06811594202898551,
    "AVKL": 0.0761455525606469,
    "AVKR": 0.08228460793804453,
    "AVL": 0.057971014492753624,
    "AVM": 0.085,
    "AWAL": 0.07947019867549669,
    "AWAR": 0.06763925729442971,
    "AWBL": 0.06359300476947535,
    "AWBR": 0.07904884318766067,
    "AWCL": 0.08125,
    "AWCR": 0.08198380566801619,
    "BAGL": 0.08361486486486487,
    "BAGR": 0.08275862068965517,
    "BDUL": 0.07634408602150537,
    "BDUR": 0.06,
    "CANL": 0.0,
    "CANR": 0.0,
    "CEPDL": 0.06265984654731457,
    "CEPDR": 0.0677710843373494,
    "CEPVL": 0.07034220532319392,
    "CEPVR": 0.10407239819004525,
    "DA1": 0.06666666666666667,
    "DA2": 0.04859611231101512,
    "DA3": 0.07701149425287357,
    "DA4": 0.07792207792207792,
    "DA5": 0.07027649769585254,
    "DA6": 0.07575757575757576,
    "DA7": 0.09090909090909091,
    "DA8": 0.07634032634032634,
    "DA9": 0.08580705009276438,
    "DB1": 0.08754208754208755,
    "DB2": 0.09297912713472485,
    "DB3": 0.08839285714285715,
    "DB4": 0.08994708994708994,
    "DB5": 0.14074074074074075,
    "DB6": 0.0645933014354067,
    "DB7": 0.06680161943319839,
    "DD1": 0.08483483483483484,
    "DD2": 0.08512931034482758,
    "DD3": 0.07352941176470588,
    "DD4": 0.10317460317460317,
    "DD5": 0.07894736842105263,
    "DD6": 0.07894736842105263,
    "DVA": 0.07306940371456501,
    "DVB": 0.0797979797979798,
    "DVC": 0.05559593023255814,
    "FLPL": 0.07272727272727272,
    "FLPR": 0.05928853754940711,
    "HSNL": 0.09069767441860466,
    "HSNR": 0.08028616852146264,
    "I1L": 0.07509881422924901,
    "I1R": 0.07214765100671142,
    "I2L": 0.11956521739130435,
    "I2R": 0.05518394648829431,
    "I3": 0.06521739130434782,
    "I4": 0.06714285714285714,
    "I5": 0.07142857142857142,
    "I6": 0.0847953216374269,
    "IL1DL": 0.06768558951965066,
    "IL1DR": 0.08434547908232119,
    "IL1L": 0.08728448275862069,
    "IL1R": 0.09753086419753086,
    "IL1VL": 0.06879194630872483,
    "IL1VR": 0.05980861244019139,
    "IL2DL": 0.07631578947368421,
    "IL2DR": 0.09523809523809523,
    "IL2L": 0.0854978354978355,
    "IL2R": 0.07774607703281027,
    "IL2VL": 0.09307359307359307,
    "IL2VR": 0.09736842105263158,
    "LUAL": 0.0962962962962963,
    "LUAR": 0.06507936507936508,
    "M1": 0.058823529411764705,
    "M2L": 0.08552631578947369,
    "M2R": 0.03333333333333333,
    "M3L": 0.08695652173913043,
    "M3R": 0.08102766798418973,
    "M4": 0.07792207792207792,
    "M5": 0.08928571428571429,
    "MCL": 0.09788359788359788,
    "MCR": 0.06666666666666667,
    "MI": 0.06985294117647059,
    "NSML": 0.08695652173913043,
    "NSMR": 0.06428571428571428,
    "OLLL": 0.09136212624584718,
    "OLLR": 0.06983805668016195,
    "OLQDL": 0.0873015873015873,
    "OLQDR": 0.12280701754385964,
    "OLQVL": 0.07775377969762419,
    "OLQVR": 0.08461538461538462,
    "PDA": 0.10504201680672269,
    "PDB": 0.11272727272727273,
    "PDEL": 0.08923076923076922,
    "PDER": 0.07102272727272728,
    "PHAL": 0.1111111111111111,
    "PHAR": 0.0782608695652174,
    "PHBL": 0.07977207977207977,
    "PHBR": 0.09893048128342247,
    "PHCL": 0.07834757834757834,
    "PHCR": 0.0811965811965812,
    "PLML": 0.1023391812865497,
    "PLMR": 0.07272727272727272,
    "PLNL": 0.07275541795665634,
    "PLNR": 0.10897435897435898,
    "PQR": 0.08497316636851521,
    "PVCL": 0.07068062827225131,
    "PVCR": 0.07242472266244057,
    "PVDL": 0.09047619047619047,
    "PVDR": 0.11176470588235295,
    "PVM": 0.09705882352941177,
    "PVNL": 0.08480074142724744,
    "PVNR": 0.059487179487179485,
    "PVPL": 0.06820843091334895,
    "PVPR": 0.0635593220338983,
    "PVQL": 0.09642857142857143,
    "PVQR": 0.08645655877342419,
    "PVR": 0.06547865727310402,
    "PVT": 0.06370328425821065,
    "PVWL": 0.08383838383838384,
    "PVWR": 0.07701149425287357,
    "RIAL": 0.0651618398637138,
    "RIAR": 0.07708479327259986,
    "RIBL": 0.08070866141732283,
    "RIBR": 0.07909604519774012,
    "RICL": 0.06389157792836399,
    "RICR": 0.0920535011801731,
    "RID": 0.08064516129032258,
    "RIFL": 0.1,
    "RIFR": 0.06256921373200443,
    "RIGL": 0.06834750911300122,
    "RIGR": 0.07537361923326835,
    "RIH": 0.0806948109058927,
    "RIML": 0.06133333333333333,
    "RIMR": 0.06959247648902821,
    "RIPL": 0.11422413793103449,
    "RIPR": 0.07142857142857142,
    "RIR": 0.0835978835978836,
    "RIS": 0.07504440497335702,
    "RIVL": 0.10804597701149425,
    "RIVR": 0.08922558922558922,
    "RMDDL": 0.08634020618556701,
    "RMDDR": 0.06302521008403361,
    "RMDL": 0.08610271903323263,
    "RMDR": 0.06940222897669707,
    "RMDVL": 0.0728744939271255,
    "RMDVR": 0.07948490230905861,
    "RMED": 0.06788793103448276,
    "RMEL": 0.07894736842105263,
    "RMER": 0.07977207977207977,
    "RMEV": 0.09116809116809117,
    "RMFL": 0.07936507936507936,
    "RMFR": 0.08771929824561403,
    "RMGL": 0.0730909090909091,
    "RMGR": 0.07714701601164484,
    "RMHL": 0.09017857142857143,
    "RMHR": 0.08518518518518518,
    "SAADL": 0.08766233766233766,
    "SAADR": 0.06829679595278246,
    "SAAVL": 0.06971580817051509,
    "SAAVR": 0.08190091001011122,
    "SABD": 0.06126482213438735,
    "SABVL": 0.11904761904761904,
    "SABVR": 0.08333333333333333,
    "SDQL": 0.10969976905311778,
    "SDQR": 0.06986531986531987,
    "SIADL": 0.07102272727272728,
    "SIADR": 0.0891089108910891,
    "SIAVL": 0.08097165991902834,
    "SIAVR": 0.07762096774193548,
    "SIBDL": 0.08333333333333333,
    "SIBDR": 0.06321839080459771,
    "SIBVL": 0.08547008547008547,
    "SIBVR": 0.07155635062611806,
    "SMBDL": 0.07428571428571429,
    "SMBDR": 0.10198135198135198,
    "SMBVL": 0.07111111111111111,
    "SMBVR": 0.081203007518797,
    "SMDDL": 0.08418568056648308,
    "SMDDR": 0.07859680284191829,