{
  "clustering_coefficients": {
    "ADAL": 0.06620209059233449,
    "ADAR": 0.08783783783783784,
    "ADEL": 0.07506950880444857,
    "ADER": 0.08194444444444444,
    "ADFL": 0.08746208291203236,
    "ADFR": 0.07592446892210858,
    "ADLL": 0.08109756097560976,
    "ADLR": 0.08345921450151057,
    "AFDL": 0.1038961038961039,
    "AFDR": 0.07559681697612732,
    "AIAL": 0.07053140096618357,
    "AIAR": 0.06134453781512605,
    "AIBL": 0.06096311475409836,
    "AIBR": 0.07434127979924718,
    "AIML": 0.0771889400921659,
    "AIMR": 0.07195121951219512,
    "AINL": 0.06084656084656084,
    "AINR": 0.07210626185958255,
    "AIYL": 0.08021390374331551,
    "AIYR": 0.0682110682110682,
    "AIZL": 0.07387057387057387,
    "AIZR": 0.07142857142857142,
    "ALA": 0.04779411764705882,
    "ALML": 0.08004926108374384,
    "ALMR": 0.08461538461538462,
    "ALNL": 0.13333333333333333,
    "ALNR": 0.11206896551724138,
    "AQR": 0.07111111111111111,
    "AS1": 0.08615384615384615,
    "AS10": 0.07114624505928854,
    "AS11": 0.07631257631257632,
    "AS2": 0.06842105263157895,
    "AS3": 0.08571428571428572,
    "AS4": 0.09340659340659341,
    "AS5": 0.07789855072463768,
    "AS6": 0.07777777777777778,
    "AS7": 0.03333333333333333,
    "AS8": 0.08333333333333333,
    "AS9": 0.06666666666666667,
    "ASEL": 0.0962772785622593,
    "ASER": 0.08341056533827618,
    "ASGL": 0.09130434782608696,
    "ASGR": 0.08333333333333333,
    "ASHL": 0.09962049335863378,
    "ASHR": 0.08254716981132075,
    "ASIL": 0.08333333333333333,
    "ASIR": 0.09538461538461539,
    "ASJL": 0.0784313725490196,
    "ASJR": 0.10606060606060606,
    "ASKL": 0.09683794466403162,
    "ASKR": 0.05570291777188329,
    "AUAL": 0.07294429708222812,
    "AUAR": 0.09259259259259259,
    "AVAL": 0.06135378459486496,
    "AVAR": 0.06270590819240061,
    "AVBL": 0.07447665056360708,
    "AVBR": 0.07596757322175732,
    "AVDL": 0.07234915055653193,
    "AVDR": 0.06363636363636363,
    "AVEL": 0.06900726392251816,
    "AVER": 0.06483516483516484,
    "AVFL": 0.06855100714749837,
    "AVFR": 0.07323232323232323,
    "AVG": 0.07237762237762238,
    "AVHL": 0.07667663391712944,
    "AVHR": 0.06604774535809019,
    "AVJL": 0.06892932120363891,
    "AVJR": 0.05366922234392114,
    "AVKL": 0.06831767719897523,
    "AVKR": 0.07995951417004049,
    "AVL": 0.06469440832249675,
    "AVM": 0.0962962962962963,
    "AWAL": 0.07692307692307693,
    "AWAR": 0.08882521489971347,
    "AWBL": 0.06912878787878787,
    "AWBR": 0.05641025641025641,
    "AWCL": 0.07153614457831325,
    "AWCR": 0.06797853309481217,
    "BAGL": 0.07518796992481203,
    "BAGR": 0.09653465346534654,
    "BDUL": 0.07894736842105263,
    "BDUR": 0.07272727272727272,
    "CANL": 0.0,
    "CANR": 0.0,
    "CEPDL": 0.08392539964476022,
    "CEPDR": 0.09984984984984985,
    "CEPVL": 0.09297912713472485,
    "CEPVR": 0.06450048496605237,
    "DA1": 0.09881422924901186,
    "DA2": 0.07713651498335183,
    "DA3": 0.07738095238095238,
    "DA4": 0.06227106227106227,
    "DA5": 0.06303724928366762,
    "DA6": 0.07023411371237458,
    "DA7": 0.08990147783251232,
    "DA8": 0.07683352735739232,
    "DA9": 0.08961593172119488,
    "DB1": 0.04411764705882353,
    "DB2": 0.047619047619047616,
    "DB3": 0.08755760368663594,
    "DB4": 0.11609195402298851,
    "DB5": 0.08823529411764706,
    "DB6": 0.05698005698005698,
    "DB7": 0.06528662420382166,
    "DD1": 0.06551724137931035,
    "DD2": 0.09876543209876543,
    "DD3": 0.075,
    "DD4": 0.12083333333333333,
    "DD5": 0.12698412698412698,
    "DD6": 0.07926829268292683,
    "DVA": 0.0674787845606351,
    "DVB": 0.10685483870967742,
    "DVC": 0.07737321196358908,
    "FLPL": 0.06927710843373494,
    "FLPR": 0.07926829268292683,
    "HSNL": 0.08451417004048584,
    "HSNR": 0.08322864321608041,
    "I1L": 0.10036496350364964,
    "I1R": 0.08088235294117647,
    "I2L": 0.09656084656084656,
    "I2R": 0.05300859598853868,
    "I3": 0.11695906432748537,
    "I4": 0.0787037037037037,
    "I5": 0.08513931888544891,
    "I6": 0.08823529411764706,
    "IL1DL": 0.06,
    "IL1DR": 0.08505747126436781,
    "IL1L": 0.07718120805369127,
    "IL1R": 0.07258064516129033,
    "IL1VL": 0.09656084656084656,
    "IL1VR": 0.08166666666666667,
    "IL2DL": 0.06535947712418301,
    "IL2DR": 0.07098765432098765,
    "IL2L": 0.09401709401709402,
    "IL2R": 0.10263157894736842,
    "IL2VL": 0.07407407407407407,
    "IL2VR": 0.0962962962962963,
    "LUAL": 0.06790123456790123,
    "LUAR": 0.07357357357357357,
    "M1": 0.08333333333333333,
    "M2L": 0.07309941520467836,
    "M2R": 0.09477124183006536,
    "M3L": 0.12307692307692308,
    "M3R": 0.041666666666666664,
    "M4": 0.12637362637362637,
    "M5": 0.047619047619047616,
    "MCL": 0.03333333333333333,
    "MCR": 0.0,
    "MI": 0.08823529411764706,
    "NSML": 0.10493827160493827,
    "NSMR": 0.09166666666666666,
    "OLLL": 0.07212713936430318,
    "OLLR": 0.08673469387755102,
    "OLQDL": 0.07357859531772576,
    "OLQDR": 0.07301980198019802,
    "OLQVL": 0.08497536945812807,
    "OLQVR": 0.09041835357624832,
    "PDA": 0.08727272727272728,
    "PDB": 0.05238095238095238,
    "PDEL": 0.07692307692307693,
    "PDER": 0.1111111111111111,
    "PHAL": 0.07058823529411765,
    "PHAR": 0.06126482213438735,
    "PHBL": 0.05787476280834915,
    "PHBR": 0.0625,
    "PHCL": 0.07631578947368421,
    "PHCR": 0.10272277227722772,
    "PLML": 0.044444444444444446,
    "PLMR": 0.11397058823529412,
    "PLNL": 0.08142857142857143,
    "PLNR": 0.07894736842105263,
    "PQR": 0.07154213036565978,
    "PVCL": 0.07753785754346607,
    "PVCR": 0.07376578645235361,
    "PVDL": 0.08193979933110368,
    "PVDR": 0.07105263157894737,
    "PVM": 0.09846153846153846,
    "PVNL": 0.0819000819000819,
    "PVNR": 0.050983005664778404,
    "PVPL": 0.06532258064516129,
    "PVPR": 0.06827048114434331,
    "PVQL": 0.07929292929292929,
    "PVQR": 0.06209150326797386,
    "PVR": 0.06564551422319474,
    "PVT": 0.07519788918205805,
    "PVWL": 0.07357859531772576,
    "PVWR": 0.0992063492063492,
    "RIAL": 0.08055398530243076,
    "RIAR": 0.07017543859649122,
    "RIBL": 0.07354925775978408,
    "RIBR": 0.0646817248459959,
    "RICL": 0.06818181818181818,
    "RICR": 0.09799713876967096,
    "RID": 0.08677098150782361,
    "RIFL": 0.07894736842105263,
    "RIFR": 0.10893098782138025,
    "RIGL": 0.0906113537117904,
    "RIGR": 0.08564814814814815,
    "RIH": 0.05926216640502355,
    "RIML": 0.07237539766702014,
    "RIMR": 0.07058823529411765,
    "RIPL": 0.08428571428571428,
    "RIPR": 0.07046979865771812,
    "RIR": 0.08550724637681159,
    "RIS": 0.06654835847382432,
    "RIVL": 0.0625,
    "RIVR": 0.09743954480796586,
    "RMDDL": 0.0917516218721038,
    "RMDDR": 0.06344086021505377,
    "RMDL": 0.07703081232492998,
    "RMDR": 0.07006369426751592,
    "RMDVL": 0.07575757575757576,
    "RMDVR": 0.08397480755773268,
    "RMED": 0.08787878787878788,
    "RMEL": 0.07090909090909091,
    "RMER": 0.09731543624161074,
    "RMEV": 0.08636977058029689,
    "RMFL": 0.06262626262626263,
    "RMFR": 0.10588235294117647,
    "RMGL": 0.07384515289525048,
    "RMGR": 0.07516339869281045,
    "RMHL": 0.08083140877598152,
    "RMHR": 0.06896551724137931,
    "SAADL": 0.05418250950570342,
    "SAADR": 0.08131313131313131,
    "SAAVL": 0.10256410256410256,
    "SAAVR": 0.07203389830508475,
    "SABD": 0.08064516129032258,
    "SABVL": 0.09558823529411764,
    "SABVR": 0.06521739130434782,
    "SDQL": 0.07509505703422054,
    "SDQR": 0.08863328822733424,
    "SIADL": 0.09358288770053476,
    "SIADR": 0.07178217821782178,
    "SIAVL": 0.09107142857142857,
    "SIAVR": 0.07963709677419355,
    "SIBDL": 0.1,
    "SIBDR": 0.05952380952380952,
    "SIBVL": 0.06627906976744186,
    "SIBVR": 0.07878787878787878,
    "SMBDL": 0.06339285714285714,
    "SMBDR": 0.10685483870967742,
    "SMBVL": 0.09716599190283401,
    "SMBVR": 0.08095238095238096,
    "SMDDL": 0.08603066439522998,
    "SMDDR": 0.08179231863442389,