{
  "clustering_coefficients": {
    "ADAL": 0.06498545101842872,
    "ADAR": 0.08758314855875832,
    "ADEL": 0.07422402159244265,
    "ADER": 0.0821256038647343,
    "ADFL": 0.08006362672322376,
    "ADFR": 0.07441860465116279,
    "ADLL": 0.07722007722007722,
    "ADLR": 0.07154088050314465,
    "AFDL": 0.07037037037037037,
    "AFDR": 0.04743083003952569,
    "AIAL": 0.06959459459459459,
    "AIAR": 0.0677361853832442,
    "AIBL": 0.06439649359406609,
    "AIBR": 0.07343475716793446,
    "AIML": 0.07530864197530865,
    "AIMR": 0.08481152993348115,
    "AINL": 0.07407407407407407,
    "AINR": 0.0804140127388535,
    "AIYL": 0.07096774193548387,
    "AIYR": 0.08192567567567567,
    "AIZL": 0.06916329284750337,
    "AIZR": 0.05938494167550371,
    "ALA": 0.11961722488038277,
    "ALML": 0.07819548872180451,
    "ALMR": 0.07608695652173914,
    "ALNL": 0.10416666666666667,
    "ALNR": 0.07894736842105263,
    "AQR": 0.08433734939759036,
    "AS1": 0.07971014492753623,
    "AS10": 0.09230769230769231,
    "AS11": 0.05555555555555555,
    "AS2": 0.07894736842105263,
    "AS3": 0.11904761904761904,
    "AS4": 0.07905138339920949,
    "AS5": 0.06593406593406594,
    "AS6": 0.08571428571428572,
    "AS7": 0.25,
    "AS8": 0.07272727272727272,
    "AS9": 0.1,
    "ASEL": 0.075,
    "ASER": 0.0692618806875632,
    "ASGL": 0.09601449275362318,
    "ASGR": 0.06461538461538462,
    "ASHL": 0.06395348837209303,
    "ASHR": 0.06479690522243714,
    "ASIL": 0.07879656160458452,
    "ASIR": 0.07004310344827586,
    "ASJL": 0.09288537549407115,
    "ASJR": 0.08333333333333333,
    "ASKL": 0.07631578947368421,
    "ASKR": 0.0660828025477707,
    "AUAL": 0.06829679595278246,
    "AUAR": 0.08285714285714285,
    "AVAL": 0.06225477373790217,
    "AVAR": 0.06824894514767932,
    "AVBL": 0.05564784053156146,
    "AVBR": 0.06678383128295255,
    "AVDL": 0.058875219683655534,
    "AVDR": 0.06952283222165213,
    "AVEL": 0.05302537410540013,
    "AVER": 0.06338028169014084,
    "AVFL": 0.07933255269320844,
    "AVFR": 0.06772486772486773,
    "AVG": 0.08050847457627118,
    "AVHL": 0.07002902757619739,
    "AVHR": 0.05579216354344123,
    "AVJL": 0.046536039188243526,
    "AVJR": 0.08472727272727272,
    "AVKL": 0.0661563696008748,
    "AVKR": 0.07838983050847458,
    "AVL": 0.06469440832249675,
    "AVM": 0.07828282828282829,
    "AWAL": 0.09740259740259741,
    "AWAR": 0.07666666666666666,
    "AWBL": 0.07699619771863118,
    "AWBR": 0.08518518518518518,
    "AWCL": 0.10367170626349892,
    "AWCR": 0.08081395348837209,
    "BAGL": 0.10890302066772654,
    "BAGR": 0.05952380952380952,
    "BDUL": 0.09782608695652174,
    "BDUR": 0.06518282988871224,
    "CANL": 0.0,
    "CANR": 0.0,
    "CEPDL": 0.07857142857142857,
    "CEPDR": 0.1019047619047619,
    "CEPVL": 0.05982905982905983,
    "CEPVR": 0.07466666666666667,
    "DA1": 0.07905138339920949,
    "DA2": 0.09071274298056156,
    "DA3": 0.07258064516129033,
    "DA4": 0.08885941644562334,
    "DA5": 0.08494623655913978,
    "DA6": 0.06909090909090909,
    "DA7": 0.08467023172905526,
    "DA8": 0.07631785995279308,
    "DA9": 0.07575757575757576,
    "DB1": 0.09288537549407115,
    "DB2": 0.06631299734748011,
    "DB3": 0.07472178060413355,
    "DB4": 0.08181818181818182,
    "DB5": 0.07373737373737374,
    "DB6": 0.1,
    "DB7": 0.06060606060606061,
    "DD1": 0.06661045531197302,
    "DD2": 0.08166189111747851,
    "DD3": 0.10113960113960115,
    "DD4": 0.11363636363636363,
    "DD5": 0.08552631578947369,
    "DD6": 0.08012820512820513,
    "DVA": 0.06941120153183342,
    "DVB": 0.08982511923688394,
    "DVC": 0.06436931079323797,
    "FLPL": 0.10623946037099494,
    "FLPR": 0.09190556492411467,
    "HSNL": 0.07256235827664399,
    "HSNR": 0.0786833855799373,
    "I1L": 0.09941520467836257,
    "I1R": 0.07142857142857142,
    "I2L": 0.08169934640522876,
    "I2R": 0.10583153347732181,
    "I3": 0.07859531772575251,
    "I4": 0.07678571428571429,
    "I5": 0.09166666666666666,
    "I6": 0.07692307692307693,
    "IL1DL": 0.08461538461538462,
    "IL1DR": 0.060714285714285714,
    "IL1L": 0.10181451612903226,
    "IL1R": 0.0691699604743083,
    "IL1VL": 0.0728395061728395,
    "IL1VR": 0.10909090909090909,
    "IL2DL": 0.09523809523809523,
    "IL2DR": 0.05731225296442688,
    "IL2L": 0.07394843962008141,
    "IL2R": 0.09130434782608696,
    "IL2VL": 0.08284023668639054,
    "IL2VR": 0.07936507936507936,
    "LUAL": 0.0754985754985755,
    "LUAR": 0.07602862254025045,
    "M1": 0.07692307692307693,
    "M2L": 0.08102766798418973,
    "M2R": 0.08187134502923976,
    "M3L": 0.09191176470588236,
    "M3R": 0.12352941176470589,
    "M4": 0.08102766798418973,
    "M5": 0.047619047619047616,
    "MCL": 0.047619047619047616,
    "MCR": 0.07692307692307693,
    "MI": 0.08893280632411067,
    "NSML": 0.08166666666666667,
    "NSMR": 0.08893280632411067,
    "OLLL": 0.0946969696969697,
    "OLLR": 0.0701839303000968,
    "OLQDL": 0.06285714285714286,
    "OLQDR": 0.09683794466403162,
    "OLQVL": 0.08912655971479501,
    "OLQVR": 0.09563758389261745,
    "PDA": 0.08771929824561403,
    "PDB": 0.08333333333333333,
    "PDEL": 0.08518518518518518,
    "PDER": 0.08405172413793104,
    "PHAL": 0.07516339869281045,
    "PHAR": 0.08083140877598152,
    "PHBL": 0.10030165912518854,
    "PHBR": 0.07152496626180836,
    "PHCL": 0.06340579710144928,
    "PHCR": 0.06790123456790123,
    "PLML": 0.06739130434782609,
    "PLMR": 0.08455882352941177,
    "PLNL": 0.1076555023923445,
    "PLNR": 0.09090909090909091,
    "PQR": 0.09574468085106383,
    "PVCL": 0.06189522856189523,
    "PVCR": 0.070628612716763,
    "PVDL": 0.08428571428571428,
    "PVDR": 0.07889733840304182,
    "PVM": 0.0989247311827957,
    "PVNL": 0.05462962962962963,
    "PVNR": 0.07249255213505462,
    "PVPL": 0.06942590120160214,
    "PVPR": 0.06723198061780739,
    "PVQL": 0.051515151515151514,
    "PVQR": 0.08833445718138908,
    "PVR": 0.06267634018540912,
    "PVT": 0.062237762237762236,
    "PVWL": 0.06702898550724638,
    "PVWR": 0.07019438444924406,
    "RIAL": 0.0770392749244713,
    "RIAR": 0.06258148631029987,
    "RIBL": 0.07256235827664399,
    "RIBR": 0.07032890132960112,
    "RICL": 0.08639705882352941,
    "RICR": 0.07338056680161943,
    "RID": 0.08288770053475936,
    "RIFL": 0.07368421052631578,
    "RIFR": 0.08575581395348837,
    "RIGL": 0.07849604221635884,
    "RIGR": 0.06575963718820861,
    "RIH": 0.07030636292223096,
    "RIML": 0.07446808510638298,
    "RIMR": 0.05765503875968992,
    "RIPL": 0.07777777777777778,
    "RIPR": 0.11166666666666666,
    "RIR": 0.0873083475298126,
    "RIS": 0.06948640483383686,
    "RIVL": 0.08701854493580599,
    "RIVR": 0.08181818181818182,
    "RMDDL": 0.06169965075669383,
    "RMDDR": 0.10521885521885523,
    "RMDL": 0.07345013477088949,
    "RMDR": 0.0678484107579462,
    "RMDVL": 0.06824782187802517,
    "RMDVR": 0.07606589147286821,
    "RMED": 0.06521739130434782,
    "RMEL": 0.10333333333333333,
    "RMER": 0.07538461538461538,
    "RMEV": 0.07321428571428572,
    "RMFL": 0.07900318133616119,
    "RMFR": 0.09191176470588236,
    "RMGL": 0.08683473389355742,
    "RMGR": 0.08800773694390715,
    "RMHL": 0.08386581469648563,
    "RMHR": 0.08917197452229299,
    "SAADL": 0.07575757575757576,
    "SAADR": 0.09543918918918919,
    "SAAVL": 0.07128412537917088,
    "SAAVR": 0.08080808080808081,
    "SABD": 0.06140350877192982,
    "SABVL": 0.07142857142857142,
    "SABVR": 0.11688311688311688,
    "SDQL": 0.10031847133757962,
    "SDQR": 0.07777777777777778,
    "SIADL": 0.06569343065693431,
    "SIADR": 0.06746031746031746,
    "SIAVL": 0.058315334773218146,
    "SIAVR": 0.07949308755760369,
    "SIBDL": 0.08164983164983165,
    "SIBDR": 0.09420289855072464,
    "SIBVL": 0.06929046563192905,
    "SIBVR": 0.09090909090909091,
    "SMBDL": 0.08974358974358974,
    "SMBDR": 0.0784313725490196,
    "SMBVL": 0.0816464237516869,
    "SMBVR": 0.053643724696356275,
    "SMDDL": 0.06598586017282011,