{
  "clustering_coefficients": {
    "ADAL": 0.07280080889787664,
    "ADAR": 0.08184143222506395,
    "ADEL": 0.08305647840531562,
    "ADER": 0.07892293407613742,
    "ADFL": 0.06609547123623011,
    "ADFR": 0.060580204778156996,
    "ADLL": 0.0686046511627907,
    "ADLR": 0.07707910750507099,
    "AFDL": 0.08770161290322581,
    "AFDR": 0.09531772575250837,
    "AIAL": 0.07946210268948656,
    "AIAR": 0.05626780626780627,
    "AIBL": 0.07592592592592592,
    "AIBR": 0.058823529411764705,
    "AIML": 0.07301587301587302,
    "AIMR": 0.0677710843373494,
    "AINL": 0.08695652173913043,
    "AINR": 0.04894179894179894,
    "AIYL": 0.08888888888888889,
    "AIYR": 0.07833537331701346,
    "AIZL": 0.07232704402515723,
    "AIZR": 0.08933161953727506,
    "ALA": 0.09116809116809117,
    "ALML": 0.07905405405405405,
    "ALMR": 0.09420289855072464,
    "ALNL": 0.06818181818181818,
    "ALNR": 0.06060606060606061,
    "AQR": 0.06722222222222222,
    "AS1": 0.07065217391304347,
    "AS10": 0.07090909090909091,
    "AS11": 0.07600341588385995,
    "AS2": 0.09090909090909091,
    "AS3": 0.09523809523809523,
    "AS4": 0.10833333333333334,
    "AS5": 0.08465608465608465,
    "AS6": 0.0661764705882353,
    "AS7": 0.075,
    "AS8": 0.0875,
    "AS9": 0.03333333333333333,
    "ASEL": 0.07222222222222222,
    "ASER": 0.07481060606060606,
    "ASGL": 0.09975369458128079,
    "ASGR": 0.06933333333333333,
    "ASHL": 0.06089309878213803,
    "ASHR": 0.07018867924528302,
    "ASIL": 0.08928571428571429,
    "ASIR": 0.09195402298850575,
    "ASJL": 0.09597523219814241,
    "ASJR": 0.08095238095238096,
    "ASKL": 0.09163346613545817,
    "ASKR": 0.06722689075630252,
    "AUAL": 0.09905020352781546,
    "AUAR": 0.10476190476190476,
    "AVAL": 0.07278565694407278,
    "AVAR": 0.05552896122546673,
    "AVBL": 0.059115832762165865,
    "AVBR": 0.05502717391304348,
    "AVDL": 0.07177871148459383,
    "AVDR": 0.07199546485260772,
    "AVEL": 0.06220222339862361,
    "AVER": 0.06662269129287599,
    "AVFL": 0.06296296296296296,
    "AVFR": 0.07099143206854346,
    "AVG": 0.07913887204366282,
    "AVHL": 0.06635188866799205,
    "AVHR": 0.07598039215686274,
    "AVJL": 0.07250755287009064,
    "AVJR": 0.06278464541314248,
    "AVKL": 0.07080554130323242,
    "AVKR": 0.06326304106548279,
    "AVL": 0.07511111111111111,
    "AVM": 0.07530864197530865,
    "AWAL": 0.1092436974789916,
    "AWAR": 0.08597883597883597,
    "AWBL": 0.07102272727272728,
    "AWBR": 0.07321428571428572,
    "AWCL": 0.08345221112696148,
    "AWCR": 0.08149010477299184,
    "BAGL": 0.08293460925039872,
    "BAGR": 0.05270655270655271,
    "BDUL": 0.07692307692307693,
    "BDUR": 0.10028653295128939,
    "CANL": 0.0,
    "CANR": 0.0,
    "CEPDL": 0.06200941915227629,
    "CEPDR": 0.06888888888888889,
    "CEPVL": 0.07957957957957958,
    "CEPVR": 0.06953892668178382,
    "DA1": 0.082010582010582,
    "DA2": 0.06592292089249494,
    "DA3": 0.0811965811965812,
    "DA4": 0.10461538461538461,
    "DA5": 0.0610079575596817,
    "DA6": 0.06578947368421052,
    "DA7": 0.08494623655913978,
    "DA8": 0.08213096559378469,
    "DA9": 0.07441860465116279,
    "DB1": 0.09104938271604938,
    "DB2": 0.08708708708708708,
    "DB3": 0.07219251336898395,
    "DB4": 0.0797979797979798,
    "DB5": 0.058333333333333334,
    "DB6": 0.08223684210526316,
    "DB7": 0.07188703465982028,
    "DD1": 0.08928571428571429,
    "DD2": 0.08374384236453201,
    "DD3": 0.06327160493827161,
    "DD4": 0.08974358974358974,
    "DD5": 0.08876811594202899,
    "DD6": 0.085612968591692,
    "DVA": 0.06271275202932705,
    "DVB": 0.07274826789838337,
    "DVC": 0.08643710470836262,
    "FLPL": 0.07901234567901234,
    "FLPR": 0.07056451612903226,
    "HSNL": 0.055623471882640586,
    "HSNR": 0.08353808353808354,
    "I1L": 0.08615384615384615,
    "I1R": 0.10326086956521739,
    "I2L": 0.09740259740259741,
    "I2R": 0.10185185185185185,
    "I3": 0.11757425742574257,
    "I4": 0.08876811594202899,
    "I5": 0.06190476190476191,
    "I6": 0.08181818181818182,
    "IL1DL": 0.11437908496732026,
    "IL1DR": 0.06451612903225806,
    "IL1L": 0.06746031746031746,
    "IL1R": 0.08768971332209106,
    "IL1VL": 0.0960591133004926,
    "IL1VR": 0.09956709956709957,
    "IL2DL": 0.08823529411764706,
    "IL2DR": 0.11397058823529412,
    "IL2L": 0.08963911525029103,
    "IL2R": 0.06178707224334601,
    "IL2VL": 0.08823529411764706,
    "IL2VR": 0.11988304093567251,
    "LUAL": 0.09919028340080972,
    "LUAR": 0.07171853856562922,
    "M1": 0.045454545454545456,
    "M2L": 0.07142857142857142,
    "M2R": 0.09941520467836257,
    "M3L": 0.0915032679738562,
    "M3R": 0.06153846153846154,
    "M4": 0.09210526315789473,
    "M5": 0.06593406593406594,
    "MCL": 0.04487179487179487,
    "MCR": 0.14772727272727273,
    "MI": 0.05844155844155844,
    "NSML": 0.10789473684210527,
    "NSMR": 0.08658008658008658,
    "OLLL": 0.051587301587301584,
    "OLLR": 0.07882882882882883,
    "OLQDL": 0.0873015873015873,
    "OLQDR": 0.058712121212121215,
    "OLQVL": 0.085,
    "OLQVR": 0.07716049382716049,
    "PDA": 0.08885941644562334,
    "PDB": 0.07575757575757576,
    "PDEL": 0.07312252964426877,
    "PDER": 0.06666666666666667,
    "PHAL": 0.08695652173913043,
    "PHAR": 0.07312252964426877,
    "PHBL": 0.08747300215982722,
    "PHBR": 0.07932263814616755,
    "PHCL": 0.06,
    "PHCR": 0.08540372670807453,
    "PLML": 0.08571428571428572,
    "PLMR": 0.08571428571428572,
    "PLNL": 0.07040998217468805,
    "PLNR": 0.12307692307692308,
    "PQR": 0.08805668016194332,
    "PVCL": 0.06261277517141826,
    "PVCR": 0.059548254620123205,
    "PVDL": 0.05555555555555555,
    "PVDR": 0.08236808236808237,
    "PVM": 0.1,
    "PVNL": 0.0734779566130161,
    "PVNR": 0.06528562460765851,
    "PVPL": 0.06753177966101695,
    "PVPR": 0.07303946694003076,
    "PVQL": 0.061585365853658536,
    "PVQR": 0.07884972170686456,
    "PVR": 0.06213872832369942,
    "PVT": 0.0605193661971831,
    "PVWL": 0.04678362573099415,
    "PVWR": 0.06983805668016195,
    "RIAL": 0.06586651053864169,
    "RIAR": 0.05994978028876334,
    "RIBL": 0.06342780026990553,
    "RIBR": 0.07449373191899711,
    "RICL": 0.07807308970099668,
    "RICR": 0.08350202429149797,
    "RID": 0.08996212121212122,
    "RIFL": 0.08349146110056926,
    "RIFR": 0.05429864253393665,
    "RIGL": 0.07030527289546716,
    "RIGR": 0.0863239573229874,
    "RIH": 0.07132459970887918,
    "RIML": 0.07014293276866067,
    "RIMR": 0.07896890343698855,
    "RIPL": 0.07029177718832891,
    "RIPR": 0.07389162561576355,
    "RIR": 0.07964889466840051,
    "RIS": 0.07666098807495741,
    "RIVL": 0.07122507122507123,
    "RIVR": 0.07104194857916103,
    "RMDDL": 0.06279809220985691,
    "RMDDR": 0.08280254777070063,
    "RMDL": 0.06118881118881119,
    "RMDR": 0.06915739268680444,
    "RMDVL": 0.06970128022759602,
    "RMDVR": 0.059355345911949686,
    "RMED": 0.07410714285714286,
    "RMEL": 0.07692307692307693,
    "RMER": 0.07991360691144708,
    "RMEV": 0.07219973009446694,
    "RMFL": 0.07481060606060606,
    "RMFR": 0.08169934640522876,
    "RMGL": 0.07853244390539721,
    "RMGR": 0.07099697885196375,
    "RMHL": 0.06261859582542695,
    "RMHR": 0.07425742574257425,
    "SAADL": 0.08484848484848485,
    "SAADR": 0.05,
    "SAAVL": 0.07577807848443843,
    "SAAVR": 0.08007334963325183,
    "SABD": 0.10123456790123457,
    "SABVL": 0.0915032679738562,
    "SABVR": 0.07142857142857142,
    "SDQL": 0.07166947723440135,
    "SDQR": 0.06386554621848739,
    "SIADL": 0.07394957983193277,
    "SIADR": 0.05992844364937388,
    "SIAVL": 0.06785714285714285,
    "SIAVR": 0.082010582010582,
    "SIBDL": 0.09259259259259259,
    "SIBDR": 0.07341269841269842,
    "SIBVL": 0.07875457875457875,
    "SIBVR": 0.06950067476383266,
    "SMBDL": 0.08273894436519258,
    "SMBDR": 0.07539118065433854,
    "SMBVL": 0.08378378378378379,
    "SMBVR": 0.08518877057115198,
    "SMDDL": 0.08284883720930232,
    "SMDDR": 0.06836248012718601,