{
  "clustering_coefficients": {
    "ADAL": 0.0673076923076923,
    "ADAR": 0.08773784355179703,
    "ADEL": 0.07345013477088949,
    "ADER": 0.07307692307692308,
    "ADFL": 0.08456659619450317,
    "ADFR": 0.08414959928762245,
    "ADLL": 0.06987179487179487,
    "ADLR": 0.06689342403628118,
    "AFDL": 0.08,
    "AFDR": 0.08461538461538462,
    "AIAL": 0.06686046511627906,
    "AIAR": 0.08186738836265223,
    "AIBL": 0.07422402159244265,
    "AIBR": 0.07424242424242425,
    "AIML": 0.08045977011494253,
    "AIMR": 0.07756410256410257,
    "AINL": 0.08557046979865772,
    "AINR": 0.0825426944971537,
    "AIYL": 0.08139534883720931,
    "AIYR": 0.07602663706992231,
    "AIZL": 0.07030759573132454,
    "AIZR": 0.09254947613504075,
    "ALA": 0.09239130434782608,
    "ALML": 0.08633633633633633,
    "ALMR": 0.08552631578947369,
    "ALNL": 0.11818181818181818,
    "ALNR": 0.07114624505928854,
    "AQR": 0.06918604651162791,
    "AS1": 0.09454545454545454,
    "AS10": 0.06,
    "AS11": 0.10535714285714286,
    "AS2": 0.058823529411764705,
    "AS3": 0.10714285714285714,
    "AS4": 0.08181818181818182,
    "AS5": 0.08771929824561403,
    "AS6": 0.08529411764705883,
    "AS7": 0.08333333333333333,
    "AS8": 0.12121212121212122,
    "AS9": 0.0,
    "ASEL": 0.07912457912457913,
    "ASER": 0.0671957671957672,
    "ASGL": 0.07758620689655173,
    "ASGR": 0.06324110671936758,
    "ASHL": 0.07637997432605904,
    "ASHR": 0.06684672518568535,
    "ASIL": 0.07661290322580645,
    "ASIR": 0.0784313725490196,
    "ASJL": 0.07789855072463768,
    "ASJR": 0.07777777777777778,
    "ASKL": 0.09866220735785954,
    "ASKR": 0.07407407407407407,
    "AUAL": 0.06754032258064516,
    "AUAR": 0.08307692307692308,
    "AVAL": 0.06301369863013699,
    "AVAR": 0.058705536239636265,
    "AVBL": 0.07418772563176895,
    "AVBR": 0.06,
    "AVDL": 0.07052058111380145,
    "AVDR": 0.06626506024096386,
    "AVEL": 0.07183186951066499,
    "AVER": 0.06334841628959276,
    "AVFL": 0.05811320754716981,
    "AVFR": 0.0797872340425532,
    "AVG": 0.07905009759271307,
    "AVHL": 0.0752599890530925,
    "AVHR": 0.052496500233317776,
    "AVJL": 0.07136237256719184,
    "AVJR": 0.07046527309507755,
    "AVKL": 0.07202111613876319,
    "AVKR": 0.07926829268292683,
    "AVL": 0.08553016988869361,
    "AVM": 0.06178707224334601,
    "AWAL": 0.0718954248366013,
    "AWAR": 0.0891089108910891,
    "AWBL": 0.0963375796178344,
    "AWBR": 0.06527093596059114,
    "AWCL": 0.075,
    "AWCR": 0.07122507122507123,
    "BAGL": 0.07621082621082621,
    "BAGR": 0.08597883597883597,
    "BDUL": 0.09166666666666666,
    "BDUR": 0.029411764705882353,
    "CANL": 0.0,
    "CANR": 0.0,
    "CEPDL": 0.09010011123470522,
    "CEPDR": 0.06060606060606061,
    "CEPVL": 0.0795339412360689,
    "CEPVR": 0.06692531522793405,
    "DA1": 0.07768924302788845,
    "DA2": 0.073109243697479,
    "DA3": 0.07635467980295567,
    "DA4": 0.0738255033557047,
    "DA5": 0.06276747503566334,
    "DA6": 0.08095238095238096,
    "DA7": 0.0898989898989899,
    "DA8": 0.06048834628190899,
    "DA9": 0.061653116531165314,
    "DB1": 0.07505773672055427,
    "DB2": 0.0649867374005305,
    "DB3": 0.07669172932330827,
    "DB4": 0.14736842105263157,
    "DB5": 0.0603448275862069,
    "DB6": 0.12083333333333333,
    "DB7": 0.09803921568627451,
    "DD1": 0.07040998217468805,
    "DD2": 0.06833333333333333,
    "DD3": 0.07604562737642585,
    "DD4": 0.044444444444444446,
    "DD5": 0.0718954248366013,
    "DD6": 0.09563253012048192,
    "DVA": 0.07225063938618925,
    "DVB": 0.06766917293233082,
    "DVC": 0.06982475355969332,
    "FLPL": 0.07161803713527852,
    "FLPR": 0.0603448275862069,
    "HSNL": 0.07792836398838335,
    "HSNR": 0.08218451749734888,
    "I1L": 0.07173913043478261,
    "I1R": 0.08823529411764706,
    "I2L": 0.16483516483516483,
    "I2R": 0.0891304347826087,
    "I3": 0.11764705882352941,
    "I4": 0.08102766798418973,
    "I5": 0.08585858585858586,
    "I6": 0.0661764705882353,
    "IL1DL": 0.1,
    "IL1DR": 0.0735632183908046,
    "IL1L": 0.06060606060606061,
    "IL1R": 0.08525345622119816,
    "IL1VL": 0.08373205741626795,
    "IL1VR": 0.043859649122807015,
    "IL2DL": 0.09411764705882353,
    "IL2DR": 0.10476190476190476,
    "IL2L": 0.10185185185185185,
    "IL2R": 0.07707910750507099,
    "IL2VL": 0.0935672514619883,
    "IL2VR": 0.06209150326797386,
    "LUAL": 0.0802675585284281,
    "LUAR": 0.07313195548489666,
    "M1": 0.07114624505928854,
    "M2L": 0.08514492753623189,
    "M2R": 0.1213235294117647,
    "M3L": 0.09583333333333334,
    "M3R": 0.06818181818181818,
    "M4": 0.07738095238095238,
    "M5": 0.1388888888888889,
    "MCL": 0.11428571428571428,
    "MCR": 0.09722222222222222,
    "MI": 0.09090909090909091,
    "NSML": 0.07142857142857142,
    "NSMR": 0.10043668122270742,
    "OLLL": 0.0693815987933635,
    "OLLR": 0.08581818181818182,
    "OLQDL": 0.07834757834757834,
    "OLQDR": 0.07795698924731183,
    "OLQVL": 0.10960591133004927,
    "OLQVR": 0.08641975308641975,
    "PDA": 0.12222222222222222,
    "PDB": 0.06190476190476191,
    "PDEL": 0.06912442396313365,
    "PDER": 0.08482142857142858,
    "PHAL": 0.08653846153846154,
    "PHAR": 0.0655940594059406,
    "PHBL": 0.07389162561576355,
    "PHBR": 0.09220532319391635,
    "PHCL": 0.08882521489971347,
    "PHCR": 0.0728395061728395,
    "PLML": 0.12121212121212122,
    "PLMR": 0.09803921568627451,
    "PLNL": 0.09549071618037135,
    "PLNR": 0.11428571428571428,
    "PQR": 0.0903041825095057,
    "PVCL": 0.06558339859044636,
    "PVCR": 0.07235592146928435,
    "PVDL": 0.12285714285714286,
    "PVDR": 0.07804232804232804,
    "PVM": 0.085,
    "PVNL": 0.07649442755825735,
    "PVNR": 0.06945701357466064,
    "PVPL": 0.07368101879927229,
    "PVPR": 0.07993659420289854,
    "PVQL": 0.08555133079847908,
    "PVQR": 0.0857843137254902,
    "PVR": 0.07278318810866223,
    "PVT": 0.073558648111332,
    "PVWL": 0.0728395061728395,
    "PVWR": 0.09190556492411467,
    "RIAL": 0.054181818181818185,
    "RIAR": 0.06905210295040803,
    "RIBL": 0.08751568381430364,
    "RIBR": 0.07207837648705388,
    "RICL": 0.07877664504170528,
    "RICR": 0.054843304843304845,
    "RID": 0.059770114942528735,
    "RIFL": 0.11919504643962849,
    "RIFR": 0.06907090464547677,
    "RIGL": 0.08377358490566038,
    "RIGR": 0.06787878787878789,
    "RIH": 0.07532751091703056,
    "RIML": 0.0748775367389783,
    "RIMR": 0.08339173090399439,
    "RIPL": 0.06613756613756613,
    "RIPR": 0.0748847926267281,
    "RIR": 0.0931174089068826,
    "RIS": 0.07393939393939394,
    "RIVL": 0.07097288676236045,
    "RIVR": 0.06428571428571428,
    "RMDDL": 0.0699614890885751,
    "RMDDR": 0.053763440860215055,
    "RMDL": 0.07449127906976744,
    "RMDR": 0.06866537717601548,
    "RMDVL": 0.06395348837209303,
    "RMDVR": 0.06397174254317112,
    "RMED": 0.06666666666666667,
    "RMEL": 0.08008658008658008,
    "RMER": 0.06878306878306878,
    "RMEV": 0.06976744186046512,
    "RMFL": 0.0693815987933635,
    "RMFR": 0.07058823529411765,
    "RMGL": 0.07587382779198636,
    "RMGR": 0.07254901960784314,
    "RMHL": 0.09006928406466513,
    "RMHR": 0.08228980322003578,
    "SAADL": 0.09474522292993631,
    "SAADR": 0.09051724137931035,
    "SAAVL": 0.08156028368794327,
    "SAAVR": 0.0715725806451613,
    "SABD": 0.07368421052631578,
    "SABVL": 0.09473684210526316,
    "SABVR": 0.1286549707602339,
    "SDQL": 0.08392603129445235,
    "SDQR": 0.06968876860622462,
    "SIADL": 0.05714285714285714,
    "SIADR": 0.06693711967545639,
    "SIAVL": 0.08615384615384615,
    "SIAVR": 0.09047619047619047,
    "SIBDL": 0.06666666666666667,
    "SIBDR": 0.05588235294117647,
    "SIBVL": 0.07645466847090664,
    "SIBVR": 0.07394957983193277,
    "SMBDL": 0.07264957264957266,
    "SMBDR": 0.07357357357357357,
    "SMBVL": 0.08148148148148149,
    "SMBVR": 0.0696999031945789,
    "SMDDL": 0.055614406779661014,
    "SMDDR": 0.07347204161248375,
    "SMDVL": 0.05311355311355311,