{
  "clustering_coefficients": {
    "ADAL": 0.07538802660753881,
    "ADAR": 0.06765523632993513,
    "ADEL": 0.07087486157253599,
    "ADER": 0.08736762481089258,
    "ADFL": 0.08746208291203236,
    "ADFR": 0.08016682113067655,
    "ADLL": 0.07555555555555556,
    "ADLR": 0.07655038759689922,
    "AFDL": 0.08727272727272728,
    "AFDR": 0.08179723502304148,
    "AIAL": 0.08412698412698413,
    "AIAR": 0.08067226890756303,
    "AIBL": 0.06973923590054579,
    "AIBR": 0.0650436046511628,
    "AIML": 0.06736242884250475,
    "AIMR": 0.06225930680359435,
    "AINL": 0.07575757575757576,
    "AINR": 0.06653992395437262,
    "AIYL": 0.07056451612903226,
    "AIYR": 0.07388663967611336,
    "AIZL": 0.06580937972768533,
    "AIZR": 0.08314855875831485,
    "ALA": 0.09090909090909091,
    "ALML": 0.0816464237516869,
    "ALMR": 0.08300395256916997,
    "ALNL": 0.11538461538461539,
    "ALNR": 0.05588235294117647,
    "AQR": 0.08833333333333333,
    "AS1": 0.06,
    "AS10": 0.1,
    "AS11": 0.06978723404255319,
    "AS2": 0.0935672514619883,
    "AS3": 0.06190476190476191,
    "AS4": 0.09583333333333334,
    "AS5": 0.10555555555555556,
    "AS6": 0.1,
    "AS7": 0.06666666666666667,
    "AS8": 0.125,
    "AS9": 0.06666666666666667,
    "ASEL": 0.06743566992014197,
    "ASER": 0.08596654275092937,
    "ASGL": 0.07083333333333333,
    "ASGR": 0.08142857142857143,
    "ASHL": 0.07683352735739232,
    "ASHR": 0.08027079303675048,
    "ASIL": 0.08429561200923788,
    "ASIR": 0.07,
    "ASJL": 0.0723905723905724,
    "ASJR": 0.05555555555555555,
    "ASKL": 0.06340579710144928,
    "ASKR": 0.09590517241379311,
    "AUAL": 0.07166666666666667,
    "AUAR": 0.08159392789373814,
    "AVAL": 0.052141735815205204,
    "AVAR": 0.06551492035001122,
    "AVBL": 0.058632478632478634,
    "AVBR": 0.06195724782899131,
    "AVDL": 0.05236980690462258,
    "AVDR": 0.07923033389926429,
    "AVEL": 0.08231569425599276,
    "AVER": 0.0663670015864622,
    "AVFL": 0.06183456183456183,
    "AVFR": 0.07539118065433854,
    "AVG": 0.08018867924528301,
    "AVHL": 0.07657453556864521,
    "AVHR": 0.06950067476383266,
    "AVJL": 0.07535460992907801,
    "AVJR": 0.0634441087613293,
    "AVKL": 0.053227633069082674,
    "AVKR": 0.06908212560386473,
    "AVL": 0.07259114583333333,
    "AVM": 0.07974137931034483,
    "AWAL": 0.09558823529411764,
    "AWAR": 0.09567901234567901,
    "AWBL": 0.08279569892473118,
    "AWBR": 0.08363858363858363,
    "AWCL": 0.07115749525616698,
    "AWCR": 0.06419400855920114,
    "BAGL": 0.07142857142857142,
    "BAGR": 0.06702898550724638,
    "BDUL": 0.06315789473684211,
    "BDUR": 0.055384615384615386,
    "CANL": 0.0,
    "CANR": 0.0,
    "CEPDL": 0.07776349614395887,
    "CEPDR": 0.1,
    "CEPVL": 0.07828282828282829,
    "CEPVR": 0.0776283618581907,
    "DA1": 0.075,
    "DA2": 0.07179054054054054,
    "DA3": 0.0960591133004926,
    "DA4": 0.07538461538461538,
    "DA5": 0.1111111111111111,
    "DA6": 0.08496732026143791,
    "DA7": 0.09210526315789473,
    "DA8": 0.0635305528612997,
    "DA9": 0.07432432432432433,
    "DB1": 0.08282828282828283,
    "DB2": 0.08917197452229299,
    "DB3": 0.07082630691399663,
    "DB4": 0.10570469798657718,
    "DB5": 0.05263157894736842,
    "DB6": 0.06209150326797386,
    "DB7": 0.07422402159244265,
    "DD1": 0.07692307692307693,
    "DD2": 0.05818965517241379,
    "DD3": 0.07083333333333333,
    "DD4": 0.1,
    "DD5": 0.07065217391304347,
    "DD6": 0.09242618741976893,
    "DVA": 0.06551535087719298,
    "DVB": 0.08921694480102696,
    "DVC": 0.05333817126269957,
    "FLPL": 0.07311827956989247,
    "FLPR": 0.07067669172932331,
    "HSNL": 0.07371483996120272,
    "HSNR": 0.05893640350877193,
    "I1L": 0.08223684210526316,
    "I1R": 0.06382978723404255,
    "I2L": 0.09523809523809523,
    "I2R": 0.0821501014198783,
    "I3": 0.09683794466403162,
    "I4": 0.07142857142857142,
    "I5": 0.07530864197530865,
    "I6": 0.08095238095238096,
    "IL1DL": 0.11384615384615385,
    "IL1DR": 0.09475806451612903,
    "IL1L": 0.08714285714285715,
    "IL1R": 0.10428571428571429,
    "IL1VL": 0.0797872340425532,
    "IL1VR": 0.06172839506172839,
    "IL2DL": 0.10130718954248366,
    "IL2DR": 0.09191176470588236,
    "IL2L": 0.0849624060150376,
    "IL2R": 0.09523809523809523,
    "IL2VL": 0.1,
    "IL2VR": 0.09486166007905138,
    "LUAL": 0.05723905723905724,
    "LUAR": 0.07793522267206478,
    "M1": 0.10416666666666667,
    "M2L": 0.07916666666666666,
    "M2R": 0.06666666666666667,
    "M3L": 0.07894736842105263,
    "M3R": 0.11904761904761904,
    "M4": 0.0678191489361702,
    "M5": 0.10909090909090909,
    "MCL": 0.05555555555555555,
    "MCR": 0.05555555555555555,
    "MI": 0.05432098765432099,
    "NSML": 0.08658008658008658,
    "NSMR": 0.05476190476190476,
    "OLLL": 0.06477732793522267,
    "OLLR": 0.07658569500674764,
    "OLQDL": 0.08488063660477453,
    "OLQDR": 0.07736389684813753,
    "OLQVL": 0.07258064516129033,
    "OLQVR": 0.09006734006734007,
    "PDA": 0.06884057971014493,
    "PDB": 0.11437908496732026,
    "PDEL": 0.08996212121212122,
    "PDER": 0.11315789473684211,
    "PHAL": 0.057539682539682536,
    "PHAR": 0.065,
    "PHBL": 0.08159392789373814,
    "PHBR": 0.09116809116809117,
    "PHCL": 0.06909090909090909,
    "PHCR": 0.08395061728395062,
    "PLML": 0.08102766798418973,
    "PLMR": 0.11363636363636363,
    "PLNL": 0.06531531531531531,
    "PLNR": 0.12878787878787878,
    "PQR": 0.06084656084656084,
    "PVCL": 0.05744199207696661,
    "PVCR": 0.06771799628942486,
    "PVDL": 0.09808612440191387,
    "PVDR": 0.06666666666666667,
    "PVM": 0.0868421052631579,
    "PVNL": 0.06019417475728155,
    "PVNR": 0.07298387096774193,
    "PVPL": 0.07299912049252419,
    "PVPR": 0.06739811912225706,
    "PVQL": 0.07239512855209743,
    "PVQR": 0.0696999031945789,
    "PVR": 0.07180500658761528,
    "PVT": 0.052754435107376284,
    "PVWL": 0.07650862068965517,
    "PVWR": 0.07604562737642585,
    "RIAL": 0.06303030303030303,
    "RIAR": 0.07464871194379391,
    "RIBL": 0.08064516129032258,
    "RIBR": 0.06965475469412477,
    "RICL": 0.06914893617021277,
    "RICR": 0.07067879636109167,
    "RID": 0.06808943089430894,
    "RIFL": 0.07294429708222812,
    "RIFR": 0.07357357357357357,
    "RIGL": 0.07207207207207207,
    "RIGR": 0.08502449265220434,
    "RIH": 0.07970342910101946,
    "RIML": 0.07184517497348887,
    "RIMR": 0.0639481000926784,
    "RIPL": 0.08377896613190731,
    "RIPR": 0.0960591133004926,
    "RIR": 0.07682060390763766,
    "RIS": 0.0782312925170068,
    "RIVL": 0.07327586206896551,
    "RIVR": 0.05184331797235023,
    "RMDDL": 0.060897435897435896,
    "RMDDR": 0.08235294117647059,
    "RMDL": 0.07461538461538461,
    "RMDR": 0.06875631951466127,
    "RMDVL": 0.07979407979407979,
    "RMDVR": 0.0706984667802385,
    "RMED": 0.06419400855920114,
    "RMEL": 0.0735930735930736,
    "RMER": 0.08641975308641975,
    "RMEV": 0.07977207977207977,
    "RMFL": 0.05652680652680653,
    "RMFR": 0.09477124183006536,
    "RMGL": 0.07654600301659126,
    "RMGR": 0.07154088050314465,
    "RMHL": 0.07591093117408906,
    "RMHR": 0.047311827956989246,
    "SAADL": 0.0817490494296578,
    "SAADR": 0.082010582010582,
    "SAAVL": 0.07261640798226164,
    "SAAVR": 0.07181571815718157,
    "SABD": 0.08695652173913043,
    "SABVL": 0.08373205741626795,
    "SABVR": 0.1,
    "SDQL": 0.082010582010582,
    "SDQR": 0.08465608465608465,
    "SIADL": 0.08189655172413793,
    "SIADR": 0.07995951417004049,
    "SIAVL": 0.06518282988871224,
    "SIAVR": 0.08709677419354839,
    "SIBDL": 0.10398860398860399,
    "SIBDR": 0.091792656587473,
    "SIBVL": 0.07080504364694472,
    "SIBVR": 0.06490727532097004,
    "SMBDL": 0.07981927710843373,
    "SMBDR": 0.07519280205655526,
    "SMBVL": 0.0975609756097561,
    "SMBVR": 0.07635135135135135,
    "SMDDL": 0.07275254865616311,
    "SMDDR": 0.059689288634505316,
    "SMDVL": 0.08467023172905526,
    "SMDVR": 0.0715158924205379,
    "URADL": 0.07142857142857142,