{
  "clustering_coefficients": {
    "ADAL": 0.08580705009276438,
    "ADAR": 0.09262048192771084,
    "ADEL": 0.07536231884057971,
    "ADER": 0.0811965811965812,
    "ADFL": 0.07793522267206478,
    "ADFR": 0.07801418439716312,
    "ADLL": 0.06013513513513514,
    "ADLR": 0.07003257328990228,
    "AFDL": 0.09006928406466513,
    "AFDR": 0.09742120343839542,
    "AIAL": 0.07747603833865814,
    "AIAR": 0.07590132827324478,
    "AIBL": 0.06433734939759037,
    "AIBR": 0.06424275560415528,
    "AIML": 0.08494623655913978,
    "AIMR": 0.07273838630806846,
    "AINL": 0.0742397137745975,
    "AINR": 0.0774436090225564,
    "AIYL": 0.06756756756756757,
    "AIYR": 0.06111111111111111,
    "AIZL": 0.0851063829787234,
    "AIZR": 0.08618233618233619,
    "ALA": 0.08373205741626795,
    "ALML": 0.0719360568383659,
    "ALMR": 0.07037037037037037,
    "ALNL": 0.07983193277310924,
    "ALNR": 0.06521739130434782,
    "AQR": 0.07785642062689585,
    "AS1": 0.08928571428571429,
    "AS10": 0.06336405529953917,
    "AS11": 0.07682926829268293,
    "AS2": 0.08225108225108226,
    "AS3": 0.13736263736263737,
    "AS4": 0.09166666666666666,
    "AS5": 0.07575757575757576,
    "AS6": 0.06666666666666667,
    "AS7": 0.125,
    "AS8": 0.08333333333333333,
    "AS9": 0.16666666666666666,
    "ASEL": 0.07766367137355584,
    "ASER": 0.08906882591093117,
    "ASGL": 0.08152173913043478,
    "ASGR": 0.08908045977011494,
    "ASHL": 0.08007334963325183,
    "ASHR": 0.07528011204481792,
    "ASIL": 0.07610241820768136,
    "ASIR": 0.10535117056856187,
    "ASJL": 0.08235294117647059,
    "ASJR": 0.05303030303030303,
    "ASKL": 0.09325396825396826,
    "ASKR": 0.08734939759036145,
    "AUAL": 0.06565656565656566,
    "AUAR": 0.07539682539682539,
    "AVAL": 0.06847640009782342,
    "AVAR": 0.0597799511002445,
    "AVBL": 0.06366666666666666,
    "AVBR": 0.08062661684392067,
    "AVDL": 0.06838143036386449,
    "AVDR": 0.06641604010025062,
    "AVEL": 0.06174334140435835,
    "AVER": 0.07419183889772125,
    "AVFL": 0.06859557867360208,
    "AVFR": 0.09557109557109557,
    "AVG": 0.057474518686296716,
    "AVHL": 0.06476244343891403,
    "AVHR": 0.06634221311475409,
    "AVJL": 0.0773155416012559,
    "AVJR": 0.07040762308099524,
    "AVKL": 0.07808716707021791,
    "AVKR": 0.09151610369206599,
    "AVL": 0.07797202797202797,
    "AVM": 0.10368663594470046,
    "AWAL": 0.11194029850746269,
    "AWAR": 0.07391304347826087,
    "AWBL": 0.04830053667262969,
    "AWBR": 0.08292682926829269,
    "AWCL": 0.09814323607427056,
    "AWCR": 0.09211986681465038,
    "BAGL": 0.09548872180451128,
    "BAGR": 0.08,
    "BDUL": 0.0735930735930736,
    "BDUR": 0.10833333333333334,
    "CANL": 0.0,
    "CANR": 0.0,
    "CEPDL": 0.0878721859114016,
    "CEPDR": 0.10020242914979757,
    "CEPVL": 0.08035714285714286,
    "CEPVR": 0.09288052373158756,
    "DA1": 0.0797872340425532,
    "DA2": 0.09084406294706723,
    "DA3": 0.067816091954023,
    "DA4": 0.08223684210526316,
    "DA5": 0.08221476510067115,
    "DA6": 0.1,
    "DA7": 0.07251082251082251,
    "DA8": 0.07217694994179279,
    "DA9": 0.0860597439544808,
    "DB1": 0.12234042553191489,
    "DB2": 0.0868945868945869,
    "DB3": 0.06767676767676768,
    "DB4": 0.08641975308641975,
    "DB5": 0.10535117056856187,
    "DB6": 0.09271523178807947,
    "DB7": 0.07793522267206478,
    "DD1": 0.06538461538461539,
    "DD2": 0.08666666666666667,
    "DD3": 0.06926406926406926,
    "DD4": 0.09803921568627451,
    "DD5": 0.05238095238095238,
    "DD6": 0.07857974388824214,
    "DVA": 0.07402535278641473,
    "DVB": 0.07358870967741936,
    "DVC": 0.0666049953746531,
    "FLPL": 0.06712962962962964,
    "FLPR": 0.07692307692307693,
    "HSNL": 0.08315677966101695,
    "HSNR": 0.07692307692307693,
    "I1L": 0.06280788177339902,
    "I1R": 0.09761904761904762,
    "I2L": 0.08695652173913043,
    "I2R": 0.07559681697612732,
    "I3": 0.05458515283842795,
    "I4": 0.095,
    "I5": 0.06493506493506493,
    "I6": 0.0861244019138756,
    "IL1DL": 0.10457516339869281,
    "IL1DR": 0.07974137931034483,
    "IL1L": 0.07575757575757576,
    "IL1R": 0.07019704433497537,
    "IL1VL": 0.07178217821782178,
    "IL1VR": 0.10144927536231885,
    "IL2DL": 0.09714285714285714,
    "IL2DR": 0.09420289855072464,
    "IL2L": 0.1015180265654649,
    "IL2R": 0.06666666666666667,
    "IL2VL": 0.0661764705882353,
    "IL2VR": 0.10952380952380952,
    "LUAL": 0.08095238095238096,
    "LUAR": 0.08513931888544891,
    "M1": 0.03594771241830065,
    "M2L": 0.05263157894736842,
    "M2R": 0.07352941176470588,
    "M3L": 0.1213235294117647,
    "M3R": 0.08333333333333333,
    "M4": 0.06327160493827161,
    "M5": 0.16666666666666666,
    "MCL": 0.09523809523809523,
    "MCR": 0.0784313725490196,
    "MI": 0.07352941176470588,
    "NSML": 0.10571428571428572,
    "NSMR": 0.11722488038277512,
    "OLLL": 0.07912457912457913,
    "OLLR": 0.07588739290085679,
    "OLQDL": 0.11190476190476191,
    "OLQDR": 0.08361204013377926,
    "OLQVL": 0.10541310541310542,
    "OLQVR": 0.10161662817551963,
    "PDA": 0.09047619047619047,
    "PDB": 0.08187134502923976,
    "PDEL": 0.07900432900432901,
    "PDER": 0.07539682539682539,
    "PHAL": 0.08193979933110368,
    "PHAR": 0.07608695652173914,
    "PHBL": 0.07386363636363637,
    "PHBR": 0.06517857142857143,
    "PHCL": 0.05263157894736842,
    "PHCR": 0.12345679012345678,
    "PLML": 0.07916666666666666,
    "PLMR": 0.06,
    "PLNL": 0.09761904761904762,
    "PLNR": 0.0847953216374269,
    "PQR": 0.059821428571428574,
    "PVCL": 0.0699216395418927,
    "PVCR": 0.06605762473647224,
    "PVDL": 0.11521739130434783,
    "PVDR": 0.10030864197530864,
    "PVM": 0.04411764705882353,
    "PVNL": 0.05787234042553192,
    "PVNR": 0.057751540041067764,
    "PVPL": 0.07332796132151491,
    "PVPR": 0.06373256373256374,
    "PVQL": 0.0945945945945946,
    "PVQR": 0.06311413454270597,
    "PVR": 0.08481308411214954,
    "PVT": 0.07679345209436687,
    "PVWL": 0.0777988614800759,
    "PVWR": 0.09595959595959595,
    "RIAL": 0.06295487627365356,
    "RIAR": 0.07485465116279069,
    "RIBL": 0.06680161943319839,
    "RIBR": 0.07762237762237763,
    "RICL": 0.09429569266589057,
    "RICR": 0.07122093023255814,
    "RID": 0.07539682539682539,
    "RIFL": 0.08204334365325078,
    "RIFR": 0.06348074179743224,
    "RIGL": 0.06814310051107325,
    "RIGR": 0.07921511627906977,
    "RIH": 0.06787932564330079,
    "RIML": 0.07545454545454545,
    "RIMR": 0.06261101243339254,
    "RIPL": 0.06984126984126984,
    "RIPR": 0.05731225296442688,
    "RIR": 0.06756756756756757,
    "RIS": 0.07902097902097902,
    "RIVL": 0.08193979933110368,
    "RIVR": 0.09753086419753086,
    "RMDDL": 0.07566938300349244,
    "RMDDR": 0.08366935483870967,
    "RMDL": 0.07514619883040936,
    "RMDR": 0.09403437815975733,
    "RMDVL": 0.08502024291497975,
    "RMDVR": 0.07967032967032966,
    "RMED": 0.09571428571428571,
    "RMEL": 0.06493506493506493,
    "RMER": 0.07380952380952381,
    "RMEV": 0.07078853046594982,
    "RMFL": 0.09412955465587045,
    "RMFR": 0.11538461538461539,
    "RMGL": 0.07142857142857142,
    "RMGR": 0.061931420573827854,
    "RMHL": 0.06756756756756757,
    "RMHR": 0.085,
    "SAADL": 0.07946428571428571,
    "SAADR": 0.05443548387096774,
    "SAAVL": 0.06920077972709551,
    "SAAVR": 0.08538899430740038,
    "SABD": 0.08571428571428572,
    "SABVL": 0.11483253588516747,
    "SABVR": 0.04807692307692308,
    "SDQL": 0.09503239740820735,
    "SDQR": 0.0742397137745975,
    "SIADL": 0.07963709677419355,
    "SIADR": 0.08922558922558922,
    "SIAVL": 0.059907834101382486,
    "SIAVR": 0.09,
    "SIBDL": 0.11988304093567251,
    "SIBDR": 0.09636363636363636,
    "SIBVL": 0.0701219512195122,
    "SIBVR": 0.06907090464547677,
    "SMBDL": 0.08585858585858586,
    "SMBDR": 0.10270700636942676,
    "SMBVL": 0.07635135135135135,
    "SMBVR": 0.09915966386554621,
    "SMDDL": 0.07678075855689177,
    "SMDDR": 0.06781376518218624,
    "SMDVL": 0.06875631951466127,