{
  "clustering_coefficients": {
    "ADAL": 0.2727272727272727,
    "ADAR": 0.20084566596194503,
    "ADEL": 0.26585623678646936,
    "ADER": 0.20560253699788583,
    "ADFL": 0.20666982024597919,
    "ADFR": 0.21542046176657487,
    "ADLL": 0.22350503256364712,
    "ADLR": 0.23415642221280203,
    "AFDL": 0.23348918760958504,
    "AFDR": 0.22384570426651082,
    "AIAL": 0.2535087719298246,
    "AIAR": 0.2922181048173637,
    "AIBL": 0.0,
    "AIBR": 0.0,
    "AIML": 0.26318027210884354,
    "AIMR": 0.18154761904761904,
    "AINL": 0.0,
    "AINR": 0.0,
    "AIYL": 0.2186691312384473,
    "AIYR": 0.2610062893081761,
    "AIZL": 0.2961138478379858,
    "AIZR": 0.2823682498373455,
    "ALA": 0.14285714285714285,
    "ALML": 0.2917547568710359,
    "ALMR": 0.32469935245143383,
    "ALNL": 0.0,
    "ALNR": 0.0,
    "AQR": 0.3015089163237311,
    "AS1": 0.3472222222222222,
    "AS10": 0.5333333333333333,
    "AS11": 0.325,
    "AS2": 0.36764705882352944,
    "AS3": 0.4869281045751634,
    "AS4": 0.4642857142857143,
    "AS5": 0.4175824175824176,
    "AS6": 0.43333333333333335,
    "AS7": 0.4938461538461538,
    "AS8": 0.4107142857142857,
    "AS9": 0.3773109243697479,
    "ASEL": 0.2164692237594234,
    "ASER": 0.21699923254029163,
    "ASGL": 0.2188968824940048,
    "ASGR": 0.24619990787655457,
    "ASHL": 0.23921960980490245,
    "ASHR": 0.2226978492378367,
    "ASIL": 0.23598094945460132,
    "ASIR": 0.20336797390578776,
    "ASJL": 0.24044253938832252,
    "ASJR": 0.22427142703516506,
    "ASKL": 0.23320587794272005,
    "ASKR": 0.22877952755905512,
    "AUAL": 0.2923404255319149,
    "AUAR": 0.2874125874125874,
    "AVAL": 0.2580173072028506,
    "AVAR": 0.22862604263206673,
    "AVBL": 0.23361522198731502,
    "AVBR": 0.18710359408033828,
    "AVDL": 0.2653829604130809,
    "AVDR": 0.27333180463196516,
    "AVEL": 0.3593622240392477,
    "AVER": 0.29538061158100193,
    "AVFL": 0.3049645390070922,
    "AVFR": 0.28404441846873174,
    "AVG": 0.29981464318813716,
    "AVHL": 0.0,
    "AVHR": 0.0,
    "AVJL": 0.0,
    "AVJR": 0.0,
    "AVKL": 0.19080459770114944,
    "AVKR": 0.22528735632183908,
    "AVL": 0.0,
    "AVM": 0.2771307570142933,
    "AWAL": 0.30186170212765956,
    "AWAR": 0.34022556390977443,
    "AWBL": 0.3106122448979592,
    "AWBR": 0.37516869095816463,
    "AWCL": 0.15384615384615385,
    "AWCR": 0.27564102564102566,
    "BAGL": 0.294973544973545,
    "BAGR": 0.3086145648312611,
    "BDUL": 0.21551724137931033,
    "BDUR": 0.22434482758620689,
    "CANL": 0.0,
    "CANR": 0.0,
    "CEPDL": 0.0,
    "CEPDR": 0.0,
    "CEPVL": 0.0,
    "CEPVR": 0.0,
    "DA1": 0.3333333333333333,
    "DA2": 0.4,
    "DA3": 0.36666666666666664,
    "DA4": 0.4166666666666667,
    "DA5": 0.4422348484848485,
    "DA6": 0.21428571428571427,
    "DA7": 0.4777777777777778,
    "DA8": 0.4460227272727273,
    "DA9": 0.4700854700854701,
    "DB1": 0.16666666666666666,
    "DB2": 0.3320035460992908,
    "DB3": 0.5777777777777777,
    "DB4": 0.36666666666666664,
    "DB5": 0.4803921568627451,
    "DB6": 0.5366666666666666,
    "DB7": 0.45726495726495725,
    "DD1": 0.26960193003618815,
    "DD2": 0.275,
    "DD3": 0.287593984962406,
    "DD4": 0.2782392026578073,
    "DD5": 0.29411764705882354,
    "DD6": 0.27653429602888085,
    "DVA": 0.25945067926757237,
    "DVB": 0.4,
    "DVC": 0.0,
    "FLPL": 0.23781190019193857,
    "FLPR": 0.24167546300738893,
    "HSNL": 0.3171247357293869,
    "HSNR": 0.2893738140417457,
    "I1L": 0.3054878048780488,
    "I1R": 0.2936026936026936,
    "I2L": 0.2782232538510234,
    "I2R": 0.24878591663294214,
    "I3": 0.0,
    "I4": 0.08333333333333333,
    "I5": 0.14338235294117646,
    "I6": 0.1388888888888889,
    "IL1DL": 0.0,
    "IL1DR": 0.0,
    "IL1L": 0.0,
    "IL1R": 0.0,
    "IL1VL": 0.0,
    "IL1VR": 0.0,
    "IL2DL": 0.27464008859357697,
    "IL2DR": 0.29285714285714287,
    "IL2L": 0.3147163120567376,
    "IL2R": 0.3247311827956989,
    "IL2VL": 0.2564705882352941,
    "IL2VR": 0.3299319727891156,
    "LUAL": 0.17970401691331925,
    "LUAR": 0.28858350951374206,
    "M1": 0.0,
    "M2L": 0.1784519827998089,
    "M2R": 0.1877687529861443,
    "M3L": 0.23306055646481177,
    "M3R": 0.23859091978358032,
    "M4": 0.2103967168262654,
    "M5": 0.17015098722415795,
    "MCL": 0.19904240766073872,
    "MCR": 0.18399452804377564,
    "MI": 0.0,
    "NSML": 0.20923076923076922,
    "NSMR": 0.26615384615384613,
    "OLLL": 0.3385885885885886,
    "OLLR": 0.29874213836477986,
    "OLQDL": 0.2833682739343117,
    "OLQDR": 0.28846153846153844,
    "OLQVL": 0.23581560283687944,
    "OLQVR": 0.2975510204081633,
    "PDA": 0.0,
    "PDB": 0.0,
    "PDEL": 0.0,
    "PDER": 0.0,
    "PHAL": 0.21567347565658118,
    "PHAR": 0.23886658575296424,
    "PHBL": 0.22334473111594652,
    "PHBR": 0.2569894651539708,
    "PHCL": 0.0,
    "PHCR": 0.0,
    "PLML": 0.31616832779623477,
    "PLMR": 0.2823529411764706,
    "PLNL": 0.0,
    "PLNR": 0.0,
    "PQR": 0.2876621948537497,
    "PVCL": 0.25499092558983666,
    "PVCR": 0.3157894736842105,
    "PVDL": 0.3541666666666667,
    "PVDR": 0.32381413359148115,
    "PVM": 0.312156862745098,
    "PVNL": 0.257399577167019,
    "PVNR": 0.23678646934460887,
    "PVPL": 0.24242424242424243,
    "PVPR": 0.1658607350096712,
    "PVQL": 0.2280487804878049,
    "PVQR": 0.26285541439806415,
    "PVR": 0.31458635703918725,
    "PVT": 0.23138297872340424,
    "PVWL": 0.27828054298642535,
    "PVWR": 0.2772133526850508,
    "RIAL": 0.3170731707317073,
    "RIAR": 0.34415584415584416,
    "RIBL": 0.0,
    "RIBR": 0.0,
    "RICL": 0.3164784394250513,
    "RICR": 0.24305843348528802,
    "RID": 0.21088794926004228,
    "RIFL": 0.2534690101757632,
    "RIFR": 0.2566489361702128,
    "RIGL": 0.2254167205065254,
    "RIGR": 0.2693441932312877,
    "RIH": 0.0,
    "RIML": 0.2177456916627853,
    "RIMR": 0.18584070796460178,
    "RIPL": 0.0,
    "RIPR": 0.0,
    "RIR": 0.0,
    "RIS": 0.2642706131078224,
    "RIVL": 0.28484848484848485,
    "RIVR": 0.2814814814814815,
    "RMDDL": 0.0,
    "RMDDR": 0.0,
    "RMDL": 0.0,
    "RMDR": 0.0,
    "RMDVL": 0.0,
    "RMDVR": 0.0,
    "RMED": 0.25852400179452667,
    "RMEL": 0.24710017574692442,
    "RMER": 0.2670687055782899,
    "RMEV": 0.25863874345549737,
    "RMFL": 0.0,
    "RMFR": 0.0,
    "RMGL": 0.2207138919514884,
    "RMGR": 0.20873306997742663,
    "RMHL": 0.0,
    "RMHR": 0.0,
    "SAADL": 0.2873405053790343,
    "SAADR": 0.29488210075026794,
    "SAAVL": 0.1828752642706131,
    "SAAVR": 0.21511627906976744,
    "SABD": 0.32134146341463415,
    "SABVL": 0.3150782361308677,
    "SABVR": 0.2945121951219512,
    "SDQL": 0.26152482269503546,
    "SDQR": 0.24745605920444033,
    "SIADL": 0.29334038054968287,
    "SIADR": 0.21141649048625794,
    "SIAVL": 0.22357293868921777,
    "SIAVR": 0.257399577167019,
    "SIBDL": 0.0,
    "SIBDR": 0.0,
    "SIBVL": 0.0,
    "SIBVR": 0.0,
    "SMBDL": 0.32482993197278914,
    "SMBDR": 0.34106280193236715,
    "SMBVL": 0.0,
    "SMBVR": 0.0,
    "SMDDL": 0.0,
    "SMDDR": 0.0,
    "SMDVL": 0.0,
    "SMDVR": 0.0,
    "URADL": 0.18673050615595074,
    "URADR": 0.21477428180574556,
    "URAVL": 0.1570451436388509,
    "URAVR": 0.17455540355677154,
    "URBL": 0.0,
    "URBR": 0.0,
    "URXL": 0.23345513601299228,
    "URXR": 0.2221735746254135,
    "URYDL": 0.25265306122448977,
    "URYDR": 0.3026315789473684,
    "URYVL": 0.3083623693379791,
    "URYVR": 0.34921369102682703,
    "VA1": 0.569047619047619,
    "VA10": 0.4095238095238095,
    "VA11": 0.3706896551724138,
    "VA12": 0.3787878787878788,
    "VA2": 0.5,
    "VA3": 0.465,
    "VA4": 0.55,
    "VA5": 0.44642857142857145,
    "VA6": 0.4523809523809524,
    "VA7": 0.532051282051282,
    "VA8": 0.28104575163398693,
    "VA9": 0.4642857142857143,
    "VB1": 0.2777777777777778,
    "VB10": 0.28362573099415206,
    "VB11": 0.40476190476190477,
    "VB2": 0.5230769230769231,
    "VB3": 0.43333333333333335,
    "VB4": 0.35555555555555557,
    "VB5": 0.4777777777777778,
    "VB6": 0.455,