{
  "clustering_coefficients": {
    "ADAL": 0.19027484143763213,
    "ADAR": 0.23044397463002114,
    "ADEL": 0.2463002114164905,
    "ADER": 0.1559196617336152,
    "ADFL": 0.2427790039343633,
    "ADFR": 0.22483929770699415,
    "ADLL": 0.23357940564073443,
    "ADLR": 0.2298800959232614,
    "AFDL": 0.20455873758036236,
    "AFDR": 0.23378141437755698,
    "AIAL": 0.24517035475939586,
    "AIAR": 0.23167606355715017,
    "AIBL": 0.0,
    "AIBR": 0.0,
    "AIML": 0.18197278911564627,
    "AIMR": 0.233843537414966,
    "AINL": 0.0,
    "AINR": 0.0,
    "AIYL": 0.2241708825182687,
    "AIYR": 0.20135241596638656,
    "AIZL": 0.34960582171012733,
    "AIZR": 0.2867824409068982,
    "ALA": 0.3392857142857143,
    "ALML": 0.2971938775510204,
    "ALMR": 0.2576197387518142,
    "ALNL": 0.0,
    "ALNR": 0.0,
    "AQR": 0.31785177766649975,
    "AS1": 0.30357142857142855,
    "AS10": 0.4909090909090909,
    "AS11": 0.45384615384615384,
    "AS2": 0.5535714285714286,
    "AS3": 0.4166666666666667,
    "AS4": 0.5,
    "AS5": 0.26666666666666666,
    "AS6": 0.4642857142857143,
    "AS7": 0.4461538461538462,
    "AS8": 0.3840725806451613,
    "AS9": 0.49867724867724866,
    "ASEL": 0.21448875872168147,
    "ASER": 0.19876819708846585,
    "ASGL": 0.22291021671826625,
    "ASGR": 0.24045974922769398,
    "ASHL": 0.23042168674698796,
    "ASHR": 0.22308420056764428,
    "ASIL": 0.22795568371528305,
    "ASIR": 0.23272134132463393,
    "ASJL": 0.23826631127593,
    "ASJR": 0.23583552474300742,
    "ASKL": 0.21281147747294235,
    "ASKR": 0.23131368126312515,
    "AUAL": 0.2769761606022585,
    "AUAR": 0.33251748251748253,
    "AVAL": 0.24791151900223557,
    "AVAR": 0.2344488905056384,
    "AVBL": 0.2077167019027484,
    "AVBR": 0.2568710359408034,
    "AVDL": 0.30144365438483084,
    "AVDR": 0.25308641975308643,
    "AVEL": 0.34402852049910876,
    "AVER": 0.29571843251088537,
    "AVFL": 0.3276955602536998,
    "AVFR": 0.3141160027952481,
    "AVG": 0.19874274661508703,
    "AVHL": 0.0,
    "AVHR": 0.0,
    "AVJL": 0.0,
    "AVJR": 0.0,
    "AVKL": 0.1896551724137931,
    "AVKR": 0.24942528735632183,
    "AVL": 0.0,
    "AVM": 0.2847432024169184,
    "AWAL": 0.32562442183163737,
    "AWAR": 0.31474358974358974,
    "AWBL": 0.30241545893719807,
    "AWBR": 0.3272425249169435,
    "AWCL": 0.16666666666666666,
    "AWCR": 0.10256410256410256,
    "BAGL": 0.2943241661790521,
    "BAGR": 0.2556646525679758,
    "BDUL": 0.2424794173527549,
    "BDUR": 0.25308641975308643,
    "CANL": 0.0,
    "CANR": 0.0,
    "CEPDL": 0.0,
    "CEPDR": 0.0,
    "CEPVL": 0.0,
    "CEPVR": 0.0,
    "DA1": 0.4458128078817734,
    "DA2": 0.4311827956989247,
    "DA3": 0.4,
    "DA4": 0.45588235294117646,
    "DA5": 0.45320197044334976,
    "DA6": 0.48214285714285715,
    "DA7": 0.4,
    "DA8": 0.3782051282051282,
    "DA9": 0.4166666666666667,
    "DB1": 0.4636363636363636,
    "DB2": 0.2969472710453284,
    "DB3": 0.4633333333333333,
    "DB4": 0.3952380952380952,
    "DB5": 0.4408866995073892,
    "DB6": 0.4444444444444444,
    "DB7": 0.5,
    "DD1": 0.24117891241178913,
    "DD2": 0.25933689024390244,
    "DD3": 0.2847063310450038,
    "DD4": 0.28753852928225454,
    "DD5": 0.27794734834032814,
    "DD6": 0.2803928836174944,
    "DVA": 0.2993114001530222,
    "DVB": 0.15,
    "DVC": 0.0,
    "FLPL": 0.23683954461418702,
    "FLPR": 0.22021601571023347,
    "HSNL": 0.38205645161290325,
    "HSNR": 0.2753846153846154,
    "I1L": 0.23868778280542988,
    "I1R": 0.3,
    "I2L": 0.24488985909902758,
    "I2R": 0.26408090117767535,
    "I3": 0.0,
    "I4": 0.16666666666666666,
    "I5": 0.21691176470588236,
    "I6": 0.2361111111111111,
    "IL1DL": 0.0,
    "IL1DR": 0.0,
    "IL1L": 0.0,
    "IL1R": 0.0,
    "IL1VL": 0.0,
    "IL1VR": 0.0,
    "IL2DL": 0.2450638792102207,
    "IL2DR": 0.3019230769230769,
    "IL2L": 0.23902439024390243,
    "IL2R": 0.29069767441860467,
    "IL2VL": 0.33509513742071884,
    "IL2VR": 0.35555555555555557,
    "LUAL": 0.2489429175475687,
    "LUAR": 0.22568710359408034,
    "M1": 0.0,
    "M2L": 0.1800047778308648,
    "M2R": 0.19696607740086,
    "M3L": 0.22361671941503874,
    "M3R": 0.2648925087602993,
    "M4": 0.17058823529411765,
    "M5": 0.24099883855981416,
    "MCL": 0.17975376196990425,
    "MCR": 0.19466484268125855,
    "MI": 0.0,
    "NSML": 0.15076923076923077,
    "NSMR": 0.18615384615384614,
    "OLLL": 0.3288621646623497,
    "OLLR": 0.2662473794549266,
    "OLQDL": 0.26215644820295986,
    "OLQDR": 0.26010928961748636,
    "OLQVL": 0.3570889894419306,
    "OLQVR": 0.2854609929078014,
    "PDA": 0.0,
    "PDB": 0.0,
    "PDEL": 0.0,
    "PDER": 0.0,
    "PHAL": 0.23956791950281148,
    "PHAR": 0.2275741858685486,
    "PHBL": 0.21925823086076954,
    "PHBR": 0.24598930481283424,
    "PHCL": 0.0,
    "PHCR": 0.0,
    "PLML": 0.2398989898989899,
    "PLMR": 0.2696577243293247,
    "PLNL": 0.0,
    "PLNR": 0.0,
    "PQR": 0.2685105467068446,
    "PVCL": 0.3170731707317073,
    "PVCR": 0.29160739687055476,
    "PVDL": 0.27297721916732126,
    "PVDR": 0.32002801120448177,
    "PVM": 0.30676328502415456,
    "PVNL": 0.21775898520084566,
    "PVNR": 0.22093023255813954,
    "PVPL": 0.2772727272727273,
    "PVPR": 0.2553191489361702,
    "PVQL": 0.2410768300060496,
    "PVQR": 0.23434343434343435,
    "PVR": 0.28846153846153844,
    "PVT": 0.2300531914893617,
    "PVWL": 0.2740740740740741,
    "PVWR": 0.24393939393939393,
    "RIAL": 0.33277310924369746,
    "RIAR": 0.34843205574912894,
    "RIBL": 0.0,
    "RIBR": 0.0,
    "RICL": 0.2886270956048935,
    "RICR": 0.28232189973614774,
    "RID": 0.23890063424947147,
    "RIFL": 0.3282051282051282,
    "RIFR": 0.32272727272727275,
    "RIGL": 0.2288098693759071,
    "RIGR": 0.238013698630137,
    "RIH": 0.0,
    "RIML": 0.19507840397453813,
    "RIMR": 0.18358950473528954,
    "RIPL": 0.0,
    "RIPR": 0.0,
    "RIR": 0.0,
    "RIS": 0.2251585623678647,
    "RIVL": 0.25019607843137254,
    "RIVR": 0.2739477503628447,
    "RMDDL": 0.0,
    "RMDDR": 0.0,
    "RMDL": 0.0,
    "RMDR": 0.0,
    "RMDVL": 0.0,
    "RMDVR": 0.0,
    "RMED": 0.2753824756606398,
    "RMEL": 0.25613672860747877,
    "RMER": 0.28079140461215935,
    "RMEV": 0.2497133684934648,
    "RMFL": 0.0,
    "RMFR": 0.0,
    "RMGL": 0.22138728323699422,
    "RMGR": 0.23916725476358505,
    "RMHL": 0.0,
    "RMHR": 0.0,
    "SAADL": 0.26376376376376376,
    "SAADR": 0.2481447124304267,
    "SAAVL": 0.20190274841437633,
    "SAAVR": 0.2394291754756871,
    "SABD": 0.34967622571692875,
    "SABVL": 0.27424242424242423,
    "SABVR": 0.296343537414966,
    "SDQL": 0.26861702127659576,
    "SDQR": 0.25930851063829785,
    "SIADL": 0.19714587737843553,
    "SIADR": 0.20507399577167018,
    "SIAVL": 0.23202959830866807,
    "SIAVR": 0.20137420718816068,
    "SIBDL": 0.0,
    "SIBDR": 0.0,
    "SIBVL": 0.0,
    "SIBVR": 0.0,
    "SMBDL": 0.347979797979798,
    "SMBDR": 0.34494949494949495,
    "SMBVL": 0.0,
    "SMBVR": 0.0,
    "SMDDL": 0.0,
    "SMDDR": 0.0,
    "SMDVL": 0.0,
    "SMDVR": 0.0,
    "URADL": 0.20041039671682626,
    "URADR": 0.16990424076607388,
    "URAVL": 0.2170998632010944,
    "URAVR": 0.21176470588235294,
    "URBL": 0.0,
    "URBR": 0.0,
    "URXL": 0.2305425071382518,
    "URXR": 0.2254359402735721,
    "URYDL": 0.31966618287373005,
    "URYDR": 0.27508503401360546,
    "URYVL": 0.2841312056737589,
    "URYVR": 0.3307123034227567,
    "VA1": 0.13333333333333333,
    "VA10": 0.3333333333333333,
    "VA11": 0.38421052631578945,
    "VA12": 0.6190476190476191,
    "VA2": 0.46774193548387094,
    "VA3": 0.5777777777777777,
    "VA4": 0.489010989010989,
    "VA5": 0.25,
    "VA6": 0.4415204678362573,
    "VA7": 0.4773109243697479,
    "VA8": 0.39285714285714285,
    "VA9": 0.45054945054945056,
    "VB1": 0.36174242424242425,
    "VB10": 0.43333333333333335,
    "VB11": 0.33986928104575165,
    "VB2": 0.45197044334975367,
    "VB3": 0.44642857142857145,
    "VB4": 0.47101449275362317,
    "VB5": 0.3862433862433862,