{
  "clustering_coefficients": {
    "ADAL": 0.2124735729386892,
    "ADAR": 0.17864693446088795,
    "ADEL": 0.19238900634249473,
    "ADER": 0.16807610993657504,
    "ADFL": 0.22971084596366764,
    "ADFR": 0.23053832299379629,
    "ADLL": 0.24817299028931825,
    "ADLR": 0.23438651436993369,
    "AFDL": 0.23348918760958504,
    "AFDR": 0.18351841028638224,
    "AIAL": 0.25202156334231807,
    "AIAR": 0.28281177020084075,
    "AIBL": 0.0,
    "AIBR": 0.0,
    "AIML": 0.21981292517006804,
    "AIMR": 0.20068027210884354,
    "AINL": 0.0,
    "AINR": 0.0,
    "AIYL": 0.2307360374799655,
    "AIYR": 0.23319544984488108,
    "AIZL": 0.30127186009538953,
    "AIZR": 0.2871477369769428,
    "ALA": 0.14285714285714285,
    "ALML": 0.28991291727140783,
    "ALMR": 0.302020202020202,
    "ALNL": 0.0,
    "ALNR": 0.0,
    "AQR": 0.27721751088700436,
    "AS1": 0.3830769230769231,
    "AS10": 0.37318840579710144,
    "AS11": 0.5,
    "AS2": 0.5909090909090909,
    "AS3": 0.48333333333333334,
    "AS4": 0.26666666666666666,
    "AS5": 0.5214285714285715,
    "AS6": 0.15,
    "AS7": 0.15,
    "AS8": 0.39090909090909093,
    "AS9": 0.47953216374269003,
    "ASEL": 0.23505654281098545,
    "ASER": 0.23628561316581137,
    "ASGL": 0.24213565457209343,
    "ASGR": 0.22953772263358016,
    "ASHL": 0.21825396825396826,
    "ASHR": 0.24167848957764923,
    "ASIL": 0.2309100592503828,
    "ASIR": 0.22268378650553877,
    "ASJL": 0.2579551060680809,
    "ASJR": 0.22960173456578797,
    "ASKL": 0.20533228638732243,
    "ASKR": 0.2142054394245898,
    "AUAL": 0.27503628447024675,
    "AUAR": 0.3017718715393134,
    "AVAL": 0.2759762502854533,
    "AVAR": 0.2549617407938785,
    "AVBL": 0.21458773784355178,
    "AVBR": 0.24207188160676532,
    "AVDL": 0.23974799541809852,
    "AVDR": 0.2688532439549916,
    "AVEL": 0.3204185520361991,
    "AVER": 0.36989342806394315,
    "AVFL": 0.310099573257468,
    "AVFR": 0.33963414634146344,
    "AVG": 0.19797979797979798,
    "AVHL": 0.0,
    "AVHR": 0.0,
    "AVJL": 0.0,
    "AVJR": 0.0,
    "AVKL": 0.20689655172413793,
    "AVKR": 0.16551724137931034,
    "AVL": 0.0,
    "AVM": 0.32643427741466957,
    "AWAL": 0.3233117483811286,
    "AWAR": 0.3797348484848485,
    "AWBL": 0.35105580693815985,
    "AWBR": 0.3521021021021021,
    "AWCL": 0.11538461538461539,
    "AWCR": 0.2564102564102564,
    "BAGL": 0.29084720121028745,
    "BAGR": 0.28161337209302323,
    "BDUL": 0.23085432266848196,
    "BDUR": 0.24275427542754274,
    "CANL": 0.0,
    "CANR": 0.0,
    "CEPDL": 0.0,
    "CEPDR": 0.0,
    "CEPVL": 0.0,
    "CEPVR": 0.0,
    "DA1": 0.1,
    "DA2": 0.55,
    "DA3": 0.4166666666666667,
    "DA4": 0.30952380952380953,
    "DA5": 0.38235294117647056,
    "DA6": 0.5,
    "DA7": 0.4855072463768116,
    "DA8": 0.5576923076923077,
    "DA9": 0.4444444444444444,
    "DB1": 0.40620782726045884,
    "DB2": 0.24,
    "DB3": 0.4175824175824176,
    "DB4": 0.5111111111111111,
    "DB5": 0.38095238095238093,
    "DB6": 0.3055555555555556,
    "DB7": 0.43333333333333335,
    "DD1": 0.25640100973674723,
    "DD2": 0.25760938490805324,
    "DD3": 0.3059340659340659,
    "DD4": 0.2883853937527497,
    "DD5": 0.33476881233000905,
    "DD6": 0.3030783878133926,
    "DVA": 0.25636184534559187,
    "DVB": 0.35,
    "DVC": 0.0,
    "FLPL": 0.2336967101421063,
    "FLPR": 0.24393088094985688,
    "HSNL": 0.3275862068965517,
    "HSNR": 0.4331983805668016,
    "I1L": 0.28581411600279527,
    "I1R": 0.30186170212765956,
    "I2L": 0.25079513564078576,
    "I2R": 0.28396334478808705,
    "I3": 0.0,
    "I4": 0.5,
    "I5": 0.16176470588235295,
    "I6": 0.19444444444444445,
    "IL1DL": 0.0,
    "IL1DR": 0.0,
    "IL1L": 0.0,
    "IL1R": 0.0,
    "IL1VL": 0.0,
    "IL1VR": 0.0,
    "IL2DL": 0.2752659574468085,
    "IL2DR": 0.34684684684684686,
    "IL2L": 0.27593537414965985,
    "IL2R": 0.34782608695652173,
    "IL2VL": 0.31717171717171716,
    "IL2VR": 0.29411764705882354,
    "LUAL": 0.2843551797040169,
    "LUAR": 0.2463002114164905,
    "M1": 0.0,
    "M2L": 0.2148829431438127,
    "M2R": 0.18717152412804586,
    "M3L": 0.2599791013584117,
    "M3R": 0.2755661622829288,
    "M4": 0.19411764705882353,
    "M5": 0.25609756097560976,
    "MCL": 0.19261285909712722,
    "MCR": 0.17510259917920656,
    "MI": 0.0,
    "NSML": 0.19076923076923077,
    "NSMR": 0.17692307692307693,
    "OLLL": 0.29294117647058826,
    "OLLR": 0.3312074829931973,
    "OLQDL": 0.29124149659863946,
    "OLQDR": 0.35598141695702673,
    "OLQVL": 0.2400555041628122,
    "OLQVR": 0.24702380952380953,
    "PDA": 0.0,
    "PDB": 0.0,
    "PDEL": 0.0,
    "PDER": 0.0,
    "PHAL": 0.2141064706936727,
    "PHAR": 0.23885484006380656,
    "PHBL": 0.21959046454767725,
    "PHBR": 0.24595172624503514,
    "PHCL": 0.0,
    "PHCR": 0.0,
    "PLML": 0.2873303167420814,
    "PLMR": 0.3299396681749623,
    "PLNL": 0.0,
    "PLNR": 0.0,
    "PQR": 0.24926578560939794,
    "PVCL": 0.336026936026936,
    "PVCR": 0.25716928769657726,
    "PVDL": 0.32221350078492933,
    "PVDR": 0.2920410783055199,
    "PVM": 0.2515151515151515,
    "PVNL": 0.16701902748414377,
    "PVNR": 0.20507399577167018,
    "PVPL": 0.19814814814814816,
    "PVPR": 0.18857431749241657,
    "PVQL": 0.29491833030852993,
    "PVQR": 0.29844961240310075,
    "PVR": 0.2711598746081505,
    "PVT": 0.21320921985815602,
    "PVWL": 0.27752081406105455,
    "PVWR": 0.24660633484162897,
    "RIAL": 0.257051282051282,
    "RIAR": 0.3225806451612903,
    "RIBL": 0.0,
    "RIBR": 0.0,
    "RICL": 0.30965005302226933,
    "RICR": 0.26229838709677417,
    "RID": 0.28488372093023256,
    "RIFL": 0.272895467160037,
    "RIFR": 0.3612078977932636,
    "RIGL": 0.21548603929679422,
    "RIGR": 0.21691352126134736,
    "RIH": 0.0,
    "RIML": 0.2031516845210371,
    "RIMR": 0.19989132122341252,
    "RIPL": 0.0,
    "RIPR": 0.0,
    "RIR": 0.0,
    "RIS": 0.2087737843551797,
    "RIVL": 0.2764876632801161,
    "RIVR": 0.29137254901960785,
    "RMDDL": 0.0,
    "RMDDR": 0.0,
    "RMDL": 0.0,
    "RMDR": 0.0,
    "RMDVL": 0.0,
    "RMDVR": 0.0,
    "RMED": 0.2989871847871021,
    "RMEL": 0.26175728378068364,
    "RMER": 0.2962041884816754,
    "RMEV": 0.227375,
    "RMFL": 0.0,
    "RMFR": 0.0,
    "RMGL": 0.23667472331764405,
    "RMGR": 0.222521915037087,
    "RMHL": 0.0,
    "RMHR": 0.0,
    "SAADL": 0.25263281067165927,
    "SAADR": 0.2874251497005988,
    "SAAVL": 0.27431289640591966,
    "SAAVR": 0.1945031712473573,
    "SABD": 0.3120772946859903,
    "SABVL": 0.41346153846153844,
    "SABVR": 0.26881720430107525,
    "SDQL": 0.24803387779794314,
    "SDQR": 0.29209183673469385,
    "SIADL": 0.27536997885835096,
    "SIADR": 0.273784355179704,
    "SIAVL": 0.3054968287526427,
    "SIAVR": 0.24471458773784355,
    "SIBDL": 0.0,
    "SIBDR": 0.0,
    "SIBVL": 0.0,
    "SIBVR": 0.0,
    "SMBDL": 0.2548566142460685,
    "SMBDR": 0.32053654024051803,
    "SMBVL": 0.0,
    "SMBVR": 0.0,
    "SMDDL": 0.0,
    "SMDDR": 0.0,
    "SMDVL": 0.0,
    "SMDVR": 0.0,
    "URADL": 0.1707250341997264,
    "URADR": 0.2030095759233926,
    "URAVL": 0.22995896032831736,
    "URAVR": 0.18673050615595074,
    "URBL": 0.0,
    "URBR": 0.0,
    "URXL": 0.2387467362924282,
    "URXR": 0.2439661477379584,
    "URYDL": 0.2861394557823129,
    "URYDR": 0.2737373737373737,
    "URYVL": 0.23767006802721088,
    "URYVR": 0.3351063829787234,
    "VA1": 0.49567099567099565,
    "VA10": 0.3333333333333333,
    "VA11": 0.45,
    "VA12": 0.5307881773399015,
    "VA2": 0.3715415019762846,
    "VA3": 0.4637096774193548,
    "VA4": 0.35714285714285715,
    "VA5": 0.4095238095238095,
    "VA6": 0.07142857142857142,
    "VA7": 0.4368421052631579,
    "VA8": 0.3904761904761905,
    "VA9": 0.4646153846153846,
    "VB1": 0.4423897581792319,
    "VB10": 0.6666666666666666,
    "VB11": 0.3055555555555556,
    "VB2": 0.36666666666666664,
    "VB3": 0.5,
    "VB4": 0.4775132275132275,
    "VB5": 0.3790849673202614,
    "VB6": 0.5333333333333333,
    "VB7": 0.42857142857142855,