{
  "clustering_coefficients": {
    "ADAL": 0.3054968287526427,
    "ADAR": 0.1559196617336152,
    "ADEL": 0.19978858350951373,
    "ADER": 0.20507399577167018,
    "ADFL": 0.20112448214637996,
    "ADFR": 0.1861910994764398,
    "ADLL": 0.2265937426487885,
    "ADLR": 0.2236792981146164,
    "AFDL": 0.22969023962594973,
    "AFDR": 0.1908240794856809,
    "AIAL": 0.27102564102564103,
    "AIAR": 0.26726792784865816,
    "AIBL": 0.0,
    "AIBR": 0.0,
    "AIML": 0.24702380952380953,
    "AIMR": 0.24107142857142858,
    "AINL": 0.0,
    "AINR": 0.0,
    "AIYL": 0.22509861932938857,
    "AIYR": 0.2189247311827957,
    "AIZL": 0.31705979155238617,
    "AIZR": 0.28732935153583616,
    "ALA": 0.2857142857142857,
    "ALML": 0.3137755102040816,
    "ALMR": 0.3120772946859903,
    "ALNL": 0.0,
    "ALNR": 0.0,
    "AQR": 0.2802250418960977,
    "AS1": 0.4888888888888889,
    "AS10": 0.42803030303030304,
    "AS11": 0.26666666666666666,
    "AS2": 0.44,
    "AS3": 0.443019943019943,
    "AS4": 0.45,
    "AS5": 0.5,
    "AS6": 0.25,
    "AS7": 0.45476190476190476,
    "AS8": 0.3,
    "AS9": 0.45108695652173914,
    "ASEL": 0.20166543301258327,
    "ASER": 0.20899399802920363,
    "ASGL": 0.22350880607181084,
    "ASGR": 0.20565086664308455,
    "ASHL": 0.21134328358208956,
    "ASHR": 0.23376222336592897,
    "ASIL": 0.2213648332358104,
    "ASIR": 0.22678848596020884,
    "ASJL": 0.22346554398404608,
    "ASJR": 0.24786032180760015,
    "ASKL": 0.2126712627628938,
    "ASKR": 0.2154384461582405,
    "AUAL": 0.3610188261351052,
    "AUAR": 0.3183306055646481,
    "AVAL": 0.2355629715612304,
    "AVAR": 0.2534595775673707,
    "AVBL": 0.2394291754756871,
    "AVBR": 0.21035940803382663,
    "AVDL": 0.2688612933458294,
    "AVDR": 0.2860824742268041,
    "AVEL": 0.27680377612946727,
    "AVER": 0.31940406976744184,
    "AVFL": 0.3108233117483811,
    "AVFR": 0.28353658536585363,
    "AVG": 0.22582205029013538,
    "AVHL": 0.0,
    "AVHR": 0.0,
    "AVJL": 0.0,
    "AVJR": 0.0,
    "AVKL": 0.23103448275862068,
    "AVKR": 0.13793103448275862,
    "AVL": 0.0,
    "AVM": 0.29245283018867924,
    "AWAL": 0.28664731494920176,
    "AWAR": 0.2862679955703212,
    "AWBL": 0.2997448979591837,
    "AWBR": 0.3147502903600465,
    "AWCL": 0.27564102564102566,
    "AWCR": 0.09615384615384616,
    "BAGL": 0.29349736379613356,
    "BAGR": 0.3190411883862255,
    "BDUL": 0.23175332130556012,
    "BDUR": 0.23649058894960534,
    "CANL": 0.0,
    "CANR": 0.0,
    "CEPDL": 0.0,
    "CEPDR": 0.0,
    "CEPVL": 0.0,
    "CEPVR": 0.0,
    "DA1": 0.45555555555555555,
    "DA2": 0.3,
    "DA3": 0.3333333333333333,
    "DA4": 0.4666666666666667,
    "DA5": 0.3194444444444444,
    "DA6": 0.4230769230769231,
    "DA7": 0.3333333333333333,
    "DA8": 0.532967032967033,
    "DA9": 0.4111111111111111,
    "DB1": 0.2909090909090909,
    "DB2": 0.2692307692307692,
    "DB3": 0.36666666666666664,
    "DB4": 0.48947368421052634,
    "DB5": 0.3055555555555556,
    "DB6": 0.35,
    "DB7": 0.23333333333333334,
    "DD1": 0.27322156773901224,
    "DD2": 0.2727135526712949,
    "DD3": 0.25560852495793607,
    "DD4": 0.2815281899109792,
    "DD5": 0.2727792603888677,
    "DD6": 0.2934939759036145,
    "DVA": 0.23736436322101656,
    "DVB": 0.1,
    "DVC": 0.0,
    "FLPL": 0.22171417453059636,
    "FLPR": 0.20748200038918077,
    "HSNL": 0.3893643031784841,
    "HSNR": 0.35304878048780486,
    "I1L": 0.2918552036199095,
    "I1R": 0.2993966817496229,
    "I2L": 0.2680577849117175,
    "I2R": 0.26729228173766345,
    "I3": 0.0,
    "I4": 0.0,
    "I5": 0.20955882352941177,
    "I6": 0.3194444444444444,
    "IL1DL": 0.0,
    "IL1DR": 0.0,
    "IL1L": 0.0,
    "IL1R": 0.0,
    "IL1VL": 0.0,
    "IL1VR": 0.0,
    "IL2DL": 0.3497584541062802,
    "IL2DR": 0.27987804878048783,
    "IL2L": 0.32822410147991543,
    "IL2R": 0.30939716312056736,
    "IL2VL": 0.2907058001397624,
    "IL2VR": 0.2946298984034833,
    "LUAL": 0.23255813953488372,
    "LUAR": 0.27431289640591966,
    "M1": 0.0,
    "M2L": 0.18119923554706163,
    "M2R": 0.21954132823698042,
    "M3L": 0.21994067989961213,
    "M3R": 0.2522108030592734,
    "M4": 0.18057455540355677,
    "M5": 0.19279907084785133,
    "MCL": 0.2280437756497948,
    "MCR": 0.19493844049247605,
    "MI": 0.0,
    "NSML": 0.24615384615384617,
    "NSMR": 0.2523076923076923,
    "OLLL": 0.25177304964539005,
    "OLLR": 0.284833091436865,
    "OLQDL": 0.2525062656641604,
    "OLQDR": 0.282312925170068,
    "OLQVL": 0.25834542815674894,
    "OLQVR": 0.2741176470588235,
    "PDA": 0.0,
    "PDB": 0.0,
    "PDEL": 0.0,
    "PDER": 0.0,
    "PHAL": 0.2323034984098137,
    "PHAR": 0.22551558752997602,
    "PHBL": 0.24202954898911352,
    "PHBR": 0.23145123658422773,
    "PHCL": 0.0,
    "PHCR": 0.0,
    "PLML": 0.30527289546716,
    "PLMR": 0.29262295081967216,
    "PLNL": 0.0,
    "PLNR": 0.0,
    "PQR": 0.2760599672054345,
    "PVCL": 0.2495567375886525,
    "PVCR": 0.3278805120910384,
    "PVDL": 0.2970356926799758,
    "PVDR": 0.3049403747870528,
    "PVM": 0.2619479733817302,
    "PVNL": 0.17970401691331925,
    "PVNR": 0.24841437632135308,
    "PVPL": 0.1743566992014197,
    "PVPR": 0.26001705029838024,
    "PVQL": 0.29346938775510206,
    "PVQR": 0.2849213691026827,
    "PVR": 0.2801948051948052,
    "PVT": 0.2726063829787234,
    "PVWL": 0.25339366515837103,
    "PVWR": 0.2776470588235294,
    "RIAL": 0.3167220376522702,
    "RIAR": 0.3455128205128205,
    "RIBL": 0.0,
    "RIBR": 0.0,
    "RICL": 0.2827904929577465,
    "RICR": 0.27572408536585363,
    "RID": 0.20243128964059195,
    "RIFL": 0.3133503401360544,
    "RIFR": 0.21043771043771045,
    "RIGL": 0.2532077692760447,
    "RIGR": 0.24717737040184534,
    "RIH": 0.0,
    "RIML": 0.19018785902810123,
    "RIMR": 0.1576618537494178,
    "RIPL": 0.0,
    "RIPR": 0.0,
    "RIR": 0.0,
    "RIS": 0.22568710359408034,
    "RIVL": 0.23896103896103896,
    "RIVR": 0.3129432624113475,
    "RMDDL": 0.0,
    "RMDDR": 0.0,
    "RMDL": 0.0,
    "RMDR": 0.0,
    "RMDVL": 0.0,
    "RMDVR": 0.0,
    "RMED": 0.2736658621614374,
    "RMEL": 0.2763222331047992,
    "RMER": 0.2854280894137495,
    "RMEV": 0.26040848389630794,
    "RMFL": 0.0,
    "RMFR": 0.0,
    "RMGL": 0.21814458969916523,
    "RMGR": 0.2077936496188291,
    "RMHL": 0.0,
    "RMHR": 0.0,
    "SAADL": 0.28136200716845877,
    "SAADR": 0.25986301369863013,
    "SAAVL": 0.2087737843551797,
    "SAAVR": 0.21987315010570824,
    "SABD": 0.2894088669950739,
    "SABVL": 0.4206773618538324,
    "SABVR": 0.35555555555555557,
    "SDQL": 0.2743961352657005,
    "SDQR": 0.2858823529411765,
    "SIADL": 0.22251585623678646,
    "SIADR": 0.23890063424947147,
    "SIAVL": 0.20243128964059195,
    "SIAVR": 0.20348837209302326,
    "SIBDL": 0.0,
    "SIBDR": 0.0,
    "SIBVL": 0.0,
    "SIBVR": 0.0,
    "SMBDL": 0.29714285714285715,
    "SMBDR": 0.32502768549280175,
    "SMBVL": 0.0,
    "SMBVR": 0.0,
    "SMDDL": 0.0,
    "SMDDR": 0.0,
    "SMDVL": 0.0,
    "SMDVR": 0.0,
    "URADL": 0.21901504787961695,
    "URADR": 0.19548563611491107,
    "URAVL": 0.17086183310533515,
    "URAVR": 0.1771545827633379,
    "URBL": 0.0,
    "URBR": 0.0,
    "URXL": 0.23082378614293508,
    "URXR": 0.22276388300127173,
    "URYDL": 0.2563676633444075,
    "URYDR": 0.30609756097560975,
    "URYVL": 0.27464008859357697,
    "URYVR": 0.28489795918367344,
    "VA1": 0.4173387096774194,
    "VA10": 0.2619047619047619,
    "VA11": 0.5714285714285714,
    "VA12": 0.3956043956043956,
    "VA2": 0.21428571428571427,
    "VA3": 0.4855072463768116,
    "VA4": 0.35714285714285715,
    "VA5": 0.4583333333333333,
    "VA6": 0.4019933554817276,
    "VA7": 0.44545454545454544,
    "VA8": 0.41737891737891736,
    "VA9": 0.4340659340659341,
    "VB1": 0.4027777777777778,
    "VB10": 0.5178571428571429,
    "VB11": 0.4095238095238095,
    "VB2": 0.4093567251461988,
    "VB3": 0.4742647058823529,
    "VB4": 0.33794466403162055,
    "VB5": 0.3333333333333333,
    "VB6": 0.19090909090909092,