{
  "clustering_coefficients": {
    "ADAL": 0.23625792811839325,
    "ADAR": 0.24154334038054967,
    "ADEL": 0.19027484143763213,
    "ADER": 0.23202959830866807,
    "ADFL": 0.22582214438606732,
    "ADFR": 0.2309552003157687,
    "ADLL": 0.2567283198582346,
    "ADLR": 0.24911386796632698,
    "AFDL": 0.22793687901811807,
    "AFDR": 0.20777323202805376,
    "AIAL": 0.2751696832579186,
    "AIAR": 0.30113378684807257,
    "AIBL": 0.0,
    "AIBR": 0.0,
    "AIML": 0.20620748299319727,
    "AIMR": 0.1798469387755102,
    "AINL": 0.0,
    "AINR": 0.0,
    "AIYL": 0.2326196918009646,
    "AIYR": 0.22281309751434034,
    "AIZL": 0.3508005822416303,
    "AIZR": 0.3493312352478363,
    "ALA": 0.3392857142857143,
    "ALML": 0.30806737588652483,
    "ALMR": 0.31666666666666665,
    "ALNL": 0.0,
    "ALNR": 0.0,
    "AQR": 0.24763366589920696,
    "AS1": 0.38859180035650626,
    "AS10": 0.16666666666666666,
    "AS11": 0.2857142857142857,
    "AS2": 0.4202279202279202,
    "AS3": 0.4482758620689655,
    "AS4": 0.4053763440860215,
    "AS5": 0.23333333333333334,
    "AS6": 0.4166666666666667,
    "AS7": 0.35714285714285715,
    "AS8": 0.5454545454545454,
    "AS9": 0.75,
    "ASEL": 0.23834173966905584,
    "ASER": 0.20590881823635274,
    "ASGL": 0.22617611580217128,
    "ASGR": 0.21802050133517098,
    "ASHL": 0.2192999513855129,
    "ASHR": 0.2156258751050126,
    "ASIL": 0.21694456633026182,
    "ASIR": 0.22122718605284664,
    "ASJL": 0.24149617944293814,
    "ASJR": 0.2526767730308491,
    "ASKL": 0.21421076300404737,
    "ASKR": 0.2277304701962236,
    "AUAL": 0.272108843537415,
    "AUAR": 0.3416848220769789,
    "AVAL": 0.2502036936447583,
    "AVAR": 0.2538519353626456,
    "AVBL": 0.1886892177589852,
    "AVBR": 0.20031712473572938,
    "AVDL": 0.29387119942542494,
    "AVDR": 0.3029809619238477,
    "AVEL": 0.3350383631713555,
    "AVER": 0.31025641025641026,
    "AVFL": 0.287677304964539,
    "AVFR": 0.3073469387755102,
    "AVG": 0.26861702127659576,
    "AVHL": 0.0,
    "AVHR": 0.0,
    "AVJL": 0.0,
    "AVJR": 0.0,
    "AVKL": 0.22528735632183908,
    "AVKR": 0.1482758620689655,
    "AVL": 0.0,
    "AVM": 0.3047820823244552,
    "AWAL": 0.3090986394557823,
    "AWAR": 0.2910204081632653,
    "AWBL": 0.32558139534883723,
    "AWBR": 0.3067073170731707,
    "AWCL": 0.20512820512820512,
    "AWCR": 0.21153846153846154,
    "BAGL": 0.283444387493593,
    "BAGR": 0.3292517006802721,
    "BDUL": 0.2587630757937236,
    "BDUR": 0.2419906407487401,
    "CANL": 0.0,
    "CANR": 0.0,
    "CEPDL": 0.0,
    "CEPDR": 0.0,
    "CEPVL": 0.0,
    "CEPVR": 0.0,
    "DA1": 0.16666666666666666,
    "DA2": 0.49507389162561577,
    "DA3": 0.3333333333333333,
    "DA4": 0.38095238095238093,
    "DA5": 0.29473684210526313,
    "DA6": 0.36666666666666664,
    "DA7": 0.6,
    "DA8": 0.3181818181818182,
    "DA9": 0.47846153846153844,
    "DB1": 0.4107142857142857,
    "DB2": 0.3082482993197279,
    "DB3": 0.3375,
    "DB4": 0.4083333333333333,
    "DB5": 0.40350877192982454,
    "DB6": 0.4777777777777778,
    "DB7": 0.49473684210526314,
    "DD1": 0.28599450765005885,
    "DD2": 0.2921535893155259,
    "DD3": 0.28459427675421406,
    "DD4": 0.2782340862422998,
    "DD5": 0.26951476793248946,
    "DD6": 0.27710280373831775,
    "DVA": 0.23292797006548177,
    "DVB": 0.25,
    "DVC": 0.0,
    "FLPL": 0.21891961747221506,
    "FLPR": 0.21917873024884094,
    "HSNL": 0.3927893738140417,
    "HSNR": 0.2777777777777778,
    "I1L": 0.2850877192982456,
    "I1R": 0.26959361393323655,
    "I2L": 0.26905147952979325,
    "I2R": 0.2805907172995781,
    "I3": 0.0,
    "I4": 0.0,
    "I5": 0.18382352941176472,
    "I6": 0.3472222222222222,
    "IL1DL": 0.0,
    "IL1DR": 0.0,
    "IL1L": 0.0,
    "IL1R": 0.0,
    "IL1VL": 0.0,
    "IL1VR": 0.0,
    "IL2DL": 0.3368627450980392,
    "IL2DR": 0.28445883441258096,
    "IL2L": 0.336231884057971,
    "IL2R": 0.3015151515151515,
    "IL2VL": 0.35200845665961944,
    "IL2VR": 0.29898403483309144,
    "LUAL": 0.17071881606765327,
    "LUAR": 0.26849894291754756,
    "M1": 0.0,
    "M2L": 0.1876493072145246,
    "M2R": 0.18561872909698995,
    "M3L": 0.23347064881565396,
    "M3R": 0.2427415780141844,
    "M4": 0.1965800273597811,
    "M5": 0.22996515679442509,
    "MCL": 0.1560875512995896,
    "MCR": 0.20725034199726403,
    "MI": 0.0,
    "NSML": 0.20615384615384616,
    "NSMR": 0.26461538461538464,
    "OLLL": 0.29432624113475175,
    "OLLR": 0.3085858585858586,
    "OLQDL": 0.23902439024390243,
    "OLQDR": 0.2568710359408034,
    "OLQVL": 0.3450508788159112,
    "OLQVR": 0.28188775510204084,
    "PDA": 0.0,
    "PDB": 0.0,
    "PDEL": 0.0,
    "PDER": 0.0,
    "PHAL": 0.23282372444280713,
    "PHAR": 0.22483191393993726,
    "PHBL": 0.23874896779521057,
    "PHBR": 0.2219284603421462,
    "PHCL": 0.0,
    "PHCR": 0.0,
    "PLML": 0.2795918367346939,
    "PLMR": 0.3239202657807309,
    "PLNL": 0.0,
    "PLNR": 0.0,
    "PQR": 0.25734799192281804,
    "PVCL": 0.3592156862745098,
    "PVCR": 0.36470588235294116,
    "PVDL": 0.3697705802968961,
    "PVDR": 0.29411764705882354,
    "PVM": 0.3310708898944193,
    "PVNL": 0.22674418604651161,
    "PVNR": 0.2521141649048626,
    "PVPL": 0.242368177613321,
    "PVPR": 0.3045283018867925,
    "PVQL": 0.26612244897959186,
    "PVQR": 0.25515600211528294,
    "PVR": 0.2601744186046512,
    "PVT": 0.12898936170212766,
    "PVWL": 0.2801659125188537,
    "PVWR": 0.25297619047619047,
    "RIAL": 0.31068524970963995,
    "RIAR": 0.3662873399715505,
    "RIBL": 0.0,
    "RIBR": 0.0,
    "RICL": 0.22429210134128166,
    "RICR": 0.28707586732748763,
    "RID": 0.2124735729386892,
    "RIFL": 0.24782293178519593,
    "RIFR": 0.32136524822695034,
    "RIGL": 0.24408547443398626,
    "RIGR": 0.24970429754238402,
    "RIH": 0.0,
    "RIML": 0.21262226362366093,
    "RIMR": 0.21052631578947367,
    "RIPL": 0.0,
    "RIPR": 0.0,
    "RIR": 0.0,
    "RIS": 0.17283298097251584,
    "RIVL": 0.2907801418439716,
    "RIVR": 0.25886524822695034,
    "RMDDL": 0.0,
    "RMDDR": 0.0,
    "RMDL": 0.0,
    "RMDR": 0.0,
    "RMDVL": 0.0,
    "RMDVR": 0.0,
    "RMED": 0.2668229777256741,
    "RMEL": 0.27903055848261327,
    "RMER": 0.26540895242559176,
    "RMEV": 0.27589920310144306,
    "RMFL": 0.0,
    "RMFR": 0.0,
    "RMGL": 0.21185847589424572,
    "RMGR": 0.21285282582138496,
    "RMHL": 0.0,
    "RMHR": 0.0,
    "SAADL": 0.29615760338651903,
    "SAADR": 0.2363100252737995,
    "SAAVL": 0.2510570824524313,
    "SAAVR": 0.23731501057082452,
    "SABD": 0.348780487804878,
    "SABVL": 0.2693877551020408,
    "SABVR": 0.3287526427061311,
    "SDQL": 0.251010101010101,
    "SDQR": 0.2797979797979798,
    "SIADL": 0.1982029598308668,
    "SIADR": 0.2642706131078224,
    "SIAVL": 0.19503171247357293,
    "SIAVR": 0.18446088794926005,
    "SIBDL": 0.0,
    "SIBDR": 0.0,
    "SIBVL": 0.0,
    "SIBVR": 0.0,
    "SMBDL": 0.2755102040816326,
    "SMBDR": 0.37682926829268293,
    "SMBVL": 0.0,
    "SMBVR": 0.0,
    "SMDDL": 0.0,
    "SMDDR": 0.0,
    "SMDVL": 0.0,
    "SMDVR": 0.0,
    "URADL": 0.19794801641586868,
    "URADR": 0.18399452804377564,
    "URAVL": 0.19247606019151847,
    "URAVR": 0.1948016415868673,
    "URBL": 0.0,
    "URBR": 0.0,
    "URXL": 0.23323884643825488,
    "URXR": 0.23400584019113352,
    "URYDL": 0.28743961352657005,
    "URYDR": 0.30612244897959184,
    "URYVL": 0.3054298642533937,
    "URYVR": 0.43993993993993996,
    "VA1": 0.3333333333333333,
    "VA10": 0.4523809523809524,
    "VA11": 0.4,
    "VA12": 0.34545454545454546,
    "VA2": 0.4,
    "VA3": 0.25,
    "VA4": 0.5606060606060606,
    "VA5": 0.2,
    "VA6": 0.3616666666666667,
    "VA7": 0.5,
    "VA8": 0.34210526315789475,
    "VA9": 0.5,
    "VB1": 0.47953216374269003,
    "VB10": 0.43014705882352944,
    "VB11": 0.42328042328042326,
    "VB2": 0.4642857142857143,
    "VB3": 0.5,
    "VB4": 0.37142857142857144,
    "VB5": 0.0,
    "VB6": 0.4473684210526316,
    "VB7": 0.45634920634920634,
    "VB8": 0.3955026455026455,