{
  "clustering_coefficients": {
    "ADAL": 0.21300211416490486,
    "ADAR": 0.19186046511627908,
    "ADEL": 0.17706131078224102,
    "ADER": 0.22093023255813954,
    "ADFL": 0.2193515182707154,
    "ADFR": 0.2303943287549845,
    "ADLL": 0.2251883030571555,
    "ADLR": 0.24247887904389037,
    "AFDL": 0.2188778492109877,
    "AFDR": 0.1972530683810637,
    "AIAL": 0.2703804347826087,
    "AIAR": 0.28,
    "AIBL": 0.0,
    "AIBR": 0.0,
    "AIML": 0.23001700680272108,
    "AIMR": 0.22959183673469388,
    "AINL": 0.0,
    "AINR": 0.0,
    "AIYL": 0.21545921277809468,
    "AIYR": 0.24053876478318004,
    "AIZL": 0.3221781055019853,
    "AIZR": 0.2774003623188406,
    "ALA": 0.05357142857142857,
    "ALML": 0.23496762257169287,
    "ALMR": 0.2682926829268293,
    "ALNL": 0.0,
    "ALNR": 0.0,
    "AQR": 0.26317049808429116,
    "AS1": 0.3630769230769231,
    "AS10": 0.36363636363636365,
    "AS11": 0.4818181818181818,
    "AS2": 0.43073593073593075,
    "AS3": 0.4722222222222222,
    "AS4": 0.2857142857142857,
    "AS5": 0.41025641025641024,
    "AS6": 0.41534391534391535,
    "AS7": 0.5128205128205128,
    "AS8": 0.375,
    "AS9": 0.5,
    "ASEL": 0.2122534473730145,
    "ASER": 0.22534526356739934,
    "ASGL": 0.2053217935733358,
    "ASGR": 0.24048126713371917,
    "ASHL": 0.21719505642127887,
    "ASHR": 0.21593894657825596,
    "ASIL": 0.20896838837143664,
    "ASIR": 0.21090961016707124,
    "ASJL": 0.23706702654071074,
    "ASJR": 0.24003392705682783,
    "ASKL": 0.21201085404170236,
    "ASKR": 0.20607215052091432,
    "AUAL": 0.21726190476190477,
    "AUAR": 0.27070707070707073,
    "AVAL": 0.20233644859813085,
    "AVAR": 0.23496528186418736,
    "AVBL": 0.2452431289640592,
    "AVBR": 0.25422832980972515,
    "AVDL": 0.2888414907947912,
    "AVDR": 0.26054562127464465,
    "AVEL": 0.3472958642629905,
    "AVER": 0.28609341825902335,
    "AVFL": 0.28489795918367344,
    "AVFR": 0.2992156862745098,
    "AVG": 0.3130106851037084,
    "AVHL": 0.0,
    "AVHR": 0.0,
    "AVJL": 0.0,
    "AVJR": 0.0,
    "AVKL": 0.1735632183908046,
    "AVKR": 0.19195402298850575,
    "AVL": 0.0,
    "AVM": 0.3131359851988899,
    "AWAL": 0.3012684989429176,
    "AWAR": 0.23787878787878788,
    "AWBL": 0.3001850138760407,
    "AWBR": 0.32315233785822023,
    "AWCL": 0.2564102564102564,
    "AWCR": 0.12179487179487179,
    "BAGL": 0.2807017543859649,
    "BAGR": 0.3154716981132075,
    "BDUL": 0.22038170687792583,
    "BDUR": 0.2468188622754491,
    "CANL": 0.0,
    "CANR": 0.0,
    "CEPDL": 0.0,
    "CEPDR": 0.0,
    "CEPVL": 0.0,
    "CEPVR": 0.0,
    "DA1": 0.42857142857142855,
    "DA2": 0.6527777777777778,
    "DA3": 0.3268398268398268,
    "DA4": 0.4053030303030303,
    "DA5": 0.55,
    "DA6": 0.45,
    "DA7": 0.4843304843304843,
    "DA8": 0.41596638655462187,
    "DA9": 0.3888888888888889,
    "DB1": 0.4264112903225806,
    "DB2": 0.24081632653061225,
    "DB3": 0.44473684210526315,
    "DB4": 0.3472222222222222,
    "DB5": 0.26666666666666666,
    "DB6": 0.4,
    "DB7": 0.4505928853754941,
    "DD1": 0.27973052138254245,
    "DD2": 0.2585454545454545,
    "DD3": 0.26243781094527363,
    "DD4": 0.26141698676909947,
    "DD5": 0.3169921063564603,
    "DD6": 0.3011682242990654,
    "DVA": 0.24245502031340685,
    "DVB": 0.35,
    "DVC": 0.0,
    "FLPL": 0.21028479515564386,
    "FLPR": 0.20533688467988556,
    "HSNL": 0.3056092843326886,
    "HSNR": 0.32741792369121564,
    "I1L": 0.27195121951219514,
    "I1R": 0.28488372093023256,
    "I2L": 0.25108108108108107,
    "I2R": 0.24326241134751772,
    "I3": 0.0,
    "I4": 0.0,
    "I5": 0.16544117647058823,
    "I6": 0.16666666666666666,
    "IL1DL": 0.0,
    "IL1DR": 0.0,
    "IL1L": 0.0,
    "IL1R": 0.0,
    "IL1VL": 0.0,
    "IL1VR": 0.0,
    "IL2DL": 0.3249113475177305,
    "IL2DR": 0.31934566145092463,
    "IL2L": 0.29411764705882354,
    "IL2R": 0.28538390379278444,
    "IL2VL": 0.3240418118466899,
    "IL2VR": 0.3442389758179232,
    "LUAL": 0.2087737843551797,
    "LUAR": 0.1416490486257928,
    "M1": 0.0,
    "M2L": 0.17319636884854275,
    "M2R": 0.17152412804586717,
    "M3L": 0.21509251290877796,
    "M3R": 0.22173702086365843,
    "M4": 0.22735978112175104,
    "M5": 0.20092915214866433,
    "MCL": 0.2057455540355677,
    "MCR": 0.18248974008207935,
    "MI": 0.0,
    "NSML": 0.21846153846153846,
    "NSMR": 0.20307692307692307,
    "OLLL": 0.36710963455149503,
    "OLLR": 0.27146892655367233,
    "OLQDL": 0.2872340425531915,
    "OLQDR": 0.2973421926910299,
    "OLQVL": 0.2646276595744681,
    "OLQVR": 0.2848639455782313,
    "PDA": 0.0,
    "PDB": 0.0,
    "PDEL": 0.0,
    "PDER": 0.0,
    "PHAL": 0.21210647329324372,
    "PHAR": 0.22711457211498634,
    "PHBL": 0.2540119211370931,
    "PHBR": 0.2503760655189704,
    "PHCL": 0.0,
    "PHCR": 0.0,
    "PLML": 0.2746938775510204,
    "PLMR": 0.2780487804878049,
    "PLNL": 0.0,
    "PLNR": 0.0,
    "PQR": 0.22583412774070544,
    "PVCL": 0.3024390243902439,
    "PVCR": 0.26360544217687076,
    "PVDL": 0.31436420722135006,
    "PVDR": 0.29305555555555557,
    "PVM": 0.27358490566037735,
    "PVNL": 0.15803382663847781,
    "PVNR": 0.2774841437632135,
    "PVPL": 0.24050046339202966,
    "PVPR": 0.24549019607843137,
    "PVQL": 0.26158536585365855,
    "PVQR": 0.3001850138760407,
    "PVR": 0.2358490566037736,
    "PVT": 0.25354609929078015,
    "PVWL": 0.2823581560283688,
    "PVWR": 0.3057302585604472,
    "RIAL": 0.37478991596638656,
    "RIAR": 0.34459459459459457,
    "RIBL": 0.0,
    "RIBR": 0.0,
    "RICL": 0.24001210653753027,
    "RICR": 0.26373626373626374,
    "RID": 0.27801268498942916,
    "RIFL": 0.3337765957446808,
    "RIFR": 0.2497584541062802,
    "RIGL": 0.24021327346709695,
    "RIGR": 0.22958069447477616,
    "RIH": 0.0,
    "RIML": 0.16860735910572894,
    "RIMR": 0.1807172799254774,
    "RIPL": 0.0,
    "RIPR": 0.0,
    "RIR": 0.0,
    "RIS": 0.19556025369978858,
    "RIVL": 0.23502824858757063,
    "RIVR": 0.30319148936170215,
    "RMDDL": 0.0,
    "RMDDR": 0.0,
    "RMDL": 0.0,
    "RMDR": 0.0,
    "RMDVL": 0.0,
    "RMDVR": 0.0,
    "RMED": 0.2293858575972596,
    "RMEL": 0.2718512750632665,
    "RMER": 0.27442961687473094,
    "RMEV": 0.24537435456110154,
    "RMFL": 0.0,
    "RMFR": 0.0,
    "RMGL": 0.21129346522781775,
    "RMGR": 0.22718294510284703,
    "RMHL": 0.0,
    "RMHR": 0.0,
    "SAADL": 0.22880690737833595,
    "SAADR": 0.30645968953430147,
    "SAAVL": 0.2653276955602537,
    "SAAVR": 0.21405919661733616,
    "SABD": 0.2575075075075075,
    "SABVL": 0.2584566596194503,
    "SABVR": 0.3207843137254902,
    "SDQL": 0.3352941176470588,
    "SDQR": 0.25673469387755105,
    "SIADL": 0.18921775898520085,
    "SIADR": 0.23890063424947147,
    "SIAVL": 0.18921775898520085,
    "SIAVR": 0.2489429175475687,
    "SIBDL": 0.0,
    "SIBDR": 0.0,
    "SIBVL": 0.0,
    "SIBVR": 0.0,
    "SMBDL": 0.27297895902547065,
    "SMBDR": 0.2986257928118393,
    "SMBVL": 0.0,
    "SMBVR": 0.0,
    "SMDDL": 0.0,
    "SMDDR": 0.0,
    "SMDVL": 0.0,
    "SMDVR": 0.0,
    "URADL": 0.16935704514363886,
    "URADR": 0.15047879616963064,
    "URAVL": 0.2097127222982216,
    "URAVR": 0.17783857729138167,
    "URBL": 0.0,
    "URBR": 0.0,
    "URXL": 0.2121863799283154,
    "URXR": 0.21574652961746318,
    "URYDL": 0.24375578168362627,
    "URYDR": 0.24941176470588236,
    "URYVL": 0.24277210884353742,
    "URYVR": 0.2937254901960784,
    "VA1": 0.4117647058823529,
    "VA10": 0.46153846153846156,
    "VA11": 0.36363636363636365,
    "VA12": 0.4096774193548387,
    "VA2": 0.48484848484848486,
    "VA3": 0.5,
    "VA4": 0.40476190476190477,
    "VA5": 0.4216666666666667,
    "VA6": 0.4117647058823529,
    "VA7": 0.564327485380117,
    "VA8": 0.46190476190476193,
    "VA9": 0.49867724867724866,
    "VB1": 0.38235294117647056,
    "VB10": 0.3333333333333333,
    "VB11": 0.42592592592592593,
    "VB2": 0.6060606060606061,
    "VB3": 0.3,
    "VB4": 0.35,
    "VB5": 0.4380952380952381,
    "VB6": 0.5888888888888889,
    "VB7": 0.3790849673202614,