{
  "clustering_coefficients": {
    "ADAL": 0.2029598308668076,
    "ADAR": 0.17071881606765327,
    "ADEL": 0.2441860465116279,
    "ADER": 0.1945031712473573,
    "ADFL": 0.2372052311811348,
    "ADFR": 0.23368872406999652,
    "ADLL": 0.22781456953642384,
    "ADLR": 0.21971091879948443,
    "AFDL": 0.2755698421975453,
    "AFDR": 0.17416715371127994,
    "AIAL": 0.25687536571094205,
    "AIAR": 0.3014705882352941,
    "AIBL": 0.0,
    "AIBR": 0.0,
    "AIML": 0.25510204081632654,
    "AIMR": 0.30017006802721086,
    "AINL": 0.0,
    "AINR": 0.0,
    "AIYL": 0.22862377850162866,
    "AIYR": 0.24880382775119617,
    "AIZL": 0.2958839406207827,
    "AIZR": 0.24027603513174403,
    "ALA": 0.08928571428571429,
    "ALML": 0.30505050505050507,
    "ALMR": 0.3568627450980392,
    "ALNL": 0.0,
    "ALNR": 0.0,
    "AQR": 0.2721790404717234,
    "AS1": 0.2222222222222222,
    "AS10": 0.48333333333333334,
    "AS11": 0.4458128078817734,
    "AS2": 0.5714285714285714,
    "AS3": 0.5026315789473684,
    "AS4": 0.6190476190476191,
    "AS5": 0.6071428571428571,
    "AS6": 0.4772727272727273,
    "AS7": 0.4010989010989011,
    "AS8": 0.26666666666666666,
    "AS9": 0.37777777777777777,
    "ASEL": 0.2163081370631749,
    "ASER": 0.22176065793890568,
    "ASGL": 0.224850845210474,
    "ASGR": 0.22774666092201637,
    "ASHL": 0.23731612128489943,
    "ASHR": 0.23075768191372234,
    "ASIL": 0.21788617886178863,
    "ASIR": 0.23429678669465526,
    "ASJL": 0.2279786459597185,
    "ASJR": 0.26428400669376045,
    "ASKL": 0.21985169767139326,
    "ASKR": 0.2250039363879704,
    "AUAL": 0.36375321336760924,
    "AUAR": 0.3118617439120189,
    "AVAL": 0.22859216255442671,
    "AVAR": 0.24105461393596986,
    "AVBL": 0.17758985200845667,
    "AVBR": 0.20718816067653276,
    "AVDL": 0.3086577868852459,
    "AVDR": 0.2324699110413396,
    "AVEL": 0.34458259325044405,
    "AVER": 0.3435263500325309,
    "AVFL": 0.3239795918367347,
    "AVFR": 0.273235499650594,
    "AVG": 0.17632850241545894,
    "AVHL": 0.0,
    "AVHR": 0.0,
    "AVJL": 0.0,
    "AVJR": 0.0,
    "AVKL": 0.22758620689655173,
    "AVKR": 0.20229885057471264,
    "AVL": 0.0,
    "AVM": 0.26166832174776566,
    "AWAL": 0.2551948051948052,
    "AWAR": 0.27721088435374147,
    "AWBL": 0.3576965669988926,
    "AWBR": 0.28791055206149546,
    "AWCL": 0.23717948717948717,
    "AWCR": 0.21794871794871795,
    "BAGL": 0.3004239854633555,
    "BAGR": 0.2977358490566038,
    "BDUL": 0.23698093941456774,
    "BDUR": 0.24354083578983873,
    "CANL": 0.0,
    "CANR": 0.0,
    "CEPDL": 0.0,
    "CEPDR": 0.0,
    "CEPVL": 0.0,
    "CEPVR": 0.0,
    "DA1": 0.42857142857142855,
    "DA2": 0.5,
    "DA3": 0.3111111111111111,
    "DA4": 0.3888888888888889,
    "DA5": 0.16666666666666666,
    "DA6": 0.47846153846153844,
    "DA7": 0.3357142857142857,
    "DA8": 0.5,
    "DA9": 0.4107142857142857,
    "DB1": 0.45555555555555555,
    "DB2": 0.2855072463768116,
    "DB3": 0.5711462450592886,
    "DB4": 0.3646153846153846,
    "DB5": 0.5,
    "DB6": 0.5071225071225072,
    "DB7": 0.4246031746031746,
    "DD1": 0.311362792424805,
    "DD2": 0.284,
    "DD3": 0.284037558685446,
    "DD4": 0.25999216300940436,
    "DD5": 0.2633203378817414,
    "DD6": 0.27605481428056255,
    "DVA": 0.24073074154067675,
    "DVB": 0.2,
    "DVC": 0.0,
    "FLPL": 0.25856986899563317,
    "FLPR": 0.2335646242502646,
    "HSNL": 0.36712962962962964,
    "HSNR": 0.4287749287749288,
    "I1L": 0.3535940803382664,
    "I1R": 0.28162124388539483,
    "I2L": 0.31647737515774294,
    "I2R": 0.2955691642651297,
    "I3": 0.0,
    "I4": 0.3333333333333333,
    "I5": 0.1323529411764706,
    "I6": 0.2638888888888889,
    "IL1DL": 0.0,
    "IL1DR": 0.0,
    "IL1L": 0.0,
    "IL1R": 0.0,
    "IL1VL": 0.0,
    "IL1VR": 0.0,
    "IL2DL": 0.29809725158562367,
    "IL2DR": 0.3314102564102564,
    "IL2L": 0.2793904208998549,
    "IL2R": 0.3252032520325203,
    "IL2VL": 0.29743589743589743,
    "IL2VR": 0.3239202657807309,
    "LUAL": 0.2547568710359408,
    "LUAR": 0.23784355179704017,
    "M1": 0.0,
    "M2L": 0.22348303870043001,
    "M2R": 0.23244147157190637,
    "M3L": 0.23327597332759734,
    "M3R": 0.23733333333333334,
    "M4": 0.19069767441860466,
    "M5": 0.28281068524970965,
    "MCL": 0.1734610123119015,
    "MCR": 0.17017783857729138,
    "MI": 0.0,
    "NSML": 0.22923076923076924,
    "NSMR": 0.23384615384615384,
    "OLLL": 0.32432432432432434,
    "OLLR": 0.26364477335800185,
    "OLQDL": 0.2431865828092243,
    "OLQDR": 0.2705827937095282,
    "OLQVL": 0.2901439645625692,
    "OLQVR": 0.21304347826086956,
    "PDA": 0.0,
    "PDB": 0.0,
    "PDEL": 0.0,
    "PDER": 0.0,
    "PHAL": 0.2084003405543468,
    "PHAR": 0.20712901663168093,
    "PHBL": 0.23448972099853158,
    "PHBR": 0.24868421052631579,
    "PHCL": 0.0,
    "PHCR": 0.0,
    "PLML": 0.3191489361702128,
    "PLMR": 0.31313497822931785,
    "PLNL": 0.0,
    "PLNR": 0.0,
    "PQR": 0.2216253682204124,
    "PVCL": 0.26163265306122446,
    "PVCR": 0.28918722786647316,
    "PVDL": 0.31649937264742783,
    "PVDR": 0.2768361581920904,
    "PVM": 0.30153738644304684,
    "PVNL": 0.19080338266384778,
    "PVNR": 0.18446088794926005,
    "PVPL": 0.20656565656565656,
    "PVPR": 0.18181818181818182,
    "PVQL": 0.2753319357092942,
    "PVQR": 0.27098039215686276,
    "PVR": 0.2717464598786244,
    "PVT": 0.2765957446808511,
    "PVWL": 0.251088534107402,
    "PVWR": 0.2840909090909091,
    "RIAL": 0.367948717948718,
    "RIAR": 0.3871794871794872,
    "RIBL": 0.0,
    "RIBR": 0.0,
    "RICL": 0.26580749093838096,
    "RICR": 0.30096262740656854,
    "RID": 0.11997885835095137,
    "RIFL": 0.30627450980392157,
    "RIFR": 0.24487179487179486,
    "RIGL": 0.2563663355030262,
    "RIGR": 0.22597504776891086,
    "RIH": 0.0,
    "RIML": 0.19577705325260053,
    "RIMR": 0.19406924390622574,
    "RIPL": 0.0,
    "RIPR": 0.0,
    "RIR": 0.0,
    "RIS": 0.21300211416490486,
    "RIVL": 0.24811463046757165,
    "RIVR": 0.2144781144781145,
    "RMDDL": 0.0,
    "RMDDR": 0.0,
    "RMDL": 0.0,
    "RMDR": 0.0,
    "RMDVL": 0.0,
    "RMDVR": 0.0,
    "RMED": 0.29874129619710765,
    "RMEL": 0.2803935347856641,
    "RMER": 0.23875598086124403,
    "RMEV": 0.2529445561620224,
    "RMFL": 0.0,
    "RMFR": 0.0,
    "RMGL": 0.23936426946149073,
    "RMGR": 0.22773554641188368,
    "RMHL": 0.0,
    "RMHR": 0.0,
    "SAADL": 0.28088471235388496,
    "SAADR": 0.27262313860252,
    "SAAVL": 0.20930232558139536,
    "SAAVR": 0.25,
    "SABD": 0.2996828752642706,
    "SABVL": 0.3582995951417004,
    "SABVR": 0.36477987421383645,
    "SDQL": 0.25510204081632654,
    "SDQR": 0.2543859649122807,
    "SIADL": 0.2521141649048626,
    "SIADR": 0.19661733615221988,
    "SIAVL": 0.22410147991543342,
    "SIAVR": 0.22568710359408034,
    "SIBDL": 0.0,
    "SIBDR": 0.0,
    "SIBVL": 0.0,
    "SIBVR": 0.0,
    "SMBDL": 0.2964646464646465,
    "SMBDR": 0.2522448979591837,
    "SMBVL": 0.0,
    "SMBVR": 0.0,
    "SMDDL": 0.0,
    "SMDDR": 0.0,
    "SMDVL": 0.0,
    "SMDVR": 0.0,
    "URADL": 0.18645690834473325,
    "URADR": 0.2094391244870041,
    "URAVL": 0.16908344733242134,
    "URAVR": 0.18549931600547195,
    "URBL": 0.0,
    "URBR": 0.0,
    "URXL": 0.24381720430107526,
    "URXR": 0.2343488649940263,
    "URYDL": 0.276219512195122,
    "URYDR": 0.2885714285714286,
    "URYVL": 0.26108156028368795,
    "URYVR": 0.31717171717171716,
    "VA1": 0.5416666666666666,
    "VA10": 0.45632183908045976,
    "VA11": 0.5120910384068279,
    "VA12": 0.4305555555555556,
    "VA2": 0.23333333333333334,
    "VA3": 0.487012987012987,
    "VA4": 0.31196581196581197,
    "VA5": 0.5,
    "VA6": 0.5119047619047619,
    "VA7": 0.45,
    "VA8": 0.5181159420289855,
    "VA9": 0.47435897435897434,
    "VB1": 0.37272727272727274,
    "VB10": 0.35,
    "VB11": 0.45,
    "VB2": 0.26785714285714285,
    "VB3": 0.32051282051282054,
    "VB4": 0.26666666666666666,
    "VB5": 0.47368421052631576,
    "VB6": 0.43137254901960786,