{
  "clustering_coefficients": {
    "ADAL": 0.2299154334038055,
    "ADAR": 0.2558139534883721,
    "ADEL": 0.2489429175475687,
    "ADER": 0.17124735729386892,
    "ADFL": 0.23203914820391483,
    "ADFR": 0.24576423128641864,
    "ADLL": 0.2397969543147208,
    "ADLR": 0.25405431340562323,
    "AFDL": 0.15137346580946814,
    "AFDR": 0.20017533606078317,
    "AIAL": 0.2753147235905857,
    "AIAR": 0.3151515151515151,
    "AIBL": 0.0,
    "AIBR": 0.0,
    "AIML": 0.2261904761904762,
    "AIMR": 0.30144557823129253,
    "AINL": 0.0,
    "AINR": 0.0,
    "AIYL": 0.2283886807081018,
    "AIYR": 0.24544701986754966,
    "AIZL": 0.2832014072119613,
    "AIZR": 0.3015912481352561,
    "ALA": 0.14285714285714285,
    "ALML": 0.28656462585034015,
    "ALMR": 0.30772946859903383,
    "ALNL": 0.0,
    "ALNR": 0.0,
    "AQR": 0.2574941451990632,
    "AS1": 0.32222222222222224,
    "AS10": 0.55,
    "AS11": 0.3333333333333333,
    "AS2": 0.41397849462365593,
    "AS3": 0.3560606060606061,
    "AS4": 0.32222222222222224,
    "AS5": 0.35714285714285715,
    "AS6": 0.1,
    "AS7": 0.47619047619047616,
    "AS8": 0.2857142857142857,
    "AS9": 0.25,
    "ASEL": 0.23112907621037332,
    "ASER": 0.23251797217813464,
    "ASGL": 0.23835174953959484,
    "ASGR": 0.2350307353722395,
    "ASHL": 0.2280711760009125,
    "ASHR": 0.2333570123807591,
    "ASIL": 0.2263614716952147,
    "ASIR": 0.23824965132496514,
    "ASJL": 0.2597418120965814,
    "ASJR": 0.2487076764021711,
    "ASKL": 0.25412293853073464,
    "ASKR": 0.22695794959663027,
    "AUAL": 0.291812865497076,
    "AUAR": 0.31699346405228757,
    "AVAL": 0.25359277629403537,
    "AVAR": 0.262291280148423,
    "AVBL": 0.19397463002114165,
    "AVBR": 0.24788583509513742,
    "AVDL": 0.2631641933939684,
    "AVDR": 0.28245732255166217,
    "AVEL": 0.3452088452088452,
    "AVER": 0.362962962962963,
    "AVFL": 0.29448621553884713,
    "AVFR": 0.34460887949260044,
    "AVG": 0.2712765957446808,
    "AVHL": 0.0,
    "AVHR": 0.0,
    "AVJL": 0.0,
    "AVJR": 0.0,
    "AVKL": 0.2632183908045977,
    "AVKR": 0.2103448275862069,
    "AVL": 0.0,
    "AVM": 0.3084795321637427,
    "AWAL": 0.2611111111111111,
    "AWAR": 0.3403019744483159,
    "AWBL": 0.2969858156028369,
    "AWBR": 0.3354591836734694,
    "AWCL": 0.30128205128205127,
    "AWCR": 0.15384615384615385,
    "BAGL": 0.2508684863523573,
    "BAGR": 0.31851179673321234,
    "BDUL": 0.23763094278807415,
    "BDUR": 0.24396848842934515,
    "CANL": 0.0,
    "CANR": 0.0,
    "CEPDL": 0.0,
    "CEPDR": 0.0,
    "CEPVL": 0.0,
    "CEPVR": 0.0,
    "DA1": 0.45,
    "DA2": 0.4772727272727273,
    "DA3": 0.43636363636363634,
    "DA4": 0.4672364672364672,
    "DA5": 0.2196969696969697,
    "DA6": 0.3611111111111111,
    "DA7": 0.4166666666666667,
    "DA8": 0.5333333333333333,
    "DA9": 0.30952380952380953,
    "DB1": 0.35,
    "DB2": 0.3131359851988899,
    "DB3": 0.5454545454545454,
    "DB4": 0.5285714285714286,
    "DB5": 0.45604395604395603,
    "DB6": 0.36666666666666664,
    "DB7": 0.4584615384615385,
    "DD1": 0.3140659340659341,
    "DD2": 0.25447619047619047,
    "DD3": 0.26824583866837387,
    "DD4": 0.3044969512195122,
    "DD5": 0.30362116991643456,
    "DD6": 0.30118694362017806,
    "DVA": 0.2648984500267237,
    "DVB": 0.2,
    "DVC": 0.0,
    "FLPL": 0.23236733518856156,
    "FLPR": 0.23076573712417114,
    "HSNL": 0.3804347826086957,
    "HSNR": 0.34830917874396133,
    "I1L": 0.2727272727272727,
    "I1R": 0.2849213691026827,
    "I2L": 0.25839603596990274,
    "I2R": 0.28059908748264234,
    "I3": 0.0,
    "I4": 0.08333333333333333,
    "I5": 0.2610294117647059,
    "I6": 0.3611111111111111,
    "IL1DL": 0.0,
    "IL1DR": 0.0,
    "IL1L": 0.0,
    "IL1R": 0.0,
    "IL1VL": 0.0,
    "IL1VR": 0.0,
    "IL2DL": 0.3087542087542088,
    "IL2DR": 0.33634992458521873,
    "IL2L": 0.3032051282051282,
    "IL2R": 0.30639097744360905,
    "IL2VL": 0.2861394557823129,
    "IL2VR": 0.3723404255319149,
    "LUAL": 0.2156448202959831,
    "LUAR": 0.19027484143763213,
    "M1": 0.0,
    "M2L": 0.18442427138079312,
    "M2R": 0.17809364548494983,
    "M3L": 0.270693252956179,
    "M3R": 0.2532815888597192,
    "M4": 0.19986320109439124,
    "M5": 0.23635307781649245,
    "MCL": 0.21600547195622435,
    "MCR": 0.23255813953488372,
    "MI": 0.0,
    "NSML": 0.2753846153846154,
    "NSMR": 0.15692307692307692,
    "OLLL": 0.2844702467343977,
    "OLLR": 0.3439625850340136,
    "OLQDL": 0.24818577648766327,
    "OLQDR": 0.26693877551020406,
    "OLQVL": 0.29949874686716793,
    "OLQVR": 0.31267345050878814,
    "PDA": 0.0,
    "PDB": 0.0,
    "PDEL": 0.0,
    "PDER": 0.0,
    "PHAL": 0.2337989567677482,
    "PHAR": 0.2333777580334666,
    "PHBL": 0.25320846340617414,
    "PHBR": 0.23105458399576045,
    "PHCL": 0.0,
    "PHCR": 0.0,
    "PLML": 0.3149019607843137,
    "PLMR": 0.2784313725490196,
    "PLNL": 0.0,
    "PLNR": 0.0,
    "PQR": 0.28056768558951967,
    "PVCL": 0.2960030165912519,
    "PVCR": 0.2738164815897136,
    "PVDL": 0.3077922077922078,
    "PVDR": 0.31543921916592726,
    "PVM": 0.2592156862745098,
    "PVNL": 0.19186046511627908,
    "PVNR": 0.25158562367864695,
    "PVPL": 0.2780612244897959,
    "PVPR": 0.2314009661835749,
    "PVQL": 0.3061101028433152,
    "PVQR": 0.23535353535353534,
    "PVR": 0.28099730458221023,
    "PVT": 0.19592198581560283,
    "PVWL": 0.31204644412191584,
    "PVWR": 0.3254901960784314,
    "RIAL": 0.3730769230769231,
    "RIAR": 0.3048469387755102,
    "RIBL": 0.0,
    "RIBR": 0.0,
    "RICL": 0.283444387493593,
    "RICR": 0.2522847522847523,
    "RID": 0.1945031712473573,
    "RIFL": 0.27137254901960783,
    "RIFR": 0.2592156862745098,
    "RIGL": 0.26112656467315715,
    "RIGR": 0.26108334676769307,
    "RIH": 0.0,
    "RIML": 0.19795062878435027,
    "RIMR": 0.21099208197484862,
    "RIPL": 0.0,
    "RIPR": 0.0,
    "RIR": 0.0,
    "RIS": 0.16913319238900634,
    "RIVL": 0.26152482269503546,
    "RIVR": 0.25792811839323465,
    "RMDDL": 0.0,
    "RMDDR": 0.0,
    "RMDL": 0.0,
    "RMDR": 0.0,
    "RMDVL": 0.0,
    "RMDVR": 0.0,
    "RMED": 0.27973518850987433,
    "RMEL": 0.25072314049586775,
    "RMER": 0.28698671497584544,
    "RMEV": 0.2843956043956044,
    "RMFL": 0.0,
    "RMFR": 0.0,
    "RMGL": 0.22819724904887329,
    "RMGR": 0.23346744696415508,
    "RMHL": 0.0,
    "RMHR": 0.0,
    "SAADL": 0.3018660812294182,
    "SAADR": 0.28422380188030266,
    "SAAVL": 0.1733615221987315,
    "SAAVR": 0.2700845665961945,
    "SABD": 0.36262626262626263,
    "SABVL": 0.32857142857142857,
    "SABVR": 0.4039829302987198,
    "SDQL": 0.299645390070922,
    "SDQR": 0.30757575757575756,
    "SIADL": 0.2521141649048626,
    "SIADR": 0.20560253699788583,
    "SIAVL": 0.26109936575052856,
    "SIAVR": 0.20930232558139536,
    "SIBDL": 0.0,
    "SIBDR": 0.0,
    "SIBVL": 0.0,
    "SIBVR": 0.0,
    "SMBDL": 0.3702020202020202,
    "SMBDR": 0.29385964912280704,
    "SMBVL": 0.0,
    "SMBVR": 0.0,
    "SMDDL": 0.0,
    "SMDDR": 0.0,
    "SMDVL": 0.0,
    "SMDVR": 0.0,
    "URADL": 0.17824897400820794,
    "URADR": 0.19534883720930232,
    "URAVL": 0.21094391244870042,
    "URAVR": 0.22995896032831736,
    "URBL": 0.0,
    "URBR": 0.0,
    "URXL": 0.2585892021458738,
    "URXR": 0.2701174905785857,
    "URYDL": 0.2869387755102041,
    "URYDR": 0.34595959595959597,
    "URYVL": 0.2942760942760943,
    "URYVR": 0.3333333333333333,
    "VA1": 0.4118279569892473,
    "VA10": 0.6666666666666666,
    "VA11": 0.5261437908496732,
    "VA12": 0.6666666666666666,
    "VA2": 0.25,
    "VA3": 0.40384615384615385,
    "VA4": 0.36666666666666664,
    "VA5": 0.4111111111111111,
    "VA6": 0.23333333333333334,
    "VA7": 0.44166666666666665,
    "VA8": 0.4722222222222222,
    "VA9": 0.25,
    "VB1": 0.4766081871345029,
    "VB10": 0.4753846153846154,
    "VB11": 0.5166666666666667,
    "VB2": 0.375,
    "VB3": 0.4829059829059829,
    "VB4": 0.3684210526315789,
    "VB5": 0.25,
    "VB6": 0.47186147186147187,
    "VB7": 0.545751633986928,