{
  "clustering_coefficients": {
    "ADAL": 0.20190274841437633,
    "ADAR": 0.22410147991543342,
    "ADEL": 0.21617336152219874,
    "ADER": 0.18604651162790697,
    "ADFL": 0.23421101086356103,
    "ADFR": 0.22556188837509408,
    "ADLL": 0.21745666784577292,
    "ADLR": 0.2377590868128567,
    "AFDL": 0.15721800116890708,
    "AFDR": 0.20981881940385738,
    "AIAL": 0.27104072398190043,
    "AIAR": 0.28450487429451,
    "AIBL": 0.0,
    "AIBR": 0.0,
    "AIML": 0.21556122448979592,
    "AIMR": 0.2653061224489796,
    "AINL": 0.0,
    "AINR": 0.0,
    "AIYL": 0.22708071697682383,
    "AIYR": 0.23883635408458104,
    "AIZL": 0.31078860898138005,
    "AIZR": 0.32512733446519526,
    "ALA": 0.05357142857142857,
    "ALML": 0.30244897959183675,
    "ALMR": 0.24383116883116884,
    "ALNL": 0.0,
    "ALNR": 0.0,
    "AQR": 0.2824281867145422,
    "AS1": 0.6666666666666666,
    "AS10": 0.41830065359477125,
    "AS11": 0.2857142857142857,
    "AS2": 0.0,
    "AS3": 0.16666666666666666,
    "AS4": 0.5666666666666667,
    "AS5": 0.5079365079365079,
    "AS6": 0.42105263157894735,
    "AS7": 0.3984615384615385,
    "AS8": 0.42857142857142855,
    "AS9": 0.4444444444444444,
    "ASEL": 0.22537990093191168,
    "ASER": 0.23289106145251395,
    "ASGL": 0.23292273236282196,
    "ASGR": 0.22885525070955534,
    "ASHL": 0.2221317635270541,
    "ASHR": 0.24074259407526022,
    "ASIL": 0.22276947920872023,
    "ASIR": 0.21561827314039703,
    "ASJL": 0.23699211643420254,
    "ASJR": 0.22678592444392137,
    "ASKL": 0.23705638346904287,
    "ASKR": 0.23201467538682405,
    "AUAL": 0.30654761904761907,
    "AUAR": 0.2744436952124073,
    "AVAL": 0.23345878353769575,
    "AVAR": 0.26728235773461906,
    "AVBL": 0.18816067653276955,
    "AVBR": 0.18076109936575052,
    "AVDL": 0.2545168892380204,
    "AVDR": 0.2563231850117096,
    "AVEL": 0.34577723378212977,
    "AVER": 0.3016682113067655,
    "AVFL": 0.27721088435374147,
    "AVFR": 0.31952861952861955,
    "AVG": 0.18434343434343434,
    "AVHL": 0.0,
    "AVHR": 0.0,
    "AVJL": 0.0,
    "AVJR": 0.0,
    "AVKL": 0.1103448275862069,
    "AVKR": 0.2471264367816092,
    "AVL": 0.0,
    "AVM": 0.2941860465116279,
    "AWAL": 0.2631975867269985,
    "AWAR": 0.30974025974025976,
    "AWBL": 0.25707070707070706,
    "AWBR": 0.2772946859903382,
    "AWCL": 0.17307692307692307,
    "AWCR": 0.10256410256410256,
    "BAGL": 0.2849462365591398,
    "BAGR": 0.2996375352396295,
    "BDUL": 0.2332697807435653,
    "BDUR": 0.2250728862973761,
    "CANL": 0.0,
    "CANR": 0.0,
    "CEPDL": 0.0,
    "CEPDR": 0.0,
    "CEPVL": 0.0,
    "CEPVR": 0.0,
    "DA1": 0.37749287749287747,
    "DA2": 0.4818181818181818,
    "DA3": 0.3333333333333333,
    "DA4": 0.4579831932773109,
    "DA5": 0.4563279857397504,
    "DA6": 0.4470899470899471,
    "DA7": 0.5108225108225108,
    "DA8": 0.3333333333333333,
    "DA9": 0.48214285714285715,
    "DB1": 0.3880952380952381,
    "DB2": 0.2971698113207547,
    "DB3": 0.4053030303030303,
    "DB4": 0.25,
    "DB5": 0.4027777777777778,
    "DB6": 0.4,
    "DB7": 0.35714285714285715,
    "DD1": 0.2538946587537092,
    "DD2": 0.26397919375812745,
    "DD3": 0.27883817427385893,
    "DD4": 0.23311965811965812,
    "DD5": 0.2733333333333333,
    "DD6": 0.2665802148944053,
    "DVA": 0.23813457494743165,
    "DVB": 0.15,
    "DVC": 0.0,
    "FLPL": 0.2201732191514208,
    "FLPR": 0.22657708100037327,
    "HSNL": 0.32806324110671936,
    "HSNR": 0.37857142857142856,
    "I1L": 0.32482993197278914,
    "I1R": 0.2868686868686869,
    "I2L": 0.2529161058770749,
    "I2R": 0.256821217324938,
    "I3": 0.0,
    "I4": 0.5,
    "I5": 0.27205882352941174,
    "I6": 0.2222222222222222,
    "IL1DL": 0.0,
    "IL1DR": 0.0,
    "IL1L": 0.0,
    "IL1R": 0.0,
    "IL1VL": 0.0,
    "IL1VR": 0.0,
    "IL2DL": 0.30844645550527905,
    "IL2DR": 0.370507399577167,
    "IL2L": 0.31890243902439025,
    "IL2R": 0.2818181818181818,
    "IL2VL": 0.30407801418439717,
    "IL2VR": 0.3159117305458769,
    "LUAL": 0.19556025369978858,
    "LUAR": 0.20665961945031713,
    "M1": 0.0,
    "M2L": 0.1690157668418538,
    "M2R": 0.2095078834209269,
    "M3L": 0.22966978807294233,
    "M3R": 0.2394627402495223,
    "M4": 0.18823529411764706,
    "M5": 0.18699186991869918,
    "MCL": 0.18454172366621066,
    "MCR": 0.17633378932968535,
    "MI": 0.0,
    "NSML": 0.21846153846153846,
    "NSMR": 0.24153846153846154,
    "OLLL": 0.2937095282146161,
    "OLLR": 0.3022959183673469,
    "OLQDL": 0.31137254901960787,
    "OLQDR": 0.3385885885885886,
    "OLQVL": 0.24292929292929294,
    "OLQVR": 0.26229508196721313,
    "PDA": 0.0,
    "PDB": 0.0,
    "PDEL": 0.0,
    "PDER": 0.0,
    "PHAL": 0.2287003450411395,
    "PHAR": 0.19895658325227694,
    "PHBL": 0.2304401928760305,
    "PHBR": 0.2313781935948183,
    "PHCL": 0.0,
    "PHCR": 0.0,
    "PLML": 0.3048469387755102,
    "PLMR": 0.2797532656023222,
    "PLNL": 0.0,
    "PLNR": 0.0,
    "PQR": 0.2305224564619615,
    "PVCL": 0.2585034013605442,
    "PVCR": 0.31267345050878814,
    "PVDL": 0.32335718932986335,
    "PVDR": 0.33622641509433965,
    "PVM": 0.29253246753246753,
    "PVNL": 0.16913319238900634,
    "PVNR": 0.26744186046511625,
    "PVPL": 0.24851063829787234,
    "PVPR": 0.2190522243713733,
    "PVQL": 0.2441944847605225,
    "PVQR": 0.2707390648567119,
    "PVR": 0.2678795483061481,
    "PVT": 0.2712765957446808,
    "PVWL": 0.2556862745098039,
    "PVWR": 0.23220338983050848,
    "RIAL": 0.3699596774193548,
    "RIAR": 0.36984126984126986,
    "RIBL": 0.0,
    "RIBR": 0.0,
    "RICL": 0.3047716777834787,
    "RICR": 0.29161477791614776,
    "RID": 0.17389006342494714,
    "RIFL": 0.2702020202020202,
    "RIFR": 0.29082125603864734,
    "RIGL": 0.2650971159505591,
    "RIGR": 0.24611708482676226,
    "RIH": 0.0,
    "RIML": 0.16503648501785437,
    "RIMR": 0.20051234280391245,
    "RIPL": 0.0,
    "RIPR": 0.0,
    "RIR": 0.0,
    "RIS": 0.2938689217758985,
    "RIVL": 0.2636363636363636,
    "RIVR": 0.346723044397463,
    "RMDDL": 0.0,
    "RMDDR": 0.0,
    "RMDL": 0.0,
    "RMDR": 0.0,
    "RMDVL": 0.0,
    "RMDVR": 0.0,
    "RMED": 0.2711517761033369,
    "RMEL": 0.28385362828199295,
    "RMER": 0.27462266564338705,
    "RMEV": 0.2968096809680968,
    "RMFL": 0.0,
    "RMFR": 0.0,
    "RMGL": 0.2436212504517528,
    "RMGR": 0.20826935731520071,
    "RMHL": 0.0,
    "RMHR": 0.0,
    "SAADL": 0.24910440122824976,
    "SAADR": 0.23748597081930414,
    "SAAVL": 0.23255813953488372,
    "SAAVR": 0.29069767441860467,
    "SABD": 0.29210220673635306,
    "SABVL": 0.32705314009661834,
    "SABVR": 0.33403805496828753,
    "SDQL": 0.26262626262626265,
    "SDQR": 0.2473404255319149,
    "SIADL": 0.21617336152219874,
    "SIADR": 0.26215644820295986,
    "SIAVL": 0.2346723044397463,
    "SIAVR": 0.24207188160676532,
    "SIBDL": 0.0,
    "SIBDR": 0.0,
    "SIBVL": 0.0,
    "SIBVR": 0.0,
    "SMBDL": 0.2926530612244898,
    "SMBDR": 0.29545454545454547,
    "SMBVL": 0.0,
    "SMBVR": 0.0,
    "SMDDL": 0.0,
    "SMDDR": 0.0,
    "SMDVL": 0.0,
    "SMDVR": 0.0,
    "URADL": 0.20560875512995896,
    "URADR": 0.21764705882352942,
    "URAVL": 0.2069767441860465,
    "URAVR": 0.19644322845417236,
    "URBL": 0.0,
    "URBR": 0.0,
    "URXL": 0.20951792336217553,
    "URXR": 0.22949490268767378,
    "URYDL": 0.27044025157232704,
    "URYDR": 0.36469221835075494,
    "URYVL": 0.3310104529616725,
    "URYVR": 0.2774390243902439,
    "VA1": 0.16666666666666666,
    "VA10": 0.4683794466403162,
    "VA11": 0.41534391534391535,
    "VA12": 0.41025641025641024,
    "VA2": 0.36554621848739494,
    "VA3": 0.375,
    "VA4": 0.25,
    "VA5": 0.5171370967741935,
    "VA6": 0.30718954248366015,
    "VA7": 0.42857142857142855,
    "VA8": 0.3333333333333333,
    "VA9": 0.3,
    "VB1": 0.39090909090909093,
    "VB10": 0.4251012145748988,
    "VB11": 0.4026315789473684,
    "VB2": 0.34444444444444444,
    "VB3": 0.5,
    "VB4": 0.2,
    "VB5": 0.4338235294117647,
    "VB6": 0.3090909090909091,