{
  "clustering_coefficients": {
    "ADAL": 0.19503171247357293,
    "ADAR": 0.23625792811839325,
    "ADEL": 0.23044397463002114,
    "ADER": 0.20983086680761098,
    "ADFL": 0.23319608852290272,
    "ADFR": 0.23653653653653653,
    "ADLL": 0.21370599573906868,
    "ADLR": 0.2345907544526716,
    "AFDL": 0.18439509059029807,
    "AFDR": 0.1680303915838691,
    "AIAL": 0.2738347457627119,
    "AIAR": 0.261518771331058,
    "AIBL": 0.0,
    "AIBR": 0.0,
    "AIML": 0.21598639455782312,
    "AIMR": 0.2274659863945578,
    "AINL": 0.0,
    "AINR": 0.0,
    "AIYL": 0.2390106449592987,
    "AIYR": 0.22386377864029047,
    "AIZL": 0.2956491949297705,
    "AIZR": 0.27421758569299554,
    "ALA": 0.26785714285714285,
    "ALML": 0.24492753623188407,
    "ALMR": 0.35555555555555557,
    "ALNL": 0.0,
    "ALNR": 0.0,
    "AQR": 0.26843007592456525,
    "AS1": 0.4714285714285714,
    "AS10": 0.47619047619047616,
    "AS11": 0.4074074074074074,
    "AS2": 0.4126984126984127,
    "AS3": 0.2916666666666667,
    "AS4": 0.35294117647058826,
    "AS5": 0.5043290043290043,
    "AS6": 0.5,
    "AS7": 0.45054945054945056,
    "AS8": 0.35454545454545455,
    "AS9": 0.2032967032967033,
    "ASEL": 0.22193223038131468,
    "ASER": 0.22167335597406607,
    "ASGL": 0.23634959571181974,
    "ASGR": 0.21649539146095984,
    "ASHL": 0.2131377837716341,
    "ASHR": 0.22755704853469247,
    "ASIL": 0.21075344063447632,
    "ASIR": 0.2009603274559194,
    "ASJL": 0.2559751173196551,
    "ASJR": 0.2229242819843342,
    "ASKL": 0.220999931884749,
    "ASKR": 0.24261275272161742,
    "AUAL": 0.30121293800539084,
    "AUAR": 0.2760942760942761,
    "AVAL": 0.24800139033715676,
    "AVAR": 0.22777036048064087,
    "AVBL": 0.22832980972515857,
    "AVBR": 0.1876321353065539,
    "AVDL": 0.2665020206555905,
    "AVDR": 0.2473636975544088,
    "AVEL": 0.29827315541601257,
    "AVER": 0.3333333333333333,
    "AVFL": 0.274310595065312,
    "AVFR": 0.2652916073968706,
    "AVG": 0.22323232323232323,
    "AVHL": 0.0,
    "AVHR": 0.0,
    "AVJL": 0.0,
    "AVJR": 0.0,
    "AVKL": 0.24482758620689654,
    "AVKR": 0.16896551724137931,
    "AVL": 0.0,
    "AVM": 0.3173605655930872,
    "AWAL": 0.3081761006289308,
    "AWAR": 0.30634278002699056,
    "AWBL": 0.25858250276854927,
    "AWBR": 0.2868217054263566,
    "AWCL": 0.1858974358974359,
    "AWCR": 0.14743589743589744,
    "BAGL": 0.25622641509433963,
    "BAGR": 0.31053952321204514,
    "BDUL": 0.2575201760821717,
    "BDUR": 0.25630176449405834,
    "CANL": 0.0,
    "CANR": 0.0,
    "CEPDL": 0.0,
    "CEPDR": 0.0,
    "CEPVL": 0.0,
    "CEPVR": 0.0,
    "DA1": 0.2,
    "DA2": 0.45,
    "DA3": 0.4415204678362573,
    "DA4": 0.3333333333333333,
    "DA5": 0.4107142857142857,
    "DA6": 0.41798941798941797,
    "DA7": 0.4,
    "DA8": 0.40229885057471265,
    "DA9": 0.4945054945054945,
    "DB1": 0.3717948717948718,
    "DB2": 0.32329462989840346,
    "DB3": 0.25,
    "DB4": 0.489010989010989,
    "DB5": 0.42857142857142855,
    "DB6": 0.5545454545454546,
    "DB7": 0.4722222222222222,
    "DD1": 0.26529477196885426,
    "DD2": 0.2888997395833333,
    "DD3": 0.28019607843137256,
    "DD4": 0.3172541743970315,
    "DD5": 0.26684931506849313,
    "DD6": 0.25992063492063494,
    "DVA": 0.23716056670602126,
    "DVB": 0.0,
    "DVC": 0.0,
    "FLPL": 0.2248248056062206,
    "FLPR": 0.23725449226911827,
    "HSNL": 0.33971088435374147,
    "HSNR": 0.40756302521008403,
    "I1L": 0.27933673469387754,
    "I1R": 0.32491582491582494,
    "I2L": 0.2584158415841584,
    "I2R": 0.238348623853211,
    "I3": 0.0,
    "I4": 0.08333333333333333,
    "I5": 0.2757352941176471,
    "I6": 0.16666666666666666,
    "IL1DL": 0.0,
    "IL1DR": 0.0,
    "IL1L": 0.0,
    "IL1R": 0.0,
    "IL1VL": 0.0,
    "IL1VR": 0.0,
    "IL2DL": 0.2461734693877551,
    "IL2DR": 0.2347560975609756,
    "IL2L": 0.25634249471458775,
    "IL2R": 0.32192414431082333,
    "IL2VL": 0.3191489361702128,
    "IL2VR": 0.2817073170731707,
    "LUAL": 0.26744186046511625,
    "LUAR": 0.24312896405919662,
    "M1": 0.0,
    "M2L": 0.1893215480172002,
    "M2R": 0.18311036789297658,
    "M3L": 0.22964440013293452,
    "M3R": 0.24759531811333874,
    "M4": 0.19794801641586868,
    "M5": 0.24854819976771197,
    "MCL": 0.19781121751025993,
    "MCR": 0.1667578659370725,
    "MI": 0.0,
    "NSML": 0.23384615384615384,
    "NSMR": 0.16923076923076924,
    "OLLL": 0.2712765957446808,
    "OLLR": 0.3297979797979798,
    "OLQDL": 0.24113475177304963,
    "OLQDR": 0.2645698427382054,
    "OLQVL": 0.23604710701484896,
    "OLQVR": 0.27393617021276595,
    "PDA": 0.0,
    "PDB": 0.0,
    "PDEL": 0.0,
    "PDER": 0.0,
    "PHAL": 0.22673801521316114,
    "PHAR": 0.21551459293394779,
    "PHBL": 0.2516624445851805,
    "PHBR": 0.26291608876560335,
    "PHCL": 0.0,
    "PHCR": 0.0,
    "PLML": 0.2895927601809955,
    "PLMR": 0.26484975541579314,
    "PLNL": 0.0,
    "PLNR": 0.0,
    "PQR": 0.26875584658559404,
    "PVCL": 0.25362844702467346,
    "PVCR": 0.3182624113475177,
    "PVDL": 0.3332022029897718,
    "PVDR": 0.2911631419939577,
    "PVM": 0.2642857142857143,
    "PVNL": 0.23625792811839325,
    "PVNR": 0.18921775898520085,
    "PVPL": 0.20579710144927535,
    "PVPR": 0.24936061381074168,
    "PVQL": 0.27358490566037735,
    "PVQR": 0.24024390243902438,
    "PVR": 0.31445904954499493,
    "PVT": 0.2375886524822695,
    "PVWL": 0.2512987012987013,
    "PVWR": 0.30505050505050507,
    "RIAL": 0.3612078977932636,
    "RIAR": 0.3164924506387921,
    "RIBL": 0.0,
    "RIBR": 0.0,
    "RICL": 0.26845794392523364,
    "RICR": 0.2248868778280543,
    "RID": 0.22832980972515857,
    "RIFL": 0.3147163120567376,
    "RIFR": 0.3829268292682927,
    "RIGL": 0.24715090795241076,
    "RIGR": 0.2263335837716003,
    "RIH": 0.0,
    "RIML": 0.17241111628629094,
    "RIMR": 0.18770377270610153,
    "RIPL": 0.0,
    "RIPR": 0.0,
    "RIR": 0.0,
    "RIS": 0.18921775898520085,
    "RIVL": 0.26201298701298703,
    "RIVR": 0.2978723404255319,
    "RMDDL": 0.0,
    "RMDDR": 0.0,
    "RMDL": 0.0,
    "RMDR": 0.0,
    "RMDVL": 0.0,
    "RMDVR": 0.0,
    "RMED": 0.24883268482490273,
    "RMEL": 0.27877877877877877,
    "RMER": 0.2667993444158277,
    "RMEV": 0.29301075268817206,
    "RMFL": 0.0,
    "RMFR": 0.0,
    "RMGL": 0.22972972972972974,
    "RMGR": 0.20096328883495146,
    "RMHL": 0.0,
    "RMHR": 0.0,
    "SAADL": 0.2742816091954023,
    "SAADR": 0.31616705098642073,
    "SAAVL": 0.17706131078224102,
    "SAAVR": 0.24101479915433405,
    "SABD": 0.34294871794871795,
    "SABVL": 0.3399778516057586,
    "SABVR": 0.28784013605442177,
    "SDQL": 0.3202020202020202,
    "SDQR": 0.2963265306122449,
    "SIADL": 0.1686046511627907,
    "SIADR": 0.24947145877378435,
    "SIAVL": 0.14587737843551796,
    "SIAVR": 0.17283298097251584,
    "SIBDL": 0.0,
    "SIBDR": 0.0,
    "SIBVL": 0.0,
    "SIBVR": 0.0,
    "SMBDL": 0.29306122448979594,
    "SMBDR": 0.3338383838383838,
    "SMBVL": 0.0,
    "SMBVR": 0.0,
    "SMDDL": 0.0,
    "SMDDR": 0.0,
    "SMDVL": 0.0,
    "SMDVR": 0.0,
    "URADL": 0.2580027359781122,
    "URADR": 0.22517099863201095,
    "URAVL": 0.16511627906976745,
    "URAVR": 0.18057455540355677,
    "URBL": 0.0,
    "URBR": 0.0,
    "URXL": 0.22896890343698853,
    "URXR": 0.22578526215215575,
    "URYDL": 0.3039832285115304,
    "URYDR": 0.26232993197278914,
    "URYVL": 0.29573170731707316,
    "URYVR": 0.3382663847780127,
    "VA1": 0.5,
    "VA10": 0.3956989247311828,
    "VA11": 0.44642857142857145,
    "VA12": 0.3952380952380952,
    "VA2": 0.125,
    "VA3": 0.44696969696969696,
    "VA4": 0.38095238095238093,
    "VA5": 0.4117647058823529,
    "VA6": 0.23809523809523808,
    "VA7": 0.28846153846153844,
    "VA8": 0.38095238095238093,
    "VA9": 0.15,
    "VB1": 0.3620689655172414,
    "VB10": 0.16666666666666666,
    "VB11": 0.3,
    "VB2": 0.3416666666666667,
    "VB3": 0.4483065953654189,
    "VB4": 0.44505494505494503,
    "VB5": 0.39215686274509803,
    "VB6": 0.5714285714285714,
    "VB7": 0.39,