{
  "clustering_coefficients": {
    "ADAL": 0.15327695560253699,
    "ADAR": 0.21458773784355178,
    "ADEL": 0.20824524312896406,
    "ADER": 0.17970401691331925,
    "ADFL": 0.23820801263074798,
    "ADFR": 0.22393929323141687,
    "ADLL": 0.2448579304495335,
    "ADLR": 0.23314462171899125,
    "AFDL": 0.2004675628287551,
    "AFDR": 0.20192869666861485,
    "AIAL": 0.2798871216008209,
    "AIAR": 0.23450134770889489,
    "AIBL": 0.0,
    "AIBR": 0.0,
    "AIML": 0.25170068027210885,
    "AIMR": 0.2304421768707483,
    "AINL": 0.0,
    "AINR": 0.0,
    "AIYL": 0.2436551164677251,
    "AIYR": 0.21383612453636058,
    "AIZL": 0.313314447592068,
    "AIZR": 0.30819746376811596,
    "ALA": 0.17857142857142858,
    "ALML": 0.263921568627451,
    "ALMR": 0.288159111933395,
    "ALNL": 0.0,
    "ALNR": 0.0,
    "AQR": 0.25957674792392177,
    "AS1": 0.5,
    "AS10": 0.42016806722689076,
    "AS11": 0.36813186813186816,
    "AS2": 0.5086580086580087,
    "AS3": 0.20833333333333334,
    "AS4": 0.40476190476190477,
    "AS5": 0.4747126436781609,
    "AS6": 0.4014778325123153,
    "AS7": 0.5046153846153846,
    "AS8": 0.47619047619047616,
    "AS9": 0.35,
    "ASEL": 0.19790869676103034,
    "ASER": 0.20419639110365087,
    "ASGL": 0.2407424465733235,
    "ASGR": 0.23749640011519632,
    "ASHL": 0.21519389701207883,
    "ASHR": 0.2359240801611706,
    "ASIL": 0.22507481493148526,
    "ASIR": 0.21254607212546073,
    "ASJL": 0.2333568572100682,
    "ASJR": 0.2489280333758257,
    "ASKL": 0.20782457914890543,
    "ASKR": 0.20949216210359026,
    "AUAL": 0.2928528164748637,
    "AUAR": 0.29210220673635306,
    "AVAL": 0.22044053868979685,
    "AVAR": 0.23519259975148418,
    "AVBL": 0.21035940803382663,
    "AVBR": 0.22568710359408034,
    "AVDL": 0.27616599338964376,
    "AVDR": 0.29582366589327147,
    "AVEL": 0.33766233766233766,
    "AVER": 0.32157394843962006,
    "AVFL": 0.27465986394557823,
    "AVFR": 0.30841638981173863,
    "AVG": 0.27575757575757576,
    "AVHL": 0.0,
    "AVHR": 0.0,
    "AVJL": 0.0,
    "AVJR": 0.0,
    "AVKL": 0.13218390804597702,
    "AVKR": 0.14367816091954022,
    "AVL": 0.0,
    "AVM": 0.24709724238026126,
    "AWAL": 0.30369843527738266,
    "AWAR": 0.2857142857142857,
    "AWBL": 0.34210526315789475,
    "AWBR": 0.3195121951219512,
    "AWCL": 0.22435897435897437,
    "AWCR": 0.1794871794871795,
    "BAGL": 0.27953646127755793,
    "BAGR": 0.29012345679012347,
    "BDUL": 0.267471181556196,
    "BDUR": 0.24192364170337738,
    "CANL": 0.0,
    "CANR": 0.0,
    "CEPDL": 0.0,
    "CEPDR": 0.0,
    "CEPVL": 0.0,
    "CEPVR": 0.0,
    "DA1": 0.2857142857142857,
    "DA2": 0.34285714285714286,
    "DA3": 0.5047619047619047,
    "DA4": 0.5,
    "DA5": 0.48947368421052634,
    "DA6": 0.3333333333333333,
    "DA7": 0.41774891774891776,
    "DA8": 0.47167487684729065,
    "DA9": 0.424901185770751,
    "DB1": 0.35,
    "DB2": 0.29310344827586204,
    "DB3": 0.36666666666666664,
    "DB4": 0.44372294372294374,
    "DB5": 0.38095238095238093,
    "DB6": 0.4773109243697479,
    "DB7": 0.45955882352941174,
    "DD1": 0.28793650793650793,
    "DD2": 0.3055658627087198,
    "DD3": 0.2278457545420838,
    "DD4": 0.3098068350668648,
    "DD5": 0.2960621387283237,
    "DD6": 0.2793851717902351,
    "DVA": 0.2656649135987979,
    "DVB": 0.15,
    "DVC": 0.0,
    "FLPL": 0.22010655090765588,
    "FLPR": 0.22271850573545832,
    "HSNL": 0.3630229419703104,
    "HSNR": 0.36874236874236876,
    "I1L": 0.2585858585858586,
    "I1R": 0.25925925925925924,
    "I2L": 0.23378962536023054,
    "I2R": 0.23773192301023063,
    "I3": 0.0,
    "I4": 0.16666666666666666,
    "I5": 0.20955882352941177,
    "I6": 0.2222222222222222,
    "IL1DL": 0.0,
    "IL1DR": 0.0,
    "IL1L": 0.0,
    "IL1R": 0.0,
    "IL1VL": 0.0,
    "IL1VR": 0.0,
    "IL2DL": 0.2596638655462185,
    "IL2DR": 0.32564102564102565,
    "IL2L": 0.2820408163265306,
    "IL2R": 0.3142857142857143,
    "IL2VL": 0.2854122621564482,
    "IL2VR": 0.317923186344239,
    "LUAL": 0.18181818181818182,
    "LUAR": 0.21405919661733616,
    "M1": 0.0,
    "M2L": 0.19039655996177735,
    "M2R": 0.1838270425226947,
    "M3L": 0.219169216286185,
    "M3R": 0.24663044613937937,
    "M4": 0.186593707250342,
    "M5": 0.21718931475029035,
    "MCL": 0.19712722298221613,
    "MCR": 0.17852257181942544,
    "MI": 0.0,
    "NSML": 0.2153846153846154,
    "NSMR": 0.2630769230769231,
    "OLLL": 0.32326530612244897,
    "OLLR": 0.2877073906485671,
    "OLQDL": 0.26860254083484575,
    "OLQDR": 0.2429078014184397,
    "OLQVL": 0.32238667900092505,
    "OLQVR": 0.23934311670160727,
    "PDA": 0.0,
    "PDB": 0.0,
    "PDEL": 0.0,
    "PDER": 0.0,
    "PHAL": 0.2206601466992665,
    "PHAR": 0.21189237847569514,
    "PHBL": 0.24714579824068875,
    "PHBR": 0.21363282769350447,
    "PHCL": 0.0,
    "PHCR": 0.0,
    "PLML": 0.3135265700483092,
    "PLMR": 0.3314102564102564,
    "PLNL": 0.0,
    "PLNR": 0.0,
    "PQR": 0.25708635464733026,
    "PVCL": 0.3172987974098057,
    "PVCR": 0.27150786308973174,
    "PVDL": 0.29096638655462187,
    "PVDR": 0.30546519193233573,
    "PVM": 0.28058510638297873,
    "PVNL": 0.20348837209302326,
    "PVNR": 0.2521141649048626,
    "PVPL": 0.28964059196617337,
    "PVPR": 0.22294843863471314,
    "PVQL": 0.2560386473429952,
    "PVQR": 0.2662473794549266,
    "PVR": 0.31209362808842656,
    "PVT": 0.24689716312056736,
    "PVWL": 0.2324561403508772,
    "PVWR": 0.2699829931972789,
    "RIAL": 0.36428571428571427,
    "RIAR": 0.3787878787878788,
    "RIBL": 0.0,
    "RIBR": 0.0,
    "RICL": 0.2700316885468538,
    "RICR": 0.2936354869816779,
    "RID": 0.18181818181818182,
    "RIFL": 0.26374207188160675,
    "RIFR": 0.31755102040816324,
    "RIGL": 0.2388758782201405,
    "RIGR": 0.2175051838917385,
    "RIH": 0.0,
    "RIML": 0.18343424934016456,
    "RIMR": 0.18304611085235212,
    "RIPL": 0.0,
    "RIPR": 0.0,
    "RIR": 0.0,
    "RIS": 0.21088794926004228,
    "RIVL": 0.2814102564102564,
    "RIVR": 0.22448979591836735,
    "RMDDL": 0.0,
    "RMDDR": 0.0,
    "RMDL": 0.0,
    "RMDR": 0.0,
    "RMDVL": 0.0,
    "RMDVR": 0.0,
    "RMED": 0.28354554358472084,
    "RMEL": 0.242389357892044,
    "RMER": 0.26834460305534685,
    "RMEV": 0.2940466613032985,
    "RMFL": 0.0,
    "RMFR": 0.0,
    "RMGL": 0.2321785220463973,
    "RMGR": 0.2066998244587478,
    "RMHL": 0.0,
    "RMHR": 0.0,
    "SAADL": 0.26307644692045806,
    "SAADR": 0.2939415708812261,
    "SAAVL": 0.21881606765327696,
    "SAAVR": 0.21511627906976744,
    "SABD": 0.31007751937984496,
    "SABVL": 0.2568710359408034,
    "SABVR": 0.36346153846153845,
    "SDQL": 0.28535353535353536,
    "SDQR": 0.27149321266968324,
    "SIADL": 0.23150105708245244,
    "SIADR": 0.21881606765327696,
    "SIAVL": 0.22463002114164904,
    "SIAVR": 0.24260042283298097,
    "SIBDL": 0.0,
    "SIBDR": 0.0,
    "SIBVL": 0.0,
    "SIBVR": 0.0,
    "SMBDL": 0.276395173453997,
    "SMBDR": 0.3239202657807309,
    "SMBVL": 0.0,
    "SMBVR": 0.0,
    "SMDDL": 0.0,
    "SMDDR": 0.0,
    "SMDVL": 0.0,
    "SMDVR": 0.0,
    "URADL": 0.1835841313269494,
    "URADR": 0.18303693570451438,
    "URAVL": 0.18549931600547195,
    "URAVR": 0.20437756497948018,
    "URBL": 0.0,
    "URBR": 0.0,
    "URXL": 0.22888753552578156,
    "URXR": 0.2197931887152973,
    "URYDL": 0.2824915824915825,
    "URYDR": 0.27567067530064754,
    "URYVL": 0.2986211901306241,
    "URYVR": 0.32583454281567487,
    "VA1": 0.3333333333333333,
    "VA10": 0.6363636363636364,
    "VA11": 0.4107142857142857,
    "VA12": 0.38095238095238093,
    "VA2": 0.3333333333333333,
    "VA3": 0.43333333333333335,
    "VA4": 0.32679738562091504,
    "VA5": 0.43315508021390375,
    "VA6": 0.44545454545454544,
    "VA7": 0.3333333333333333,
    "VA8": 0.3780487804878049,
    "VA9": 0.3831908831908832,
    "VB1": 0.2,
    "VB10": 0.3815060908084164,
    "VB11": 0.3131868131868132,
    "VB2": 0.5694444444444444,
    "VB3": 0.36538461538461536,
    "VB4": 0.3790849673202614,