{
  "clustering_coefficients": {
    "ADAL": 0.2204016913319239,
    "ADAR": 0.21934460887949261,
    "ADEL": 0.19608879492600423,
    "ADER": 0.1828752642706131,
    "ADFL": 0.21719621634731992,
    "ADFR": 0.2378402722177742,
    "ADLL": 0.21406300397806688,
    "ADLR": 0.2495291902071563,
    "AFDL": 0.20397428404441847,
    "AFDR": 0.2413793103448276,
    "AIAL": 0.23891625615763548,
    "AIAR": 0.24708014498590414,
    "AIBL": 0.0,
    "AIBR": 0.0,
    "AIML": 0.2108843537414966,
    "AIMR": 0.23767006802721088,
    "AINL": 0.0,
    "AINR": 0.0,
    "AIYL": 0.2409972299168975,
    "AIYR": 0.21207759699624532,
    "AIZL": 0.31195756991321116,
    "AIZR": 0.291005291005291,
    "ALA": 0.17857142857142858,
    "ALML": 0.3077816492450639,
    "ALMR": 0.2960222016651249,
    "ALNL": 0.0,
    "ALNR": 0.0,
    "AQR": 0.3040076859730991,
    "AS1": 0.375,
    "AS10": 0.3404634581105169,
    "AS11": 0.15,
    "AS2": 0.3238095238095238,
    "AS3": 0.55,
    "AS4": 0.5,
    "AS5": 0.4441287878787879,
    "AS6": 0.2857142857142857,
    "AS7": 0.4375,
    "AS8": 0.3917748917748918,
    "AS9": 0.4051383399209486,
    "ASEL": 0.21808785529715763,
    "ASER": 0.21210031888304748,
    "ASGL": 0.23589277601090414,
    "ASGR": 0.217346481398476,
    "ASHL": 0.2206844711708525,
    "ASHR": 0.22179862126592856,
    "ASIL": 0.2128065395095368,
    "ASIR": 0.19433811802232856,
    "ASJL": 0.2455861581920904,
    "ASJR": 0.26131971286582,
    "ASKL": 0.23327144183389273,
    "ASKR": 0.20391811393573286,
    "AUAL": 0.362708719851577,
    "AUAR": 0.2863881401617251,
    "AVAL": 0.24530285113651293,
    "AVAR": 0.23436306080122257,
    "AVBL": 0.1553911205073996,
    "AVBR": 0.2711416490486258,
    "AVDL": 0.2534435261707989,
    "AVDR": 0.2605087014725569,
    "AVEL": 0.3806818181818182,
    "AVER": 0.3531047265987025,
    "AVFL": 0.3383167220376523,
    "AVFR": 0.27601809954751133,
    "AVG": 0.2861328125,
    "AVHL": 0.0,
    "AVHR": 0.0,
    "AVJL": 0.0,
    "AVJR": 0.0,
    "AVKL": 0.1781609195402299,
    "AVKR": 0.25632183908045975,
    "AVL": 0.0,
    "AVM": 0.26951357466063347,
    "AWAL": 0.3211517165005537,
    "AWAR": 0.2591093117408907,
    "AWBL": 0.274234693877551,
    "AWBR": 0.3235294117647059,
    "AWCL": 0.1794871794871795,
    "AWCR": 0.0641025641025641,
    "BAGL": 0.3067226890756303,
    "BAGR": 0.32214554579673776,
    "BDUL": 0.2717095015576324,
    "BDUR": 0.24013092640349137,
    "CANL": 0.0,
    "CANR": 0.0,
    "CEPDL": 0.0,
    "CEPDR": 0.0,
    "CEPVL": 0.0,
    "CEPVR": 0.0,
    "DA1": 0.5,
    "DA2": 0.40384615384615385,
    "DA3": 0.4090909090909091,
    "DA4": 0.4954022988505747,
    "DA5": 0.38975817923186346,
    "DA6": 0.44642857142857145,
    "DA7": 0.42857142857142855,
    "DA8": 0.3333333333333333,
    "DA9": 0.45098039215686275,
    "DB1": 0.49583333333333335,
    "DB2": 0.3352685050798258,
    "DB3": 0.16666666666666666,
    "DB4": 0.4131578947368421,
    "DB5": 0.11904761904761904,
    "DB6": 0.25,
    "DB7": 0.4031339031339031,
    "DD1": 0.24764567392583872,
    "DD2": 0.2726495726495726,
    "DD3": 0.28418277680140597,
    "DD4": 0.2699076110866696,
    "DD5": 0.2985501716901946,
    "DD6": 0.3129980079681275,
    "DVA": 0.23963341346153846,
    "DVB": 0.15,
    "DVC": 0.0,
    "FLPL": 0.23462034846203483,
    "FLPR": 0.2486981774484278,
    "HSNL": 0.3698717948717949,
    "HSNR": 0.3545933294324166,
    "I1L": 0.2613240418118467,
    "I1R": 0.3054298642533937,
    "I2L": 0.24288877533639924,
    "I2R": 0.2515937568696417,
    "I3": 0.0,
    "I4": 0.4166666666666667,
    "I5": 0.28308823529411764,
    "I6": 0.2638888888888889,
    "IL1DL": 0.0,
    "IL1DR": 0.0,
    "IL1L": 0.0,
    "IL1R": 0.0,
    "IL1VL": 0.0,
    "IL1VR": 0.0,
    "IL2DL": 0.3443670150987224,
    "IL2DR": 0.26965669988925806,
    "IL2L": 0.26063829787234044,
    "IL2R": 0.3427800269905533,
    "IL2VL": 0.32560386473429953,
    "IL2VR": 0.28469945355191256,
    "LUAL": 0.193446088794926,
    "LUAR": 0.2182875264270613,
    "M1": 0.0,
    "M2L": 0.2072384137601529,
    "M2R": 0.15563784042044912,
    "M3L": 0.2630199803471995,
    "M3R": 0.22754143966616436,
    "M4": 0.17701778385772915,
    "M5": 0.23809523809523808,
    "MCL": 0.20437756497948018,
    "MCR": 0.19097127222982216,
    "MI": 0.0,
    "NSML": 0.16307692307692306,
    "NSMR": 0.2153846153846154,
    "OLLL": 0.3344155844155844,
    "OLLR": 0.23591836734693877,
    "OLQDL": 0.2259001161440186,
    "OLQDR": 0.3,
    "OLQVL": 0.2895927601809955,
    "OLQVR": 0.30939716312056736,
    "PDA": 0.0,
    "PDB": 0.0,
    "PDEL": 0.0,
    "PDER": 0.0,
    "PHAL": 0.21255891080467795,
    "PHAR": 0.22999040307101729,
    "PHBL": 0.2699228791773779,
    "PHBR": 0.2559375863021265,
    "PHCL": 0.0,
    "PHCR": 0.0,
    "PLML": 0.3039965986394558,
    "PLMR": 0.3211517165005537,
    "PLNL": 0.0,
    "PLNR": 0.0,
    "PQR": 0.23784556720686367,
    "PVCL": 0.29587519830777365,
    "PVCR": 0.3010204081632653,
    "PVDL": 0.30026990553306343,
    "PVDR": 0.31169811320754715,
    "PVM": 0.2495748299319728,
    "PVNL": 0.2510570824524313,
    "PVNR": 0.23995771670190275,
    "PVPL": 0.2972909855207847,
    "PVPR": 0.21179883945841393,
    "PVQL": 0.2579185520361991,
    "PVQR": 0.26941176470588235,
    "PVR": 0.25043885313048564,
    "PVT": 0.25310283687943264,
    "PVWL": 0.22963659147869675,
    "PVWR": 0.25339366515837103,
    "RIAL": 0.294973544973545,
    "RIAR": 0.3479609929078014,
    "RIBL": 0.0,
    "RIBR": 0.0,
    "RICL": 0.28597122302158273,
    "RICR": 0.32180120812740254,
    "RID": 0.2357293868921776,
    "RIFL": 0.2938689217758985,
    "RIFR": 0.30391120507399577,
    "RIGL": 0.22427391086629944,
    "RIGR": 0.23483017427808167,
    "RIH": 0.0,
    "RIML": 0.1663561558764167,
    "RIMR": 0.18816953889147647,
    "RIPL": 0.0,
    "RIPR": 0.0,
    "RIR": 0.0,
    "RIS": 0.21300211416490486,
    "RIVL": 0.2725490196078431,
    "RIVR": 0.2746331236897275,
    "RMDDL": 0.0,
    "RMDDR": 0.0,
    "RMDL": 0.0,
    "RMDR": 0.0,
    "RMDVL": 0.0,
    "RMDVR": 0.0,
    "RMED": 0.30184331797235026,
    "RMEL": 0.2446135831381733,
    "RMER": 0.2548602673147023,
    "RMEV": 0.2527500639549757,
    "RMFL": 0.0,
    "RMFR": 0.0,
    "RMGL": 0.2323735843037167,
    "RMGR": 0.21175578831312017,
    "RMHL": 0.0,
    "RMHR": 0.0,
    "SAADL": 0.24632859109683342,
    "SAADR": 0.2581925243215566,
    "SAAVL": 0.2489429175475687,
    "SAAVR": 0.23361522198731502,
    "SABD": 0.31456456456456455,
    "SABVL": 0.3409090909090909,
    "SABVR": 0.33387755102040817,
    "SDQL": 0.24606845513413506,
    "SDQR": 0.2855218855218855,
    "SIADL": 0.21300211416490486,
    "SIADR": 0.19767441860465115,
    "SIAVL": 0.2785412262156448,
    "SIAVR": 0.22357293868921777,
    "SIBDL": 0.0,
    "SIBDR": 0.0,
    "SIBVL": 0.0,
    "SIBVR": 0.0,
    "SMBDL": 0.2996828752642706,
    "SMBDR": 0.31142857142857144,
    "SMBVL": 0.0,
    "SMBVR": 0.0,
    "SMDDL": 0.0,
    "SMDDR": 0.0,
    "SMDVL": 0.0,
    "SMDVR": 0.0,
    "URADL": 0.19904240766073872,
    "URADR": 0.20738714090287277,
    "URAVL": 0.18180574555403556,
    "URAVR": 0.19712722298221613,
    "URBL": 0.0,
    "URBR": 0.0,
    "URXL": 0.23360750695088045,
    "URXR": 0.2308999176276771,
    "URYDL": 0.34249471458773784,
    "URYDR": 0.3211764705882353,
    "URYVL": 0.27740863787375414,
    "URYVR": 0.30914634146341463,
    "VA1": 0.5261904761904762,
    "VA10": 0.4166666666666667,
    "VA11": 0.5138888888888888,
    "VA12": 0.5333333333333333,
    "VA2": 0.41125541125541126,
    "VA3": 0.28888888888888886,
    "VA4": 0.27485380116959063,
    "VA5": 0.4166666666666667,
    "VA6": 0.4869281045751634,
    "VA7": 0.45849802371541504,
    "VA8": 0.4888888888888889,
    "VA9": 0.5357142857142857,
    "VB1": 0.4444444444444444,
    "VB10": 0.36764705882352944,
    "VB11": 0.36666666666666664,
    "VB2": 0.3,
    "VB3": 0.4861111111111111,
    "VB4": 0.33516483516483514,
    "VB5": 0.3106060606060606,
    "VB6": 0.2857142857142857,
    "VB7": 0.5,
    "VB8": 0.3,
    "VB9": 0.15,