{
  "clustering_coefficients": {
    "ADAL": 0.2843551797040169,
    "ADAR": 0.24471458773784355,
    "ADEL": 0.2679704016913319,
    "ADER": 0.2774841437632135,
    "ADFL": 0.222035686876439,
    "ADFR": 0.24323529411764705,
    "ADLL": 0.2148007003810897,
    "ADLR": 0.22396991844084313,
    "AFDL": 0.27206312098188196,
    "AFDR": 0.2130333138515488,
    "AIAL": 0.26967032967032967,
    "AIAR": 0.2636761487964989,
    "AIBL": 0.0,
    "AIBR": 0.0,
    "AIML": 0.25297619047619047,
    "AIMR": 0.1921768707482993,
    "AINL": 0.0,
    "AINR": 0.0,
    "AIYL": 0.22628120893561104,
    "AIYR": 0.24907209537734787,
    "AIZL": 0.312626603646185,
    "AIZR": 0.27852084972462626,
    "ALA": 0.17857142857142858,
    "ALML": 0.3078078078078078,
    "ALMR": 0.2461734693877551,
    "ALNL": 0.0,
    "ALNR": 0.0,
    "AQR": 0.2854131534569983,
    "AS1": 0.4384057971014493,
    "AS10": 0.5824175824175825,
    "AS11": 0.3,
    "AS2": 0.2,
    "AS3": 0.30952380952380953,
    "AS4": 0.42857142857142855,
    "AS5": 0.4087301587301587,
    "AS6": 0.38461538461538464,
    "AS7": 0.4852216748768473,
    "AS8": 0.1,
    "AS9": 0.43538461538461537,
    "ASEL": 0.216437802907916,
    "ASER": 0.23756345177664975,
    "ASGL": 0.19806980698069807,
    "ASGR": 0.22222747918243754,
    "ASHL": 0.22267884322678844,
    "ASHR": 0.20611484644739234,
    "ASIL": 0.21788188245375992,
    "ASIR": 0.19991448340200577,
    "ASJL": 0.2548996175908222,
    "ASJR": 0.24293628808864265,
    "ASKL": 0.22981535736185868,
    "ASKR": 0.2016688339835284,
    "AUAL": 0.2624338624338624,
    "AUAR": 0.28830791575889614,
    "AVAL": 0.22344096623120532,
    "AVAR": 0.24414831981460022,
    "AVBL": 0.20190274841437633,
    "AVBR": 0.19080338266384778,
    "AVDL": 0.23593073593073594,
    "AVDR": 0.24705221785513756,
    "AVEL": 0.347244094488189,
    "AVER": 0.3081924577373212,
    "AVFL": 0.2975845410628019,
    "AVFR": 0.24561403508771928,
    "AVG": 0.23484848484848486,
    "AVHL": 0.0,
    "AVHR": 0.0,
    "AVJL": 0.0,
    "AVJR": 0.0,
    "AVKL": 0.17701149425287357,
    "AVKR": 0.22298850574712645,
    "AVL": 0.0,
    "AVM": 0.2771516393442623,
    "AWAL": 0.26158536585365855,
    "AWAR": 0.2883838383838384,
    "AWBL": 0.302275960170697,
    "AWBR": 0.3176532769556025,
    "AWCL": 0.20512820512820512,
    "AWCR": 0.24358974358974358,
    "BAGL": 0.24455732946298983,
    "BAGR": 0.2850678733031674,
    "BDUL": 0.22708564191863226,
    "BDUR": 0.2377955758962624,
    "CANL": 0.0,
    "CANR": 0.0,
    "CEPDL": 0.0,
    "CEPDR": 0.0,
    "CEPVL": 0.0,
    "CEPVR": 0.0,
    "DA1": 0.4473684210526316,
    "DA2": 0.39260312944523473,
    "DA3": 0.4630541871921182,
    "DA4": 0.4894179894179894,
    "DA5": 0.25,
    "DA6": 0.509090909090909,
    "DA7": 0.3333333333333333,
    "DA8": 0.5,
    "DA9": 0.19090909090909092,
    "DB1": 0.25,
    "DB2": 0.3116496598639456,
    "DB3": 0.4708994708994709,
    "DB4": 0.19047619047619047,
    "DB5": 0.5316205533596838,
    "DB6": 0.36666666666666664,
    "DB7": 0.48717948717948717,
    "DD1": 0.24560478199718705,
    "DD2": 0.3035635723713154,
    "DD3": 0.259927797833935,
    "DD4": 0.31316802052159043,
    "DD5": 0.2818596928185969,
    "DD6": 0.2674646781789639,
    "DVA": 0.23570190641247835,
    "DVB": 0.0,
    "DVC": 0.0,
    "FLPL": 0.24294335215106094,
    "FLPR": 0.2309534776600645,
    "HSNL": 0.39904862579281186,
    "HSNR": 0.3403805496828753,
    "I1L": 0.24493361285814116,
    "I1R": 0.25083056478405313,
    "I2L": 0.2638365403689744,
    "I2R": 0.23551959114139692,
    "I3": 0.0,
    "I4": 0.4166666666666667,
    "I5": 0.1801470588235294,
    "I6": 0.3333333333333333,
    "IL1DL": 0.0,
    "IL1DR": 0.0,
    "IL1L": 0.0,
    "IL1R": 0.0,
    "IL1VL": 0.0,
    "IL1VR": 0.0,
    "IL2DL": 0.25249169435215946,
    "IL2DR": 0.2888243831640058,
    "IL2L": 0.24797979797979797,
    "IL2R": 0.31068524970963995,
    "IL2VL": 0.2553191489361702,
    "IL2VR": 0.3333333333333333,
    "LUAL": 0.2204016913319239,
    "LUAR": 0.1992600422832981,
    "M1": 0.0,
    "M2L": 0.19433827042522694,
    "M2R": 0.19039655996177735,
    "M3L": 0.25609497562009753,
    "M3R": 0.23246402877697842,
    "M4": 0.17824897400820794,
    "M5": 0.18931475029036005,
    "MCL": 0.18207934336525308,
    "MCR": 0.18071135430916552,
    "MI": 0.0,
    "NSML": 0.16307692307692306,
    "NSMR": 0.19846153846153847,
    "OLLL": 0.2688734030197445,
    "OLLR": 0.30579710144927535,
    "OLQDL": 0.2463768115942029,
    "OLQDR": 0.2695578231292517,
    "OLQVL": 0.26817375886524825,
    "OLQVR": 0.23484848484848486,
    "PDA": 0.0,
    "PDB": 0.0,
    "PDEL": 0.0,
    "PDER": 0.0,
    "PHAL": 0.21002937473772557,
    "PHAR": 0.22198772064466615,
    "PHBL": 0.22292787944025835,
    "PHBR": 0.24518944653838523,
    "PHCL": 0.0,
    "PHCR": 0.0,
    "PLML": 0.32154882154882153,
    "PLMR": 0.2717198581560284,
    "PLNL": 0.0,
    "PLNR": 0.0,
    "PQR": 0.2597299444003177,
    "PVCL": 0.25900900900900903,
    "PVCR": 0.24107142857142858,
    "PVDL": 0.34384093113482056,
    "PVDR": 0.27397868561278865,
    "PVM": 0.2393617021276596,
    "PVNL": 0.15644820295983086,
    "PVNR": 0.18181818181818182,
    "PVPL": 0.24106280193236715,
    "PVPR": 0.2191919191919192,
    "PVQL": 0.276078431372549,
    "PVQR": 0.25339366515837103,
    "PVR": 0.2803030303030303,
    "PVT": 0.1427304964539007,
    "PVWL": 0.2506493506493506,
    "PVWR": 0.2708333333333333,
    "RIAL": 0.32859848484848486,
    "RIAR": 0.34285714285714286,
    "RIBL": 0.0,
    "RIBR": 0.0,
    "RICL": 0.2838367987446057,
    "RICR": 0.2483324781939456,
    "RID": 0.3023255813953488,
    "RIFL": 0.28939393939393937,
    "RIFR": 0.3092006033182504,
    "RIGL": 0.26248357424441526,
    "RIGR": 0.22068403908794787,
    "RIH": 0.0,
    "RIML": 0.17807793820835274,
    "RIMR": 0.18118304611085234,
    "RIPL": 0.0,
    "RIPR": 0.0,
    "RIR": 0.0,
    "RIS": 0.19397463002114165,
    "RIVL": 0.24986779481755686,
    "RIVR": 0.25471698113207547,
    "RMDDL": 0.0,
    "RMDDR": 0.0,
    "RMDL": 0.0,
    "RMDR": 0.0,
    "RMDVL": 0.0,
    "RMDVR": 0.0,
    "RMED": 0.24837337337337337,
    "RMEL": 0.2578005115089514,
    "RMER": 0.2843384544829168,
    "RMEV": 0.25442122186495175,
    "RMFL": 0.0,
    "RMFR": 0.0,
    "RMGL": 0.19466242226828545,
    "RMGR": 0.20736669284031695,
    "RMHL": 0.0,
    "RMHR": 0.0,
    "SAADL": 0.23809523809523808,
    "SAADR": 0.2883454106280193,
    "SAAVL": 0.2727272727272727,
    "SAAVR": 0.1992600422832981,
    "SABD": 0.2935222672064777,
    "SABVL": 0.40730837789661317,
    "SABVR": 0.3952380952380952,
    "SDQL": 0.313953488372093,
    "SDQR": 0.2994949494949495,
    "SIADL": 0.22251585623678646,
    "SIADR": 0.20930232558139536,
    "SIAVL": 0.23784355179704017,
    "SIAVR": 0.2124735729386892,
    "SIBDL": 0.0,
    "SIBDR": 0.0,
    "SIBVL": 0.0,
    "SIBVR": 0.0,
    "SMBDL": 0.2850877192982456,
    "SMBDR": 0.3222591362126246,
    "SMBVL": 0.0,
    "SMBVR": 0.0,
    "SMDDL": 0.0,
    "SMDDR": 0.0,
    "SMDVL": 0.0,
    "SMDVR": 0.0,
    "URADL": 0.20259917920656634,
    "URADR": 0.1781121751025992,
    "URAVL": 0.14131326949384404,
    "URAVR": 0.16060191518467853,
    "URBL": 0.0,
    "URBR": 0.0,
    "URXL": 0.2232909144717372,
    "URXR": 0.2072849025974026,
    "URYDL": 0.29069767441860467,
    "URYDR": 0.34668989547038326,
    "URYVL": 0.3250528541226216,
    "URYVR": 0.3054078014184397,
    "VA1": 0.38810483870967744,
    "VA10": 0.35,
    "VA11": 0.46875,
    "VA12": 0.38850574712643676,
    "VA2": 0.3472222222222222,
    "VA3": 0.36507936507936506,
    "VA4": 0.4,
    "VA5": 0.3588709677419355,
    "VA6": 0.3194444444444444,
    "VA7": 0.4485887096774194,
    "VA8": 0.4619883040935672,
    "VA9": 0.4815270935960591,
    "VB1": 0.3954248366013072,
    "VB10": 0.4938423645320197,
    "VB11": 0.4,
    "VB2": 0.25,
    "VB3": 0.37142857142857144,
    "VB4": 0.4523076923076923,
    "VB5": 0.4173387096774194,
    "VB6": 0.4888888888888889,
    "VB7": 0.4065934065934066,
    "VB8": 0.38571428571428573,