{
  "clustering_coefficients": {
    "ADAL": 0.2135306553911205,
    "ADAR": 0.22463002114164904,
    "ADEL": 0.2795983086680761,
    "ADER": 0.1638477801268499,
    "ADFL": 0.23493975903614459,
    "ADFR": 0.21656050955414013,
    "ADLL": 0.22624760076775433,
    "ADLR": 0.2394659596629107,
    "AFDL": 0.22910578609000584,
    "AFDR": 0.20835768556399767,
    "AIAL": 0.26626571897211593,
    "AIAR": 0.2546689303904924,
    "AIBL": 0.0,
    "AIBR": 0.0,
    "AIML": 0.18962585034013604,
    "AIMR": 0.20195578231292516,
    "AINL": 0.0,
    "AINR": 0.0,
    "AIYL": 0.2203980658945238,
    "AIYR": 0.2254327902240326,
    "AIZL": 0.2958257713248639,
    "AIZR": 0.2933243425488874,
    "ALA": 0.19642857142857142,
    "ALML": 0.2849213691026827,
    "ALMR": 0.2753623188405797,
    "ALNL": 0.0,
    "ALNR": 0.0,
    "AQR": 0.2586775043936731,
    "AS1": 0.37083333333333335,
    "AS10": 0.5625,
    "AS11": 0.44166666666666665,
    "AS2": 0.2777777777777778,
    "AS3": 0.5952380952380952,
    "AS4": 0.47619047619047616,
    "AS5": 0.4003623188405797,
    "AS6": 0.5666666666666667,
    "AS7": 0.4632183908045977,
    "AS8": 0.2619047619047619,
    "AS9": 0.3333333333333333,
    "ASEL": 0.21278270234446192,
    "ASER": 0.26063674423133093,
    "ASGL": 0.22421948912015138,
    "ASGR": 0.21844660194174756,
    "ASHL": 0.22097337407245743,
    "ASHR": 0.21554604301524327,
    "ASIL": 0.2068951773614986,
    "ASIR": 0.21894328201079089,
    "ASJL": 0.23885226832105466,
    "ASJR": 0.25250140528386733,
    "ASKL": 0.20245708515651295,
    "ASKR": 0.20810791051323294,
    "AUAL": 0.34065934065934067,
    "AUAR": 0.3058201058201058,
    "AVAL": 0.2451911935110081,
    "AVAR": 0.2209637046307885,
    "AVBL": 0.21035940803382663,
    "AVBR": 0.2521141649048626,
    "AVDL": 0.27709025052822217,
    "AVDR": 0.2492964952673318,
    "AVEL": 0.32172002510985565,
    "AVER": 0.34153742414025623,
    "AVFL": 0.30203515263644776,
    "AVFR": 0.3418131359851989,
    "AVG": 0.22913117546848383,
    "AVHL": 0.0,
    "AVHR": 0.0,
    "AVJL": 0.0,
    "AVJR": 0.0,
    "AVKL": 0.2735632183908046,
    "AVKR": 0.23218390804597702,
    "AVL": 0.0,
    "AVM": 0.24858934169278996,
    "AWAL": 0.2691029900332226,
    "AWAR": 0.29254901960784313,
    "AWBL": 0.3164705882352941,
    "AWBR": 0.3259109311740891,
    "AWCL": 0.19230769230769232,
    "AWCR": 0.1987179487179487,
    "BAGL": 0.3032276330690827,
    "BAGR": 0.29393939393939394,
    "BDUL": 0.22707136997538965,
    "BDUR": 0.2636556478698957,
    "CANL": 0.0,
    "CANR": 0.0,
    "CEPDL": 0.0,
    "CEPDR": 0.0,
    "CEPVL": 0.0,
    "CEPVR": 0.0,
    "DA1": 0.3611111111111111,
    "DA2": 0.3547619047619048,
    "DA3": 0.3783068783068783,
    "DA4": 0.4015384615384615,
    "DA5": 0.4848790322580645,
    "DA6": 0.45614035087719296,
    "DA7": 0.43538461538461537,
    "DA8": 0.2619047619047619,
    "DA9": 0.3,
    "DB1": 0.46881720430107526,
    "DB2": 0.3033826638477801,
    "DB3": 0.41737891737891736,
    "DB4": 0.3525641025641026,
    "DB5": 0.44285714285714284,
    "DB6": 0.39285714285714285,
    "DB7": 0.37384615384615383,
    "DD1": 0.2914777878513146,
    "DD2": 0.2784134248665141,
    "DD3": 0.25824990730441233,
    "DD4": 0.2399041752224504,
    "DD5": 0.2940630797773655,
    "DD6": 0.2676056338028169,
    "DVA": 0.23532558850504434,
    "DVB": 0.2,
    "DVC": 0.0,
    "FLPL": 0.2110468654899574,
    "FLPR": 0.20023328149300154,
    "HSNL": 0.3603174603174603,
    "HSNR": 0.37218045112781956,
    "I1L": 0.2861394557823129,
    "I1R": 0.26484975541579314,
    "I2L": 0.284919028340081,
    "I2R": 0.256244616709733,
    "I3": 0.0,
    "I4": 0.4166666666666667,
    "I5": 0.33088235294117646,
    "I6": 0.375,
    "IL1DL": 0.0,
    "IL1DR": 0.0,
    "IL1L": 0.0,
    "IL1R": 0.0,
    "IL1VL": 0.0,
    "IL1VR": 0.0,
    "IL2DL": 0.25450980392156863,
    "IL2DR": 0.277526395173454,
    "IL2L": 0.30629432624113473,
    "IL2R": 0.3467741935483871,
    "IL2VL": 0.27824675324675324,
    "IL2VR": 0.3183831672203765,
    "LUAL": 0.22410147991543342,
    "LUAR": 0.13742071881606766,
    "M1": 0.0,
    "M2L": 0.1829909221213569,
    "M2R": 0.19875776397515527,
    "M3L": 0.2271089444679949,
    "M3R": 0.229678157995166,
    "M4": 0.20957592339261286,
    "M5": 0.2874564459930314,
    "MCL": 0.19015047879616964,
    "MCR": 0.19261285909712722,
    "MI": 0.0,
    "NSML": 0.23846153846153847,
    "NSMR": 0.15384615384615385,
    "OLLL": 0.2925531914893617,
    "OLLR": 0.29411764705882354,
    "OLQDL": 0.24646464646464647,
    "OLQDR": 0.2779255319148936,
    "OLQVL": 0.33658536585365856,
    "OLQVR": 0.2992156862745098,
    "PDA": 0.0,
    "PDB": 0.0,
    "PDEL": 0.0,
    "PDER": 0.0,
    "PHAL": 0.2197068707991038,
    "PHAR": 0.23843671566869845,
    "PHBL": 0.23902482907520692,
    "PHBR": 0.2453286436579468,
    "PHCL": 0.0,
    "PHCR": 0.0,
    "PLML": 0.28110599078341014,
    "PLMR": 0.2239057239057239,
    "PLNL": 0.0,
    "PLNR": 0.0,
    "PQR": 0.2289156626506024,
    "PVCL": 0.2784458834412581,
    "PVCR": 0.276078431372549,
    "PVDL": 0.33124018838304553,
    "PVDR": 0.3134502923976608,
    "PVM": 0.275062656641604,
    "PVNL": 0.2346723044397463,
    "PVNR": 0.257399577167019,
    "PVPL": 0.1875,
    "PVPR": 0.32918223329182233,
    "PVQL": 0.25177304964539005,
    "PVQR": 0.336734693877551,
    "PVR": 0.3,
    "PVT": 0.2127659574468085,
    "PVWL": 0.3072463768115942,
    "PVWR": 0.25257108287961283,
    "RIAL": 0.40192307692307694,
    "RIAR": 0.39285714285714285,
    "RIBL": 0.0,
    "RIBR": 0.0,
    "RICL": 0.3418667874943362,
    "RICR": 0.25285588752196836,
    "RID": 0.22885835095137422,
    "RIFL": 0.2576470588235294,
    "RIFR": 0.31845238095238093,
    "RIGL": 0.2472960936505917,
    "RIGR": 0.21610802008413624,
    "RIH": 0.0,
    "RIML": 0.2056357708430368,
    "RIMR": 0.17264399937897842,
    "RIPL": 0.0,
    "RIPR": 0.0,
    "RIR": 0.0,
    "RIS": 0.23202959830866807,
    "RIVL": 0.23678646934460887,
    "RIVR": 0.2755698421975453,
    "RMDDL": 0.0,
    "RMDDR": 0.0,
    "RMDL": 0.0,
    "RMDR": 0.0,
    "RMDVL": 0.0,
    "RMDVR": 0.0,
    "RMED": 0.2793916141408605,
    "RMEL": 0.22316627231662722,
    "RMER": 0.2783256880733945,
    "RMEV": 0.24749852854620366,
    "RMFL": 0.0,
    "RMFR": 0.0,
    "RMGL": 0.21254761719661044,
    "RMGR": 0.2133535553047404,
    "RMHL": 0.0,
    "RMHR": 0.0,
    "SAADL": 0.2472488878482791,
    "SAADR": 0.2543446244477172,
    "SAAVL": 0.2510570824524313,
    "SAAVR": 0.19608879492600423,
    "SABD": 0.34727061556329847,
    "SABVL": 0.321353065539112,
    "SABVR": 0.32882882882882886,
    "SDQL": 0.24788583509513742,
    "SDQR": 0.26357466063348417,
    "SIADL": 0.18604651162790697,
    "SIADR": 0.23784355179704017,
    "SIAVL": 0.23678646934460887,
    "SIAVR": 0.2536997885835095,
    "SIBDL": 0.0,
    "SIBDR": 0.0,
    "SIBVL": 0.0,
    "SIBVR": 0.0,
    "SMBDL": 0.330188679245283,
    "SMBDR": 0.27167019027484146,
    "SMBVL": 0.0,
    "SMBVR": 0.0,
    "SMDDL": 0.0,
    "SMDDR": 0.0,
    "SMDVL": 0.0,
    "SMDVR": 0.0,
    "URADL": 0.2069767441860465,
    "URADR": 0.1911080711354309,
    "URAVL": 0.18030095759233927,
    "URAVR": 0.19261285909712722,
    "URBL": 0.0,
    "URBR": 0.0,
    "URXL": 0.22612402314016036,
    "URXR": 0.20175438596491227,
    "URYDL": 0.33926031294452347,
    "URYDR": 0.29278445883441256,
    "URYVL": 0.28752642706131076,
    "URYVR": 0.301572617946346,
    "VA1": 0.45614035087719296,
    "VA10": 0.36666666666666664,
    "VA11": 0.23333333333333334,
    "VA12": 0.39871794871794874,
    "VA2": 0.40476190476190477,
    "VA3": 0.30357142857142855,
    "VA4": 0.3333333333333333,
    "VA5": 0.4444444444444444,
    "VA6": 0.35,
    "VA7": 0.3333333333333333,
    "VA8": 0.4523809523809524,
    "VA9": 0.43253968253968256,
    "VB1": 0.4,
    "VB10": 0.15,
    "VB11": 0.38095238095238093,
    "VB2": 0.3523809523809524,
    "VB3": 0.45454545454545453,
    "VB4": 0.16666666666666666,
    "VB5": 0.6666666666666666,
    "VB6": 0.4090909090909091,