{
  "clustering_coefficients": {
    "ADAL": 0.16913319238900634,
    "ADAR": 0.25317124735729385,
    "ADEL": 0.18816067653276955,
    "ADER": 0.18234672304439747,
    "ADFL": 0.2016016338815436,
    "ADFR": 0.22094151904877457,
    "ADLL": 0.24780120801102046,
    "ADLR": 0.2437191103789127,
    "AFDL": 0.20134424313267096,
    "AFDR": 0.1537112799532437,
    "AIAL": 0.2230769230769231,
    "AIAR": 0.20634920634920634,
    "AIBL": 0.0,
    "AIBR": 0.0,
    "AIML": 0.20280612244897958,
    "AIMR": 0.23001700680272108,
    "AINL": 0.0,
    "AINR": 0.0,
    "AIYL": 0.23833876587613803,
    "AIYR": 0.23538192299773522,
    "AIZL": 0.31505034446210917,
    "AIZR": 0.2900175901495163,
    "ALA": 0.5,
    "ALML": 0.36522198731501054,
    "ALMR": 0.30433263452131376,
    "ALNL": 0.0,
    "ALNR": 0.0,
    "AQR": 0.25667489342607136,
    "AS1": 0.5588235294117647,
    "AS10": 0.5458333333333333,
    "AS11": 0.23809523809523808,
    "AS2": 0.5694444444444444,
    "AS3": 0.3333333333333333,
    "AS4": 0.4583333333333333,
    "AS5": 0.4500891265597148,
    "AS6": 0.24545454545454545,
    "AS7": 0.5692307692307692,
    "AS8": 0.3860294117647059,
    "AS9": 0.4444444444444444,
    "ASEL": 0.22393285371702637,
    "ASER": 0.21248183139534885,
    "ASGL": 0.19045239825581395,
    "ASGR": 0.24207811348563008,
    "ASHL": 0.2380436023285013,
    "ASHR": 0.22872734979336654,
    "ASIL": 0.21709166092350105,
    "ASIR": 0.2184090744888375,
    "ASJL": 0.21947341643347748,
    "ASJR": 0.24154449121788357,
    "ASKL": 0.22313103222640274,
    "ASKR": 0.22591969575074966,
    "AUAL": 0.2622895622895623,
    "AUAR": 0.29804421768707484,
    "AVAL": 0.2364998029168309,
    "AVAR": 0.21454831932773108,
    "AVBL": 0.20454545454545456,
    "AVBR": 0.21775898520084566,
    "AVDL": 0.2626341974338832,
    "AVDR": 0.24060330380655973,
    "AVEL": 0.32637655417406747,
    "AVER": 0.30042553191489363,
    "AVFL": 0.2652270210409745,
    "AVFR": 0.2624113475177305,
    "AVG": 0.242512077294686,
    "AVHL": 0.0,
    "AVHR": 0.0,
    "AVJL": 0.0,
    "AVJR": 0.0,
    "AVKL": 0.15402298850574714,
    "AVKR": 0.24482758620689654,
    "AVL": 0.0,
    "AVM": 0.30771643663739023,
    "AWAL": 0.3020408163265306,
    "AWAR": 0.34146341463414637,
    "AWBL": 0.28191167574107684,
    "AWBR": 0.29292929292929293,
    "AWCL": 0.2564102564102564,
    "AWCR": 0.1987179487179487,
    "BAGL": 0.2869184086311531,
    "BAGR": 0.2671356421356421,
    "BDUL": 0.26003005259203604,
    "BDUR": 0.23583662714097497,
    "CANL": 0.0,
    "CANR": 0.0,
    "CEPDL": 0.0,
    "CEPDR": 0.0,
    "CEPVL": 0.0,
    "CEPVR": 0.0,
    "DA1": 0.39109848484848486,
    "DA2": 0.4861111111111111,
    "DA3": 0.3713235294117647,
    "DA4": 0.5333333333333333,
    "DA5": 0.25,
    "DA6": 0.3793103448275862,
    "DA7": 0.3333333333333333,
    "DA8": 0.4,
    "DA9": 0.16666666666666666,
    "DB1": 0.4065934065934066,
    "DB2": 0.2784765897973445,
    "DB3": 0.5181818181818182,
    "DB4": 0.3956043956043956,
    "DB5": 0.36666666666666664,
    "DB6": 0.16666666666666666,
    "DB7": 0.37112010796221323,
    "DD1": 0.27706516162134426,
    "DD2": 0.31213364595545134,
    "DD3": 0.3112908899050299,
    "DD4": 0.30160244181610074,
    "DD5": 0.3007948335817188,
    "DD6": 0.2432332220986281,
    "DVA": 0.26141508213685166,
    "DVB": 0.3,
    "DVC": 0.0,
    "FLPL": 0.2293568675187665,
    "FLPR": 0.23098549866824505,
    "HSNL": 0.3868092691622103,
    "HSNR": 0.373109243697479,
    "I1L": 0.17714884696016772,
    "I1R": 0.3072463768115942,
    "I2L": 0.23447728625272762,
    "I2R": 0.25004339524388125,
    "I3": 0.0,
    "I4": 0.6666666666666666,
    "I5": 0.1875,
    "I6": 0.375,
    "IL1DL": 0.0,
    "IL1DR": 0.0,
    "IL1L": 0.0,
    "IL1R": 0.0,
    "IL1VL": 0.0,
    "IL1VR": 0.0,
    "IL2DL": 0.29261363636363635,
    "IL2DR": 0.34817073170731705,
    "IL2L": 0.39109848484848486,
    "IL2R": 0.3307254623044097,
    "IL2VL": 0.28888888888888886,
    "IL2VR": 0.30096618357487925,
    "LUAL": 0.2568710359408034,
    "LUAR": 0.20454545454545456,
    "M1": 0.0,
    "M2L": 0.18442427138079312,
    "M2R": 0.21942188246536073,
    "M3L": 0.24370867462745485,
    "M3R": 0.2066916419067304,
    "M4": 0.1890560875512996,
    "M5": 0.2073170731707317,
    "MCL": 0.15827633378932968,
    "MCR": 0.2207934336525308,
    "MI": 0.0,
    "NSML": 0.19846153846153847,
    "NSMR": 0.2723076923076923,
    "OLLL": 0.2718715393133998,
    "OLLR": 0.33985200845665964,
    "OLQDL": 0.2824915824915825,
    "OLQDR": 0.2937925170068027,
    "OLQVL": 0.2380392156862745,
    "OLQVR": 0.22373737373737373,
    "PDA": 0.0,
    "PDB": 0.0,
    "PDEL": 0.0,
    "PDER": 0.0,
    "PHAL": 0.21884322174345378,
    "PHAR": 0.20955538553090197,
    "PHBL": 0.23199343724364233,
    "PHBR": 0.2531901964755925,
    "PHCL": 0.0,
    "PHCR": 0.0,
    "PLML": 0.33591836734693875,
    "PLMR": 0.35808080808080806,
    "PLNL": 0.0,
    "PLNR": 0.0,
    "PQR": 0.2382066978754051,
    "PVCL": 0.27219873150105706,
    "PVCR": 0.28664731494920176,
    "PVDL": 0.30739795918367346,
    "PVDR": 0.3117564730580826,
    "PVM": 0.27508503401360546,
    "PVNL": 0.19397463002114165,
    "PVNR": 0.1744186046511628,
    "PVPL": 0.20137420718816068,
    "PVPR": 0.20531400966183574,
    "PVQL": 0.26255293405928615,
    "PVQR": 0.2443137254901961,
    "PVR": 0.3276863504356244,
    "PVT": 0.22296099290780141,
    "PVWL": 0.2172549019607843,
    "PVWR": 0.26655844155844155,
    "RIAL": 0.3473429951690821,
    "RIAR": 0.28431372549019607,
    "RIBL": 0.0,
    "RIBR": 0.0,
    "RICL": 0.23813708260105448,
    "RICR": 0.2963267543859649,
    "RID": 0.23044397463002114,
    "RIFL": 0.27568627450980393,
    "RIFR": 0.30297532656023224,
    "RIGL": 0.2480710659898477,
    "RIGR": 0.2659703667719213,
    "RIH": 0.0,
    "RIML": 0.20377270610153703,
    "RIMR": 0.16767582673497905,
    "RIPL": 0.0,
    "RIPR": 0.0,
    "RIR": 0.0,
    "RIS": 0.19767441860465115,
    "RIVL": 0.27391304347826084,
    "RIVR": 0.2602436323366556,
    "RMDDL": 0.0,
    "RMDDR": 0.0,
    "RMDL": 0.0,
    "RMDR": 0.0,
    "RMDVL": 0.0,
    "RMDVR": 0.0,
    "RMED": 0.2800471327572663,
    "RMEL": 0.23719704952581666,
    "RMER": 0.2521238695533023,
    "RMEV": 0.2587036188731104,
    "RMFL": 0.0,
    "RMFR": 0.0,
    "RMGL": 0.20110120608285265,
    "RMGR": 0.21116840648974972,
    "RMHL": 0.0,
    "RMHR": 0.0,
    "SAADL": 0.2779816513761468,
    "SAADR": 0.2624295860886603,
    "SAAVL": 0.19767441860465115,
    "SAAVR": 0.2404862579281184,
    "SABD": 0.2951020408163265,
    "SABVL": 0.3712121212121212,
    "SABVR": 0.257487922705314,
    "SDQL": 0.23333333333333334,
    "SDQR": 0.2834008097165992,
    "SIADL": 0.25158562367864695,
    "SIADR": 0.26744186046511625,
    "SIAVL": 0.23255813953488372,
    "SIAVR": 0.20560253699788583,
    "SIBDL": 0.0,
    "SIBDR": 0.0,
    "SIBVL": 0.0,
    "SIBVR": 0.0,
    "SMBDL": 0.31382978723404253,
    "SMBDR": 0.2557624113475177,
    "SMBVL": 0.0,
    "SMBVR": 0.0,
    "SMDDL": 0.0,
    "SMDDR": 0.0,
    "SMDVL": 0.0,
    "SMDVR": 0.0,
    "URADL": 0.1835841313269494,
    "URADR": 0.20068399452804378,
    "URAVL": 0.19808481532147743,
    "URAVR": 0.1890560875512996,
    "URBL": 0.0,
    "URBR": 0.0,
    "URXL": 0.21593629165899467,
    "URXR": 0.20454026922199406,
    "URYDL": 0.29324699352451433,
    "URYDR": 0.2768115942028985,
    "URYVL": 0.2961352657004831,
    "URYVR": 0.2982654600301659,
    "VA1": 0.41330645161290325,
    "VA10": 0.39692307692307693,
    "VA11": 0.41208791208791207,
    "VA12": 0.40476190476190477,
    "VA2": 0.4166666666666667,
    "VA3": 0.31868131868131866,
    "VA4": 0.35714285714285715,
    "VA5": 0.41842105263157897,
    "VA6": 0.48717948717948717,
    "VA7": 0.3333333333333333,
    "VA8": 0.3761904761904762,
    "VA9": 0.39037433155080214,
    "VB1": 0.6,
    "VB10": 0.4318181818181818,
    "VB11": 0.3738095238095238,
    "VB2": 0.55,
    "VB3": 0.3333333333333333,
    "VB4": 0.4485294117647059,
    "VB5": 0.32916666666666666,
    "VB6": 0.5,