{
  "clustering_coefficients": {
    "ADAL": 0.17019027484143764,
    "ADAR": 0.23202959830866807,
    "ADEL": 0.2510570824524313,
    "ADER": 0.21088794926004228,
    "ADFL": 0.22700629256098612,
    "ADFR": 0.21378538768362682,
    "ADLL": 0.2538522999657573,
    "ADLR": 0.21574652961746318,
    "AFDL": 0.2136177673874927,
    "AFDR": 0.19374634716540035,
    "AIAL": 0.270079185520362,
    "AIAR": 0.25252747252747254,
    "AIBL": 0.0,
    "AIBR": 0.0,
    "AIML": 0.16284013605442177,
    "AIMR": 0.27040816326530615,
    "AINL": 0.0,
    "AINR": 0.0,
    "AIYL": 0.2274050709693073,
    "AIYR": 0.22020631067961166,
    "AIZL": 0.2888402625820569,
    "AIZR": 0.307909604519774,
    "ALA": 0.32142857142857145,
    "ALML": 0.2304421768707483,
    "ALMR": 0.3095959595959596,
    "ALNL": 0.0,
    "ALNR": 0.0,
    "AQR": 0.3,
    "AS1": 0.36363636363636365,
    "AS10": 0.14285714285714285,
    "AS11": 0.391812865497076,
    "AS2": 0.3333333333333333,
    "AS3": 0.41379310344827586,
    "AS4": 0.4152046783625731,
    "AS5": 0.3,
    "AS6": 0.4081439393939394,
    "AS7": 0.3720430107526882,
    "AS8": 0.31494252873563217,
    "AS9": 0.3758169934640523,
    "ASEL": 0.2162508846426044,
    "ASER": 0.21292962356792144,
    "ASGL": 0.21618083435154478,
    "ASGR": 0.23729853554773786,
    "ASHL": 0.21274287405069534,
    "ASHR": 0.23823773133228984,
    "ASIL": 0.20577665380007987,
    "ASIR": 0.20872201492537312,
    "ASJL": 0.23865015780529256,
    "ASJR": 0.2477567298105683,
    "ASKL": 0.21844973758578926,
    "ASKR": 0.20766211464551476,
    "AUAL": 0.25774754346182915,
    "AUAR": 0.32810539523212046,
    "AVAL": 0.21643286573146292,
    "AVAR": 0.2028673835125448,
    "AVBL": 0.21987315010570824,
    "AVBR": 0.14904862579281183,
    "AVDL": 0.2461256995264744,
    "AVDR": 0.25334403424291063,
    "AVEL": 0.2867132867132867,
    "AVER": 0.3259109311740891,
    "AVFL": 0.23673469387755103,
    "AVFR": 0.314975845410628,
    "AVG": 0.22077294685990337,
    "AVHL": 0.0,
    "AVHR": 0.0,
    "AVJL": 0.0,
    "AVJR": 0.0,
    "AVKL": 0.2149425287356322,
    "AVKR": 0.24367816091954023,
    "AVL": 0.0,
    "AVM": 0.30402010050251255,
    "AWAL": 0.2845528455284553,
    "AWAR": 0.32447397563676633,
    "AWBL": 0.34779516358463725,
    "AWBR": 0.3976190476190476,
    "AWCL": 0.15384615384615385,
    "AWCR": 0.0641025641025641,
    "BAGL": 0.2911059098888239,
    "BAGR": 0.28136580201164635,
    "BDUL": 0.23848412552761974,
    "BDUR": 0.24862947436310867,
    "CANL": 0.0,
    "CANR": 0.0,
    "CEPDL": 0.0,
    "CEPDR": 0.0,
    "CEPVL": 0.0,
    "CEPVR": 0.0,
    "DA1": 0.45,
    "DA2": 0.4523809523809524,
    "DA3": 0.3333333333333333,
    "DA4": 0.16666666666666666,
    "DA5": 0.35,
    "DA6": 0.33669354838709675,
    "DA7": 0.4727272727272727,
    "DA8": 0.4523809523809524,
    "DA9": 0.43636363636363634,
    "DB1": 0.48307692307692307,
    "DB2": 0.3244206773618538,
    "DB3": 0.5,
    "DB4": 0.2727272727272727,
    "DB5": 0.2846153846153846,
    "DB6": 0.3269230769230769,
    "DB7": 0.4021505376344086,
    "DD1": 0.28104767510300177,
    "DD2": 0.26484230055658625,
    "DD3": 0.24114972393634296,
    "DD4": 0.2948334756618275,
    "DD5": 0.2958519026396983,
    "DD6": 0.2537016973636692,
    "DVA": 0.23111318739989323,
    "DVB": 0.45,
    "DVC": 0.0,
    "FLPL": 0.21122045247032567,
    "FLPR": 0.2167597236680231,
    "HSNL": 0.42879256965944273,
    "HSNR": 0.32903225806451614,
    "I1L": 0.28355957767722473,
    "I1R": 0.3010204081632653,
    "I2L": 0.2423580786026201,
    "I2R": 0.24333577891905112,
    "I3": 0.0,
    "I4": 0.16666666666666666,
    "I5": 0.2647058823529412,
    "I6": 0.16666666666666666,
    "IL1DL": 0.0,
    "IL1DR": 0.0,
    "IL1L": 0.0,
    "IL1R": 0.0,
    "IL1VL": 0.0,
    "IL1VR": 0.0,
    "IL2DL": 0.29797979797979796,
    "IL2DR": 0.32195121951219513,
    "IL2L": 0.29806763285024157,
    "IL2R": 0.35271317829457366,
    "IL2VL": 0.26780758556891765,
    "IL2VR": 0.29889455782312924,
    "LUAL": 0.22304439746300211,
    "LUAR": 0.2299154334038055,
    "M1": 0.0,
    "M2L": 0.20664118490205446,
    "M2R": 0.21070234113712374,
    "M3L": 0.22152894884766722,
    "M3R": 0.24143934997098085,
    "M4": 0.1902872777017784,
    "M5": 0.1806039488966318,
    "MCL": 0.16333789329685364,
    "MCR": 0.17783857729138167,
    "MI": 0.0,
    "NSML": 0.24923076923076923,
    "NSMR": 0.20153846153846153,
    "OLLL": 0.31046365914786966,
    "OLLR": 0.25372549019607843,
    "OLQDL": 0.26885369532428355,
    "OLQDR": 0.2866666666666667,
    "OLQVL": 0.3167220376522702,
    "OLQVR": 0.248868778280543,
    "PDA": 0.0,
    "PDB": 0.0,
    "PDEL": 0.0,
    "PDER": 0.0,
    "PHAL": 0.22175536881419233,
    "PHAR": 0.22211332026509847,
    "PHBL": 0.26157158234660927,
    "PHBR": 0.2178695789806901,
    "PHCL": 0.0,
    "PHCR": 0.0,
    "PLML": 0.2873303167420814,
    "PLMR": 0.333950046253469,
    "PLNL": 0.0,
    "PLNR": 0.0,
    "PQR": 0.265993265993266,
    "PVCL": 0.3202959830866808,
    "PVCR": 0.27424242424242423,
    "PVDL": 0.34032476319350474,
    "PVDR": 0.2607510599636584,
    "PVM": 0.2543940795559667,
    "PVNL": 0.23678646934460887,
    "PVNR": 0.27061310782241016,
    "PVPL": 0.2251585623678647,
    "PVPR": 0.2453231292517007,
    "PVQL": 0.2763265306122449,
    "PVQR": 0.3434343434343434,
    "PVR": 0.2846394984326019,
    "PVT": 0.2176418439716312,
    "PVWL": 0.24074074074074073,
    "PVWR": 0.27508503401360546,
    "RIAL": 0.3689839572192513,
    "RIAR": 0.3486394557823129,
    "RIBL": 0.0,
    "RIBR": 0.0,
    "RICL": 0.35092838196286474,
    "RICR": 0.24934036939313983,
    "RID": 0.2489429175475687,
    "RIFL": 0.28309178743961355,
    "RIFR": 0.2990338164251208,
    "RIGL": 0.2421186214266631,
    "RIGR": 0.23665158371040723,
    "RIH": 0.0,
    "RIML": 0.1944573823940382,
    "RIMR": 0.17419655333022824,
    "RIPL": 0.0,
    "RIPR": 0.0,
    "RIR": 0.0,
    "RIS": 0.2029598308668076,
    "RIVL": 0.26384180790960454,
    "RIVR": 0.2982654600301659,
    "RMDDL": 0.0,
    "RMDDR": 0.0,
    "RMDL": 0.0,
    "RMDR": 0.0,
    "RMDVL": 0.0,
    "RMDVR": 0.0,
    "RMED": 0.2857841937851725,
    "RMEL": 0.2643201284796574,
    "RMER": 0.26712948988831875,
    "RMEV": 0.2597054886211513,
    "RMFL": 0.0,
    "RMFR": 0.0,
    "RMGL": 0.22060517625374396,
    "RMGR": 0.1986420109794857,
    "RMHL": 0.0,
    "RMHR": 0.0,
    "SAADL": 0.25979513444302177,
    "SAADR": 0.2693820224719101,
    "SAAVL": 0.1886892177589852,
    "SAAVR": 0.24788583509513742,
    "SABD": 0.3427800269905533,
    "SABVL": 0.3177613320999075,
    "SABVR": 0.30060975609756097,
    "SDQL": 0.30616883116883115,
    "SDQR": 0.24818577648766327,
    "SIADL": 0.21723044397463,
    "SIADR": 0.17600422832980972,
    "SIAVL": 0.21617336152219874,
    "SIAVR": 0.2214587737843552,
    "SIBDL": 0.0,
    "SIBDR": 0.0,
    "SIBVL": 0.0,
    "SIBVR": 0.0,
    "SMBDL": 0.3218432510885341,
    "SMBDR": 0.21794871794871795,
    "SMBVL": 0.0,
    "SMBVR": 0.0,
    "SMDDL": 0.0,
    "SMDDR": 0.0,
    "SMDVL": 0.0,
    "SMDVR": 0.0,
    "URADL": 0.18960328317373462,
    "URADR": 0.17674418604651163,
    "URAVL": 0.1965800273597811,
    "URAVR": 0.20355677154582763,
    "URBL": 0.0,
    "URBR": 0.0,
    "URXL": 0.23928716490658003,
    "URXR": 0.22107267860819435,
    "URYDL": 0.2937095282146161,
    "URYDR": 0.30707070707070705,
    "URYVL": 0.296343537414966,
    "URYVR": 0.3191919191919192,
    "VA1": 0.5087719298245614,
    "VA10": 0.42483660130718953,
    "VA11": 0.35714285714285715,
    "VA12": 0.38961038961038963,
    "VA2": 0.4505376344086022,
    "VA3": 0.75,
    "VA4": 0.3852813852813853,
    "VA5": 0.375,
    "VA6": 0.41935483870967744,
    "VA7": 0.4583333333333333,
    "VA8": 0.34923076923076923,
    "VA9": 0.2777777777777778,
    "VB1": 0.4502923976608187,
    "VB10": 0.2,
    "VB11": 0.5157894736842106,
    "VB2": 0.4,
    "VB3": 0.3392857142857143,
    "VB4": 0.4222222222222222,
    "VB5": 0.41228070175438597,
    "VB6": 0.26666666666666666,
    "VB7": 0.4166666666666667,