{
  "clustering_coefficients": {
    "ADAL": 0.2124735729386892,
    "ADAR": 0.17864693446088795,
    "ADEL": 0.2452431289640592,
    "ADER": 0.16543340380549684,
    "ADFL": 0.23090951876691376,
    "ADFR": 0.20846201358863495,
    "ADLL": 0.2187532630259998,
    "ADLR": 0.2376284836282717,
    "AFDL": 0.2033898305084746,
    "AFDR": 0.2212156633547633,
    "AIAL": 0.2512413108242304,
    "AIAR": 0.25252865812542147,
    "AIBL": 0.0,
    "AIBR": 0.0,
    "AIML": 0.20450680272108843,
    "AIMR": 0.2504251700680272,
    "AINL": 0.0,
    "AINR": 0.0,
    "AIYL": 0.2299257946616458,
    "AIYR": 0.25320433818092186,
    "AIZL": 0.3296385542168675,
    "AIZR": 0.30303030303030304,
    "ALA": 0.14285714285714285,
    "ALML": 0.32865853658536587,
    "ALMR": 0.3328282828282828,
    "ALNL": 0.0,
    "ALNR": 0.0,
    "AQR": 0.3068152703048937,
    "AS1": 0.2625,
    "AS10": 0.3611111111111111,
    "AS11": 0.4107142857142857,
    "AS2": 0.47619047619047616,
    "AS3": 0.49523809523809526,
    "AS4": 0.425,
    "AS5": 0.30952380952380953,
    "AS6": 0.2,
    "AS7": 0.3333333333333333,
    "AS8": 0.43956043956043955,
    "AS9": 0.5,
    "ASEL": 0.21383162292253202,
    "ASER": 0.21625851592708525,
    "ASGL": 0.22973821050744128,
    "ASGR": 0.23322561442299516,
    "ASHL": 0.23903369357914814,
    "ASHR": 0.21758823529411764,
    "ASIL": 0.22923495362298626,
    "ASIR": 0.20997716355618554,
    "ASJL": 0.22224214174734075,
    "ASJR": 0.25156467315716274,
    "ASKL": 0.22667822819567887,
    "ASKR": 0.21228924690895468,
    "AUAL": 0.3614564831261101,
    "AUAR": 0.271193092621664,
    "AVAL": 0.2580165502973882,
    "AVAR": 0.2509973404255319,
    "AVBL": 0.21458773784355178,
    "AVBR": 0.22885835095137422,
    "AVDL": 0.25895765472312704,
    "AVDR": 0.2552510245901639,
    "AVEL": 0.31781376518218624,
    "AVER": 0.34028393966282167,
    "AVFL": 0.28664731494920176,
    "AVFR": 0.2830188679245283,
    "AVG": 0.26851851851851855,
    "AVHL": 0.0,
    "AVHR": 0.0,
    "AVJL": 0.0,
    "AVJR": 0.0,
    "AVKL": 0.2689655172413793,
    "AVKR": 0.2160919540229885,
    "AVL": 0.0,
    "AVM": 0.32046783625730996,
    "AWAL": 0.32075471698113206,
    "AWAR": 0.29294871794871796,
    "AWBL": 0.28858350951374206,
    "AWBR": 0.26595744680851063,
    "AWCL": 0.2692307692307692,
    "AWCR": 0.25,
    "BAGL": 0.26531728665207877,
    "BAGR": 0.3046919163369135,
    "BDUL": 0.2378005657708628,
    "BDUR": 0.26400208080457777,
    "CANL": 0.0,
    "CANR": 0.0,
    "CEPDL": 0.0,
    "CEPDR": 0.0,
    "CEPVL": 0.0,
    "CEPVR": 0.0,
    "DA1": 0.33384615384615385,
    "DA2": 0.47101449275362317,
    "DA3": 0.3888888888888889,
    "DA4": 0.15,
    "DA5": 0.3392857142857143,
    "DA6": 0.05,
    "DA7": 0.43333333333333335,
    "DA8": 0.4,
    "DA9": 0.4,
    "DB1": 0.3142857142857143,
    "DB2": 0.3129432624113475,
    "DB3": 0.3977272727272727,
    "DB4": 0.44295900178253117,
    "DB5": 0.4595238095238095,
    "DB6": 0.45454545454545453,
    "DB7": 0.3625,
    "DD1": 0.25179609989736573,
    "DD2": 0.2674622674622675,
    "DD3": 0.30632688927943763,
    "DD4": 0.2876068376068376,
    "DD5": 0.32085052364328787,
    "DD6": 0.2864160615121743,
    "DVA": 0.2814851981936779,
    "DVB": 0.3,
    "DVC": 0.0,
    "FLPL": 0.2265880812049771,
    "FLPR": 0.21213153030450432,
    "HSNL": 0.31620553359683795,
    "HSNR": 0.3463414634146341,
    "I1L": 0.25680580762250454,
    "I1R": 0.26179463459759483,
    "I2L": 0.26318289786223276,
    "I2R": 0.25560404681610793,
    "I3": 0.0,
    "I4": 0.5,
    "I5": 0.35661764705882354,
    "I6": 0.09722222222222222,
    "IL1DL": 0.0,
    "IL1DR": 0.0,
    "IL1L": 0.0,
    "IL1R": 0.0,
    "IL1VL": 0.0,
    "IL1VR": 0.0,
    "IL2DL": 0.3340840840840841,
    "IL2DR": 0.2548780487804878,
    "IL2L": 0.30579710144927535,
    "IL2R": 0.29833487511563367,
    "IL2VL": 0.29699248120300753,
    "IL2VR": 0.36707152496626183,
    "LUAL": 0.28964059196617337,
    "LUAR": 0.21458773784355178,
    "M1": 0.0,
    "M2L": 0.19589106545628285,
    "M2R": 0.16161012900143334,
    "M3L": 0.2537924260613336,
    "M3R": 0.22274271594769895,
    "M4": 0.17359781121751025,
    "M5": 0.13472706155632985,
    "MCL": 0.1863201094391245,
    "MCR": 0.22872777017783857,
    "MI": 0.0,
    "NSML": 0.2907692307692308,
    "NSMR": 0.2169230769230769,
    "OLLL": 0.3122109158186864,
    "OLLR": 0.33163265306122447,
    "OLQDL": 0.3048469387755102,
    "OLQDR": 0.30821256038647343,
    "OLQVL": 0.2568627450980392,
    "OLQVR": 0.28695324283559576,
    "PDA": 0.0,
    "PDB": 0.0,
    "PDEL": 0.0,
    "PDER": 0.0,
    "PHAL": 0.2508121827411168,
    "PHAR": 0.22054025343349268,
    "PHBL": 0.23626373626373626,
    "PHBR": 0.24817021276595744,
    "PHCL": 0.0,
    "PHCR": 0.0,
    "PLML": 0.3297979797979798,
    "PLMR": 0.30296022201665124,
    "PLNL": 0.0,
    "PLNR": 0.0,
    "PQR": 0.23333994446648154,
    "PVCL": 0.33067375886524825,
    "PVCR": 0.2790275761973875,
    "PVDL": 0.3206026629292221,
    "PVDR": 0.3153280542986425,
    "PVM": 0.325354609929078,
    "PVNL": 0.19978858350951373,
    "PVNR": 0.17389006342494714,
    "PVPL": 0.2287878787878788,
    "PVPR": 0.2611111111111111,
    "PVQL": 0.2483766233766234,
    "PVQR": 0.24283071230342276,
    "PVR": 0.28805740645822653,
    "PVT": 0.26019503546099293,
    "PVWL": 0.24637155297532656,
    "PVWR": 0.2530454042081949,
    "RIAL": 0.3057692307692308,
    "RIAR": 0.26406926406926406,
    "RIBL": 0.0,
    "RIBR": 0.0,
    "RICL": 0.31420765027322406,
    "RICR": 0.2845786963434022,
    "RID": 0.23520084566596194,
    "RIFL": 0.28114478114478114,
    "RIFR": 0.25930851063829785,
    "RIGL": 0.23918502454057755,
    "RIGR": 0.23064716434386642,
    "RIH": 0.0,
    "RIML": 0.16938363608135382,
    "RIMR": 0.175904362676603,
    "RIPL": 0.0,
    "RIPR": 0.0,
    "RIR": 0.0,
    "RIS": 0.14429175475687103,
    "RIVL": 0.3063973063973064,
    "RIVR": 0.24421831637372804,
    "RMDDL": 0.0,
    "RMDDR": 0.0,
    "RMDL": 0.0,
    "RMDR": 0.0,
    "RMDVL": 0.0,
    "RMDVR": 0.0,
    "RMED": 0.29880478087649404,
    "RMEL": 0.2652314316469322,
    "RMER": 0.23169705469845722,
    "RMEV": 0.24731182795698925,
    "RMFL": 0.0,
    "RMFR": 0.0,
    "RMGL": 0.2166407465007776,
    "RMGR": 0.22775966464834654,
    "RMHL": 0.0,
    "RMHR": 0.0,
    "SAADL": 0.31310234052317576,
    "SAADR": 0.26833511777301927,
    "SAAVL": 0.20084566596194503,
    "SAAVR": 0.19238900634249473,
    "SABD": 0.33855981416957026,
    "SABVL": 0.3400900900900901,
    "SABVR": 0.3144927536231884,
    "SDQL": 0.2910014513788099,
    "SDQR": 0.25023126734505086,
    "SIADL": 0.2822410147991543,
    "SIADR": 0.15327695560253699,
    "SIAVL": 0.20348837209302326,
    "SIAVR": 0.21035940803382663,
    "SIBDL": 0.0,
    "SIBDR": 0.0,
    "SIBVL": 0.0,
    "SIBVR": 0.0,
    "SMBDL": 0.3202959830866808,
    "SMBDR": 0.23774283071230343,
    "SMBVL": 0.0,
    "SMBVR": 0.0,
    "SMDDL": 0.0,
    "SMDDR": 0.0,
    "SMDVL": 0.0,
    "SMDVR": 0.0,
    "URADL": 0.19548563611491107,
    "URADR": 0.20341997264021888,
    "URAVL": 0.22421340629274966,
    "URAVR": 0.1948016415868673,
    "URBL": 0.0,
    "URBR": 0.0,
    "URXL": 0.2198322644301924,
    "URXR": 0.24481779460482725,
    "URYDL": 0.29130434782608694,
    "URYDR": 0.3169082125603865,
    "URYVL": 0.2616892911010558,
    "URYVR": 0.3307123034227567,
    "VA1": 0.5444444444444444,
    "VA10": 0.3522167487684729,
    "VA11": 0.3194444444444444,
    "VA12": 0.1,
    "VA2": 0.39886039886039887,
    "VA3": 0.426890756302521,
    "VA4": 0.45,
    "VA5": 0.40476190476190477,
    "VA6": 0.6666666666666666,
    "VA7": 0.30952380952380953,
    "VA8": 0.43567251461988304,
    "VA9": 0.32142857142857145,
    "VB1": 0.375,
    "VB10": 0.5346320346320347,
    "VB11": 0.5,
    "VB2": 0.32756410256410257,
    "VB3": 0.5666666666666667,
    "VB4": 0.35,
    "VB5": 0.40522875816993464,
    "VB6": 0.45,
    "VB7": 0.4805194805194805,
    "VB8": 0.5324675324675324,
    "VB9": 0.40229885057471265,
    "VC1": 0.26052631578947366,