{
  "clustering_coefficients": {
    "ADAL": 0.22727272727272727,
    "ADAR": 0.23414376321353064,
    "ADEL": 0.1590909090909091,
    "ADER": 0.16543340380549684,
    "ADFL": 0.21272081318464423,
    "ADFR": 0.20756331279945242,
    "ADLL": 0.2240004430169454,
    "ADLR": 0.2555479852053728,
    "AFDL": 0.1820572764465225,
    "AFDR": 0.18614845119812976,
    "AIAL": 0.2744140625,
    "AIAR": 0.25826028320971006,
    "AIBL": 0.0,
    "AIBR": 0.0,
    "AIML": 0.1875,
    "AIMR": 0.14625850340136054,
    "AINL": 0.0,
    "AINR": 0.0,
    "AIYL": 0.21057736193518942,
    "AIYR": 0.19718617079288908,
    "AIZL": 0.3024353876739563,
    "AIZR": 0.275578204625637,
    "ALA": 0.30357142857142855,
    "ALML": 0.3383167220376523,
    "ALMR": 0.263921568627451,
    "ALNL": 0.0,
    "ALNR": 0.0,
    "AQR": 0.25726027397260276,
    "AS1": 0.5029239766081871,
    "AS10": 0.32679738562091504,
    "AS11": 0.4015384615384615,
    "AS2": 0.3333333333333333,
    "AS3": 0.1,
    "AS4": 0.2,
    "AS5": 0.3333333333333333,
    "AS6": 0.39068825910931176,
    "AS7": 0.4160919540229885,
    "AS8": 0.42923076923076925,
    "AS9": 0.4835164835164835,
    "ASEL": 0.21522081365481813,
    "ASER": 0.22387144259077527,
    "ASGL": 0.2248599741490737,
    "ASGR": 0.24812227074235807,
    "ASHL": 0.2169468423443889,
    "ASHR": 0.2019421530750757,
    "ASIL": 0.1999922257638187,
    "ASIR": 0.21531893875246966,
    "ASJL": 0.21529729122176014,
    "ASJR": 0.1992604267701261,
    "ASKL": 0.21852324376046567,
    "ASKR": 0.20018658166835107,
    "AUAL": 0.29842446709916587,
    "AUAR": 0.3031674208144796,
    "AVAL": 0.2085962698078811,
    "AVAR": 0.2188109893409398,
    "AVBL": 0.24682875264270612,
    "AVBR": 0.22093023255813954,
    "AVDL": 0.2536794219962537,
    "AVDR": 0.22939560439560439,
    "AVEL": 0.31431897555296856,
    "AVER": 0.2413984461709212,
    "AVFL": 0.2721631205673759,
    "AVFR": 0.32558139534883723,
    "AVG": 0.2851513894649523,
    "AVHL": 0.0,
    "AVHR": 0.0,
    "AVJL": 0.0,
    "AVJR": 0.0,
    "AVKL": 0.20344827586206896,
    "AVKR": 0.25287356321839083,
    "AVL": 0.0,
    "AVM": 0.2965478211658178,
    "AWAL": 0.28677150786308975,
    "AWAR": 0.2802960222016651,
    "AWBL": 0.31862745098039214,
    "AWBR": 0.2702702702702703,
    "AWCL": 0.1282051282051282,
    "AWCR": 0.23076923076923078,
    "BAGL": 0.2515400410677618,
    "BAGR": 0.2649350649350649,
    "BDUL": 0.20268724985706119,
    "BDUR": 0.25157412707498567,
    "CANL": 0.0,
    "CANR": 0.0,
    "CEPDL": 0.0,
    "CEPDR": 0.0,
    "CEPVL": 0.0,
    "CEPVR": 0.0,
    "DA1": 0.375,
    "DA2": 0.35,
    "DA3": 0.3353846153846154,
    "DA4": 0.29120879120879123,
    "DA5": 0.3841354723707665,
    "DA6": 0.432183908045977,
    "DA7": 0.3333333333333333,
    "DA8": 0.44485294117647056,
    "DA9": 0.4148550724637681,
    "DB1": 0.5026315789473684,
    "DB2": 0.26684397163120566,
    "DB3": 0.37254901960784315,
    "DB4": 0.46557971014492755,
    "DB5": 0.40625,
    "DB6": 0.19642857142857142,
    "DB7": 0.5157894736842106,
    "DD1": 0.28004235044997355,
    "DD2": 0.2737148913619502,
    "DD3": 0.27566614420062696,
    "DD4": 0.27176616915422885,
    "DD5": 0.279023746701847,
    "DD6": 0.28879310344827586,
    "DVA": 0.2508710801393728,
    "DVB": 0.15,
    "DVC": 0.0,
    "FLPL": 0.2116829644879053,
    "FLPR": 0.21383213694091663,
    "HSNL": 0.29285714285714287,
    "HSNR": 0.4073170731707317,
    "I1L": 0.32051282051282054,
    "I1R": 0.2939024390243902,
    "I2L": 0.26492612831410645,
    "I2R": 0.22956798204600712,
    "I3": 0.0,
    "I4": 0.16666666666666666,
    "I5": 0.16176470588235295,
    "I6": 0.3055555555555556,
    "IL1DL": 0.0,
    "IL1DR": 0.0,
    "IL1L": 0.0,
    "IL1R": 0.0,
    "IL1VL": 0.0,
    "IL1VR": 0.0,
    "IL2DL": 0.321256038647343,
    "IL2DR": 0.2691029900332226,
    "IL2L": 0.30128205128205127,
    "IL2R": 0.30319148936170215,
    "IL2VL": 0.24509803921568626,
    "IL2VR": 0.3007936507936508,
    "LUAL": 0.20560253699788583,
    "LUAR": 0.20454545454545456,
    "M1": 0.0,
    "M2L": 0.2236024844720497,
    "M2R": 0.2017439082656474,
    "M3L": 0.21704124189063947,
    "M3R": 0.24532766990291263,
    "M4": 0.21956224350205197,
    "M5": 0.2601626016260163,
    "MCL": 0.20164158686730507,
    "MCR": 0.21819425444596444,
    "MI": 0.0,
    "NSML": 0.21384615384615385,
    "NSMR": 0.2676923076923077,
    "OLLL": 0.23891843971631205,
    "OLLR": 0.2893877551020408,
    "OLQDL": 0.2952480782669462,
    "OLQDR": 0.2915584415584416,
    "OLQVL": 0.23549965059399022,
    "OLQVR": 0.3033826638477801,
    "PDA": 0.0,
    "PDB": 0.0,
    "PDEL": 0.0,
    "PDER": 0.0,
    "PHAL": 0.20067006700670068,
    "PHAR": 0.22263306412377154,
    "PHBL": 0.2384883507613282,
    "PHBR": 0.24022393048128343,
    "PHCL": 0.0,
    "PHCR": 0.0,
    "PLML": 0.282312925170068,
    "PLMR": 0.30876623376623374,
    "PLNL": 0.0,
    "PLNR": 0.0,
    "PQR": 0.2296538821328344,
    "PVCL": 0.2672077922077922,
    "PVCR": 0.27881205673758863,
    "PVDL": 0.3431111111111111,
    "PVDR": 0.345694799658994,
    "PVM": 0.23670212765957446,
    "PVNL": 0.20665961945031713,
    "PVNR": 0.17494714587737845,
    "PVPL": 0.21980676328502416,
    "PVPR": 0.24537037037037038,
    "PVQL": 0.2631822386679001,
    "PVQR": 0.3403019744483159,
    "PVR": 0.2803234501347709,
    "PVT": 0.21675531914893617,
    "PVWL": 0.312156862745098,
    "PVWR": 0.24254821741671537,
    "RIAL": 0.2982456140350877,
    "RIAR": 0.4015151515151515,
    "RIBL": 0.0,
    "RIBR": 0.0,
    "RICL": 0.30563124432334243,
    "RICR": 0.2513169446883231,
    "RID": 0.2357293868921776,
    "RIFL": 0.26248548199767713,
    "RIFR": 0.2894736842105263,
    "RIGL": 0.2293945560925973,
    "RIGR": 0.22548132833699444,
    "RIH": 0.0,
    "RIML": 0.17241111628629094,
    "RIMR": 0.17210060549604098,
    "RIPL": 0.0,
    "RIPR": 0.0,
    "RIR": 0.0,
    "RIS": 0.24947145877378435,
    "RIVL": 0.23809523809523808,
    "RIVR": 0.21229260935143288,
    "RMDDL": 0.0,
    "RMDDR": 0.0,
    "RMDL": 0.0,
    "RMDR": 0.0,
    "RMDVL": 0.0,
    "RMDVR": 0.0,
    "RMED": 0.22250795983345578,
    "RMEL": 0.251875,
    "RMER": 0.25365094565477614,
    "RMEV": 0.22378277153558052,
    "RMFL": 0.0,
    "RMFR": 0.0,
    "RMGL": 0.19612333360595405,
    "RMGR": 0.22022251308900523,
    "RMHL": 0.0,
    "RMHR": 0.0,
    "SAADL": 0.27139007410734334,
    "SAADR": 0.23243036033733708,
    "SAAVL": 0.2526427061310782,
    "SAAVR": 0.19714587737843553,
    "SABD": 0.24056603773584906,
    "SABVL": 0.3477297895902547,
    "SABVR": 0.3303303303303303,
    "SDQL": 0.26588235294117646,
    "SDQR": 0.2538265306122449,
    "SIADL": 0.2346723044397463,
    "SIADR": 0.23414376321353064,
    "SIAVL": 0.16701902748414377,
    "SIAVR": 0.17230443974630022,
    "SIBDL": 0.0,
    "SIBDR": 0.0,
    "SIBVL": 0.0,
    "SIBVR": 0.0,
    "SMBDL": 0.24312896405919662,
    "SMBDR": 0.30656565656565654,
    "SMBVL": 0.0,
    "SMBVR": 0.0,
    "SMDDL": 0.0,
    "SMDDR": 0.0,
    "SMDVL": 0.0,
    "SMDVR": 0.0,
    "URADL": 0.213406292749658,
    "URADR": 0.16566347469220247,
    "URAVL": 0.17400820793433652,
    "URAVR": 0.1689466484268126,
    "URBL": 0.0,
    "URBR": 0.0,
    "URXL": 0.21934405682055566,
    "URXR": 0.20791227692969255,
    "URYDL": 0.27584204413472707,
    "URYDR": 0.3098982423681776,
    "URYVL": 0.3236130867709815,
    "URYVR": 0.297568710359408,
    "VA1": 0.4267425320056899,
    "VA10": 0.4842105263157895,
    "VA11": 0.4373219373219373,
    "VA12": 0.4338461538461538,
    "VA2": 0.3090909090909091,
    "VA3": 0.4,
    "VA4": 0.16666666666666666,
    "VA5": 0.32727272727272727,
    "VA6": 0.5,
    "VA7": 0.3619047619047619,
    "VA8": 0.39666666666666667,
    "VA9": 0.3712121212121212,
    "VB1": 0.42105263157894735,
    "VB10": 0.3791208791208791,
    "VB11": 0.40229885057471265,
    "VB2": 0.3333333333333333,
    "VB3": 0.4408866995073892,
    "VB4": 0.3119047619047619,
    "VB5": 0.5380952380952381,
    "VB6": 0.5476190476190477,
    "VB7": 0.36923076923076925,