{
  "clustering_coefficients": {
    "ADAL": 0.20507399577167018,
    "ADAR": 0.19556025369978858,
    "ADEL": 0.22251585623678646,
    "ADER": 0.17547568710359407,
    "ADFL": 0.23028643158735593,
    "ADFR": 0.2250109122653863,
    "ADLL": 0.21587938760268857,
    "ADLR": 0.23387003359203057,
    "AFDL": 0.2092343658679135,
    "AFDR": 0.277323202805377,
    "AIAL": 0.2730532786885246,
    "AIAR": 0.27073499662845585,
    "AIBL": 0.0,
    "AIBR": 0.0,
    "AIML": 0.203656462585034,
    "AIMR": 0.23001700680272108,
    "AINL": 0.0,
    "AINR": 0.0,
    "AIYL": 0.23875646503260625,
    "AIYR": 0.24550861859674677,
    "AIZL": 0.329041095890411,
    "AIZR": 0.30783483324510325,
    "ALA": 0.23214285714285715,
    "ALML": 0.2904040404040404,
    "ALMR": 0.3621951219512195,
    "ALNL": 0.0,
    "ALNR": 0.0,
    "AQR": 0.2637609525949225,
    "AS1": 0.4150793650793651,
    "AS10": 0.493993993993994,
    "AS11": 0.4666666666666667,
    "AS2": 0.5185185185185185,
    "AS3": 0.5073529411764706,
    "AS4": 0.3076923076923077,
    "AS5": 0.36615384615384616,
    "AS6": 0.15,
    "AS7": 0.5892857142857143,
    "AS8": 0.36666666666666664,
    "AS9": 0.36363636363636365,
    "ASEL": 0.23329547605527162,
    "ASER": 0.21127112711271126,
    "ASGL": 0.2345689508586975,
    "ASGR": 0.2265346029586805,
    "ASHL": 0.21556135770234988,
    "ASHR": 0.21386495036544126,
    "ASIL": 0.21025754884547068,
    "ASIR": 0.21842527372899087,
    "ASJL": 0.24467969005784132,
    "ASJR": 0.24719036032904645,
    "ASKL": 0.21379336180415073,
    "ASKR": 0.23513073105695875,
    "AUAL": 0.2965034965034965,
    "AUAR": 0.2842009685230024,
    "AVAL": 0.23368114535306964,
    "AVAR": 0.1987727523441809,
    "AVBL": 0.26955602536997886,
    "AVBR": 0.1876321353065539,
    "AVDL": 0.26124381321282547,
    "AVDR": 0.22986641221374046,
    "AVEL": 0.3374211632796076,
    "AVER": 0.31945416375087476,
    "AVFL": 0.26464646464646463,
    "AVFR": 0.2833682739343117,
    "AVG": 0.24933451641526175,
    "AVHL": 0.0,
    "AVHR": 0.0,
    "AVJL": 0.0,
    "AVJR": 0.0,
    "AVKL": 0.21379310344827587,
    "AVKR": 0.21954022988505748,
    "AVL": 0.0,
    "AVM": 0.2899305555555556,
    "AWAL": 0.24039829302987198,
    "AWAR": 0.26745098039215687,
    "AWBL": 0.2675324675324675,
    "AWBR": 0.375,
    "AWCL": 0.30128205128205127,
    "AWCR": 0.2564102564102564,
    "BAGL": 0.2634952766531714,
    "BAGR": 0.28649303452453057,
    "BDUL": 0.23469387755102042,
    "BDUR": 0.229147571035747,
    "CANL": 0.0,
    "CANR": 0.0,
    "CEPDL": 0.0,
    "CEPDR": 0.0,
    "CEPVL": 0.0,
    "CEPVR": 0.0,
    "DA1": 0.15,
    "DA2": 0.3893280632411067,
    "DA3": 0.5555555555555556,
    "DA4": 0.5214285714285715,
    "DA5": 0.41911764705882354,
    "DA6": 0.3713235294117647,
    "DA7": 0.3055555555555556,
    "DA8": 0.3735632183908046,
    "DA9": 0.625,
    "DB1": 0.427536231884058,
    "DB2": 0.33658536585365856,
    "DB3": 0.4342105263157895,
    "DB4": 0.4095238095238095,
    "DB5": 0.2916666666666667,
    "DB6": 0.35,
    "DB7": 0.2916666666666667,
    "DD1": 0.26750902527075815,
    "DD2": 0.2895371263259402,
    "DD3": 0.2707641196013289,
    "DD4": 0.27096394984326017,
    "DD5": 0.27843986998916576,
    "DD6": 0.2826915745329775,
    "DVA": 0.23305738740002807,
    "DVB": 0.35,
    "DVC": 0.0,
    "FLPL": 0.20752845358671818,
    "FLPR": 0.21656632982154375,
    "HSNL": 0.28888888888888886,
    "HSNR": 0.3572938689217759,
    "I1L": 0.30939716312056736,
    "I1R": 0.2579124579124579,
    "I2L": 0.23433048433048434,
    "I2R": 0.25515222482435596,
    "I3": 0.0,
    "I4": 0.08333333333333333,
    "I5": 0.21691176470588236,
    "I6": 0.2777777777777778,
    "IL1DL": 0.0,
    "IL1DR": 0.0,
    "IL1L": 0.0,
    "IL1R": 0.0,
    "IL1VL": 0.0,
    "IL1VR": 0.0,
    "IL2DL": 0.34830866807610994,
    "IL2DR": 0.36469344608879495,
    "IL2L": 0.30705128205128207,
    "IL2R": 0.25254901960784315,
    "IL2VL": 0.30662020905923343,
    "IL2VR": 0.30213903743315507,
    "LUAL": 0.20613107822410148,
    "LUAR": 0.2251585623678647,
    "M1": 0.0,
    "M2L": 0.18072145246058288,
    "M2R": 0.19409937888198758,
    "M3L": 0.24142034068136273,
    "M3R": 0.23369175627240144,
    "M4": 0.1734610123119015,
    "M5": 0.26364692218350755,
    "MCL": 0.18604651162790697,
    "MCR": 0.19138166894664843,
    "MI": 0.0,
    "NSML": 0.23384615384615384,
    "NSMR": 0.2630769230769231,
    "OLLL": 0.2827868852459016,
    "OLLR": 0.28619528619528617,
    "OLQDL": 0.2827683615819209,
    "OLQDR": 0.24703004891684138,
    "OLQVL": 0.29464285714285715,
    "OLQVR": 0.32082452431289643,
    "PDA": 0.0,
    "PDB": 0.0,
    "PDEL": 0.0,
    "PDER": 0.0,
    "PHAL": 0.21009448035803083,
    "PHAR": 0.23313676387430327,
    "PHBL": 0.2567199727798571,
    "PHBR": 0.24728105323411562,
    "PHCL": 0.0,
    "PHCR": 0.0,
    "PLML": 0.28281068524970965,
    "PLMR": 0.3120772946859903,
    "PLNL": 0.0,
    "PLNR": 0.0,
    "PQR": 0.2686906237092111,
    "PVCL": 0.2781512605042017,
    "PVCR": 0.2816742081447964,
    "PVDL": 0.32246661429693635,
    "PVDR": 0.30694444444444446,
    "PVM": 0.29521276595744683,
    "PVNL": 0.20243128964059195,
    "PVNR": 0.20930232558139536,
    "PVPL": 0.2492753623188406,
    "PVPR": 0.1893939393939394,
    "PVQL": 0.2937095282146161,
    "PVQR": 0.32134146341463415,
    "PVR": 0.30754352030947774,
    "PVT": 0.20833333333333334,
    "PVWL": 0.2556862745098039,
    "PVWR": 0.25552721088435376,
    "RIAL": 0.32118758434547906,
    "RIAR": 0.3034274193548387,
    "RIBL": 0.0,
    "RIBR": 0.0,
    "RICL": 0.2974934036939314,
    "RICR": 0.2833206397562833,
    "RID": 0.20190274841437633,
    "RIFL": 0.31952861952861955,
    "RIFR": 0.2779390420899855,
    "RIGL": 0.2412562455389008,
    "RIGR": 0.24602800988584206,
    "RIH": 0.0,
    "RIML": 0.19453501009160068,
    "RIMR": 0.19857165036485017,
    "RIPL": 0.0,
    "RIPR": 0.0,
    "RIR": 0.0,
    "RIS": 0.24101479915433405,
    "RIVL": 0.22996515679442509,
    "RIVR": 0.27603074772886094,
    "RMDDL": 0.0,
    "RMDDR": 0.0,
    "RMDL": 0.0,
    "RMDR": 0.0,
    "RMDVL": 0.0,
    "RMDVR": 0.0,
    "RMED": 0.2375506072874494,
    "RMEL": 0.28699803426003934,
    "RMER": 0.24760009365488175,
    "RMEV": 0.23621076233183858,
    "RMFL": 0.0,
    "RMFR": 0.0,
    "RMGL": 0.22412546978895634,
    "RMGR": 0.219001674507615,
    "RMHL": 0.0,
    "RMHR": 0.0,
    "SAADL": 0.2784480394845078,
    "SAADR": 0.28181087597106885,
    "SAAVL": 0.21088794926004228,
    "SAAVR": 0.23678646934460887,
    "SABD": 0.3515873015873016,
    "SABVL": 0.3408826945412311,
    "SABVR": 0.32862745098039214,
    "SDQL": 0.3383838383838384,
    "SDQR": 0.29591836734693877,
    "SIADL": 0.24788583509513742,
    "SIADR": 0.18551797040169132,
    "SIAVL": 0.25,
    "SIAVR": 0.1886892177589852,
    "SIBDL": 0.0,
    "SIBDR": 0.0,
    "SIBVL": 0.0,
    "SIBVR": 0.0,
    "SMBDL": 0.2949260042283298,
    "SMBDR": 0.2543675751222921,
    "SMBVL": 0.0,
    "SMBVR": 0.0,
    "SMDDL": 0.0,
    "SMDDR": 0.0,
    "SMDVL": 0.0,
    "SMDVR": 0.0,
    "URADL": 0.20437756497948018,
    "URADR": 0.1615595075239398,
    "URAVL": 0.19740082079343366,
    "URAVR": 0.18481532147742818,
    "URBL": 0.0,
    "URBR": 0.0,
    "URXL": 0.20435364347468093,
    "URXR": 0.22273511210307395,
    "URYDL": 0.27437943262411346,
    "URYDR": 0.27845117845117845,
    "URYVL": 0.311613475177305,
    "URYVR": 0.2937095282146161,
    "VA1": 0.42698412698412697,
    "VA10": 0.4230769230769231,
    "VA11": 0.4523809523809524,
    "VA12": 0.4,
    "VA2": 0.4642857142857143,
    "VA3": 0.3958333333333333,
    "VA4": 0.2857142857142857,
    "VA5": 0.3,
    "VA6": 0.3655761024182077,
    "VA7": 0.21428571428571427,
    "VA8": 0.3333333333333333,
    "VA9": 0.16666666666666666,
    "VB1": 0.47619047619047616,
    "VB10": 0.4083333333333333,
    "VB11": 0.35714285714285715,
    "VB2": 0.39285714285714285,
    "VB3": 0.48484848484848486,
    "VB4": 0.48917748917748916,
    "VB5": 0.43846153846153846,
    "VB6": 0.3860294117647059,