{
  "clustering_coefficients": {
    "ADAL": 0.2996828752642706,
    "ADAR": 0.19027484143763213,
    "ADEL": 0.20983086680761098,
    "ADER": 0.22357293868921777,
    "ADFL": 0.2416926551242069,
    "ADFR": 0.2219030708167955,
    "ADLL": 0.22549423393739704,
    "ADLR": 0.2348676527831841,
    "AFDL": 0.211864406779661,
    "AFDR": 0.18819403857393338,
    "AIAL": 0.23561477892186553,
    "AIAR": 0.27382098171318575,
    "AIBL": 0.0,
    "AIBR": 0.0,
    "AIML": 0.22321428571428573,
    "AIMR": 0.24319727891156462,
    "AINL": 0.0,
    "AINR": 0.0,
    "AIYL": 0.21709633649932158,
    "AIYR": 0.21555405709148123,
    "AIZL": 0.32889518413597735,
    "AIZR": 0.27792436235708,
    "ALA": 0.17857142857142858,
    "ALML": 0.29591836734693877,
    "ALMR": 0.30279034690799395,
    "ALNL": 0.0,
    "ALNR": 0.0,
    "AQR": 0.25917808219178085,
    "AS1": 0.40476190476190477,
    "AS10": 0.21428571428571427,
    "AS11": 0.4251893939393939,
    "AS2": 0.32727272727272727,
    "AS3": 0.46153846153846156,
    "AS4": 0.4477124183006536,
    "AS5": 0.3,
    "AS6": 0.4373219373219373,
    "AS7": 0.37701149425287356,
    "AS8": 0.39037433155080214,
    "AS9": 0.4105263157894737,
    "ASEL": 0.19211748838603326,
    "ASER": 0.20642030608435982,
    "ASGL": 0.2276305683563748,
    "ASGR": 0.2246308216584627,
    "ASHL": 0.19757800567313988,
    "ASHR": 0.20549158547387067,
    "ASIL": 0.20909967845659164,
    "ASIR": 0.18543799772468714,
    "ASJL": 0.23768502790584808,
    "ASJR": 0.2379644009078963,
    "ASKL": 0.20122047244094488,
    "ASKR": 0.19692027611317606,
    "AUAL": 0.25873015873015875,
    "AUAR": 0.29146489104116224,
    "AVAL": 0.2194641449960599,
    "AVAR": 0.23137577968694834,
    "AVBL": 0.18604651162790697,
    "AVBR": 0.2404862579281184,
    "AVDL": 0.231362804080565,
    "AVDR": 0.23979591836734693,
    "AVEL": 0.3473087818696884,
    "AVER": 0.37277777777777776,
    "AVFL": 0.24891146589259797,
    "AVFR": 0.25292207792207794,
    "AVG": 0.241704619388419,
    "AVHL": 0.0,
    "AVHR": 0.0,
    "AVJL": 0.0,
    "AVJR": 0.0,
    "AVKL": 0.19540229885057472,
    "AVKR": 0.21839080459770116,
    "AVL": 0.0,
    "AVM": 0.29745762711864404,
    "AWAL": 0.3094357076780759,
    "AWAR": 0.32171893147502906,
    "AWBL": 0.3398989898989899,
    "AWBR": 0.2828014184397163,
    "AWCL": 0.28205128205128205,
    "AWCR": 0.32051282051282054,
    "BAGL": 0.3346656976744186,
    "BAGR": 0.35472312703583064,
    "BDUL": 0.2407338075627106,
    "BDUR": 0.27486860035039906,
    "CANL": 0.0,
    "CANR": 0.0,
    "CEPDL": 0.0,
    "CEPDR": 0.0,
    "CEPVL": 0.0,
    "CEPVR": 0.0,
    "DA1": 0.319047619047619,
    "DA2": 0.26666666666666666,
    "DA3": 0.42727272727272725,
    "DA4": 0.4305555555555556,
    "DA5": 0.3333333333333333,
    "DA6": 0.47619047619047616,
    "DA7": 0.42923076923076925,
    "DA8": 0.41544117647058826,
    "DA9": 0.15384615384615385,
    "DB1": 0.2,
    "DB2": 0.30079825834542817,
    "DB3": 0.3958333333333333,
    "DB4": 0.4880952380952381,
    "DB5": 0.4166666666666667,
    "DB6": 0.45714285714285713,
    "DB7": 0.39285714285714285,
    "DD1": 0.3166528239202658,
    "DD2": 0.26353790613718414,
    "DD3": 0.2659495548961424,
    "DD4": 0.2521726941407345,
    "DD5": 0.21201128577186618,
    "DD6": 0.2669354838709677,
    "DVA": 0.2460695990107755,
    "DVB": 0.15,
    "DVC": 0.0,
    "FLPL": 0.21403999139969898,
    "FLPR": 0.21802210817212792,
    "HSNL": 0.32222222222222224,
    "HSNR": 0.2692307692307692,
    "I1L": 0.23373876255949233,
    "I1R": 0.28582202111613875,
    "I2L": 0.2267571399635406,
    "I2R": 0.22967716841695837,
    "I3": 0.0,
    "I4": 0.4166666666666667,
    "I5": 0.23529411764705882,
    "I6": 0.09722222222222222,
    "IL1DL": 0.0,
    "IL1DR": 0.0,
    "IL1L": 0.0,
    "IL1R": 0.0,
    "IL1VL": 0.0,
    "IL1VR": 0.0,
    "IL2DL": 0.2816326530612245,
    "IL2DR": 0.32608695652173914,
    "IL2L": 0.31765389082462253,
    "IL2R": 0.39207317073170733,
    "IL2VL": 0.29429429429429427,
    "IL2VR": 0.2928118393234672,
    "LUAL": 0.21035940803382663,
    "LUAR": 0.2040169133192389,
    "M1": 0.0,
    "M2L": 0.20628284758719542,
    "M2R": 0.17964644051600573,
    "M3L": 0.23972777000381632,
    "M3R": 0.22847790507364976,
    "M4": 0.1771545827633379,
    "M5": 0.1806039488966318,
    "MCL": 0.18426812585499316,
    "MCR": 0.2103967168262654,
    "MI": 0.0,
    "NSML": 0.14153846153846153,
    "NSMR": 0.2276923076923077,
    "OLLL": 0.2687074829931973,
    "OLLR": 0.28679078014184395,
    "OLQDL": 0.3054298642533937,
    "OLQDR": 0.24702380952380953,
    "OLQVL": 0.2885714285714286,
    "OLQVR": 0.261968085106383,
    "PDA": 0.0,
    "PDB": 0.0,
    "PDEL": 0.0,
    "PDER": 0.0,
    "PHAL": 0.20953660174613833,
    "PHAR": 0.21452860664796394,
    "PHBL": 0.22787360954376915,
    "PHBR": 0.279476903606834,
    "PHCL": 0.0,
    "PHCR": 0.0,
    "PLML": 0.2631578947368421,
    "PLMR": 0.3015151515151515,
    "PLNL": 0.0,
    "PLNR": 0.0,
    "PQR": 0.2286252727633406,
    "PVCL": 0.3070588235294118,
    "PVCR": 0.25624421831637373,
    "PVDL": 0.3059574468085106,
    "PVDR": 0.36061381074168797,
    "PVM": 0.3338870431893688,
    "PVNL": 0.2309725158562368,
    "PVNR": 0.2558139534883721,
    "PVPL": 0.2357293868921776,
    "PVPR": 0.2953140253823625,
    "PVQL": 0.2449201741654572,
    "PVQR": 0.257051282051282,
    "PVR": 0.36703988803358994,
    "PVT": 0.22783687943262412,
    "PVWL": 0.22831632653061223,
    "PVWR": 0.2964646464646465,
    "RIAL": 0.3603174603174603,
    "RIAR": 0.29310344827586204,
    "RIBL": 0.0,
    "RIBR": 0.0,
    "RICL": 0.2653333333333333,
    "RICR": 0.2666515632079746,
    "RID": 0.21194503171247359,
    "RIFL": 0.30662020905923343,
    "RIFR": 0.2828282828282828,
    "RIGL": 0.2130403630284213,
    "RIGR": 0.2286315789473684,
    "RIH": 0.0,
    "RIML": 0.17326502095947835,
    "RIMR": 0.17217823319360348,
    "RIPL": 0.0,
    "RIPR": 0.0,
    "RIR": 0.0,
    "RIS": 0.23361522198731502,
    "RIVL": 0.2594268476621418,
    "RIVR": 0.2545454545454545,
    "RMDDL": 0.0,
    "RMDDR": 0.0,
    "RMDL": 0.0,
    "RMDR": 0.0,
    "RMDVL": 0.0,
    "RMDVR": 0.0,
    "RMED": 0.24217221135029354,
    "RMEL": 0.24129638112688961,
    "RMER": 0.2373686843421711,
    "RMEV": 0.22948073701842547,
    "RMFL": 0.0,
    "RMFR": 0.0,
    "RMGL": 0.20246340592645484,
    "RMGR": 0.19028055370493746,
    "RMHL": 0.0,
    "RMHR": 0.0,
    "SAADL": 0.2105691056910569,
    "SAADR": 0.24145838110525109,
    "SAAVL": 0.23414376321353064,
    "SAAVR": 0.23520084566596194,
    "SABD": 0.3239957716701903,
    "SABVL": 0.3427464008859358,
    "SABVR": 0.3314393939393939,
    "SDQL": 0.24202898550724639,
    "SDQR": 0.27932636469221833,
    "SIADL": 0.18340380549682875,
    "SIADR": 0.19714587737843553,
    "SIAVL": 0.26215644820295986,
    "SIAVR": 0.22938689217758984,
    "SIBDL": 0.0,
    "SIBDR": 0.0,
    "SIBVL": 0.0,
    "SIBVR": 0.0,
    "SMBDL": 0.2848639455782313,
    "SMBDR": 0.33940620782726044,
    "SMBVL": 0.0,
    "SMBVR": 0.0,
    "SMDDL": 0.0,
    "SMDDR": 0.0,
    "SMDVL": 0.0,
    "SMDVR": 0.0,
    "URADL": 0.1893296853625171,
    "URADR": 0.18686730506155952,
    "URAVL": 0.17482900136798907,
    "URAVR": 0.1697674418604651,
    "URBL": 0.0,
    "URBR": 0.0,
    "URXL": 0.19627507163323782,
    "URXR": 0.20717437176290043,
    "URYDL": 0.28903903903903905,
    "URYDR": 0.26440677966101694,
    "URYVL": 0.3242424242424242,
    "URYVR": 0.2851153039832285,
    "VA1": 0.2636363636363636,
    "VA10": 0.553030303030303,
    "VA11": 0.44664031620553357,
    "VA12": 0.4574712643678161,
    "VA2": 0.3883333333333333,
    "VA3": 0.3875,
    "VA4": 0.47644927536231885,
    "VA5": 0.4444444444444444,
    "VA6": 0.45849802371541504,
    "VA7": 0.35714285714285715,
    "VA8": 0.4551282051282051,
    "VA9": 0.41354723707664887,
    "VB1": 0.5333333333333333,
    "VB10": 0.5357142857142857,
    "VB11": 0.3476190476190476,
    "VB2": 0.5277777777777778,
    "VB3": 0.36243386243386244,
    "VB4": 0.48484848484848486,