{
  "clustering_coefficients": {
    "ADAL": 0.21141649048625794,
    "ADAR": 0.22093023255813954,
    "ADEL": 0.21141649048625794,
    "ADER": 0.19873150105708245,
    "ADFL": 0.2093814738088192,
    "ADFR": 0.22371210515157938,
    "ADLL": 0.23156229543966833,
    "ADLR": 0.22859716041534223,
    "AFDL": 0.16861484511981298,
    "AFDR": 0.17738164815897137,
    "AIAL": 0.2629932627526468,
    "AIAR": 0.2462686567164179,
    "AIBL": 0.0,
    "AIBR": 0.0,
    "AIML": 0.19047619047619047,
    "AIMR": 0.1649659863945578,
    "AINL": 0.0,
    "AINR": 0.0,
    "AIYL": 0.22945541853104878,
    "AIYR": 0.22486553578816715,
    "AIZL": 0.3144399460188934,
    "AIZR": 0.2943826179120297,
    "ALA": 0.21428571428571427,
    "ALML": 0.2595918367346939,
    "ALMR": 0.30017006802721086,
    "ALNL": 0.0,
    "ALNR": 0.0,
    "AQR": 0.26803840877914953,
    "AS1": 0.37538461538461537,
    "AS10": 0.3639705882352941,
    "AS11": 0.5142857142857142,
    "AS2": 0.3111111111111111,
    "AS3": 0.43666666666666665,
    "AS4": 0.25,
    "AS5": 0.5163398692810458,
    "AS6": 0.4576719576719577,
    "AS7": 0.35714285714285715,
    "AS8": 0.3854679802955665,
    "AS9": 0.37662337662337664,
    "ASEL": 0.2168512923799933,
    "ASER": 0.21404586011704885,
    "ASGL": 0.207427612253462,
    "ASGR": 0.22897669706180346,
    "ASHL": 0.2109574080815435,
    "ASHR": 0.2048725928807625,
    "ASIL": 0.2172290468045405,
    "ASIR": 0.2037927909084571,
    "ASJL": 0.25852634258080937,
    "ASJR": 0.22585537490900268,
    "ASKL": 0.212572222628538,
    "ASKR": 0.21140277672407254,
    "AUAL": 0.35,
    "AUAR": 0.24745605920444033,
    "AVAL": 0.2708816705336427,
    "AVAR": 0.24443388541949498,
    "AVBL": 0.2299154334038055,
    "AVBR": 0.20930232558139536,
    "AVDL": 0.22539267015706807,
    "AVDR": 0.2711934156378601,
    "AVEL": 0.25396825396825395,
    "AVER": 0.29677672955974843,
    "AVFL": 0.29545454545454547,
    "AVFR": 0.24699352451433856,
    "AVG": 0.30457831325301205,
    "AVHL": 0.0,
    "AVHR": 0.0,
    "AVJL": 0.0,
    "AVJR": 0.0,
    "AVKL": 0.19310344827586207,
    "AVKR": 0.22413793103448276,
    "AVL": 0.0,
    "AVM": 0.2798941798941799,
    "AWAL": 0.2898989898989899,
    "AWAR": 0.3141695702671312,
    "AWBL": 0.27235772357723576,
    "AWBR": 0.3007936507936508,
    "AWCL": 0.16025641025641027,
    "AWCR": 0.23717948717948717,
    "BAGL": 0.29335664335664335,
    "BAGR": 0.3141025641025641,
    "BDUL": 0.258969465648855,
    "BDUR": 0.24835958005249345,
    "CANL": 0.0,
    "CANR": 0.0,
    "CEPDL": 0.0,
    "CEPDR": 0.0,
    "CEPVL": 0.0,
    "CEPVR": 0.0,
    "DA1": 0.5423280423280423,
    "DA2": 0.3567251461988304,
    "DA3": 0.42424242424242425,
    "DA4": 0.43870967741935485,
    "DA5": 0.2619047619047619,
    "DA6": 0.36666666666666664,
    "DA7": 0.4696969696969697,
    "DA8": 0.5110294117647058,
    "DA9": 0.4642857142857143,
    "DB1": 0.45,
    "DB2": 0.26684397163120566,
    "DB3": 0.4,
    "DB4": 0.5380952380952381,
    "DB5": 0.5052631578947369,
    "DB6": 0.2361111111111111,
    "DB7": 0.4166666666666667,
    "DD1": 0.2872050816696915,
    "DD2": 0.3081803005008347,
    "DD3": 0.27132789317507416,
    "DD4": 0.2605003088326127,
    "DD5": 0.2801037421267136,
    "DD6": 0.2629268292682927,
    "DVA": 0.24652473387601753,
    "DVB": 0.3,
    "DVC": 0.0,
    "FLPL": 0.20096397767630644,
    "FLPR": 0.22447033898305085,
    "HSNL": 0.3409090909090909,
    "HSNR": 0.3588850174216028,
    "I1L": 0.2187953555878084,
    "I1R": 0.267003367003367,
    "I2L": 0.2745136186770428,
    "I2R": 0.2466433158201985,
    "I3": 0.0,
    "I4": 0.25,
    "I5": 0.27205882352941174,
    "I6": 0.20833333333333334,
    "IL1DL": 0.0,
    "IL1DR": 0.0,
    "IL1L": 0.0,
    "IL1R": 0.0,
    "IL1VL": 0.0,
    "IL1VR": 0.0,
    "IL2DL": 0.3283499446290144,
    "IL2DR": 0.34615384615384615,
    "IL2L": 0.3348751156336725,
    "IL2R": 0.36643437862950057,
    "IL2VL": 0.2748414376321353,
    "IL2VR": 0.3541062801932367,
    "LUAL": 0.23044397463002114,
    "LUAR": 0.2135306553911205,
    "M1": 0.0,
    "M2L": 0.1860965121834687,
    "M2R": 0.17785475394171046,
    "M3L": 0.22764762132440833,
    "M3R": 0.2373499646975759,
    "M4": 0.2186046511627907,
    "M5": 0.18466898954703834,
    "MCL": 0.18454172366621066,
    "MCR": 0.19411764705882353,
    "MI": 0.0,
    "NSML": 0.16,
    "NSMR": 0.2169230769230769,
    "OLLL": 0.3072463768115942,
    "OLLR": 0.3072463768115942,
    "OLQDL": 0.22699849170437406,
    "OLQDR": 0.26040816326530614,
    "OLQVL": 0.29545454545454547,
    "OLQVR": 0.25681818181818183,
    "PDA": 0.0,
    "PDB": 0.0,
    "PDEL": 0.0,
    "PDER": 0.0,
    "PHAL": 0.20979577402528513,
    "PHAR": 0.21951453516262112,
    "PHBL": 0.27787063346147417,
    "PHBR": 0.22559438040345822,
    "PHCL": 0.0,
    "PHCR": 0.0,
    "PLML": 0.29215686274509806,
    "PLMR": 0.24154589371980675,
    "PLNL": 0.0,
    "PLNR": 0.0,
    "PQR": 0.2515292390506484,
    "PVCL": 0.3022959183673469,
    "PVCR": 0.23520084566596194,
    "PVDL": 0.3041266252119842,
    "PVDR": 0.2794348508634223,
    "PVM": 0.21843137254901962,
    "PVNL": 0.24577167019027485,
    "PVNR": 0.20718816067653276,
    "PVPL": 0.20115452930728242,
    "PVPR": 0.3315669947009841,
    "PVQL": 0.2933634992458522,
    "PVQR": 0.26152482269503546,
    "PVR": 0.2556646525679758,
    "PVT": 0.1981382978723404,
    "PVWL": 0.25980392156862747,
    "PVWR": 0.25156641604010027,
    "RIAL": 0.35098522167487683,
    "RIAR": 0.36363636363636365,
    "RIBL": 0.0,
    "RIBR": 0.0,
    "RICL": 0.2510245901639344,
    "RICR": 0.2701011073663938,
    "RID": 0.21723044397463,
    "RIFL": 0.2640816326530612,
    "RIFR": 0.27850877192982454,
    "RIGL": 0.24566735644076565,
    "RIGR": 0.22156303479749,
    "RIH": 0.0,
    "RIML": 0.19725197950628784,
    "RIMR": 0.18646172954510168,
    "RIPL": 0.0,
    "RIPR": 0.0,
    "RIR": 0.0,
    "RIS": 0.18921775898520085,
    "RIVL": 0.2391146589259797,
    "RIVR": 0.30391120507399577,
    "RMDDL": 0.0,
    "RMDDR": 0.0,
    "RMDL": 0.0,
    "RMDR": 0.0,
    "RMDVL": 0.0,
    "RMDVR": 0.0,
    "RMED": 0.27852595494613125,
    "RMEL": 0.22866363853693522,
    "RMER": 0.2521201008480403,
    "RMEV": 0.24162303664921467,
    "RMFL": 0.0,
    "RMFR": 0.0,
    "RMGL": 0.2074779541446208,
    "RMGR": 0.21438569206842925,
    "RMHL": 0.0,
    "RMHR": 0.0,
    "SAADL": 0.2769633507853403,
    "SAADR": 0.2431170696672253,
    "SAAVL": 0.17653276955602537,
    "SAAVR": 0.15803382663847781,
    "SABD": 0.2779623477297896,
    "SABVL": 0.2772133526850508,
    "SABVR": 0.2869978858350951,
    "SDQL": 0.3146464646464647,
    "SDQR": 0.32028985507246377,
    "SIADL": 0.18128964059196617,
    "SIADR": 0.2299154334038055,
    "SIAVL": 0.2769556025369979,
    "SIAVR": 0.18234672304439747,
    "SIBDL": 0.0,
    "SIBDR": 0.0,
    "SIBVL": 0.0,
    "SIBVR": 0.0,
    "SMBDL": 0.3275709219858156,
    "SMBDR": 0.3151595744680851,
    "SMBVL": 0.0,
    "SMBVR": 0.0,
    "SMDDL": 0.0,
    "SMDDR": 0.0,
    "SMDVL": 0.0,
    "SMDVR": 0.0,
    "URADL": 0.1890560875512996,
    "URADR": 0.19781121751025993,
    "URAVL": 0.16552667578659372,
    "URAVR": 0.21956224350205197,
    "URBL": 0.0,
    "URBR": 0.0,
    "URXL": 0.23949752883031303,
    "URXR": 0.22508332437372325,
    "URYDL": 0.3242368177613321,
    "URYDR": 0.29833487511563367,
    "URYVL": 0.35873015873015873,
    "URYVR": 0.26817375886524825,
    "VA1": 0.4523809523809524,
    "VA10": 0.3333333333333333,
    "VA11": 0.39090909090909093,
    "VA12": 0.3,
    "VA2": 0.4444444444444444,
    "VA3": 0.3860887096774194,
    "VA4": 0.44919786096256686,
    "VA5": 0.30952380952380953,
    "VA6": 0.45,
    "VA7": 0.45060483870967744,
    "VA8": 0.4393939393939394,
    "VA9": 0.5197628458498024,
    "VB1": 0.4,
    "VB10": 0.3,
    "VB11": 0.32456140350877194,
    "VB2": 0.3333333333333333,
    "VB3": 0.23333333333333334,
    "VB4": 0.44769230769230767,
    "VB5": 0.16666666666666666,
    "VB6": 0.2,
    "VB7": 0.40714285714285714,
    "VB8": 0.4804597701149425,