{
  "clustering_coefficients": {
    "ADAL": 0.23678646934460887,
    "ADAR": 0.26479915433403806,
    "ADEL": 0.18816067653276955,
    "ADER": 0.23202959830866807,
    "ADFL": 0.21931087436414243,
    "ADFR": 0.2356164383561644,
    "ADLL": 0.2502419615012367,
    "ADLR": 0.22252367797947908,
    "AFDL": 0.28170660432495614,
    "AFDR": 0.23816481589713617,
    "AIAL": 0.25727272727272726,
    "AIAR": 0.3022269353128314,
    "AIBL": 0.0,
    "AIBR": 0.0,
    "AIML": 0.1989795918367347,
    "AIMR": 0.2113095238095238,
    "AINL": 0.0,
    "AINR": 0.0,
    "AIYL": 0.23985263702171664,
    "AIYR": 0.223213251476891,
    "AIZL": 0.3059318075665577,
    "AIZR": 0.32208293153326906,
    "ALA": 0.17857142857142858,
    "ALML": 0.3021624780829924,
    "ALMR": 0.2441944847605225,
    "ALNL": 0.0,
    "ALNR": 0.0,
    "AQR": 0.25229975319721787,
    "AS1": 0.4650793650793651,
    "AS10": 0.5972222222222222,
    "AS11": 0.4426877470355731,
    "AS2": 0.3663101604278075,
    "AS3": 0.33095238095238094,
    "AS4": 0.36666666666666664,
    "AS5": 0.4230769230769231,
    "AS6": 0.3888888888888889,
    "AS7": 0.35714285714285715,
    "AS8": 0.45714285714285713,
    "AS9": 0.5,
    "ASEL": 0.21269633507853403,
    "ASER": 0.21585213032581455,
    "ASGL": 0.23786407766990292,
    "ASGR": 0.2257279617072198,
    "ASHL": 0.231244211176289,
    "ASHR": 0.22410857845455406,
    "ASIL": 0.22665130568356376,
    "ASIR": 0.22436134764901888,
    "ASJL": 0.21143500562992618,
    "ASJR": 0.23296858453935756,
    "ASKL": 0.23863112613304654,
    "ASKR": 0.23421304417158348,
    "AUAL": 0.3048951048951049,
    "AUAR": 0.33454281567489114,
    "AVAL": 0.2504568296025583,
    "AVAR": 0.24147281290138434,
    "AVBL": 0.22674418604651161,
    "AVBR": 0.24577167019027485,
    "AVDL": 0.26687866927592957,
    "AVDR": 0.2458145814581458,
    "AVEL": 0.28936170212765955,
    "AVER": 0.3108108108108108,
    "AVFL": 0.24312896405919662,
    "AVFR": 0.3158630328441649,
    "AVG": 0.20319432120674358,
    "AVHL": 0.0,
    "AVHR": 0.0,
    "AVJL": 0.0,
    "AVJR": 0.0,
    "AVKL": 0.19310344827586207,
    "AVKR": 0.17011494252873563,
    "AVL": 0.0,
    "AVM": 0.29721549636803873,
    "AWAL": 0.33719512195121953,
    "AWAR": 0.31666666666666665,
    "AWBL": 0.2763605442176871,
    "AWBR": 0.2739495798319328,
    "AWCL": 0.21153846153846154,
    "AWCR": 0.21794871794871795,
    "BAGL": 0.3201800847457627,
    "BAGR": 0.3319672131147541,
    "BDUL": 0.273095623987034,
    "BDUR": 0.2413172575130466,
    "CANL": 0.0,
    "CANR": 0.0,
    "CEPDL": 0.0,
    "CEPDR": 0.0,
    "CEPVL": 0.0,
    "CEPVR": 0.0,
    "DA1": 0.4027777777777778,
    "DA2": 0.4023809523809524,
    "DA3": 0.36813186813186816,
    "DA4": 0.4393939393939394,
    "DA5": 0.15,
    "DA6": 0.375,
    "DA7": 0.43859649122807015,
    "DA8": 0.45,
    "DA9": 0.25,
    "DB1": 0.23809523809523808,
    "DB2": 0.24854862119013063,
    "DB3": 0.4766009852216749,
    "DB4": 0.4852216748768473,
    "DB5": 0.05,
    "DB6": 0.5,
    "DB7": 0.4727272727272727,
    "DD1": 0.2658699059561129,
    "DD2": 0.28352013283520133,
    "DD3": 0.2952054794520548,
    "DD4": 0.26078028747433263,
    "DD5": 0.24959709911361805,
    "DD6": 0.26244609956879655,
    "DVA": 0.23072139303482586,
    "DVB": 0.05,
    "DVC": 0.0,
    "FLPL": 0.21881689044561198,
    "FLPR": 0.1979,
    "HSNL": 0.3504983388704319,
    "HSNR": 0.32558139534883723,
    "I1L": 0.30549019607843136,
    "I1R": 0.2948717948717949,
    "I2L": 0.2677555321390938,
    "I2R": 0.2767185148018063,
    "I3": 0.0,
    "I4": 0.25,
    "I5": 0.3125,
    "I6": 0.2777777777777778,
    "IL1DL": 0.0,
    "IL1DR": 0.0,
    "IL1L": 0.0,
    "IL1R": 0.0,
    "IL1VL": 0.0,
    "IL1VR": 0.0,
    "IL2DL": 0.2867231638418079,
    "IL2DR": 0.337322695035461,
    "IL2L": 0.30808080808080807,
    "IL2R": 0.337987012987013,
    "IL2VL": 0.3128205128205128,
    "IL2VR": 0.3066604995374653,
    "LUAL": 0.18234672304439747,
    "LUAR": 0.2135306553911205,
    "M1": 0.0,
    "M2L": 0.18991877687529862,
    "M2R": 0.21894409937888198,
    "M3L": 0.2367277736568825,
    "M3R": 0.23623359862335985,
    "M4": 0.1774281805745554,
    "M5": 0.20499419279907086,
    "MCL": 0.19767441860465115,
    "MCR": 0.21819425444596444,
    "MI": 0.0,
    "NSML": 0.19692307692307692,
    "NSMR": 0.29384615384615387,
    "OLLL": 0.33643617021276595,
    "OLLR": 0.3430232558139535,
    "OLQDL": 0.3116701607267645,
    "OLQDR": 0.28160919540229884,
    "OLQVL": 0.2854647099930119,
    "OLQVR": 0.29094076655052264,
    "PDA": 0.0,
    "PDB": 0.0,
    "PDEL": 0.0,
    "PDER": 0.0,
    "PHAL": 0.2197731755424063,
    "PHAR": 0.24772996446900908,
    "PHBL": 0.22587324450846236,
    "PHBR": 0.19736350037397157,
    "PHCL": 0.0,
    "PHCR": 0.0,
    "PLML": 0.32402482269503546,
    "PLMR": 0.3056972789115646,
    "PLNL": 0.0,
    "PLNR": 0.0,
    "PQR": 0.2614827520487898,
    "PVCL": 0.273784355179704,
    "PVCR": 0.2686932215234102,
    "PVDL": 0.38036363636363635,
    "PVDR": 0.33059051306873183,
    "PVM": 0.23410202655485673,
    "PVNL": 0.2219873150105708,
    "PVNR": 0.15486257928118394,
    "PVPL": 0.3306514913657771,
    "PVPR": 0.21083172147001933,
    "PVQL": 0.19124579124579125,
    "PVQR": 0.24347826086956523,
    "PVR": 0.3167832167832168,
    "PVT": 0.20168439716312056,
    "PVWL": 0.2864406779661017,
    "PVWR": 0.30319148936170215,
    "RIAL": 0.37433862433862436,
    "RIAR": 0.3103658536585366,
    "RIBL": 0.0,
    "RIBR": 0.0,
    "RICL": 0.27844744455159115,
    "RICR": 0.30356402818068795,
    "RID": 0.25,
    "RIFL": 0.26862745098039215,
    "RIFR": 0.2883838383838384,
    "RIGL": 0.26514380249427333,
    "RIGR": 0.26355651731160895,
    "RIH": 0.0,
    "RIML": 0.19189566837447602,
    "RIMR": 0.1870827511256016,
    "RIPL": 0.0,
    "RIPR": 0.0,
    "RIR": 0.0,
    "RIS": 0.2299154334038055,
    "RIVL": 0.2861635220125786,
    "RIVR": 0.30223619846261357,
    "RMDDL": 0.0,
    "RMDDR": 0.0,
    "RMDL": 0.0,
    "RMDR": 0.0,
    "RMDVL": 0.0,
    "RMDVR": 0.0,
    "RMED": 0.26208130912810024,
    "RMEL": 0.2428309245239734,
    "RMER": 0.28015515515515516,
    "RMEV": 0.25392363551182945,
    "RMFL": 0.0,
    "RMFR": 0.0,
    "RMGL": 0.20527355178466938,
    "RMGR": 0.2072143832498862,
    "RMHL": 0.0,
    "RMHR": 0.0,
    "SAADL": 0.26606091630406964,
    "SAADR": 0.2693932991246604,
    "SAAVL": 0.24365750528541227,
    "SAAVR": 0.2774841437632135,
    "SABD": 0.3083670715249663,
    "SABVL": 0.3469601677148847,
    "SABVR": 0.3538306451612903,
    "SDQL": 0.2828014184397163,
    "SDQR": 0.3117167919799499,
    "SIADL": 0.17177589852008457,
    "SIADR": 0.21458773784355178,
    "SIAVL": 0.2087737843551797,
    "SIAVR": 0.2584566596194503,
    "SIBDL": 0.0,
    "SIBDR": 0.0,
    "SIBVL": 0.0,
    "SIBVR": 0.0,
    "SMBDL": 0.28153153153153154,
    "SMBDR": 0.31149193548387094,
    "SMBVL": 0.0,
    "SMBVR": 0.0,
    "SMDDL": 0.0,
    "SMDDR": 0.0,
    "SMDVL": 0.0,
    "SMDVR": 0.0,
    "URADL": 0.18276333789329685,
    "URADR": 0.1853625170998632,
    "URAVL": 0.18590971272229823,
    "URAVR": 0.17305061559507523,
    "URBL": 0.0,
    "URBR": 0.0,
    "URXL": 0.2264649131715243,
    "URXR": 0.19705543832725878,
    "URYDL": 0.26063829787234044,
    "URYDR": 0.2620663650075415,
    "URYVL": 0.28307123034227566,
    "URYVR": 0.2420408163265306,
    "VA1": 0.5098039215686274,
    "VA10": 0.23214285714285715,
    "VA11": 0.5,
    "VA12": 0.6666666666666666,
    "VA2": 0.33636363636363636,
    "VA3": 0.42857142857142855,
    "VA4": 0.44285714285714284,
    "VA5": 0.4666666666666667,
    "VA6": 0.4523809523809524,
    "VA7": 0.4528985507246377,
    "VA8": 0.4166666666666667,
    "VA9": 0.43014705882352944,
    "VB1": 0.20512820512820512,
    "VB10": 0.41737891737891736,
    "VB11": 0.55,
    "VB2": 0.37849462365591396,
    "VB3": 0.42857142857142855,
    "VB4": 0.5138888888888888,
    "VB5": 0.15,
    "VB6": 0.4,
    "VB7": 0.4107142857142857,
    "VB8": 0.35714285714285715,
    "VB9": 0.4438405797101449,