{
  "clustering_coefficients": {
    "ADAL": 0.23995771670190275,
    "ADAR": 0.23625792811839325,
    "ADEL": 0.27431289640591966,
    "ADER": 0.24207188160676532,
    "ADFL": 0.21955792382080128,
    "ADFR": 0.22296230511150583,
    "ADLL": 0.23357983847426292,
    "ADLR": 0.2639168698971477,
    "AFDL": 0.18877849210987727,
    "AFDR": 0.2022209234365868,
    "AIAL": 0.28957286432160806,
    "AIAR": 0.27388355002826453,
    "AIBL": 0.0,
    "AIBR": 0.0,
    "AIML": 0.19387755102040816,
    "AIMR": 0.19770408163265307,
    "AINL": 0.0,
    "AINR": 0.0,
    "AIYL": 0.24038015762633286,
    "AIYR": 0.24398816130225676,
    "AIZL": 0.2876864487464297,
    "AIZR": 0.30535390199637025,
    "ALA": 0.375,
    "ALML": 0.29294117647058826,
    "ALMR": 0.27176470588235296,
    "ALNL": 0.0,
    "ALNR": 0.0,
    "AQR": 0.2992831541218638,
    "AS1": 0.40730837789661317,
    "AS10": 0.4574712643678161,
    "AS11": 0.38461538461538464,
    "AS2": 0.4193121693121693,
    "AS3": 0.43333333333333335,
    "AS4": 0.42857142857142855,
    "AS5": 0.31666666666666665,
    "AS6": 0.17424242424242425,
    "AS7": 0.5,
    "AS8": 0.3472222222222222,
    "AS9": 0.0,
    "ASEL": 0.24132569558101474,
    "ASER": 0.23927440253383242,
    "ASGL": 0.23558918551266791,
    "ASGR": 0.2194108761329305,
    "ASHL": 0.21805467260012715,
    "ASHR": 0.2074700109051254,
    "ASIL": 0.22901144481142946,
    "ASIR": 0.22269312935014815,
    "ASJL": 0.24452941176470588,
    "ASJR": 0.224881995954147,
    "ASKL": 0.21857790170791216,
    "ASKR": 0.2311161976571967,
    "AUAL": 0.3210034013605442,
    "AUAR": 0.3453054298642534,
    "AVAL": 0.24147058823529413,
    "AVAR": 0.2365273881588661,
    "AVBL": 0.2700845665961945,
    "AVBR": 0.23625792811839325,
    "AVDL": 0.2614759499231276,
    "AVDR": 0.2859518935516888,
    "AVEL": 0.2918303220738413,
    "AVER": 0.3336291038154392,
    "AVFL": 0.28244897959183674,
    "AVFR": 0.3033826638477801,
    "AVG": 0.2681510164569216,
    "AVHL": 0.0,
    "AVHR": 0.0,
    "AVJL": 0.0,
    "AVJR": 0.0,
    "AVKL": 0.19540229885057472,
    "AVKR": 0.21379310344827587,
    "AVL": 0.0,
    "AVM": 0.3225635593220339,
    "AWAL": 0.38333333333333336,
    "AWAR": 0.30081632653061224,
    "AWBL": 0.29494949494949496,
    "AWBR": 0.3039832285115304,
    "AWCL": 0.08333333333333333,
    "AWCR": 0.14102564102564102,
    "BAGL": 0.2759248029108551,
    "BAGR": 0.32181818181818184,
    "BDUL": 0.22995322418977615,
    "BDUR": 0.24105729661285216,
    "CANL": 0.0,
    "CANR": 0.0,
    "CEPDL": 0.0,
    "CEPDR": 0.0,
    "CEPVL": 0.0,
    "CEPVR": 0.0,
    "DA1": 0.37083333333333335,
    "DA2": 0.4803921568627451,
    "DA3": 0.44761904761904764,
    "DA4": 0.48157894736842105,
    "DA5": 0.45276292335115864,
    "DA6": 0.3333333333333333,
    "DA7": 0.4046153846153846,
    "DA8": 0.4470899470899471,
    "DA9": 0.525,
    "DB1": 0.3888888888888889,
    "DB2": 0.3094357076780759,
    "DB3": 0.38636363636363635,
    "DB4": 0.4472934472934473,
    "DB5": 0.49242424242424243,
    "DB6": 0.43137254901960786,
    "DB7": 0.7,
    "DD1": 0.3008347245409015,
    "DD2": 0.2961033076574536,
    "DD3": 0.3044931303379131,
    "DD4": 0.3028971354166667,
    "DD5": 0.2988906497622821,
    "DD6": 0.29956663055254606,
    "DVA": 0.24817083546026886,
    "DVB": 0.15,
    "DVC": 0.0,
    "FLPL": 0.24114280523255813,
    "FLPR": 0.20645844362096347,
    "HSNL": 0.31746031746031744,
    "HSNR": 0.3850267379679144,
    "I1L": 0.27424242424242423,
    "I1R": 0.23478260869565218,
    "I2L": 0.2725972540045767,
    "I2R": 0.2559174590329759,
    "I3": 0.0,
    "I4": 0.0,
    "I5": 0.3125,
    "I6": 0.1111111111111111,
    "IL1DL": 0.0,
    "IL1DR": 0.0,
    "IL1L": 0.0,
    "IL1R": 0.0,
    "IL1VL": 0.0,
    "IL1VR": 0.0,
    "IL2DL": 0.2546768707482993,
    "IL2DR": 0.3123123123123123,
    "IL2L": 0.3172987974098057,
    "IL2R": 0.3532668881506091,
    "IL2VL": 0.34423076923076923,
    "IL2VR": 0.3697705802968961,
    "LUAL": 0.2463002114164905,
    "LUAR": 0.2182875264270613,
    "M1": 0.0,
    "M2L": 0.19505494505494506,
    "M2R": 0.18633540372670807,
    "M3L": 0.2142931718521612,
    "M3R": 0.25134495373359156,
    "M4": 0.2448700410396717,
    "M5": 0.22531939605110338,
    "MCL": 0.19808481532147743,
    "MCR": 0.17606019151846786,
    "MI": 0.0,
    "NSML": 0.14923076923076922,
    "NSMR": 0.24769230769230768,
    "OLLL": 0.3522267206477733,
    "OLLR": 0.2864693446088795,
    "OLQDL": 0.22073170731707317,
    "OLQDR": 0.2546768707482993,
    "OLQVL": 0.2925170068027211,
    "OLQVR": 0.22657004830917873,
    "PDA": 0.0,
    "PDB": 0.0,
    "PDEL": 0.0,
    "PDER": 0.0,
    "PHAL": 0.23470009134273825,
    "PHAR": 0.234940839010398,
    "PHBL": 0.23284092956224103,
    "PHBR": 0.23699655940093098,
    "PHCL": 0.0,
    "PHCR": 0.0,
    "PLML": 0.28585858585858587,
    "PLMR": 0.2969858156028369,
    "PLNL": 0.0,
    "PLNR": 0.0,
    "PQR": 0.23559776997728682,
    "PVCL": 0.31262626262626264,
    "PVCR": 0.2823232323232323,
    "PVDL": 0.3380392156862745,
    "PVDR": 0.2957900492072171,
    "PVM": 0.2718378756114605,
    "PVNL": 0.23520084566596194,
    "PVNR": 0.21300211416490486,
    "PVPL": 0.22562056737588654,
    "PVPR": 0.1823017408123791,
    "PVQL": 0.2718378756114605,
    "PVQR": 0.2402482269503546,
    "PVR": 0.3983333333333333,
    "PVT": 0.2393617021276596,
    "PVWL": 0.26125073056691994,
    "PVWR": 0.24788583509513742,
    "RIAL": 0.3849462365591398,
    "RIAR": 0.3207729468599034,
    "RIBL": 0.0,
    "RIBR": 0.0,
    "RICL": 0.2855956828559568,
    "RICR": 0.2936928261916225,
    "RID": 0.2214587737843552,
    "RIFL": 0.3469387755102041,
    "RIFR": 0.28448979591836737,
    "RIGL": 0.20893243415192772,
    "RIGR": 0.23262682418346073,
    "RIH": 0.0,
    "RIML": 0.1888681881695389,
    "RIMR": 0.2135537959944108,
    "RIPL": 0.0,
    "RIPR": 0.0,
    "RIR": 0.0,
    "RIS": 0.24260042283298097,
    "RIVL": 0.32227891156462585,
    "RIVR": 0.2576271186440678,
    "RMDDL": 0.0,
    "RMDDR": 0.0,
    "RMDL": 0.0,
    "RMDR": 0.0,
    "RMDVL": 0.0,
    "RMDVR": 0.0,
    "RMED": 0.23718098805900256,
    "RMEL": 0.27118445692883897,
    "RMER": 0.3094309316200092,
    "RMEV": 0.25601023017902813,
    "RMFL": 0.0,
    "RMFR": 0.0,
    "RMGL": 0.21497340604591664,
    "RMGR": 0.21285125515174222,
    "RMHL": 0.0,
    "RMHR": 0.0,
    "SAADL": 0.2753200089827083,
    "SAADR": 0.2975574712643678,
    "SAAVL": 0.19503171247357293,
    "SAAVR": 0.2822410147991543,
    "SABD": 0.32613510520487266,
    "SABVL": 0.27807486631016043,
    "SABVR": 0.26616161616161615,
    "SDQL": 0.3060253699788584,
    "SDQR": 0.30079825834542817,
    "SIADL": 0.23837209302325582,
    "SIADR": 0.18551797040169132,
    "SIAVL": 0.24154334038054967,
    "SIAVR": 0.2595137420718816,
    "SIBDL": 0.0,
    "SIBDR": 0.0,
    "SIBVL": 0.0,
    "SIBVR": 0.0,
    "SMBDL": 0.3409090909090909,
    "SMBDR": 0.2946938775510204,
    "SMBVL": 0.0,
    "SMBVR": 0.0,
    "SMDDL": 0.0,
    "SMDDR": 0.0,
    "SMDVL": 0.0,
    "SMDVR": 0.0,
    "URADL": 0.19015047879616964,
    "URADR": 0.1759233926128591,
    "URAVL": 0.186593707250342,
    "URAVR": 0.22968536251709987,
    "URBL": 0.0,
    "URBR": 0.0,
    "URXL": 0.21563328033916268,
    "URXR": 0.22275204359673023,
    "URYDL": 0.382051282051282,
    "URYDR": 0.32452431289640593,
    "URYVL": 0.28307123034227566,
    "URYVR": 0.30229419703103916,
    "VA1": 0.4946236559139785,
    "VA10": 0.39285714285714285,
    "VA11": 0.43147502903600465,
    "VA12": 0.4230769230769231,
    "VA2": 0.3333333333333333,
    "VA3": 0.49047619047619045,
    "VA4": 0.35,
    "VA5": 0.4,
    "VA6": 0.42857142857142855,
    "VA7": 0.4,
    "VA8": 0.45714285714285713,
    "VA9": 0.4675324675324675,
    "VB1": 0.75,
    "VB10": 0.23809523809523808,
    "VB11": 0.42727272727272725,
    "VB2": 0.23333333333333334,
    "VB3": 0.35454545454545455,
    "VB4": 0.4057971014492754,
    "VB5": 0.0,
    "VB6": 0.2,
    "VB7": 0.1,
    "VB8": 0.39766081871345027,
    "VB9": 0.42948717948717946,