{
  "clustering_coefficients": {
    "ADAL": 0.26215644820295986,
    "ADAR": 0.19238900634249473,
    "ADEL": 0.25634249471458775,
    "ADER": 0.22357293868921777,
    "ADFL": 0.20371052389282754,
    "ADFR": 0.2183613353698451,
    "ADLL": 0.24456852791878173,
    "ADLR": 0.2393699166066097,
    "AFDL": 0.21975452951490357,
    "AFDR": 0.2130333138515488,
    "AIAL": 0.2383116883116883,
    "AIAR": 0.24897600936220013,
    "AIBL": 0.0,
    "AIBR": 0.0,
    "AIML": 0.23596938775510204,
    "AIMR": 0.2546768707482993,
    "AINL": 0.0,
    "AINR": 0.0,
    "AIYL": 0.23757553335799728,
    "AIYR": 0.23453429101019463,
    "AIZL": 0.2564327485380117,
    "AIZR": 0.3011478730587441,
    "ALA": 0.19642857142857142,
    "ALML": 0.2918552036199095,
    "ALMR": 0.3191489361702128,
    "ALNL": 0.0,
    "ALNR": 0.0,
    "AQR": 0.26411337549777464,
    "AS1": 0.5,
    "AS10": 0.3710801393728223,
    "AS11": 0.45689655172413796,
    "AS2": 0.2636363636363636,
    "AS3": 0.23333333333333334,
    "AS4": 0.31666666666666665,
    "AS5": 0.3974358974358974,
    "AS6": 0.358974358974359,
    "AS7": 0.5095238095238095,
    "AS8": 0.4111111111111111,
    "AS9": 0.35789473684210527,
    "ASEL": 0.19632888636578674,
    "ASER": 0.20790590732224973,
    "ASGL": 0.24068831283729983,
    "ASGR": 0.2214905104712042,
    "ASHL": 0.22391552511415524,
    "ASHR": 0.21742132780901646,
    "ASIL": 0.20449255941885888,
    "ASIR": 0.19796573875802997,
    "ASJL": 0.21679805942995756,
    "ASJR": 0.19880546075085323,
    "ASKL": 0.230546117510566,
    "ASKR": 0.22715908279162797,
    "AUAL": 0.30300096805421106,
    "AUAR": 0.34071550255536626,
    "AVAL": 0.2337024655244463,
    "AVAR": 0.24337156246146258,
    "AVBL": 0.2214587737843552,
    "AVBR": 0.21300211416490486,
    "AVDL": 0.22164800459374104,
    "AVDR": 0.285254691689008,
    "AVEL": 0.29113539769277474,
    "AVER": 0.37367130008176613,
    "AVFL": 0.29152148664343785,
    "AVFR": 0.2802960222016651,
    "AVG": 0.2796985815602837,
    "AVHL": 0.0,
    "AVHR": 0.0,
    "AVJL": 0.0,
    "AVJR": 0.0,
    "AVKL": 0.19080459770114944,
    "AVKR": 0.19425287356321838,
    "AVL": 0.0,
    "AVM": 0.3377342419080068,
    "AWAL": 0.3356562137049942,
    "AWAR": 0.30873015873015874,
    "AWBL": 0.29915433403805497,
    "AWBR": 0.2650793650793651,
    "AWCL": 0.16666666666666666,
    "AWCR": 0.09615384615384616,
    "BAGL": 0.2848180677540778,
    "BAGR": 0.3212669683257919,
    "BDUL": 0.24730612965907084,
    "BDUR": 0.2523390203632361,
    "CANL": 0.0,
    "CANR": 0.0,
    "CEPDL": 0.0,
    "CEPDR": 0.0,
    "CEPVL": 0.0,
    "CEPVR": 0.0,
    "DA1": 0.35714285714285715,
    "DA2": 0.42,
    "DA3": 0.35661764705882354,
    "DA4": 0.3,
    "DA5": 0.4746376811594203,
    "DA6": 0.525974025974026,
    "DA7": 0.5333333333333333,
    "DA8": 0.42100840336134454,
    "DA9": 0.13333333333333333,
    "DB1": 0.3663101604278075,
    "DB2": 0.28974358974358977,
    "DB3": 0.3704994192799071,
    "DB4": 0.432258064516129,
    "DB5": 0.4,
    "DB6": 0.47058823529411764,
    "DB7": 0.43333333333333335,
    "DD1": 0.2824786324786325,
    "DD2": 0.23899266177451634,
    "DD3": 0.23532774390243902,
    "DD4": 0.25934579439252337,
    "DD5": 0.3226027397260274,
    "DD6": 0.28889650445510623,
    "DVA": 0.2642634379013025,
    "DVB": 0.0,
    "DVC": 0.0,
    "FLPL": 0.21689362541938031,
    "FLPR": 0.20749854113985605,
    "HSNL": 0.3788265306122449,
    "HSNR": 0.41114058355437666,
    "I1L": 0.22674418604651161,
    "I1R": 0.24447278911564627,
    "I2L": 0.2764542386341076,
    "I2R": 0.22692601067887108,
    "I3": 0.0,
    "I4": 0.16666666666666666,
    "I5": 0.12867647058823528,
    "I6": 0.08333333333333333,
    "IL1DL": 0.0,
    "IL1DR": 0.0,
    "IL1L": 0.0,
    "IL1R": 0.0,
    "IL1VL": 0.0,
    "IL1VR": 0.0,
    "IL2DL": 0.266156462585034,
    "IL2DR": 0.3905919661733615,
    "IL2L": 0.30483091787439615,
    "IL2R": 0.3031462585034014,
    "IL2VL": 0.2878787878787879,
    "IL2VR": 0.32793709528214615,
    "LUAL": 0.257399577167019,
    "LUAR": 0.2214587737843552,
    "M1": 0.0,
    "M2L": 0.20150501672240803,
    "M2R": 0.18406593406593408,
    "M3L": 0.23562779535289627,
    "M3R": 0.21536969420356003,
    "M4": 0.1856361149110807,
    "M5": 0.23809523809523808,
    "MCL": 0.1893296853625171,
    "MCR": 0.20601915184678524,
    "MI": 0.0,
    "NSML": 0.2676923076923077,
    "NSMR": 0.17076923076923076,
    "OLLL": 0.25443262411347517,
    "OLLR": 0.29879740980573544,
    "OLQDL": 0.26807909604519775,
    "OLQDR": 0.2542087542087542,
    "OLQVL": 0.27061310782241016,
    "OLQVR": 0.29743589743589743,
    "PDA": 0.0,
    "PDB": 0.0,
    "PDEL": 0.0,
    "PDER": 0.0,
    "PHAL": 0.2295396910781526,
    "PHAR": 0.2316706465021668,
    "PHBL": 0.2576025459688826,
    "PHBR": 0.23777887139107612,
    "PHCL": 0.0,
    "PHCR": 0.0,
    "PLML": 0.28102836879432624,
    "PLMR": 0.2596078431372549,
    "PLNL": 0.0,
    "PLNR": 0.0,
    "PQR": 0.23330524541815884,
    "PVCL": 0.3170731707317073,
    "PVCR": 0.26995645863570394,
    "PVDL": 0.3512009373169303,
    "PVDR": 0.36585365853658536,
    "PVM": 0.25802879291251385,
    "PVNL": 0.24101479915433405,
    "PVNR": 0.18710359408033828,
    "PVPL": 0.30058555627846456,
    "PVPR": 0.20084566596194503,
    "PVQL": 0.26666666666666666,
    "PVQR": 0.2725490196078431,
    "PVR": 0.2641509433962264,
    "PVT": 0.21852836879432624,
    "PVWL": 0.28410740203193036,
    "PVWR": 0.2384313725490196,
    "RIAL": 0.3664772727272727,
    "RIAR": 0.3351449275362319,
    "RIBL": 0.0,
    "RIBR": 0.0,
    "RICL": 0.2503499766682221,
    "RICR": 0.2846927966101695,
    "RID": 0.1992600422832981,
    "RIFL": 0.28853383458646614,
    "RIFR": 0.34717607973421927,
    "RIGL": 0.26033946928042073,
    "RIGR": 0.26983012775515935,
    "RIH": 0.0,
    "RIML": 0.18630647414997673,
    "RIMR": 0.17015991305697872,
    "RIPL": 0.0,
    "RIPR": 0.0,
    "RIR": 0.0,
    "RIS": 0.2214587737843552,
    "RIVL": 0.22885835095137422,
    "RIVR": 0.29464285714285715,
    "RMDDL": 0.0,
    "RMDDR": 0.0,
    "RMDL": 0.0,
    "RMDR": 0.0,
    "RMDVL": 0.0,
    "RMDVR": 0.0,
    "RMED": 0.2964233219010289,
    "RMEL": 0.2875673029858052,
    "RMER": 0.24595924104005623,
    "RMEV": 0.2734948604992658,
    "RMFL": 0.0,
    "RMFR": 0.0,
    "RMGL": 0.21886779752288638,
    "RMGR": 0.21100667483994007,
    "RMHL": 0.0,
    "RMHR": 0.0,
    "SAADL": 0.2725450901803607,
    "SAADR": 0.2501756851721715,
    "SAAVL": 0.2204016913319239,
    "SAAVR": 0.2394291754756871,
    "SABD": 0.36025641025641025,
    "SABVL": 0.31983805668016196,
    "SABVR": 0.36059743954480794,
    "SDQL": 0.3095959595959596,
    "SDQR": 0.2914634146341463,
    "SIADL": 0.2156448202959831,
    "SIADR": 0.1781183932346723,
    "SIAVL": 0.21088794926004228,
    "SIAVR": 0.24260042283298097,
    "SIBDL": 0.0,
    "SIBDR": 0.0,
    "SIBVL": 0.0,
    "SIBVR": 0.0,
    "SMBDL": 0.3075855689176688,
    "SMBDR": 0.3292606516290727,
    "SMBVL": 0.0,
    "SMBVR": 0.0,
    "SMDDL": 0.0,
    "SMDDR": 0.0,
    "SMDVL": 0.0,
    "SMDVR": 0.0,
    "URADL": 0.21367989056087552,
    "URADR": 0.1853625170998632,
    "URAVL": 0.16566347469220247,
    "URAVR": 0.19767441860465115,
    "URBL": 0.0,
    "URBR": 0.0,
    "URXL": 0.2342408996744599,
    "URXR": 0.23595100864553314,
    "URYDL": 0.2918552036199095,
    "URYDR": 0.2710204081632653,
    "URYVL": 0.32040816326530613,
    "URYVR": 0.32142857142857145,
    "VA1": 0.458128078817734,
    "VA10": 0.26666666666666666,
    "VA11": 0.39126559714795006,
    "VA12": 0.3333333333333333,
    "VA2": 0.2777777777777778,
    "VA3": 0.509090909090909,
    "VA4": 0.5214285714285715,
    "VA5": 0.49242424242424243,
    "VA6": 0.341991341991342,
    "VA7": 0.3055555555555556,
    "VA8": 0.4287749287749288,
    "VA9": 0.39285714285714285,
    "VB1": 0.4583333333333333,
    "VB10": 0.42857142857142855,
    "VB11": 0.4103174603174603,
    "VB2": 0.6666666666666666,
    "VB3": 0.3611111111111111,
    "VB4": 0.13333333333333333,