{
  "clustering_coefficients": {
    "ADAL": 0.26268498942917545,
    "ADAR": 0.20084566596194503,
    "ADEL": 0.25898520084566595,
    "ADER": 0.20454545454545456,
    "ADFL": 0.22362070597142045,
    "ADFR": 0.255079571614453,
    "ADLL": 0.24079263410728582,
    "ADLR": 0.25321215919774365,
    "AFDL": 0.16832261835184104,
    "AFDR": 0.2200467562828755,
    "AIAL": 0.2623976889744824,
    "AIAR": 0.2895232120451694,
    "AIBL": 0.0,
    "AIBR": 0.0,
    "AIML": 0.2151360544217687,
    "AIMR": 0.18154761904761904,
    "AINL": 0.0,
    "AINR": 0.0,
    "AIYL": 0.2329098268495615,
    "AIYR": 0.2565331507474609,
    "AIZL": 0.2987551867219917,
    "AIZR": 0.28241430700447095,
    "ALA": 0.17857142857142858,
    "ALML": 0.2609730301427816,
    "ALMR": 0.29605263157894735,
    "ALNL": 0.0,
    "ALNR": 0.0,
    "AQR": 0.2641645096347426,
    "AS1": 0.25,
    "AS10": 0.2,
    "AS11": 0.3333333333333333,
    "AS2": 0.6666666666666666,
    "AS3": 0.37777777777777777,
    "AS4": 0.25,
    "AS5": 0.3333333333333333,
    "AS6": 0.5116666666666667,
    "AS7": 0.6333333333333333,
    "AS8": 0.4586894586894587,
    "AS9": 0.6,
    "ASEL": 0.23462622244322892,
    "ASER": 0.24094541744601258,
    "ASGL": 0.2328696788648245,
    "ASGR": 0.22887288221568428,
    "ASHL": 0.23578730272596843,
    "ASHR": 0.21780821917808219,
    "ASIL": 0.24041166888790166,
    "ASIR": 0.22987168197257515,
    "ASJL": 0.2279109589041096,
    "ASJR": 0.23631994084298744,
    "ASKL": 0.22341877749127864,
    "ASKR": 0.2202442635085122,
    "AUAL": 0.3098937040065413,
    "AUAR": 0.35781618224666145,
    "AVAL": 0.26873366250363057,
    "AVAR": 0.23329940195953683,
    "AVBL": 0.15486257928118394,
    "AVBR": 0.1828752642706131,
    "AVDL": 0.2621773288439955,
    "AVDR": 0.2671195153295392,
    "AVEL": 0.3601953601953602,
    "AVER": 0.39107289107289106,
    "AVFL": 0.29024390243902437,
    "AVFR": 0.30979591836734693,
    "AVG": 0.22440087145969498,
    "AVHL": 0.0,
    "AVHR": 0.0,
    "AVJL": 0.0,
    "AVJR": 0.0,
    "AVKL": 0.2517241379310345,
    "AVKR": 0.21954022988505748,
    "AVL": 0.0,
    "AVM": 0.33130904183535764,
    "AWAL": 0.3221523410202656,
    "AWAR": 0.33348751156336726,
    "AWBL": 0.2903846153846154,
    "AWBR": 0.31180596142606665,
    "AWCL": 0.09615384615384616,
    "AWCR": 0.12179487179487179,
    "BAGL": 0.280693307655272,
    "BAGR": 0.3316355404640634,
    "BDUL": 0.24565339315759954,
    "BDUR": 0.2754180602006689,
    "CANL": 0.0,
    "CANR": 0.0,
    "CEPDL": 0.0,
    "CEPDR": 0.0,
    "CEPVL": 0.0,
    "CEPVR": 0.0,
    "DA1": 0.2619047619047619,
    "DA2": 0.46798029556650245,
    "DA3": 0.41911764705882354,
    "DA4": 0.48717948717948717,
    "DA5": 0.37464387464387466,
    "DA6": 0.6428571428571429,
    "DA7": 0.45187165775401067,
    "DA8": 0.36813186813186816,
    "DA9": 0.489010989010989,
    "DB1": 0.42887624466571833,
    "DB2": 0.2918552036199095,
    "DB3": 0.5694444444444444,
    "DB4": 0.2916666666666667,
    "DB5": 0.4590643274853801,
    "DB6": 0.21428571428571427,
    "DB7": 0.45555555555555555,
    "DD1": 0.3001669449081803,
    "DD2": 0.29845890410958903,
    "DD3": 0.2747148288973384,
    "DD4": 0.2575812274368231,
    "DD5": 0.30616412922391384,
    "DD6": 0.2672309552599758,
    "DVA": 0.24096385542168675,
    "DVB": 0.1,
    "DVC": 0.0,
    "FLPL": 0.23590652342452098,
    "FLPR": 0.2352340177094483,
    "HSNL": 0.39377289377289376,
    "HSNR": 0.3247863247863248,
    "I1L": 0.2358490566037736,
    "I1R": 0.2598870056497175,
    "I2L": 0.2896039603960396,
    "I2R": 0.26484361933433687,
    "I3": 0.0,
    "I4": 0.16666666666666666,
    "I5": 0.29411764705882354,
    "I6": 0.2638888888888889,
    "IL1DL": 0.0,
    "IL1DR": 0.0,
    "IL1L": 0.0,
    "IL1R": 0.0,
    "IL1VL": 0.0,
    "IL1VR": 0.0,
    "IL2DL": 0.3000886524822695,
    "IL2DR": 0.3583509513742072,
    "IL2L": 0.32059800664451826,
    "IL2R": 0.3441295546558704,
    "IL2VL": 0.2680995475113122,
    "IL2VR": 0.32051282051282054,
    "LUAL": 0.21934460887949261,
    "LUAR": 0.28594080338266387,
    "M1": 0.0,
    "M2L": 0.15587673196368848,
    "M2R": 0.22216913521261347,
    "M3L": 0.23117254528122022,
    "M3R": 0.23819428828423655,
    "M4": 0.19740082079343366,
    "M5": 0.1957026713124274,
    "MCL": 0.19781121751025993,
    "MCR": 0.21928864569083448,
    "MI": 0.0,
    "NSML": 0.21846153846153846,
    "NSMR": 0.24615384615384617,
    "OLLL": 0.287677304964539,
    "OLLR": 0.29346938775510206,
    "OLQDL": 0.2642857142857143,
    "OLQDR": 0.2584415584415584,
    "OLQVL": 0.2648809523809524,
    "OLQVR": 0.23635307781649245,
    "PDA": 0.0,
    "PDB": 0.0,
    "PDEL": 0.0,
    "PDER": 0.0,
    "PHAL": 0.23600368324125232,
    "PHAR": 0.2355905918842078,
    "PHBL": 0.26465730800990916,
    "PHBR": 0.27523387493845397,
    "PHCL": 0.0,
    "PHCR": 0.0,
    "PLML": 0.2717171717171717,
    "PLMR": 0.27224310776942356,
    "PLNL": 0.0,
    "PLNR": 0.0,
    "PQR": 0.26725403817914833,
    "PVCL": 0.2942028985507246,
    "PVCR": 0.278657616892911,
    "PVDL": 0.3174404015056462,
    "PVDR": 0.3062142273098937,
    "PVM": 0.24782608695652175,
    "PVNL": 0.22304439746300211,
    "PVNR": 0.24788583509513742,
    "PVPL": 0.2810185185185185,
    "PVPR": 0.2777777777777778,
    "PVQL": 0.29707792207792205,
    "PVQR": 0.3397212543554007,
    "PVR": 0.3490740740740741,
    "PVT": 0.287677304964539,
    "PVWL": 0.26995645863570394,
    "PVWR": 0.3011100832562442,
    "RIAL": 0.2913968547641073,
    "RIAR": 0.38146167557932265,
    "RIBL": 0.0,
    "RIBR": 0.0,
    "RICL": 0.25303171641791045,
    "RICR": 0.2898805340829234,
    "RID": 0.226215644820296,
    "RIFL": 0.3255892255892256,
    "RIFR": 0.2891120507399577,
    "RIGL": 0.23092314060990754,
    "RIGR": 0.2384581881533101,
    "RIH": 0.0,
    "RIML": 0.2248098121409719,
    "RIMR": 0.19461263778916318,
    "RIPL": 0.0,
    "RIPR": 0.0,
    "RIR": 0.0,
    "RIS": 0.2452431289640592,
    "RIVL": 0.2793709528214616,
    "RIVR": 0.25949736995908823,
    "RMDDL": 0.0,
    "RMDDR": 0.0,
    "RMDL": 0.0,
    "RMDR": 0.0,
    "RMDVL": 0.0,
    "RMDVR": 0.0,
    "RMED": 0.28272251308900526,
    "RMEL": 0.27493835462900695,
    "RMER": 0.2681050090525045,
    "RMEV": 0.27666340508806264,
    "RMFL": 0.0,
    "RMFR": 0.0,
    "RMGL": 0.2271396959097723,
    "RMGR": 0.22314106539866307,
    "RMHL": 0.0,
    "RMHR": 0.0,
    "SAADL": 0.2515048416644857,
    "SAADR": 0.26381780962128965,
    "SAAVL": 0.21934460887949261,
    "SAAVR": 0.14482029598308668,
    "SABD": 0.3029689608636977,
    "SABVL": 0.2823529411764706,
    "SABVR": 0.4,
    "SDQL": 0.2583673469387755,
    "SDQR": 0.32979591836734695,
    "SIADL": 0.290169133192389,
    "SIADR": 0.26744186046511625,
    "SIAVL": 0.257399577167019,
    "SIAVR": 0.16226215644820297,
    "SIBDL": 0.0,
    "SIBDR": 0.0,
    "SIBVL": 0.0,
    "SIBVR": 0.0,
    "SMBDL": 0.2892857142857143,
    "SMBDR": 0.32905982905982906,
    "SMBVL": 0.0,
    "SMBVR": 0.0,
    "SMDDL": 0.0,
    "SMDDR": 0.0,
    "SMDVL": 0.0,
    "SMDVR": 0.0,
    "URADL": 0.18974008207934337,
    "URADR": 0.18823529411764706,
    "URAVL": 0.20902872777017784,
    "URAVR": 0.17606019151846786,
    "URBL": 0.0,
    "URBR": 0.0,
    "URXL": 0.2357209015128126,
    "URXR": 0.21587829514658782,
    "URYDL": 0.29020408163265304,
    "URYDR": 0.3277551020408163,
    "URYVL": 0.3149861239592969,
    "URYVR": 0.34906462585034015,
    "VA1": 0.44761904761904764,
    "VA10": 0.3333333333333333,
    "VA11": 0.3868421052631579,
    "VA12": 0.21428571428571427,
    "VA2": 0.46206896551724136,
    "VA3": 0.3269230769230769,
    "VA4": 0.2,
    "VA5": 0.3333333333333333,
    "VA6": 0.495,
    "VA7": 0.4,
    "VA8": 0.36538461538461536,
    "VA9": 0.4505928853754941,
    "VB1": 0.4,
    "VB10": 0.23333333333333334,
    "VB11": 0.3472222222222222,
    "VB2": 0.45454545454545453,
    "VB3": 0.4166666666666667,
    "VB4": 0.37662337662337664,
    "VB5": 0.3888888888888889,
    "VB6": 0.3484848484848485,
    "VB7": 0.44642857142857145,