{
  "clustering_coefficients": {
    "ADAL": 0.3023255813953488,
    "ADAR": 0.24207188160676532,
    "ADEL": 0.17177589852008457,
    "ADER": 0.24947145877378435,
    "ADFL": 0.21033397053862588,
    "ADFR": 0.21489886531820424,
    "ADLL": 0.24642240941845123,
    "ADLR": 0.22477982385908726,
    "AFDL": 0.211864406779661,
    "AFDR": 0.13939216832261836,
    "AIAL": 0.26473029045643154,
    "AIAR": 0.2905128205128205,
    "AIBL": 0.0,
    "AIBR": 0.0,
    "AIML": 0.24702380952380953,
    "AIMR": 0.24787414965986396,
    "AINL": 0.0,
    "AINR": 0.0,
    "AIYL": 0.24439252336448597,
    "AIYR": 0.23562242174229556,
    "AIZL": 0.30354981847519164,
    "AIZR": 0.3010797342192691,
    "ALA": 0.16071428571428573,
    "ALML": 0.2912234042553192,
    "ALMR": 0.26374207188160675,
    "ALNL": 0.0,
    "ALNR": 0.0,
    "AQR": 0.27321652065081353,
    "AS1": 0.4027777777777778,
    "AS10": 0.40465465465465467,
    "AS11": 0.4327485380116959,
    "AS2": 0.19047619047619047,
    "AS3": 0.5032679738562091,
    "AS4": 0.39090909090909093,
    "AS5": 0.41106719367588934,
    "AS6": 0.5363636363636364,
    "AS7": 0.5952380952380952,
    "AS8": 0.45,
    "AS9": 0.4551282051282051,
    "ASEL": 0.2171267936561215,
    "ASER": 0.22532674693835547,
    "ASGL": 0.21620573791677436,
    "ASGR": 0.2291856515615939,
    "ASHL": 0.23718015665796344,
    "ASHR": 0.25196299881682266,
    "ASIL": 0.214641902146419,
    "ASIR": 0.2138164941092467,
    "ASJL": 0.24287274050709692,
    "ASJR": 0.25669565217391305,
    "ASKL": 0.20310071782727743,
    "ASKR": 0.21137646192851886,
    "AUAL": 0.23829787234042554,
    "AUAR": 0.27668759811616955,
    "AVAL": 0.20973595294706546,
    "AVAR": 0.22836085559126676,
    "AVBL": 0.2182875264270613,
    "AVBR": 0.2309725158562368,
    "AVDL": 0.23951409580563832,
    "AVDR": 0.2524209167204648,
    "AVEL": 0.3252279635258359,
    "AVER": 0.31022727272727274,
    "AVFL": 0.22802960222016652,
    "AVFR": 0.3054968287526427,
    "AVG": 0.1998149861239593,
    "AVHL": 0.0,
    "AVHR": 0.0,
    "AVJL": 0.0,
    "AVJR": 0.0,
    "AVKL": 0.22758620689655173,
    "AVKR": 0.21264367816091953,
    "AVL": 0.0,
    "AVM": 0.255431902490726,
    "AWAL": 0.32388663967611336,
    "AWAR": 0.3096153846153846,
    "AWBL": 0.3176532769556025,
    "AWBR": 0.2537707390648567,
    "AWCL": 0.1858974358974359,
    "AWCR": 0.23076923076923078,
    "BAGL": 0.28224254090471607,
    "BAGR": 0.32858707557502737,
    "BDUL": 0.23940632394063238,
    "BDUR": 0.2552453615397954,
    "CANL": 0.0,
    "CANR": 0.0,
    "CEPDL": 0.0,
    "CEPDR": 0.0,
    "CEPVL": 0.0,
    "CEPVR": 0.0,
    "DA1": 0.5514705882352942,
    "DA2": 0.3333333333333333,
    "DA3": 0.35714285714285715,
    "DA4": 0.38166666666666665,
    "DA5": 0.35714285714285715,
    "DA6": 0.40476190476190477,
    "DA7": 0.532051282051282,
    "DA8": 0.1,
    "DA9": 0.40166666666666667,
    "DB1": 0.36363636363636365,
    "DB2": 0.2926829268292683,
    "DB3": 0.3786764705882353,
    "DB4": 0.2111111111111111,
    "DB5": 0.5181818181818182,
    "DB6": 0.4105263157894737,
    "DB7": 0.43596059113300495,
    "DD1": 0.32071061243571763,
    "DD2": 0.25773014757554463,
    "DD3": 0.2411833855799373,
    "DD4": 0.28402592451391534,
    "DD5": 0.233244414804935,
    "DD6": 0.3112927191679049,
    "DVA": 0.2594452008168822,
    "DVB": 0.3,
    "DVC": 0.0,
    "FLPL": 0.23092816274634456,
    "FLPR": 0.22200848377231922,
    "HSNL": 0.34739178690344064,
    "HSNR": 0.34,
    "I1L": 0.2453231292517007,
    "I1R": 0.26215644820295986,
    "I2L": 0.25334448160535117,
    "I2R": 0.2455116696588869,
    "I3": 0.0,
    "I4": 0.0,
    "I5": 0.125,
    "I6": 0.027777777777777776,
    "IL1DL": 0.0,
    "IL1DR": 0.0,
    "IL1L": 0.0,
    "IL1R": 0.0,
    "IL1VL": 0.0,
    "IL1VR": 0.0,
    "IL2DL": 0.2697414395527603,
    "IL2DR": 0.30707070707070705,
    "IL2L": 0.33468286099865047,
    "IL2R": 0.31406105457909345,
    "IL2VL": 0.3538205980066445,
    "IL2VR": 0.32007400555041626,
    "LUAL": 0.273784355179704,
    "LUAR": 0.3007399577167019,
    "M1": 0.0,
    "M2L": 0.15229335881509795,
    "M2R": 0.17152412804586717,
    "M3L": 0.2382953181272509,
    "M3R": 0.22753865440869203,
    "M4": 0.1965800273597811,
    "M5": 0.1835075493612079,
    "MCL": 0.1436388508891929,
    "MCR": 0.17934336525307798,
    "MI": 0.0,
    "NSML": 0.2246153846153846,
    "NSMR": 0.12153846153846154,
    "OLLL": 0.26063829787234044,
    "OLLR": 0.25443262411347517,
    "OLQDL": 0.2783673469387755,
    "OLQDR": 0.32868757259001163,
    "OLQVL": 0.24702380952380953,
    "OLQVR": 0.27890841813135986,
    "PDA": 0.0,
    "PDB": 0.0,
    "PDEL": 0.0,
    "PDER": 0.0,
    "PHAL": 0.2413236481033091,
    "PHAR": 0.22159041957439476,
    "PHBL": 0.2267032967032967,
    "PHBR": 0.25313455657492356,
    "PHCL": 0.0,
    "PHCR": 0.0,
    "PLML": 0.3101010101010101,
    "PLMR": 0.2924242424242424,
    "PLNL": 0.0,
    "PLNR": 0.0,
    "PQR": 0.24788266887006816,
    "PVCL": 0.2593984962406015,
    "PVCR": 0.2938775510204082,
    "PVDL": 0.3092621664050236,
    "PVDR": 0.29908972691807545,
    "PVM": 0.2497584541062802,
    "PVNL": 0.19080338266384778,
    "PVNR": 0.16437632135306554,
    "PVPL": 0.18816067653276955,
    "PVPR": 0.31085637221847606,
    "PVQL": 0.25616835994194487,
    "PVQR": 0.2576470588235294,
    "PVR": 0.31892230576441105,
    "PVT": 0.2322695035460993,
    "PVWL": 0.2571428571428571,
    "PVWR": 0.29846938775510207,
    "RIAL": 0.2652916073968706,
    "RIAR": 0.5163398692810458,
    "RIBL": 0.0,
    "RIBR": 0.0,
    "RICL": 0.28214118747078076,
    "RICR": 0.3013347022587269,
    "RID": 0.23625792811839325,
    "RIFL": 0.30656565656565654,
    "RIFR": 0.2889795918367347,
    "RIGL": 0.23164324182319715,
    "RIGR": 0.2184245660881175,
    "RIH": 0.0,
    "RIML": 0.17303213786679086,
    "RIMR": 0.16604564508616673,
    "RIPL": 0.0,
    "RIPR": 0.0,
    "RIR": 0.0,
    "RIS": 0.17547568710359407,
    "RIVL": 0.28226817042606517,
    "RIVR": 0.26,
    "RMDDL": 0.0,
    "RMDDR": 0.0,
    "RMDL": 0.0,
    "RMDR": 0.0,
    "RMDVL": 0.0,
    "RMDVR": 0.0,
    "RMED": 0.26780718743275234,
    "RMEL": 0.25103988255444093,
    "RMER": 0.270174232003668,
    "RMEV": 0.23511659807956103,
    "RMFL": 0.0,
    "RMFR": 0.0,
    "RMGL": 0.20053195474638497,
    "RMGR": 0.22103145574250183,
    "RMHL": 0.0,
    "RMHR": 0.0,
    "SAADL": 0.2795736706488639,
    "SAADR": 0.26623732529460126,
    "SAAVL": 0.2536997885835095,
    "SAAVR": 0.19291754756871035,
    "SABD": 0.34369747899159664,
    "SABVL": 0.3049682875264271,
    "SABVR": 0.27801268498942916,
    "SDQL": 0.3018707482993197,
    "SDQR": 0.25678733031674206,
    "SIADL": 0.23837209302325582,
    "SIADR": 0.19714587737843553,
    "SIAVL": 0.20348837209302326,
    "SIAVR": 0.28012684989429176,
    "SIBDL": 0.0,
    "SIBDR": 0.0,
    "SIBVL": 0.0,
    "SIBVR": 0.0,
    "SMBDL": 0.30303030303030304,
    "SMBDR": 0.2607843137254902,
    "SMBVL": 0.0,
    "SMBVR": 0.0,
    "SMDDL": 0.0,
    "SMDDR": 0.0,
    "SMDVL": 0.0,
    "SMDVR": 0.0,
    "URADL": 0.17482900136798907,
    "URADR": 0.18919288645690835,
    "URAVL": 0.20314637482900136,
    "URAVR": 0.17633378932968535,
    "URBL": 0.0,
    "URBR": 0.0,
    "URXL": 0.1997683844817603,
    "URXR": 0.22023144858390012,
    "URYDL": 0.30365853658536585,
    "URYDR": 0.2335800185013876,
    "URYVL": 0.272108843537415,
    "URYVR": 0.261968085106383,
    "VA1": 0.3641304347826087,
    "VA10": 0.48917748917748916,
    "VA11": 0.24175824175824176,
    "VA12": 0.3738095238095238,
    "VA2": 0.4523809523809524,
    "VA3": 0.46153846153846156,
    "VA4": 0.19047619047619047,
    "VA5": 0.43843843843843844,
    "VA6": 0.4161290322580645,
    "VA7": 0.5083333333333333,
    "VA8": 0.2777777777777778,
    "VA9": 0.41125541125541126,
    "VB1": 0.3333333333333333,
    "VB10": 0.5047619047619047,
    "VB11": 0.47692307692307695,
    "VB2": 0.505,
    "VB3": 0.5476190476190477,
    "VB4": 0.48484848484848486,
    "VB5": 0.5138461538461538,