{
  "clustering_coefficients": {
    "ADAL": 0.23361522198731502,
    "ADAR": 0.20930232558139536,
    "ADEL": 0.2346723044397463,
    "ADER": 0.21723044397463,
    "ADFL": 0.22539126853377264,
    "ADFR": 0.21997760567322944,
    "ADLL": 0.22381434030119127,
    "ADLR": 0.2361878453038674,
    "AFDL": 0.17679719462302748,
    "AFDR": 0.24547048509643482,
    "AIAL": 0.29902713773681516,
    "AIAR": 0.24205967276227142,
    "AIBL": 0.0,
    "AIBR": 0.0,
    "AIML": 0.1951530612244898,
    "AIMR": 0.3469387755102041,
    "AINL": 0.0,
    "AINR": 0.0,
    "AIYL": 0.21612996808819263,
    "AIYR": 0.22694734287794224,
    "AIZL": 0.30286271958360445,
    "AIZR": 0.31122942884801547,
    "ALA": 0.44642857142857145,
    "ALML": 0.30939716312056736,
    "ALMR": 0.3039965986394558,
    "ALNL": 0.0,
    "ALNR": 0.0,
    "AQR": 0.2613274553024737,
    "AS1": 0.325,
    "AS10": 0.4090909090909091,
    "AS11": 0.19047619047619047,
    "AS2": 0.3896825396825397,
    "AS3": 0.521978021978022,
    "AS4": 0.34444444444444444,
    "AS5": 0.4160919540229885,
    "AS6": 0.33618233618233617,
    "AS7": 0.15,
    "AS8": 0.4636363636363636,
    "AS9": 0.46068548387096775,
    "ASEL": 0.24581084919057086,
    "ASER": 0.24193243115359137,
    "ASGL": 0.24684903370366912,
    "ASGR": 0.23406692301399,
    "ASHL": 0.21651651651651652,
    "ASHR": 0.22268907563025211,
    "ASIL": 0.19824143756719398,
    "ASIR": 0.22602739726027396,
    "ASJL": 0.22825966544810014,
    "ASJR": 0.23832770058830893,
    "ASKL": 0.2321816682904894,
    "ASKR": 0.21909448818897637,
    "AUAL": 0.3070818070818071,
    "AUAR": 0.2675653594771242,
    "AVAL": 0.2555956136397777,
    "AVAR": 0.24418153607447635,
    "AVBL": 0.2204016913319239,
    "AVBR": 0.22885835095137422,
    "AVDL": 0.28091334894613584,
    "AVDR": 0.27779337450870295,
    "AVEL": 0.3069661458333333,
    "AVER": 0.35097864768683273,
    "AVFL": 0.27380952380952384,
    "AVFR": 0.32346723044397463,
    "AVG": 0.17706131078224102,
    "AVHL": 0.0,
    "AVHR": 0.0,
    "AVJL": 0.0,
    "AVJR": 0.0,
    "AVKL": 0.20344827586206896,
    "AVKR": 0.18620689655172415,
    "AVL": 0.0,
    "AVM": 0.27783478707029247,
    "AWAL": 0.3391304347826087,
    "AWAR": 0.274822695035461,
    "AWBL": 0.3549257759784076,
    "AWBR": 0.33783783783783783,
    "AWCL": 0.21794871794871795,
    "AWCR": 0.3333333333333333,
    "BAGL": 0.2746153846153846,
    "BAGR": 0.3022237196765499,
    "BDUL": 0.2381667255386789,
    "BDUR": 0.21744604316546762,
    "CANL": 0.0,
    "CANR": 0.0,
    "CEPDL": 0.0,
    "CEPDR": 0.0,
    "CEPVL": 0.0,
    "CEPVR": 0.0,
    "DA1": 0.5052910052910053,
    "DA2": 0.47619047619047616,
    "DA3": 0.4159159159159159,
    "DA4": 0.4,
    "DA5": 0.38907563025210085,
    "DA6": 0.4,
    "DA7": 0.35714285714285715,
    "DA8": 0.42857142857142855,
    "DA9": 0.4076923076923077,
    "DB1": 0.43333333333333335,
    "DB2": 0.25675675675675674,
    "DB3": 0.4411764705882353,
    "DB4": 0.11904761904761904,
    "DB5": 0.36666666666666664,
    "DB6": 0.5606060606060606,
    "DB7": 0.47619047619047616,
    "DD1": 0.2947290274684484,
    "DD2": 0.28677591463414637,
    "DD3": 0.2616442199775533,
    "DD4": 0.3230427764326069,
    "DD5": 0.2631478658536585,
    "DD6": 0.26461538461538464,
    "DVA": 0.2698423127463863,
    "DVB": 0.3,
    "DVC": 0.0,
    "FLPL": 0.21513907037521002,
    "FLPR": 0.2321921862667719,
    "HSNL": 0.2939666238767651,
    "HSNR": 0.33095238095238094,
    "I1L": 0.29333333333333333,
    "I1R": 0.27149321266968324,
    "I2L": 0.2616491085899514,
    "I2R": 0.2466433158201985,
    "I3": 0.0,
    "I4": 0.3333333333333333,
    "I5": 0.33455882352941174,
    "I6": 0.09722222222222222,
    "IL1DL": 0.0,
    "IL1DR": 0.0,
    "IL1L": 0.0,
    "IL1R": 0.0,
    "IL1VL": 0.0,
    "IL1VR": 0.0,
    "IL2DL": 0.3060253699788584,
    "IL2DR": 0.3328282828282828,
    "IL2L": 0.3033381712626996,
    "IL2R": 0.28183831672203763,
    "IL2VL": 0.3792102206736353,
    "IL2VR": 0.25101214574898784,
    "LUAL": 0.1992600422832981,
    "LUAR": 0.24154334038054967,
    "M1": 0.0,
    "M2L": 0.18573817486860966,
    "M2R": 0.20389393215480173,
    "M3L": 0.23987704049183803,
    "M3R": 0.23573277455934918,
    "M4": 0.18508891928864568,
    "M5": 0.18699186991869918,
    "MCL": 0.2027359781121751,
    "MCR": 0.1853625170998632,
    "MI": 0.0,
    "NSML": 0.24,
    "NSMR": 0.19230769230769232,
    "OLLL": 0.34541062801932365,
    "OLLR": 0.3220211161387632,
    "OLQDL": 0.30782669461914747,
    "OLQDR": 0.26700680272108845,
    "OLQVL": 0.28274509803921566,
    "OLQVR": 0.2650323774283071,
    "PDA": 0.0,
    "PDB": 0.0,
    "PDEL": 0.0,
    "PDER": 0.0,
    "PHAL": 0.24271109428246876,
    "PHAR": 0.24472119279496682,
    "PHBL": 0.25203745448239984,
    "PHBR": 0.27154471544715447,
    "PHCL": 0.0,
    "PHCR": 0.0,
    "PLML": 0.31980676328502416,
    "PLMR": 0.3449612403100775,
    "PLNL": 0.0,
    "PLNR": 0.0,
    "PQR": 0.24649073554183043,
    "PVCL": 0.2632850241545894,
    "PVCR": 0.33719806763285026,
    "PVDL": 0.32165065008479365,
    "PVDR": 0.37431264728986646,
    "PVM": 0.2606060606060606,
    "PVNL": 0.20031712473572938,
    "PVNR": 0.22463002114164904,
    "PVPL": 0.2936170212765957,
    "PVPR": 0.22777777777777777,
    "PVQL": 0.25188536953242835,
    "PVQR": 0.2819303338171263,
    "PVR": 0.27013930950938825,
    "PVT": 0.19902482269503546,
    "PVWL": 0.2407103825136612,
    "PVWR": 0.2663299663299663,
    "RIAL": 0.34294871794871795,
    "RIAR": 0.3007936507936508,
    "RIBL": 0.0,
    "RIBR": 0.0,
    "RICL": 0.28772710418984054,
    "RICR": 0.29008184882041405,
    "RID": 0.24841437632135308,
    "RIFL": 0.3044397463002114,
    "RIFR": 0.25452488687782804,
    "RIGL": 0.25016967558029046,
    "RIGR": 0.23069220177744398,
    "RIH": 0.0,
    "RIML": 0.18762614500853905,
    "RIMR": 0.18855767737928894,
    "RIPL": 0.0,
    "RIPR": 0.0,
    "RIR": 0.0,
    "RIS": 0.2463002114164905,
    "RIVL": 0.3076923076923077,
    "RIVR": 0.2337092731829574,
    "RMDDL": 0.0,
    "RMDDR": 0.0,
    "RMDL": 0.0,
    "RMDR": 0.0,
    "RMDVL": 0.0,
    "RMDVR": 0.0,
    "RMED": 0.28211439287388657,
    "RMEL": 0.26741416947807106,
    "RMER": 0.23319283456269757,
    "RMEV": 0.22857470210815764,
    "RMFL": 0.0,
    "RMFR": 0.0,
    "RMGL": 0.21847779523061545,
    "RMGR": 0.2076568670469504,
    "RMHL": 0.0,
    "RMHR": 0.0,
    "SAADL": 0.27724396531520973,
    "SAADR": 0.28673559172899254,
    "SAAVL": 0.1886892177589852,
    "SAAVR": 0.20930232558139536,
    "SABD": 0.37340301974448314,
    "SABVL": 0.3218816067653277,
    "SABVR": 0.30440967283072545,
    "SDQL": 0.2693920335429769,
    "SDQR": 0.3178733031674208,
    "SIADL": 0.20137420718816068,
    "SIADR": 0.2346723044397463,
    "SIAVL": 0.14852008456659618,
    "SIAVR": 0.2124735729386892,
    "SIBDL": 0.0,
    "SIBDR": 0.0,
    "SIBVL": 0.0,
    "SIBVR": 0.0,
    "SMBDL": 0.3128205128205128,
    "SMBDR": 0.29393939393939394,
    "SMBVL": 0.0,
    "SMBVR": 0.0,
    "SMDDL": 0.0,
    "SMDDR": 0.0,
    "SMDVL": 0.0,
    "SMDVR": 0.0,
    "URADL": 0.1642954856361149,
    "URADR": 0.1965800273597811,
    "URAVL": 0.21600547195622435,
    "URAVR": 0.20287277701778386,
    "URBL": 0.0,
    "URBR": 0.0,
    "URXL": 0.2322398662766402,
    "URXR": 0.20223631867541125,
    "URYDL": 0.30917874396135264,
    "URYDR": 0.3060394889663182,
    "URYVL": 0.2897959183673469,
    "URYVR": 0.3601190476190476,
    "VA1": 0.4230769230769231,
    "VA10": 0.49264705882352944,
    "VA11": 0.35947712418300654,
    "VA12": 0.4976190476190476,
    "VA2": 0.5146198830409356,
    "VA3": 0.5,
    "VA4": 0.25,
    "VA5": 0.15,
    "VA6": 0.26666666666666666,
    "VA7": 0.3631578947368421,
    "VA8": 0.35,
    "VA9": 0.5071428571428571,
    "VB1": 0.23076923076923078,
    "VB10": 0.4,
    "VB11": 0.6,
    "VB2": 0.4722222222222222,
    "VB3": 0.4857142857142857,
    "VB4": 0.3717948717948718,
    "VB5": 0.5666666666666667,
    "VB6": 0.4,
    "VB7": 0.33455882352941174,
    "VB8": 0.23809523809523808,