{
  "clustering_coefficients": {
    "ADAL": 0.23678646934460887,
    "ADAR": 0.22093023255813954,
    "ADEL": 0.24365750528541227,
    "ADER": 0.19556025369978858,
    "ADFL": 0.20055099516473632,
    "ADFR": 0.19472167918510136,
    "ADLL": 0.2231664195277746,
    "ADLR": 0.24397652388797364,
    "AFDL": 0.1724137931034483,
    "AFDR": 0.1712448860315605,
    "AIAL": 0.314716781365802,
    "AIAR": 0.2637109174782163,
    "AIBL": 0.0,
    "AIBR": 0.0,
    "AIML": 0.2780612244897959,
    "AIMR": 0.23511904761904762,
    "AINL": 0.0,
    "AINR": 0.0,
    "AIYL": 0.22664705882352942,
    "AIYR": 0.2374614910659273,
    "AIZL": 0.3322751322751323,
    "AIZR": 0.3254694270582571,
    "ALA": 0.125,
    "ALML": 0.23333333333333334,
    "ALMR": 0.28756114605171207,
    "ALNL": 0.0,
    "ALNR": 0.0,
    "AQR": 0.2747511786275537,
    "AS1": 0.37272727272727274,
    "AS10": 0.4492307692307692,
    "AS11": 0.3333333333333333,
    "AS2": 0.33986928104575165,
    "AS3": 0.2777777777777778,
    "AS4": 0.43333333333333335,
    "AS5": 0.36666666666666664,
    "AS6": 0.3021978021978022,
    "AS7": 0.5,
    "AS8": 0.23333333333333334,
    "AS9": 0.37105263157894736,
    "ASEL": 0.21668324216807558,
    "ASER": 0.19954278249510124,
    "ASGL": 0.2453546064792295,
    "ASGR": 0.22083829280734568,
    "ASHL": 0.2048016701461378,
    "ASHR": 0.22133792213379222,
    "ASIL": 0.22399515249444557,
    "ASIR": 0.22408952959028833,
    "ASJL": 0.21250477038544716,
    "ASJR": 0.24116146980410338,
    "ASKL": 0.22784482120382024,
    "ASKR": 0.2077554867375791,
    "AUAL": 0.2867242733699921,
    "AUAR": 0.31976744186046513,
    "AVAL": 0.24796845124282982,
    "AVAR": 0.2692120917809882,
    "AVBL": 0.21987315010570824,
    "AVBR": 0.22304439746300211,
    "AVDL": 0.27965667435306174,
    "AVDR": 0.29979035639413,
    "AVEL": 0.329978813559322,
    "AVER": 0.3309748427672956,
    "AVFL": 0.3388888888888889,
    "AVFR": 0.29788838612368024,
    "AVG": 0.23404255319148937,
    "AVHL": 0.0,
    "AVHR": 0.0,
    "AVJL": 0.0,
    "AVJR": 0.0,
    "AVKL": 0.18045977011494252,
    "AVKR": 0.20689655172413793,
    "AVL": 0.0,
    "AVM": 0.2492315573770492,
    "AWAL": 0.3024132730015083,
    "AWAR": 0.3299595141700405,
    "AWBL": 0.28484848484848485,
    "AWBR": 0.27246376811594203,
    "AWCL": 0.1794871794871795,
    "AWCR": 0.10256410256410256,
    "BAGL": 0.2617787188988883,
    "BAGR": 0.2990705303444505,
    "BDUL": 0.24938012588212854,
    "BDUR": 0.24175824175824176,
    "CANL": 0.0,
    "CANR": 0.0,
    "CEPDL": 0.0,
    "CEPDR": 0.0,
    "CEPVL": 0.0,
    "CEPVR": 0.0,
    "DA1": 0.435,
    "DA2": 0.41935483870967744,
    "DA3": 0.5333333333333333,
    "DA4": 0.4696969696969697,
    "DA5": 0.4142857142857143,
    "DA6": 0.32727272727272727,
    "DA7": 0.4880952380952381,
    "DA8": 0.40476190476190477,
    "DA9": 0.3103448275862069,
    "DB1": 0.5777777777777777,
    "DB2": 0.2763012181616833,
    "DB3": 0.19642857142857142,
    "DB4": 0.35,
    "DB5": 0.27564102564102566,
    "DB6": 0.4642857142857143,
    "DB7": 0.40522875816993464,
    "DD1": 0.2805947388486466,
    "DD2": 0.2708169677926159,
    "DD3": 0.2775405636208369,
    "DD4": 0.2576889910893935,
    "DD5": 0.24521487901769592,
    "DD6": 0.3132418397626113,
    "DVA": 0.22566880026259642,
    "DVB": 0.1,
    "DVC": 0.0,
    "FLPL": 0.2043743863859496,
    "FLPR": 0.23054676416020953,
    "HSNL": 0.33783783783783783,
    "HSNR": 0.3043010752688172,
    "I1L": 0.3220408163265306,
    "I1R": 0.23766233766233766,
    "I2L": 0.27426015141087406,
    "I2R": 0.24187566231013777,
    "I3": 0.0,
    "I4": 0.3333333333333333,
    "I5": 0.2426470588235294,
    "I6": 0.2638888888888889,
    "IL1DL": 0.0,
    "IL1DR": 0.0,
    "IL1L": 0.0,
    "IL1R": 0.0,
    "IL1VL": 0.0,
    "IL1VR": 0.0,
    "IL2DL": 0.28378378378378377,
    "IL2DR": 0.3310104529616725,
    "IL2L": 0.3022959183673469,
    "IL2R": 0.28792270531400965,
    "IL2VL": 0.2522163120567376,
    "IL2VR": 0.3120772946859903,
    "LUAL": 0.17864693446088795,
    "LUAR": 0.2394291754756871,
    "M1": 0.0,
    "M2L": 0.1921882465360726,
    "M2R": 0.20735785953177258,
    "M3L": 0.24981176723674303,
    "M3R": 0.2390513162683489,
    "M4": 0.20779753761969905,
    "M5": 0.21777003484320556,
    "MCL": 0.2158686730506156,
    "MCR": 0.1759233926128591,
    "MI": 0.0,
    "NSML": 0.19384615384615383,
    "NSMR": 0.16153846153846155,
    "OLLL": 0.2902597402597403,
    "OLLR": 0.2929964539007092,
    "OLQDL": 0.24274310595065313,
    "OLQDR": 0.2591362126245847,
    "OLQVL": 0.25176470588235295,
    "OLQVR": 0.28477443609022557,
    "PDA": 0.0,
    "PDB": 0.0,
    "PDEL": 0.0,
    "PDER": 0.0,
    "PHAL": 0.23712240265409465,
    "PHAR": 0.23703388226386524,
    "PHBL": 0.2338532110091743,
    "PHBR": 0.2479666732791113,
    "PHCL": 0.0,
    "PHCR": 0.0,
    "PLML": 0.265275257108288,
    "PLMR": 0.31666666666666665,
    "PLNL": 0.0,
    "PLNR": 0.0,
    "PQR": 0.24021084337349397,
    "PVCL": 0.3011100832562442,
    "PVCR": 0.38436632747456057,
    "PVDL": 0.342451874366768,
    "PVDR": 0.3412002697235334,
    "PVM": 0.2912234042553192,
    "PVNL": 0.17600422832980972,
    "PVNR": 0.18234672304439747,
    "PVPL": 0.22824156305506216,
    "PVPR": 0.23030303030303031,
    "PVQL": 0.28011611030478956,
    "PVQR": 0.2815686274509804,
    "PVR": 0.3185314685314685,
    "PVT": 0.20656028368794327,
    "PVWL": 0.2560386473429952,
    "PVWR": 0.2376632801161103,
    "RIAL": 0.36025641025641025,
    "RIAR": 0.3238095238095238,
    "RIBL": 0.0,
    "RIBR": 0.0,
    "RICL": 0.24194301728164408,
    "RICR": 0.27293695540748336,
    "RID": 0.23837209302325582,
    "RIFL": 0.2814935064935065,
    "RIFR": 0.27335800185013875,
    "RIGL": 0.22771206918478953,
    "RIGR": 0.25315754487037445,
    "RIH": 0.0,
    "RIML": 0.16542462350566683,
    "RIMR": 0.19507840397453813,
    "RIPL": 0.0,
    "RIPR": 0.0,
    "RIR": 0.0,
    "RIS": 0.22727272727272727,
    "RIVL": 0.31870567375886527,
    "RIVR": 0.30364372469635625,
    "RMDDL": 0.0,
    "RMDDR": 0.0,
    "RMDL": 0.0,
    "RMDR": 0.0,
    "RMDVL": 0.0,
    "RMDVR": 0.0,
    "RMED": 0.24770957398076043,
    "RMEL": 0.25823451910408435,
    "RMER": 0.2733724914341654,
    "RMEV": 0.24018273716951788,
    "RMFL": 0.0,
    "RMFR": 0.0,
    "RMGL": 0.20498963577139473,
    "RMGR": 0.2278726708074534,
    "RMHL": 0.0,
    "RMHR": 0.0,
    "SAADL": 0.26983952517036713,
    "SAADR": 0.2493833927103316,
    "SAAVL": 0.21458773784355178,
    "SAAVR": 0.2679704016913319,
    "SABD": 0.33868092691622104,
    "SABVL": 0.3200354609929078,
    "SABVR": 0.33181818181818185,
    "SDQL": 0.321353065539112,
    "SDQR": 0.3128460686600221,
    "SIADL": 0.16649048625792812,
    "SIADR": 0.20031712473572938,
    "SIAVL": 0.21035940803382663,
    "SIAVR": 0.2167019027484144,
    "SIBDL": 0.0,
    "SIBDR": 0.0,
    "SIBVL": 0.0,
    "SIBVR": 0.0,
    "SMBDL": 0.2642706131078224,
    "SMBDR": 0.2559183673469388,
    "SMBVL": 0.0,
    "SMBVR": 0.0,
    "SMDDL": 0.0,
    "SMDDR": 0.0,
    "SMDVL": 0.0,
    "SMDVR": 0.0,
    "URADL": 0.17852257181942544,
    "URADR": 0.19685362517099864,
    "URAVL": 0.15622435020519837,
    "URAVR": 0.20615595075239398,
    "URBL": 0.0,
    "URBR": 0.0,
    "URXL": 0.23307860262008734,
    "URXR": 0.21574925240890463,
    "URYDL": 0.25126050420168067,
    "URYDR": 0.2783687943262411,
    "URYVL": 0.2822410147991543,
    "URYVR": 0.29374057315233787,
    "VA1": 0.4523809523809524,
    "VA10": 0.4396551724137931,
    "VA11": 0.39473684210526316,
    "VA12": 0.42810457516339867,
    "VA2": 0.4824561403508772,
    "VA3": 0.26785714285714285,
    "VA4": 0.2857142857142857,
    "VA5": 0.28888888888888886,
    "VA6": 0.47953216374269003,
    "VA7": 0.44047619047619047,
    "VA8": 0.3984126984126984,
    "VA9": 0.25,
    "VB1": 0.3,
    "VB10": 0.42857142857142855,
    "VB11": 0.4576612903225806,
    "VB2": 0.4523809523809524,
    "VB3": 0.4322638146167558,
    "VB4": 0.3111111111111111,
    "VB5": 0.4,