{
  "clustering_coefficients": {
    "ADAL": 0.2182875264270613,
    "ADAR": 0.2463002114164905,
    "ADEL": 0.193446088794926,
    "ADER": 0.20454545454545456,
    "ADFL": 0.2038881237419218,
    "ADFR": 0.19774106540795686,
    "ADLL": 0.20678496868475993,
    "ADLR": 0.23799682034976152,
    "AFDL": 0.1940385739333723,
    "AFDR": 0.24167153711279954,
    "AIAL": 0.2565045248868778,
    "AIAR": 0.2852326365475388,
    "AIBL": 0.0,
    "AIBR": 0.0,
    "AIML": 0.21981292517006804,
    "AIMR": 0.22321428571428573,
    "AINL": 0.0,
    "AINR": 0.0,
    "AIYL": 0.23483401003104848,
    "AIYR": 0.2237049617857576,
    "AIZL": 0.32046812749003983,
    "AIZR": 0.29696531791907516,
    "ALA": 0.39285714285714285,
    "ALML": 0.2918050941306755,
    "ALMR": 0.28535353535353536,
    "ALNL": 0.0,
    "ALNR": 0.0,
    "AQR": 0.27010309278350514,
    "AS1": 0.2857142857142857,
    "AS10": 0.43478260869565216,
    "AS11": 0.38333333333333336,
    "AS2": 0.42045454545454547,
    "AS3": 0.365,
    "AS4": 0.5,
    "AS5": 0.38603988603988604,
    "AS6": 0.3686186186186186,
    "AS7": 0.3333333333333333,
    "AS8": 0.3333333333333333,
    "AS9": 0.34545454545454546,
    "ASEL": 0.1924733034791595,
    "ASER": 0.20473189275710285,
    "ASGL": 0.2552428988585081,
    "ASGR": 0.23135529055460913,
    "ASHL": 0.23338063530182296,
    "ASHR": 0.23984977669508728,
    "ASIL": 0.21380520620064347,
    "ASIR": 0.20758663970434418,
    "ASJL": 0.22921246605457132,
    "ASJR": 0.22019536306931858,
    "ASKL": 0.1994042624601443,
    "ASKR": 0.21853461192688042,
    "AUAL": 0.2804081632653061,
    "AUAR": 0.3101449275362319,
    "AVAL": 0.24222539229671897,
    "AVAR": 0.22418971342760605,
    "AVBL": 0.22885835095137422,
    "AVBR": 0.22938689217758984,
    "AVDL": 0.26575750630300254,
    "AVDR": 0.26652601969057665,
    "AVEL": 0.2579449152542373,
    "AVER": 0.3432896890343699,
    "AVFL": 0.23754152823920266,
    "AVFR": 0.2695035460992908,
    "AVG": 0.24706112852664577,
    "AVHL": 0.0,
    "AVHR": 0.0,
    "AVJL": 0.0,
    "AVJR": 0.0,
    "AVKL": 0.16896551724137931,
    "AVKR": 0.17011494252873563,
    "AVL": 0.0,
    "AVM": 0.3222641509433962,
    "AWAL": 0.29343434343434344,
    "AWAR": 0.3103658536585366,
    "AWBL": 0.28353658536585363,
    "AWBR": 0.2763605442176871,
    "AWCL": 0.28205128205128205,
    "AWCR": 0.22435897435897437,
    "BAGL": 0.3132726089785296,
    "BAGR": 0.29858934169278994,
    "BDUL": 0.23058252427184467,
    "BDUR": 0.22225220363374706,
    "CANL": 0.0,
    "CANR": 0.0,
    "CEPDL": 0.0,
    "CEPDR": 0.0,
    "CEPVL": 0.0,
    "CEPVR": 0.0,
    "DA1": 0.3111111111111111,
    "DA2": 0.42857142857142855,
    "DA3": 0.25,
    "DA4": 0.3333333333333333,
    "DA5": 0.37916666666666665,
    "DA6": 0.4015151515151515,
    "DA7": 0.34206349206349207,
    "DA8": 0.3,
    "DA9": 0.4183535762483131,
    "DB1": 0.40398550724637683,
    "DB2": 0.24299312533051295,
    "DB3": 0.37549407114624506,
    "DB4": 0.4642857142857143,
    "DB5": 0.4166666666666667,
    "DB6": 0.41578947368421054,
    "DB7": 0.4523809523809524,
    "DD1": 0.26316738816738816,
    "DD2": 0.2793087342363382,
    "DD3": 0.2800650054171181,
    "DD4": 0.2776545166402536,
    "DD5": 0.26149193548387095,
    "DD6": 0.28567876678269516,
    "DVA": 0.25,
    "DVB": 0.25,
    "DVC": 0.0,
    "FLPL": 0.2252862075231692,
    "FLPR": 0.22883853734917564,
    "HSNL": 0.3308913308913309,
    "HSNR": 0.3467948717948718,
    "I1L": 0.24057971014492754,
    "I1R": 0.27104499274310595,
    "I2L": 0.2743194035026877,
    "I2R": 0.226363236587511,
    "I3": 0.0,
    "I4": 0.08333333333333333,
    "I5": 0.20955882352941177,
    "I6": 0.1388888888888889,
    "IL1DL": 0.0,
    "IL1DR": 0.0,
    "IL1L": 0.0,
    "IL1R": 0.0,
    "IL1VL": 0.0,
    "IL1VR": 0.0,
    "IL2DL": 0.3202020202020202,
    "IL2DR": 0.287677304964539,
    "IL2L": 0.2905844155844156,
    "IL2R": 0.33170731707317075,
    "IL2VL": 0.29935897435897435,
    "IL2VR": 0.26817375886524825,
    "LUAL": 0.2182875264270613,
    "LUAR": 0.14852008456659618,
    "M1": 0.0,
    "M2L": 0.19338270425226947,
    "M2R": 0.21141901576684186,
    "M3L": 0.23440533980582523,
    "M3R": 0.24103881278538813,
    "M4": 0.16333789329685364,
    "M5": 0.2259001161440186,
    "MCL": 0.1844049247606019,
    "MCR": 0.1880984952120383,
    "MI": 0.0,
    "NSML": 0.2123076923076923,
    "NSMR": 0.16923076923076924,
    "OLLL": 0.2788235294117647,
    "OLLR": 0.31883116883116885,
    "OLQDL": 0.2383107088989442,
    "OLQDR": 0.23434343434343435,
    "OLQVL": 0.29411764705882354,
    "OLQVR": 0.2627450980392157,
    "PDA": 0.0,
    "PDB": 0.0,
    "PDEL": 0.0,
    "PDER": 0.0,
    "PHAL": 0.20576423340420505,
    "PHAR": 0.21661655465157412,
    "PHBL": 0.22653328347045623,
    "PHBR": 0.23802233429394812,
    "PHCL": 0.0,
    "PHCR": 0.0,
    "PLML": 0.3215686274509804,
    "PLMR": 0.2941729323308271,
    "PLNL": 0.0,
    "PLNR": 0.0,
    "PQR": 0.2283797729618163,
    "PVCL": 0.28964059196617337,
    "PVCR": 0.26445578231292516,
    "PVDL": 0.2608150470219436,
    "PVDR": 0.3522146507666099,
    "PVM": 0.29124579124579125,
    "PVNL": 0.1876321353065539,
    "PVNR": 0.22251585623678646,
    "PVPL": 0.2722222222222222,
    "PVPR": 0.2522163120567376,
    "PVQL": 0.31890243902439025,
    "PVQR": 0.26326530612244897,
    "PVR": 0.2916666666666667,
    "PVT": 0.1750886524822695,
    "PVWL": 0.24312896405919662,
    "PVWR": 0.2718378756114605,
    "RIAL": 0.33963414634146344,
    "RIAR": 0.36711711711711714,
    "RIBL": 0.0,
    "RIBR": 0.0,
    "RICL": 0.2881739918441323,
    "RICR": 0.2845394736842105,
    "RID": 0.23202959830866807,
    "RIFL": 0.30487012987012985,
    "RIFR": 0.37746806039488967,
    "RIGL": 0.2379437587479323,
    "RIGR": 0.23795363514989684,
    "RIH": 0.0,
    "RIML": 0.18452103710603943,
    "RIMR": 0.151995031827356,
    "RIPL": 0.0,
    "RIPR": 0.0,
    "RIR": 0.0,
    "RIS": 0.26109936575052856,
    "RIVL": 0.2612374405076679,
    "RIVR": 0.25757575757575757,
    "RMDDL": 0.0,
    "RMDDR": 0.0,
    "RMDL": 0.0,
    "RMDR": 0.0,
    "RMDVL": 0.0,
    "RMDVR": 0.0,
    "RMED": 0.2588644524236984,
    "RMEL": 0.2261188170635959,
    "RMER": 0.27290174002047085,
    "RMEV": 0.2357233502538071,
    "RMFL": 0.0,
    "RMFR": 0.0,
    "RMGL": 0.20287398078630822,
    "RMGR": 0.2037022987633715,
    "RMHL": 0.0,
    "RMHR": 0.0,
    "SAADL": 0.24975538160469668,
    "SAADR": 0.275125,
    "SAAVL": 0.20454545454545456,
    "SAAVR": 0.21723044397463,
    "SABD": 0.4091954022988506,
    "SABVL": 0.3258258258258258,
    "SABVR": 0.33879492600422834,
    "SDQL": 0.318686401480111,
    "SDQR": 0.2924242424242424,
    "SIADL": 0.2441860465116279,
    "SIADR": 0.24947145877378435,
    "SIAVL": 0.20665961945031713,
    "SIAVR": 0.25158562367864695,
    "SIBDL": 0.0,
    "SIBDR": 0.0,
    "SIBVL": 0.0,
    "SIBVR": 0.0,
    "SMBDL": 0.2818181818181818,
    "SMBDR": 0.26908212560386474,
    "SMBVL": 0.0,
    "SMBVR": 0.0,
    "SMDDL": 0.0,
    "SMDDR": 0.0,
    "SMDVL": 0.0,
    "SMDVR": 0.0,
    "URADL": 0.19794801641586868,
    "URADR": 0.17879616963064296,
    "URAVL": 0.16101231190150478,
    "URAVR": 0.18919288645690835,
    "URBL": 0.0,
    "URBR": 0.0,
    "URXL": 0.2295117229511723,
    "URXR": 0.23538475905864775,
    "URYDL": 0.2938775510204082,
    "URYDR": 0.2521917007597896,
    "URYVL": 0.32004429678848284,
    "URYVR": 0.23585858585858585,
    "VA1": 0.37142857142857144,
    "VA10": 0.41544117647058826,
    "VA11": 0.47126436781609193,
    "VA12": 0.42857142857142855,
    "VA2": 0.30952380952380953,
    "VA3": 0.23333333333333334,
    "VA4": 0.5,
    "VA5": 0.3984615384615385,
    "VA6": 0.5672514619883041,
    "VA7": 0.5,
    "VA8": 0.32068965517241377,
    "VA9": 0.2523809523809524,
    "VB1": 0.08333333333333333,
    "VB10": 0.5357142857142857,
    "VB11": 0.4027777777777778,
    "VB2": 0.38275862068965516,
    "VB3": 0.18055555555555555,
    "VB4": 0.3948948948948949,
    "VB5": 0.4166666666666667,
    "VB6": 0.375,