{
  "clustering_coefficients": {
    "ADAL": 0.16596194503171247,
    "ADAR": 0.25422832980972515,
    "ADEL": 0.23308668076109937,
    "ADER": 0.1886892177589852,
    "ADFL": 0.23827187431813224,
    "ADFR": 0.2219448977632716,
    "ADLL": 0.22474348855564324,
    "ADLR": 0.23893401015228427,
    "AFDL": 0.22209234365867914,
    "AFDR": 0.19374634716540035,
    "AIAL": 0.30029048656499635,
    "AIAR": 0.24565325384997516,
    "AIBL": 0.0,
    "AIBR": 0.0,
    "AIML": 0.23469387755102042,
    "AIMR": 0.19727891156462585,
    "AINL": 0.0,
    "AINR": 0.0,
    "AIYL": 0.23426285445346512,
    "AIYR": 0.2613863716605861,
    "AIZL": 0.27457486520116137,
    "AIZR": 0.3118489583333333,
    "ALA": 0.26785714285714285,
    "ALML": 0.2663280116110305,
    "ALMR": 0.30697278911564624,
    "ALNL": 0.0,
    "ALNR": 0.0,
    "AQR": 0.29307542262678804,
    "AS1": 0.5604395604395604,
    "AS10": 0.43162393162393164,
    "AS11": 0.38562091503267976,
    "AS2": 0.2802197802197802,
    "AS3": 0.4421052631578947,
    "AS4": 0.4166666666666667,
    "AS5": 0.39090909090909093,
    "AS6": 0.3560606060606061,
    "AS7": 0.37606837606837606,
    "AS8": 0.430952380952381,
    "AS9": 0.48484848484848486,
    "ASEL": 0.19632888636578674,
    "ASER": 0.1977035490605428,
    "ASGL": 0.2170587194906261,
    "ASGR": 0.23135881907645722,
    "ASHL": 0.2102105377986255,
    "ASHR": 0.23828317710902813,
    "ASIL": 0.2045255154262319,
    "ASIR": 0.22960770923438803,
    "ASJL": 0.22688468610454426,
    "ASJR": 0.23026238380985997,
    "ASKL": 0.21353433280874679,
    "ASKR": 0.2338540940159018,
    "AUAL": 0.29774872912127814,
    "AUAR": 0.35732538330494035,
    "AVAL": 0.23411764705882354,
    "AVAR": 0.21415758244790947,
    "AVBL": 0.13266384778012685,
    "AVBR": 0.19186046511627908,
    "AVDL": 0.27591502431533144,
    "AVDR": 0.2207309518893248,
    "AVEL": 0.30966767371601206,
    "AVER": 0.3461818181818182,
    "AVFL": 0.3210034013605442,
    "AVFR": 0.2918593894542091,
    "AVG": 0.2212962962962963,
    "AVHL": 0.0,
    "AVHR": 0.0,
    "AVJL": 0.0,
    "AVJR": 0.0,
    "AVKL": 0.15747126436781608,
    "AVKR": 0.23448275862068965,
    "AVL": 0.0,
    "AVM": 0.29132075471698116,
    "AWAL": 0.28910256410256413,
    "AWAR": 0.2972972972972973,
    "AWBL": 0.34935897435897434,
    "AWBR": 0.2960222016651249,
    "AWCL": 0.3141025641025641,
    "AWCR": 0.14743589743589744,
    "BAGL": 0.29751131221719457,
    "BAGR": 0.2943948412698413,
    "BDUL": 0.20700918079096045,
    "BDUR": 0.23811442385173248,
    "CANL": 0.0,
    "CANR": 0.0,
    "CEPDL": 0.0,
    "CEPDR": 0.0,
    "CEPVL": 0.0,
    "CEPVR": 0.0,
    "DA1": 0.4803921568627451,
    "DA2": 0.3,
    "DA3": 0.23333333333333334,
    "DA4": 0.4174964438122333,
    "DA5": 0.45454545454545453,
    "DA6": 0.16666666666666666,
    "DA7": 0.16666666666666666,
    "DA8": 0.6666666666666666,
    "DA9": 0.39770114942528734,
    "DB1": 0.38095238095238093,
    "DB2": 0.23730043541364296,
    "DB3": 0.4966386554621849,
    "DB4": 0.4166666666666667,
    "DB5": 0.44861660079051385,
    "DB6": 0.43874643874643876,
    "DB7": 0.3713235294117647,
    "DD1": 0.2711081794195251,
    "DD2": 0.3027115474520804,
    "DD3": 0.2909634317862166,
    "DD4": 0.2941288600838734,
    "DD5": 0.21943638624119355,
    "DD6": 0.26726792784865816,
    "DVA": 0.24727753578095832,
    "DVB": 0.1,
    "DVC": 0.0,
    "FLPL": 0.2248624312156078,
    "FLPR": 0.22413072987365562,
    "HSNL": 0.3134469696969697,
    "HSNR": 0.3967611336032389,
    "I1L": 0.20150987224157957,
    "I1R": 0.2461734693877551,
    "I2L": 0.2588209982788296,
    "I2R": 0.2864087502531902,
    "I3": 0.0,
    "I4": 0.0,
    "I5": 0.20588235294117646,
    "I6": 0.19444444444444445,
    "IL1DL": 0.0,
    "IL1DR": 0.0,
    "IL1L": 0.0,
    "IL1R": 0.0,
    "IL1VL": 0.0,
    "IL1VR": 0.0,
    "IL2DL": 0.34408602150537637,
    "IL2DR": 0.28536585365853656,
    "IL2L": 0.35290148448043185,
    "IL2R": 0.3146341463414634,
    "IL2VL": 0.26479915433403806,
    "IL2VR": 0.3060253699788584,
    "LUAL": 0.2251585623678647,
    "LUAR": 0.20031712473572938,
    "M1": 0.0,
    "M2L": 0.19601051122790253,
    "M2R": 0.17785475394171046,
    "M3L": 0.2439068100358423,
    "M3R": 0.21996853579053827,
    "M4": 0.21272229822161423,
    "M5": 0.18873403019744484,
    "MCL": 0.19712722298221613,
    "MCR": 0.19165526675786593,
    "MI": 0.0,
    "NSML": 0.19538461538461538,
    "NSMR": 0.10461538461538461,
    "OLLL": 0.29797979797979796,
    "OLLR": 0.26464646464646463,
    "OLQDL": 0.272895467160037,
    "OLQDR": 0.30451127819548873,
    "OLQVL": 0.2522711390635919,
    "OLQVR": 0.27638015373864433,
    "PDA": 0.0,
    "PDB": 0.0,
    "PDEL": 0.0,
    "PDER": 0.0,
    "PHAL": 0.22921888053467002,
    "PHAR": 0.22342032390702357,
    "PHBL": 0.26065839179708583,
    "PHBR": 0.23810695538057744,
    "PHCL": 0.0,
    "PHCR": 0.0,
    "PLML": 0.3044397463002114,
    "PLMR": 0.2854609929078014,
    "PLNL": 0.0,
    "PLNR": 0.0,
    "PQR": 0.2421267496111975,
    "PVCL": 0.26588235294117646,
    "PVCR": 0.28765880217785844,
    "PVDL": 0.31699346405228757,
    "PVDR": 0.2857142857142857,
    "PVM": 0.2380392156862745,
    "PVNL": 0.19397463002114165,
    "PVNR": 0.2832980972515856,
    "PVPL": 0.20348837209302326,
    "PVPR": 0.2553191489361702,
    "PVQL": 0.2775641025641026,
    "PVQR": 0.23625886524822695,
    "PVR": 0.287987012987013,
    "PVT": 0.22118794326241134,
    "PVWL": 0.27575757575757576,
    "PVWR": 0.24957374254049447,
    "RIAL": 0.3176829268292683,
    "RIAR": 0.3492063492063492,
    "RIBL": 0.0,
    "RIBR": 0.0,
    "RICL": 0.2797841427978414,
    "RICR": 0.23454997926171714,
    "RID": 0.2309725158562368,
    "RIFL": 0.3089731729879741,
    "RIFR": 0.2277526395173454,
    "RIGL": 0.2354478153578168,
    "RIGR": 0.2400842011965433,
    "RIH": 0.0,
    "RIML": 0.16868498680329141,
    "RIMR": 0.19150752988666356,
    "RIPL": 0.0,
    "RIPR": 0.0,
    "RIR": 0.0,
    "RIS": 0.27061310782241016,
    "RIVL": 0.27306397306397306,
    "RIVR": 0.3484042553191489,
    "RMDDL": 0.0,
    "RMDDR": 0.0,
    "RMDL": 0.0,
    "RMDR": 0.0,
    "RMDVL": 0.0,
    "RMDVR": 0.0,
    "RMED": 0.27458414872798437,
    "RMEL": 0.2702664796633941,
    "RMER": 0.28283712784588444,
    "RMEV": 0.25713213213213215,
    "RMFL": 0.0,
    "RMFR": 0.0,
    "RMGL": 0.2094549125168237,
    "RMGR": 0.21750848472749051,
    "RMHL": 0.0,
    "RMHR": 0.0,
    "SAADL": 0.2466103862880532,
    "SAADR": 0.26057846813069097,
    "SAAVL": 0.1982029598308668,
    "SAAVR": 0.20507399577167018,
    "SABD": 0.3000886524822695,
    "SABVL": 0.3419191919191919,
    "SABVR": 0.3106122448979592,
    "SDQL": 0.26262626262626265,
    "SDQR": 0.2922705314009662,
    "SIADL": 0.1849894291754757,
    "SIADR": 0.2309725158562368,
    "SIAVL": 0.19238900634249473,
    "SIAVR": 0.20824524312896406,
    "SIBDL": 0.0,
    "SIBDR": 0.0,
    "SIBVL": 0.0,
    "SIBVR": 0.0,
    "SMBDL": 0.3098982423681776,
    "SMBDR": 0.28592162554426703,
    "SMBVL": 0.0,
    "SMBVR": 0.0,
    "SMDDL": 0.0,
    "SMDDR": 0.0,
    "SMDVL": 0.0,
    "SMDVR": 0.0,
    "URADL": 0.2,
    "URADR": 0.20560875512995896,
    "URAVL": 0.16908344733242134,
    "URAVR": 0.1935704514363885,
    "URBL": 0.0,
    "URBR": 0.0,
    "URXL": 0.21109510086455333,
    "URXR": 0.22636582053692678,
    "URYDL": 0.3111111111111111,
    "URYDR": 0.2888243831640058,
    "URYVL": 0.2706122448979592,
    "URYVR": 0.2927536231884058,
    "VA1": 0.5098039215686274,
    "VA10": 0.25,
    "VA11": 0.44,
    "VA12": 0.4175824175824176,
    "VA2": 0.4551282051282051,
    "VA3": 0.2679738562091503,
    "VA4": 0.2727272727272727,
    "VA5": 0.4131578947368421,
    "VA6": 0.45,
    "VA7": 0.4318181818181818,
    "VA8": 0.425,
    "VA9": 0.47035573122529645,
    "VB1": 0.38235294117647056,
    "VB10": 0.16666666666666666,
    "VB11": 0.26785714285714285,
    "VB2": 0.3333333333333333,
    "VB3": 0.4,
    "VB4": 0.4076086956521739,
    "VB5": 0.4566532258064516,
    "VB6": 0.49473684210526314,