{
  "clustering_coefficients": {
    "ADAL": 0.23784355179704017,
    "ADAR": 0.17706131078224102,
    "ADEL": 0.27431289640591966,
    "ADER": 0.14852008456659618,
    "ADFL": 0.21868020304568528,
    "ADFR": 0.218414350570258,
    "ADLL": 0.23841059602649006,
    "ADLR": 0.22084273890142964,
    "AFDL": 0.20981881940385738,
    "AFDR": 0.23378141437755698,
    "AIAL": 0.2523100616016427,
    "AIAR": 0.2517241379310345,
    "AIBL": 0.0,
    "AIBR": 0.0,
    "AIML": 0.18494897959183673,
    "AIMR": 0.25212585034013607,
    "AINL": 0.0,
    "AINR": 0.0,
    "AIYL": 0.20648890056482333,
    "AIYR": 0.22786822691427117,
    "AIZL": 0.2695789950203712,
    "AIZR": 0.29530791788856303,
    "ALA": 0.32142857142857145,
    "ALML": 0.29634146341463413,
    "ALMR": 0.32346723044397463,
    "ALNL": 0.0,
    "ALNR": 0.0,
    "AQR": 0.21691056910569106,
    "AS1": 0.48214285714285715,
    "AS10": 0.2619047619047619,
    "AS11": 0.35947712418300654,
    "AS2": 0.4065934065934066,
    "AS3": 0.3333333333333333,
    "AS4": 0.3380952380952381,
    "AS5": 0.3,
    "AS6": 0.20476190476190476,
    "AS7": 0.525974025974026,
    "AS8": 0.35,
    "AS9": 0.48214285714285715,
    "ASEL": 0.2070784577018991,
    "ASER": 0.21636858475894247,
    "ASGL": 0.20144107505967643,
    "ASGR": 0.23604715417203906,
    "ASHL": 0.21037622573544126,
    "ASHR": 0.20453790813503045,
    "ASIL": 0.22380804231158125,
    "ASIR": 0.21199855439103724,
    "ASJL": 0.22775897827748062,
    "ASJR": 0.2443820224719101,
    "ASKL": 0.22255540115556205,
    "ASKR": 0.2249150716712238,
    "AUAL": 0.3360323886639676,
    "AUAR": 0.2801659125188537,
    "AVAL": 0.2418242031185318,
    "AVAR": 0.2532106164383562,
    "AVBL": 0.17970401691331925,
    "AVBR": 0.21300211416490486,
    "AVDL": 0.25475713570355535,
    "AVDR": 0.27048965697826655,
    "AVEL": 0.28725891291642314,
    "AVER": 0.30808477237048665,
    "AVFL": 0.31551362683438156,
    "AVFR": 0.2938689217758985,
    "AVG": 0.20505050505050504,
    "AVHL": 0.0,
    "AVHR": 0.0,
    "AVJL": 0.0,
    "AVJR": 0.0,
    "AVKL": 0.25057471264367814,
    "AVKR": 0.23218390804597702,
    "AVL": 0.0,
    "AVM": 0.29690560125342735,
    "AWAL": 0.24191919191919192,
    "AWAR": 0.31585365853658537,
    "AWBL": 0.2851335656213705,
    "AWBR": 0.3382663847780127,
    "AWCL": 0.15384615384615385,
    "AWCR": 0.04487179487179487,
    "BAGL": 0.24166666666666667,
    "BAGR": 0.2586090479405807,
    "BDUL": 0.23757694039933944,
    "BDUR": 0.24216276124129196,
    "CANL": 0.0,
    "CANR": 0.0,
    "CEPDL": 0.0,
    "CEPDR": 0.0,
    "CEPVL": 0.0,
    "CEPVR": 0.0,
    "DA1": 0.5333333333333333,
    "DA2": 0.4116809116809117,
    "DA3": 0.5,
    "DA4": 0.3333333333333333,
    "DA5": 0.4407114624505929,
    "DA6": 0.43333333333333335,
    "DA7": 0.3713235294117647,
    "DA8": 0.45789473684210524,
    "DA9": 0.38095238095238093,
    "DB1": 0.4117647058823529,
    "DB2": 0.2948051948051948,
    "DB3": 0.4727822580645161,
    "DB4": 0.48214285714285715,
    "DB5": 0.23214285714285715,
    "DB6": 0.2,
    "DB7": 0.4727272727272727,
    "DD1": 0.28961982058949165,
    "DD2": 0.26058894715611136,
    "DD3": 0.26571428571428574,
    "DD4": 0.26972591362126247,
    "DD5": 0.2969792075323656,
    "DD6": 0.2597464342313788,
    "DVA": 0.25126262626262624,
    "DVB": 0.35,
    "DVC": 0.0,
    "FLPL": 0.22761945121305224,
    "FLPR": 0.19140582397207984,
    "HSNL": 0.36267995570321154,
    "HSNR": 0.3352272727272727,
    "I1L": 0.308227465214761,
    "I1R": 0.2922705314009662,
    "I2L": 0.27674141694780713,
    "I2R": 0.23308867288236462,
    "I3": 0.0,
    "I4": 0.3333333333333333,
    "I5": 0.2757352941176471,
    "I6": 0.125,
    "IL1DL": 0.0,
    "IL1DR": 0.0,
    "IL1L": 0.0,
    "IL1R": 0.0,
    "IL1VL": 0.0,
    "IL1VR": 0.0,
    "IL2DL": 0.30141843971631205,
    "IL2DR": 0.31341463414634146,
    "IL2L": 0.3330249768732655,
    "IL2R": 0.3182926829268293,
    "IL2VL": 0.3271276595744681,
    "IL2VR": 0.30720092915214864,
    "LUAL": 0.27642706131078226,
    "LUAR": 0.2394291754756871,
    "M1": 0.0,
    "M2L": 0.18490205446727187,
    "M2R": 0.17498805542283802,
    "M3L": 0.2305628496403699,
    "M3R": 0.22473810563072893,
    "M4": 0.15362517099863202,
    "M5": 0.22938443670150988,
    "MCL": 0.19767441860465115,
    "MCR": 0.18960328317373462,
    "MI": 0.0,
    "NSML": 0.18153846153846154,
    "NSMR": 0.2630769230769231,
    "OLLL": 0.3233117483811286,
    "OLLR": 0.24976873265494912,
    "OLQDL": 0.2496753246753247,
    "OLQDR": 0.20084694494857835,
    "OLQVL": 0.24829931972789115,
    "OLQVR": 0.2801418439716312,
    "PDA": 0.0,
    "PDB": 0.0,
    "PDEL": 0.0,
    "PDER": 0.0,
    "PHAL": 0.23131657063034747,
    "PHAR": 0.23461680176860722,
    "PHBL": 0.2513177313936327,
    "PHBR": 0.25288413308811236,
    "PHCL": 0.0,
    "PHCR": 0.0,
    "PLML": 0.3073089700996678,
    "PLMR": 0.35254901960784313,
    "PLNL": 0.0,
    "PLNR": 0.0,
    "PQR": 0.23130398146197598,
    "PVCL": 0.2618357487922705,
    "PVCR": 0.30285412262156447,
    "PVDL": 0.2957516339869281,
    "PVDR": 0.2898550724637681,
    "PVM": 0.3057142857142857,
    "PVNL": 0.25317124735729385,
    "PVNR": 0.22251585623678646,
    "PVPL": 0.29125816993464054,
    "PVPR": 0.15656565656565657,
    "PVQL": 0.2697414395527603,
    "PVQR": 0.2896575821104123,
    "PVR": 0.27991602519244224,
    "PVT": 0.21054964539007093,
    "PVWL": 0.2577440093512566,
    "PVWR": 0.26573241671073505,
    "RIAL": 0.3181818181818182,
    "RIAR": 0.2860215053763441,
    "RIBL": 0.0,
    "RIBR": 0.0,
    "RICL": 0.29909766454352443,
    "RICR": 0.2617860380779692,
    "RID": 0.2346723044397463,
    "RIFL": 0.23549965059399022,
    "RIFR": 0.24463276836158193,
    "RIGL": 0.23755745239658568,
    "RIGR": 0.2551088553492721,
    "RIH": 0.0,
    "RIML": 0.17062567924235367,
    "RIMR": 0.18840242198416396,
    "RIPL": 0.0,
    "RIPR": 0.0,
    "RIR": 0.0,
    "RIS": 0.2029598308668076,
    "RIVL": 0.2494949494949495,
    "RIVR": 0.2631578947368421,
    "RMDDL": 0.0,
    "RMDDR": 0.0,
    "RMDL": 0.0,
    "RMDR": 0.0,
    "RMDVL": 0.0,
    "RMDVR": 0.0,
    "RMED": 0.2960618846694796,
    "RMEL": 0.2715322984476715,
    "RMER": 0.2770541082164329,
    "RMEV": 0.24043956043956044,
    "RMFL": 0.0,
    "RMFR": 0.0,
    "RMGL": 0.19675815569025404,
    "RMGR": 0.19499740990157627,
    "RMHL": 0.0,
    "RMHR": 0.0,
    "SAADL": 0.2684679505605059,
    "SAADR": 0.27321715202935104,
    "SAAVL": 0.21300211416490486,
    "SAAVR": 0.226215644820296,
    "SABD": 0.3028792912513843,
    "SABVL": 0.33879492600422834,
    "SABVR": 0.3372093023255814,
    "SDQL": 0.2951020408163265,
    "SDQR": 0.27918367346938777,
    "SIADL": 0.2558139534883721,
    "SIADR": 0.2135306553911205,
    "SIAVL": 0.1590909090909091,
    "SIAVR": 0.2510570824524313,
    "SIBDL": 0.0,
    "SIBDR": 0.0,
    "SIBVL": 0.0,
    "SIBVR": 0.0,
    "SMBDL": 0.2952941176470588,
    "SMBDR": 0.33940620782726044,
    "SMBVL": 0.0,
    "SMBVR": 0.0,
    "SMDDL": 0.0,
    "SMDDR": 0.0,
    "SMDVL": 0.0,
    "SMDVR": 0.0,
    "URADL": 0.20328317373461013,
    "URADR": 0.18413132694938442,
    "URAVL": 0.2030095759233926,
    "URAVR": 0.16415868673050615,
    "URBL": 0.0,
    "URBR": 0.0,
    "URXL": 0.22144959902547964,
    "URXR": 0.21359636673289809,
    "URYDL": 0.2773279352226721,
    "URYDR": 0.27714285714285714,
    "URYVL": 0.2926829268292683,
    "URYVR": 0.2898936170212766,
    "VA1": 0.25,
    "VA10": 0.34444444444444444,
    "VA11": 0.4540229885057471,
    "VA12": 0.42857142857142855,
    "VA2": 0.5303030303030303,
    "VA3": 0.3333333333333333,
    "VA4": 0.3141695702671312,
    "VA5": 0.16666666666666666,
    "VA6": 0.5111111111111111,
    "VA7": 0.26666666666666666,
    "VA8": 0.4150326797385621,
    "VA9": 0.4933862433862434,
    "VB1": 0.33636363636363636,
    "VB10": 0.41812865497076024,
    "VB11": 0.455,
    "VB2": 0.0,
    "VB3": 0.4505928853754941,
    "VB4": 0.4933862433862434,
    "VB5": 0.5014245014245015,
    "VB6": 0.17424242424242425,