{
  "clustering_coefficients": {
    "ADAL": 0.19608879492600423,
    "ADAR": 0.2156448202959831,
    "ADEL": 0.1543340380549683,
    "ADER": 0.22410147991543342,
    "ADFL": 0.21542408034057417,
    "ADFR": 0.19846984698469847,
    "ADLL": 0.21469708716358402,
    "ADLR": 0.21210275716974863,
    "AFDL": 0.17796610169491525,
    "AFDR": 0.18001168907071888,
    "AIAL": 0.27230432402846194,
    "AIAR": 0.32237539766702017,
    "AIBL": 0.0,
    "AIBR": 0.0,
    "AIML": 0.2538265306122449,
    "AIMR": 0.21343537414965985,
    "AINL": 0.0,
    "AINR": 0.0,
    "AIYL": 0.20894683601213893,
    "AIYR": 0.23316854990583805,
    "AIZL": 0.2690494893951296,
    "AIZR": 0.26251008878127524,
    "ALA": 0.23214285714285715,
    "ALML": 0.31474358974358974,
    "ALMR": 0.2772946859903382,
    "ALNL": 0.0,
    "ALNR": 0.0,
    "AQR": 0.2683643486777669,
    "AS1": 0.3181818181818182,
    "AS10": 0.4149797570850202,
    "AS11": 0.4881422924901186,
    "AS2": 0.36451612903225805,
    "AS3": 0.0,
    "AS4": 0.3646153846153846,
    "AS5": 0.2916666666666667,
    "AS6": 0.38095238095238093,
    "AS7": 0.3562091503267974,
    "AS8": 0.3547008547008547,
    "AS9": 0.41812865497076024,
    "ASEL": 0.20419321508524194,
    "ASER": 0.20626956361627694,
    "ASGL": 0.2201401732697362,
    "ASGR": 0.18960529999066902,
    "ASHL": 0.2241787511097958,
    "ASHR": 0.2175297556901232,
    "ASIL": 0.21148546231225024,
    "ASIR": 0.22045267181293562,
    "ASJL": 0.23788013742206388,
    "ASJR": 0.226,
    "ASKL": 0.2099922239502333,
    "ASKR": 0.20704881838253333,
    "AUAL": 0.2927927927927928,
    "AUAR": 0.2849213691026827,
    "AVAL": 0.22889072847682118,
    "AVAR": 0.23618034784535283,
    "AVBL": 0.26691331923890066,
    "AVBR": 0.22885835095137422,
    "AVDL": 0.2522749042145594,
    "AVDR": 0.26422018348623855,
    "AVEL": 0.2526645768025078,
    "AVER": 0.33372093023255817,
    "AVFL": 0.3310204081632653,
    "AVFR": 0.2781649245063879,
    "AVG": 0.19888991674375578,
    "AVHL": 0.0,
    "AVHR": 0.0,
    "AVJL": 0.0,
    "AVJR": 0.0,
    "AVKL": 0.15977011494252874,
    "AVKR": 0.19310344827586207,
    "AVL": 0.0,
    "AVM": 0.2903120936280884,
    "AWAL": 0.3097165991902834,
    "AWAR": 0.2782608695652174,
    "AWBL": 0.28840579710144926,
    "AWBR": 0.2701219512195122,
    "AWCL": 0.24358974358974358,
    "AWCR": 0.1987179487179487,
    "BAGL": 0.24761904761904763,
    "BAGR": 0.2873411016949153,
    "BDUL": 0.23645320197044334,
    "BDUR": 0.2103283801137406,
    "CANL": 0.0,
    "CANR": 0.0,
    "CEPDL": 0.0,
    "CEPDR": 0.0,
    "CEPVL": 0.0,
    "CEPVR": 0.0,
    "DA1": 0.16666666666666666,
    "DA2": 0.48007246376811596,
    "DA3": 0.43636363636363634,
    "DA4": 0.21428571428571427,
    "DA5": 0.5477941176470589,
    "DA6": 0.4166666666666667,
    "DA7": 0.4027093596059113,
    "DA8": 0.40307692307692305,
    "DA9": 0.3663865546218487,
    "DB1": 0.3916256157635468,
    "DB2": 0.22525252525252526,
    "DB3": 0.44455645161290325,
    "DB4": 0.375,
    "DB5": 0.4775132275132275,
    "DB6": 0.19444444444444445,
    "DB7": 0.30116959064327486,
    "DD1": 0.26959945224238274,
    "DD2": 0.27873183619550856,
    "DD3": 0.28561378825184663,
    "DD4": 0.24855212355212356,
    "DD5": 0.29815684857246116,
    "DD6": 0.22739065974796147,
    "DVA": 0.2481929294256801,
    "DVB": 0.5,
    "DVC": 0.0,
    "FLPL": 0.2383860289921242,
    "FLPR": 0.20497139475241666,
    "HSNL": 0.28378378378378377,
    "HSNR": 0.3476863753213368,
    "I1L": 0.25037707390648567,
    "I1R": 0.27349290780141844,
    "I2L": 0.22183657278857596,
    "I2R": 0.25223470089388034,
    "I3": 0.0,
    "I4": 0.16666666666666666,
    "I5": 0.21323529411764705,
    "I6": 0.3333333333333333,
    "IL1DL": 0.0,
    "IL1DR": 0.0,
    "IL1L": 0.0,
    "IL1R": 0.0,
    "IL1VL": 0.0,
    "IL1VR": 0.0,
    "IL2DL": 0.2624831309041835,
    "IL2DR": 0.27564102564102566,
    "IL2L": 0.27526132404181186,
    "IL2R": 0.28120464441219156,
    "IL2VL": 0.31561461794019935,
    "IL2VR": 0.24718045112781956,
    "LUAL": 0.22780126849894292,
    "LUAR": 0.17283298097251584,
    "M1": 0.0,
    "M2L": 0.17486860965121834,
    "M2R": 0.19135212613473482,
    "M3L": 0.2304611650485437,
    "M3R": 0.21475646174441354,
    "M4": 0.19001367989056087,
    "M5": 0.16492450638792103,
    "MCL": 0.21080711354309165,
    "MCR": 0.15827633378932968,
    "MI": 0.0,
    "NSML": 0.2923076923076923,
    "NSMR": 0.20461538461538462,
    "OLLL": 0.24822695035460993,
    "OLLR": 0.31427304964539005,
    "OLQDL": 0.25290275761973874,
    "OLQDR": 0.26040816326530614,
    "OLQVL": 0.287677304964539,
    "OLQVR": 0.2869387755102041,
    "PDA": 0.0,
    "PDB": 0.0,
    "PDEL": 0.0,
    "PDER": 0.0,
    "PHAL": 0.19864245992803403,
    "PHAR": 0.22089125102207685,
    "PHBL": 0.21056282203725724,
    "PHBR": 0.2538141470180305,
    "PHCL": 0.0,
    "PHCR": 0.0,
    "PLML": 0.30021141649048627,
    "PLMR": 0.33131313131313134,
    "PLNL": 0.0,
    "PLNR": 0.0,
    "PQR": 0.21141387195121952,
    "PVCL": 0.28352941176470586,
    "PVCR": 0.25,
    "PVDL": 0.2996172772006561,
    "PVDR": 0.3181818181818182,
    "PVM": 0.27881205673758863,
    "PVNL": 0.19291754756871035,
    "PVNR": 0.2452431289640592,
    "PVPL": 0.2020460358056266,
    "PVPR": 0.20879676440849343,
    "PVQL": 0.2686932215234102,
    "PVQR": 0.2893081761006289,
    "PVR": 0.2742040285899935,
    "PVT": 0.19592198581560283,
    "PVWL": 0.21045918367346939,
    "PVWR": 0.26941176470588235,
    "RIAL": 0.34375,
    "RIAR": 0.353968253968254,
    "RIBL": 0.0,
    "RIBR": 0.0,
    "RICL": 0.2655849701110162,
    "RICR": 0.28688010043942247,
    "RID": 0.1791754756871036,
    "RIFL": 0.3382663847780127,
    "RIFR": 0.25755102040816324,
    "RIGL": 0.2406747294716741,
    "RIGR": 0.20983335453504642,
    "RIH": 0.0,
    "RIML": 0.1832789939450396,
    "RIMR": 0.20066759819903743,
    "RIPL": 0.0,
    "RIPR": 0.0,
    "RIR": 0.0,
    "RIS": 0.18340380549682875,
    "RIVL": 0.29753265602322204,
    "RIVR": 0.23639455782312926,
    "RMDDL": 0.0,
    "RMDDR": 0.0,
    "RMDL": 0.0,
    "RMDR": 0.0,
    "RMDVL": 0.0,
    "RMDVR": 0.0,
    "RMED": 0.2513177313936327,
    "RMEL": 0.24953161592505854,
    "RMER": 0.24468085106382978,
    "RMEV": 0.2603085553997195,
    "RMFL": 0.0,
    "RMFR": 0.0,
    "RMGL": 0.2165617176238525,
    "RMGR": 0.19098045629241966,
    "RMHL": 0.0,
    "RMHR": 0.0,
    "SAADL": 0.2743095512082854,
    "SAADR": 0.2373029772329247,
    "SAAVL": 0.13953488372093023,
    "SAAVR": 0.2938689217758985,
    "SABD": 0.3266888150609081,
    "SABVL": 0.3168627450980392,
    "SABVR": 0.27682926829268295,
    "SDQL": 0.24745098039215685,
    "SDQR": 0.3191489361702128,
    "SIADL": 0.20507399577167018,
    "SIADR": 0.19714587737843553,
    "SIAVL": 0.20243128964059195,
    "SIAVR": 0.21300211416490486,
    "SIBDL": 0.0,
    "SIBDR": 0.0,
    "SIBVL": 0.0,
    "SIBVR": 0.0,
    "SMBDL": 0.29432624113475175,
    "SMBDR": 0.2803030303030303,
    "SMBVL": 0.0,
    "SMBVR": 0.0,
    "SMDDL": 0.0,
    "SMDDR": 0.0,
    "SMDVL": 0.0,
    "SMDVR": 0.0,
    "URADL": 0.1883720930232558,
    "URADR": 0.18946648426812585,
    "URAVL": 0.18248974008207935,
    "URAVR": 0.18344733242134062,
    "URBL": 0.0,
    "URBR": 0.0,
    "URXL": 0.21109736901281764,
    "URXR": 0.20211836645555797,
    "URYDL": 0.3038647342995169,
    "URYDR": 0.2764876632801161,
    "URYVL": 0.3426248548199768,
    "URYVR": 0.3,
    "VA1": 0.4632183908045977,
    "VA10": 0.4393939393939394,
    "VA11": 0.36666666666666664,
    "VA12": 0.3712660028449502,
    "VA2": 0.23333333333333334,
    "VA3": 0.3916256157635468,
    "VA4": 0.5378787878787878,
    "VA5": 0.4084967320261438,
    "VA6": 0.3194444444444444,
    "VA7": 0.4444444444444444,
    "VA8": 0.3194444444444444,
    "VA9": 0.47619047619047616,
    "VB1": 0.4,
    "VB10": 0.4264705882352941,
    "VB11": 0.55,
    "VB2": 0.5333333333333333,
    "VB3": 0.34523809523809523,
    "VB4": 0.4,
    "VB5": 0.28205128205128205,
    "VB6": 0.4230769230769231,