{
  "clustering_coefficients": {
    "ADAL": 0.19873150105708245,
    "ADAR": 0.21300211416490486,
    "ADEL": 0.26585623678646936,
    "ADER": 0.23361522198731502,
    "ADFL": 0.2291833466773419,
    "ADFR": 0.24256361247162825,
    "ADLL": 0.24800036357025995,
    "ADLR": 0.22047360631475085,
    "AFDL": 0.2521917007597896,
    "AFDR": 0.19754529514903565,
    "AIAL": 0.2717161016949153,
    "AIAR": 0.24412247129579004,
    "AIBL": 0.0,
    "AIBR": 0.0,
    "AIML": 0.17772108843537415,
    "AIMR": 0.1879251700680272,
    "AINL": 0.0,
    "AINR": 0.0,
    "AIYL": 0.2373496993987976,
    "AIYR": 0.20054725040042712,
    "AIZL": 0.2732041969330105,
    "AIZR": 0.31565420560747665,
    "ALA": 0.26785714285714285,
    "ALML": 0.26709013914095586,
    "ALMR": 0.27946127946127947,
    "ALNL": 0.0,
    "ALNR": 0.0,
    "AQR": 0.26663174436877946,
    "AS1": 0.3076923076923077,
    "AS10": 0.3989247311827957,
    "AS11": 0.6,
    "AS2": 0.44,
    "AS3": 0.2222222222222222,
    "AS4": 0.3880952380952381,
    "AS5": 0.2619047619047619,
    "AS6": 0.3333333333333333,
    "AS7": 0.47413793103448276,
    "AS8": 0.5952380952380952,
    "AS9": 0.5138888888888888,
    "ASEL": 0.22829335271787415,
    "ASER": 0.22860827116146265,
    "ASGL": 0.2401116578349735,
    "ASGR": 0.2178817908334808,
    "ASHL": 0.1856281602489304,
    "ASHR": 0.20233821228021726,
    "ASIL": 0.20736136895633223,
    "ASIR": 0.208427272020524,
    "ASJL": 0.2453318335208099,
    "ASJR": 0.24799757281553397,
    "ASKL": 0.23305145995952586,
    "ASKR": 0.219841334750961,
    "AUAL": 0.28305235137533274,
    "AUAR": 0.36529933481152993,
    "AVAL": 0.23644561123159458,
    "AVAR": 0.2229005020538567,
    "AVBL": 0.27642706131078226,
    "AVBR": 0.24577167019027485,
    "AVDL": 0.2829581993569132,
    "AVDR": 0.2850210970464135,
    "AVEL": 0.2928009679370841,
    "AVER": 0.29069767441860467,
    "AVFL": 0.31547619047619047,
    "AVFR": 0.3108233117483811,
    "AVG": 0.1876321353065539,
    "AVHL": 0.0,
    "AVHR": 0.0,
    "AVJL": 0.0,
    "AVJR": 0.0,
    "AVKL": 0.19540229885057472,
    "AVKR": 0.27011494252873564,
    "AVL": 0.0,
    "AVM": 0.2630597014925373,
    "AWAL": 0.2489429175475687,
    "AWAR": 0.29445234708392604,
    "AWBL": 0.3207317073170732,
    "AWBR": 0.3128048780487805,
    "AWCL": 0.14743589743589744,
    "AWCR": 0.28846153846153844,
    "BAGL": 0.2899780941949617,
    "BAGR": 0.2759103641456583,
    "BDUL": 0.23570456092579986,
    "BDUR": 0.226460429493918,
    "CANL": 0.0,
    "CANR": 0.0,
    "CEPDL": 0.0,
    "CEPDR": 0.0,
    "CEPVL": 0.0,
    "CEPVR": 0.0,
    "DA1": 0.32857142857142857,
    "DA2": 0.3269230769230769,
    "DA3": 0.27941176470588236,
    "DA4": 0.375,
    "DA5": 0.37815126050420167,
    "DA6": 0.475,
    "DA7": 0.19642857142857142,
    "DA8": 0.4312169312169312,
    "DA9": 0.5833333333333334,
    "DB1": 0.37384615384615383,
    "DB2": 0.37579281183932345,
    "DB3": 0.46794871794871795,
    "DB4": 0.38387096774193546,
    "DB5": 0.4421052631578947,
    "DB6": 0.23809523809523808,
    "DB7": 0.2,
    "DD1": 0.29576680282213147,
    "DD2": 0.2891868002357101,
    "DD3": 0.25579761068165846,
    "DD4": 0.2991701244813278,
    "DD5": 0.2656984194788552,
    "DD6": 0.2484558369363805,
    "DVA": 0.24518278408067712,
    "DVB": 0.25,
    "DVC": 0.0,
    "FLPL": 0.23670507423000223,
    "FLPR": 0.1988843813387424,
    "HSNL": 0.39271255060728744,
    "HSNR": 0.3506401137980085,
    "I1L": 0.2807585568917669,
    "I1R": 0.26097560975609757,
    "I2L": 0.2454383181277271,
    "I2R": 0.2545421178197834,
    "I3": 0.0,
    "I4": 0.0,
    "I5": 0.16911764705882354,
    "I6": 0.20833333333333334,
    "IL1DL": 0.0,
    "IL1DR": 0.0,
    "IL1L": 0.0,
    "IL1R": 0.0,
    "IL1VL": 0.0,
    "IL1VR": 0.0,
    "IL2DL": 0.2719806763285024,
    "IL2DR": 0.3187103594080338,
    "IL2L": 0.3328282828282828,
    "IL2R": 0.38412698412698415,
    "IL2VL": 0.26745098039215687,
    "IL2VR": 0.2841312056737589,
    "LUAL": 0.24841437632135308,
    "LUAR": 0.25158562367864695,
    "M1": 0.0,
    "M2L": 0.17749641662685142,
    "M2R": 0.1649546106067845,
    "M3L": 0.23992790500424088,
    "M3R": 0.24873514531121307,
    "M4": 0.21381668946648427,
    "M5": 0.16434378629500582,
    "MCL": 0.18604651162790697,
    "MCR": 0.17428180574555405,
    "MI": 0.0,
    "NSML": 0.19230769230769232,
    "NSMR": 0.16153846153846155,
    "OLLL": 0.3388888888888889,
    "OLLR": 0.2620408163265306,
    "OLQDL": 0.2857142857142857,
    "OLQDR": 0.22525439407955597,
    "OLQVL": 0.2988235294117647,
    "OLQVR": 0.24276094276094276,
    "PDA": 0.0,
    "PDB": 0.0,
    "PDEL": 0.0,
    "PDER": 0.0,
    "PHAL": 0.2122172802119807,
    "PHAR": 0.1965501990269792,
    "PHBL": 0.23635946813388353,
    "PHBR": 0.2740365901128844,
    "PHCL": 0.0,
    "PHCR": 0.0,
    "PLML": 0.35353535353535354,
    "PLMR": 0.2724329324699352,
    "PLNL": 0.0,
    "PLNR": 0.0,
    "PQR": 0.26138894513059324,
    "PVCL": 0.3167517006802721,
    "PVCR": 0.3400673400673401,
    "PVDL": 0.36258124419684307,
    "PVDR": 0.3064946619217082,
    "PVM": 0.26691331923890066,
    "PVNL": 0.23202959830866807,
    "PVNR": 0.23731501057082452,
    "PVPL": 0.1676328502415459,
    "PVPR": 0.34515418502202644,
    "PVQL": 0.2522163120567376,
    "PVQR": 0.2632996632996633,
    "PVR": 0.2842755035737492,
    "PVT": 0.20656028368794327,
    "PVWL": 0.27468060394889665,
    "PVWR": 0.22968069666182875,
    "RIAL": 0.30153846153846153,
    "RIAR": 0.3243589743589744,
    "RIBL": 0.0,
    "RIBR": 0.0,
    "RICL": 0.28395808141878276,
    "RICR": 0.2541144200626959,
    "RID": 0.19714587737843553,
    "RIFL": 0.29137254901960785,
    "RIFR": 0.30252525252525253,
    "RIGL": 0.2162522741055185,
    "RIGR": 0.2305945223780895,
    "RIH": 0.0,
    "RIML": 0.192050923769601,
    "RIMR": 0.19981369352585002,
    "RIPL": 0.0,
    "RIPR": 0.0,
    "RIR": 0.0,
    "RIS": 0.2219873150105708,
    "RIVL": 0.302020202020202,
    "RIVR": 0.25170068027210885,
    "RMDDL": 0.0,
    "RMDDR": 0.0,
    "RMDL": 0.0,
    "RMDR": 0.0,
    "RMDVL": 0.0,
    "RMDVR": 0.0,
    "RMED": 0.24745581146223888,
    "RMEL": 0.22653958944281524,
    "RMER": 0.26250299114620723,
    "RMEV": 0.3070963395463732,
    "RMFL": 0.0,
    "RMFR": 0.0,
    "RMGL": 0.2154564079216936,
    "RMGR": 0.21955845535240118,
    "RMHL": 0.0,
    "RMHR": 0.0,
    "SAADL": 0.24232456140350878,
    "SAADR": 0.271205868867492,
    "SAAVL": 0.2135306553911205,
    "SAAVR": 0.17758985200845667,
    "SABD": 0.27954545454545454,
    "SABVL": 0.35106382978723405,
    "SABVR": 0.33403805496828753,
    "SDQL": 0.3232118758434548,
    "SDQR": 0.30579710144927535,
    "SIADL": 0.2869978858350951,
    "SIADR": 0.16754756871035942,
    "SIAVL": 0.21934460887949261,
    "SIAVR": 0.19291754756871035,
    "SIBDL": 0.0,
    "SIBDR": 0.0,
    "SIBVL": 0.0,
    "SIBVR": 0.0,
    "SMBDL": 0.22753623188405797,
    "SMBDR": 0.3556891766882516,
    "SMBVL": 0.0,
    "SMBVR": 0.0,
    "SMDDL": 0.0,
    "SMDDR": 0.0,
    "SMDVL": 0.0,
    "SMDVR": 0.0,
    "URADL": 0.19781121751025993,
    "URADR": 0.20054719562243503,
    "URAVL": 0.17373461012311903,
    "URAVR": 0.17113543091655267,
    "URBL": 0.0,
    "URBR": 0.0,
    "URXL": 0.22335289663006436,
    "URXR": 0.2385291935996609,
    "URYDL": 0.22938443670150988,
    "URYDR": 0.2964705882352941,
    "URYVL": 0.328656462585034,
    "URYVR": 0.24260042283298097,
    "VA1": 0.5086580086580087,
    "VA10": 0.2,
    "VA11": 0.46703296703296704,
    "VA12": 0.44312169312169314,
    "VA2": 0.51994301994302,
    "VA3": 0.25,
    "VA4": 0.30514705882352944,
    "VA5": 0.3996212121212121,
    "VA6": 0.55,
    "VA7": 0.4,
    "VA8": 0.40725806451612906,
    "VA9": 0.35714285714285715,
    "VB1": 0.3,
    "VB10": 0.45105820105820105,
    "VB11": 0.24444444444444444,
    "VB2": 0.4065934065934066,
    "VB3": 0.40923076923076923,
    "VB4": 0.3137254901960784,
    "VB5": 0.26666666666666666,
    "VB6": 0.5181818181818182,
    "VB7": 0.4257246376811594,