{
  "clustering_coefficients": {
    "ADAL": 0.20348837209302326,
    "ADAR": 0.2135306553911205,
    "ADEL": 0.23044397463002114,
    "ADER": 0.24841437632135308,
    "ADFL": 0.22505905869525714,
    "ADFR": 0.23168868027507913,
    "ADLL": 0.2380341458600612,
    "ADLR": 0.239729269216206,
    "AFDL": 0.211864406779661,
    "AFDR": 0.2288135593220339,
    "AIAL": 0.2741059302851969,
    "AIAR": 0.2502012882447665,
    "AIBL": 0.0,
    "AIBR": 0.0,
    "AIML": 0.24022108843537415,
    "AIMR": 0.22066326530612246,
    "AINL": 0.0,
    "AINR": 0.0,
    "AIYL": 0.21976041556238737,
    "AIYR": 0.24053052933444857,
    "AIZL": 0.2791718946047679,
    "AIZR": 0.31346153846153846,
    "ALA": 0.21428571428571427,
    "ALML": 0.2961672473867596,
    "ALMR": 0.31406105457909345,
    "ALNL": 0.0,
    "ALNR": 0.0,
    "AQR": 0.24685239753549423,
    "AS1": 0.353968253968254,
    "AS10": 0.3333333333333333,
    "AS11": 0.4636363636363636,
    "AS2": 0.47058823529411764,
    "AS3": 0.39126984126984127,
    "AS4": 0.435,
    "AS5": 0.44166666666666665,
    "AS6": 0.4388888888888889,
    "AS7": 0.5026315789473684,
    "AS8": 0.35789473684210527,
    "AS9": 0.3904761904761905,
    "ASEL": 0.2215561224489796,
    "ASER": 0.21673151750972763,
    "ASGL": 0.2044291235767262,
    "ASGR": 0.22718307333691948,
    "ASHL": 0.2195702735629638,
    "ASHR": 0.2005657844265439,
    "ASIL": 0.2212014430740834,
    "ASIR": 0.2053269933154159,
    "ASJL": 0.22915173237753883,
    "ASJR": 0.2295747488074698,
    "ASKL": 0.2017503454629203,
    "ASKR": 0.20634050021939448,
    "AUAL": 0.33878887070376434,
    "AUAR": 0.2975708502024291,
    "AVAL": 0.2539046856227473,
    "AVAR": 0.22712066905615294,
    "AVBL": 0.21617336152219874,
    "AVBR": 0.17970401691331925,
    "AVDL": 0.23054794520547944,
    "AVDR": 0.28167391860762736,
    "AVEL": 0.3617439120188531,
    "AVER": 0.33986371379897784,
    "AVFL": 0.29549319727891155,
    "AVFR": 0.32890070921985815,
    "AVG": 0.2932367149758454,
    "AVHL": 0.0,
    "AVHR": 0.0,
    "AVJL": 0.0,
    "AVJR": 0.0,
    "AVKL": 0.18735632183908046,
    "AVKR": 0.23103448275862068,
    "AVL": 0.0,
    "AVM": 0.30950510604870385,
    "AWAL": 0.2893877551020408,
    "AWAR": 0.2714285714285714,
    "AWBL": 0.2923186344238976,
    "AWBR": 0.30404040404040406,
    "AWCL": 0.30128205128205127,
    "AWCR": 0.3076923076923077,
    "BAGL": 0.32633053221288516,
    "BAGR": 0.30288763339610797,
    "BDUL": 0.2321575061525841,
    "BDUR": 0.25395610005104646,
    "CANL": 0.0,
    "CANR": 0.0,
    "CEPDL": 0.0,
    "CEPDR": 0.0,
    "CEPVL": 0.0,
    "CEPVR": 0.0,
    "DA1": 0.4175824175824176,
    "DA2": 0.42857142857142855,
    "DA3": 0.5029239766081871,
    "DA4": 0.5285714285714286,
    "DA5": 0.4318181818181818,
    "DA6": 0.34444444444444444,
    "DA7": 0.15,
    "DA8": 0.3090909090909091,
    "DA9": 0.44696969696969696,
    "DB1": 0.2982456140350877,
    "DB2": 0.257487922705314,
    "DB3": 0.4090909090909091,
    "DB4": 0.23333333333333334,
    "DB5": 0.4166666666666667,
    "DB6": 0.4166666666666667,
    "DB7": 0.6666666666666666,
    "DD1": 0.2817427385892116,
    "DD2": 0.29578207381370825,
    "DD3": 0.26189397371998185,
    "DD4": 0.3159858601728201,
    "DD5": 0.2933760683760684,
    "DD6": 0.27460732984293196,
    "DVA": 0.2402497194163861,
    "DVB": 0.05,
    "DVC": 0.0,
    "FLPL": 0.22249112616973218,
    "FLPR": 0.2247737666634232,
    "HSNL": 0.2932367149758454,
    "HSNR": 0.405982905982906,
    "I1L": 0.25795918367346937,
    "I1R": 0.261611030478955,
    "I2L": 0.2579836147801371,
    "I2R": 0.24154025670945156,
    "I3": 0.0,
    "I4": 0.4166666666666667,
    "I5": 0.25735294117647056,
    "I6": 0.1388888888888889,
    "IL1DL": 0.0,
    "IL1DR": 0.0,
    "IL1L": 0.0,
    "IL1R": 0.0,
    "IL1VL": 0.0,
    "IL1VR": 0.0,
    "IL2DL": 0.25802879291251385,
    "IL2DR": 0.299390243902439,
    "IL2L": 0.33167220376522705,
    "IL2R": 0.30701754385964913,
    "IL2VL": 0.2717948717948718,
    "IL2VR": 0.34210526315789475,
    "LUAL": 0.1416490486257928,
    "LUAR": 0.2727272727272727,
    "M1": 0.0,
    "M2L": 0.1797658862876254,
    "M2R": 0.1931438127090301,
    "M3L": 0.21315309148984712,
    "M3R": 0.2610798650168729,
    "M4": 0.19001367989056087,
    "M5": 0.18931475029036005,
    "MCL": 0.15253077975376197,
    "MCR": 0.20560875512995896,
    "MI": 0.0,
    "NSML": 0.15384615384615385,
    "NSMR": 0.2553846153846154,
    "OLLL": 0.29772727272727273,
    "OLLR": 0.3007936507936508,
    "OLQDL": 0.22895622895622897,
    "OLQDR": 0.28679078014184395,
    "OLQVL": 0.3186868686868687,
    "OLQVR": 0.28536585365853656,
    "PDA": 0.0,
    "PDB": 0.0,
    "PDEL": 0.0,
    "PDER": 0.0,
    "PHAL": 0.23884464062949812,
    "PHAR": 0.22600821508588498,
    "PHBL": 0.23708566508824797,
    "PHBR": 0.22295562889622295,
    "PHCL": 0.0,
    "PHCR": 0.0,
    "PLML": 0.3620199146514936,
    "PLMR": 0.2511563367252544,
    "PLNL": 0.0,
    "PLNR": 0.0,
    "PQR": 0.26059823542070154,
    "PVCL": 0.293719806763285,
    "PVCR": 0.26430976430976433,
    "PVDL": 0.3349600709849157,
    "PVDR": 0.3171619163129169,
    "PVM": 0.2593220338983051,
    "PVNL": 0.23150105708245244,
    "PVNR": 0.25052854122621565,
    "PVPL": 0.27655228758169936,
    "PVPR": 0.25338491295938104,
    "PVQL": 0.34146341463414637,
    "PVQR": 0.26913265306122447,
    "PVR": 0.2647058823529412,
    "PVT": 0.23581560283687944,
    "PVWL": 0.2980225988700565,
    "PVWR": 0.25252525252525254,
    "RIAL": 0.33475609756097563,
    "RIAR": 0.3859180035650624,
    "RIBL": 0.0,
    "RIBR": 0.0,
    "RICL": 0.228287841191067,
    "RICR": 0.2563809523809524,
    "RID": 0.27642706131078226,
    "RIFL": 0.28408163265306124,
    "RIFR": 0.2831372549019608,
    "RIGL": 0.23021207555916096,
    "RIGR": 0.25682155497202874,
    "RIH": 0.0,
    "RIML": 0.19554417015991304,
    "RIMR": 0.1856854525694768,
    "RIPL": 0.0,
    "RIPR": 0.0,
    "RIR": 0.0,
    "RIS": 0.25792811839323465,
    "RIVL": 0.26422764227642276,
    "RIVR": 0.2770390070921986,
    "RMDDL": 0.0,
    "RMDDR": 0.0,
    "RMDL": 0.0,
    "RMDR": 0.0,
    "RMDVL": 0.0,
    "RMDVR": 0.0,
    "RMED": 0.28435544430538173,
    "RMEL": 0.2694954128440367,
    "RMER": 0.22509732081520495,
    "RMEV": 0.2827533265097236,
    "RMFL": 0.0,
    "RMFR": 0.0,
    "RMGL": 0.2103140613847252,
    "RMGR": 0.2365187219893017,
    "RMHL": 0.0,
    "RMHR": 0.0,
    "SAADL": 0.28536515238642896,
    "SAADR": 0.2547338792221085,
    "SAAVL": 0.16173361522198731,
    "SAAVR": 0.21194503171247359,
    "SABD": 0.35472370766488415,
    "SABVL": 0.32695578231292516,
    "SABVR": 0.2705827937095282,
    "SDQL": 0.3168627450980392,
    "SDQR": 0.2551948051948052,
    "SIADL": 0.18921775898520085,
    "SIADR": 0.2774841437632135,
    "SIAVL": 0.2087737843551797,
    "SIAVR": 0.2346723044397463,
    "SIBDL": 0.0,
    "SIBDR": 0.0,
    "SIBVL": 0.0,
    "SIBVR": 0.0,
    "SMBDL": 0.32610993657505283,
    "SMBDR": 0.2978959025470653,
    "SMBVL": 0.0,
    "SMBVR": 0.0,
    "SMDDL": 0.0,
    "SMDDR": 0.0,
    "SMDVL": 0.0,
    "SMDVR": 0.0,
    "URADL": 0.20820793433652532,
    "URADR": 0.20232558139534884,
    "URAVL": 0.1774281805745554,
    "URAVR": 0.1997264021887825,
    "URBL": 0.0,
    "URBR": 0.0,
    "URXL": 0.223499802605606,
    "URXR": 0.2324294129595775,
    "URYDL": 0.2404040404040404,
    "URYDR": 0.2874509803921569,
    "URYVL": 0.27881205673758863,
    "URYVR": 0.33484848484848484,
    "VA1": 0.4380952380952381,
    "VA10": 0.43333333333333335,
    "VA11": 0.35714285714285715,
    "VA12": 0.5612648221343873,
    "VA2": 0.4572192513368984,
    "VA3": 0.3333333333333333,
    "VA4": 0.4714285714285714,
    "VA5": 0.4222222222222222,
    "VA6": 0.36578947368421055,
    "VA7": 0.40384615384615385,
    "VA8": 0.4318181818181818,
    "VA9": 0.2,
    "VB1": 0.4515669515669516,
    "VB10": 0.47953216374269003,
    "VB11": 0.4666666666666667,
    "VB2": 0.2619047619047619,
    "VB3": 0.40789473684210525,
    "VB4": 0.40476190476190477,