{
  "clustering_coefficients": {
    "ADAL": 0.18128964059196617,
    "ADAR": 0.21987315010570824,
    "ADEL": 0.22885835095137422,
    "ADER": 0.19767441860465115,
    "ADFL": 0.20931549150797735,
    "ADFR": 0.21366372823048807,
    "ADLL": 0.2383941605839416,
    "ADLR": 0.2232064932798045,
    "AFDL": 0.18936294564582115,
    "AFDR": 0.1537112799532437,
    "AIAL": 0.28945182724252494,
    "AIAR": 0.2903225806451613,
    "AIBL": 0.0,
    "AIBR": 0.0,
    "AIML": 0.1760204081632653,
    "AIMR": 0.28869047619047616,
    "AINL": 0.0,
    "AINR": 0.0,
    "AIYL": 0.2313617451928483,
    "AIYR": 0.22345054686581206,
    "AIZL": 0.2939110070257611,
    "AIZR": 0.2917329093799682,
    "ALA": 0.30357142857142855,
    "ALML": 0.3154589371980676,
    "ALMR": 0.35060975609756095,
    "ALNL": 0.0,
    "ALNR": 0.0,
    "AQR": 0.2493150684931507,
    "AS1": 0.4023809523809524,
    "AS10": 0.4142857142857143,
    "AS11": 0.3,
    "AS2": 0.44545454545454544,
    "AS3": 0.466403162055336,
    "AS4": 0.3333333333333333,
    "AS5": 0.4523809523809524,
    "AS6": 0.2803030303030303,
    "AS7": 0.4666666666666667,
    "AS8": 0.3,
    "AS9": 0.36666666666666664,
    "ASEL": 0.21523864766324163,
    "ASER": 0.2315330007674597,
    "ASGL": 0.23589021176042899,
    "ASGR": 0.22931576191307385,
    "ASHL": 0.22688832252085264,
    "ASHR": 0.24097277032359904,
    "ASIL": 0.21590227817745802,
    "ASIR": 0.2318591814754981,
    "ASJL": 0.24920091324200913,
    "ASJR": 0.24854468667960278,
    "ASKL": 0.22157927885372383,
    "ASKR": 0.21699091054058364,
    "AUAL": 0.32057276446522504,
    "AUAR": 0.2318577648766328,
    "AVAL": 0.2250328515111695,
    "AVAR": 0.2342982682863789,
    "AVBL": 0.20718816067653276,
    "AVBR": 0.1849894291754757,
    "AVDL": 0.2579046087888532,
    "AVDR": 0.28117596381649795,
    "AVEL": 0.37944839857651247,
    "AVER": 0.3517857142857143,
    "AVFL": 0.32564102564102565,
    "AVFR": 0.26088534107402034,
    "AVG": 0.18703703703703703,
    "AVHL": 0.0,
    "AVHR": 0.0,
    "AVJL": 0.0,
    "AVJR": 0.0,
    "AVKL": 0.2367816091954023,
    "AVKR": 0.21264367816091953,
    "AVL": 0.0,
    "AVM": 0.28454773869346733,
    "AWAL": 0.3273001508295626,
    "AWAR": 0.2996828752642706,
    "AWBL": 0.26484975541579314,
    "AWBR": 0.32318840579710145,
    "AWCL": 0.038461538461538464,
    "AWCR": 0.26282051282051283,
    "BAGL": 0.30405405405405406,
    "BAGR": 0.2552083333333333,
    "BDUL": 0.2326808510638298,
    "BDUR": 0.23587674247982393,
    "CANL": 0.0,
    "CANR": 0.0,
    "CEPDL": 0.0,
    "CEPDR": 0.0,
    "CEPVL": 0.0,
    "CEPVR": 0.0,
    "DA1": 0.13333333333333333,
    "DA2": 0.4264069264069264,
    "DA3": 0.38095238095238093,
    "DA4": 0.41911764705882354,
    "DA5": 0.3194444444444444,
    "DA6": 0.16363636363636364,
    "DA7": 0.5,
    "DA8": 0.5,
    "DA9": 0.4081439393939394,
    "DB1": 0.42450142450142453,
    "DB2": 0.2922448979591837,
    "DB3": 0.4166666666666667,
    "DB4": 0.40042674253200566,
    "DB5": 0.3333333333333333,
    "DB6": 0.35747126436781607,
    "DB7": 0.3392857142857143,
    "DD1": 0.28566408995080816,
    "DD2": 0.2601982462828822,
    "DD3": 0.26737418692228687,
    "DD4": 0.28593429158110883,
    "DD5": 0.3116673395236173,
    "DD6": 0.3155430711610487,
    "DVA": 0.24484931040354163,
    "DVB": 0.2,
    "DVC": 0.0,
    "FLPL": 0.23416206261510128,
    "FLPR": 0.20988297995597266,
    "HSNL": 0.3305519897304236,
    "HSNR": 0.3458498023715415,
    "I1L": 0.2576470588235294,
    "I1R": 0.23903508771929824,
    "I2L": 0.2811926605504587,
    "I2R": 0.24574250681198911,
    "I3": 0.0,
    "I4": 0.4166666666666667,
    "I5": 0.125,
    "I6": 0.3194444444444444,
    "IL1DL": 0.0,
    "IL1DR": 0.0,
    "IL1L": 0.0,
    "IL1R": 0.0,
    "IL1VL": 0.0,
    "IL1VR": 0.0,
    "IL2DL": 0.35365853658536583,
    "IL2DR": 0.2596899224806202,
    "IL2L": 0.3427464008859358,
    "IL2R": 0.33131313131313134,
    "IL2VL": 0.32653061224489793,
    "IL2VR": 0.3342245989304813,
    "LUAL": 0.21141649048625794,
    "LUAR": 0.226215644820296,
    "M1": 0.0,
    "M2L": 0.1972049689440994,
    "M2R": 0.22264691829909222,
    "M3L": 0.2291143574526364,
    "M3R": 0.2484223300970874,
    "M4": 0.1930232558139535,
    "M5": 0.19628339140534262,
    "MCL": 0.21696306429548565,
    "MCR": 0.179890560875513,
    "MI": 0.0,
    "NSML": 0.22153846153846155,
    "NSMR": 0.15538461538461537,
    "OLLL": 0.2918050941306755,
    "OLLR": 0.28338171262699563,
    "OLQDL": 0.2531400966183575,
    "OLQDR": 0.23918367346938776,
    "OLQVL": 0.2441860465116279,
    "OLQVR": 0.28823529411764703,
    "PDA": 0.0,
    "PDB": 0.0,
    "PDEL": 0.0,
    "PDER": 0.0,
    "PHAL": 0.20829685828226827,
    "PHAR": 0.24374416433239962,
    "PHBL": 0.24868085106382978,
    "PHBR": 0.2399285572534233,
    "PHCL": 0.0,
    "PHCR": 0.0,
    "PLML": 0.2833333333333333,
    "PLMR": 0.2975510204081633,
    "PLNL": 0.0,
    "PLNR": 0.0,
    "PQR": 0.23705501618122976,
    "PVCL": 0.31918367346938775,
    "PVCR": 0.3330914368650218,
    "PVDL": 0.31957328385899814,
    "PVDR": 0.28515318146111546,
    "PVM": 0.3257978723404255,
    "PVNL": 0.1945031712473573,
    "PVNR": 0.18657505285412262,
    "PVPL": 0.3318278427205101,
    "PVPR": 0.2958823529411765,
    "PVQL": 0.19141604010025062,
    "PVQR": 0.251088534107402,
    "PVR": 0.31418706842435656,
    "PVT": 0.21631205673758866,
    "PVWL": 0.2807585568917669,
    "PVWR": 0.2174185463659148,
    "RIAL": 0.3596153846153846,
    "RIAR": 0.3251618871415356,
    "RIBL": 0.0,
    "RIBR": 0.0,
    "RICL": 0.272341628959276,
    "RICR": 0.28112626484821823,
    "RID": 0.17071881606765327,
    "RIFL": 0.3289855072463768,
    "RIFR": 0.31821480406386066,
    "RIGL": 0.22295371250169677,
    "RIGR": 0.22761988230875171,
    "RIH": 0.0,
    "RIML": 0.1537028411737308,
    "RIMR": 0.1895668374476013,
    "RIPL": 0.0,
    "RIPR": 0.0,
    "RIR": 0.0,
    "RIS": 0.2214587737843552,
    "RIVL": 0.28431372549019607,
    "RIVR": 0.31881533101045295,
    "RMDDL": 0.0,
    "RMDDR": 0.0,
    "RMDL": 0.0,
    "RMDR": 0.0,
    "RMDVL": 0.0,
    "RMDVR": 0.0,
    "RMED": 0.2433852140077821,
    "RMEL": 0.2804603452589442,
    "RMER": 0.25263511998205873,
    "RMEV": 0.27816818927149217,
    "RMFL": 0.0,
    "RMFR": 0.0,
    "RMGL": 0.21545518701482005,
    "RMGR": 0.2328335832083958,
    "RMHL": 0.0,
    "RMHR": 0.0,
    "SAADL": 0.274601686972821,
    "SAADR": 0.31199266823775856,
    "SAAVL": 0.2124735729386892,
    "SAAVR": 0.19397463002114165,
    "SABD": 0.37746806039488967,
    "SABVL": 0.327796234772979,
    "SABVR": 0.3888888888888889,
    "SDQL": 0.2833333333333333,
    "SDQR": 0.2710204081632653,
    "SIADL": 0.2986257928118393,
    "SIADR": 0.22251585623678646,
    "SIAVL": 0.16754756871035942,
    "SIAVR": 0.25052854122621565,
    "SIBDL": 0.0,
    "SIBDR": 0.0,
    "SIBVL": 0.0,
    "SIBVR": 0.0,
    "SMBDL": 0.25391180654338547,
    "SMBDR": 0.32884615384615384,
    "SMBVL": 0.0,
    "SMBVR": 0.0,
    "SMDDL": 0.0,
    "SMDDR": 0.0,
    "SMDVL": 0.0,
    "SMDVR": 0.0,
    "URADL": 0.173187414500684,
    "URADR": 0.1856361149110807,
    "URAVL": 0.18987688098495212,
    "URAVR": 0.20615595075239398,
    "URBL": 0.0,
    "URBR": 0.0,
    "URXL": 0.23013816925734024,
    "URXR": 0.2436386768447837,
    "URYDL": 0.35585585585585583,
    "URYDR": 0.2979591836734694,
    "URYVL": 0.2883838383838384,
    "URYVR": 0.30060975609756097,
    "VA1": 0.38907563025210085,
    "VA10": 0.4039039039039039,
    "VA11": 0.3333333333333333,
    "VA12": 0.4057971014492754,
    "VA2": 0.32608695652173914,
    "VA3": 0.4368421052631579,
    "VA4": 0.25,
    "VA5": 0.4907692307692308,
    "VA6": 0.25,
    "VA7": 0.41846153846153844,
    "VA8": 0.2982456140350877,
    "VA9": 0.2857142857142857,
    "VB1": 0.3333333333333333,
    "VB10": 0.3538011695906433,
    "VB11": 0.4027777777777778,
    "VB2": 0.38095238095238093,
    "VB3": 0.5833333333333334,
    "VB4": 0.2857142857142857,
    "VB5": 0.27124183006535946,
    "VB6": 0.4155844155844156,