{
  "clustering_coefficients": {
    "ADAL": 0.20137420718816068,
    "ADAR": 0.19503171247357293,
    "ADEL": 0.21088794926004228,
    "ADER": 0.1649048625792812,
    "ADFL": 0.250046685340803,
    "ADFR": 0.23121169766691754,
    "ADLL": 0.23596236612951657,
    "ADLR": 0.25153010858835145,
    "AFDL": 0.12916423144360023,
    "AFDR": 0.21917007597895968,
    "AIAL": 0.29363636363636364,
    "AIAR": 0.3029969149405024,
    "AIBL": 0.0,
    "AIBR": 0.0,
    "AIML": 0.1921768707482993,
    "AIMR": 0.24107142857142858,
    "AINL": 0.0,
    "AINR": 0.0,
    "AIYL": 0.24746880150694608,
    "AIYR": 0.25226008344923506,
    "AIZL": 0.3313106796116505,
    "AIZR": 0.34050991501416433,
    "ALA": 0.2857142857142857,
    "ALML": 0.23920265780730898,
    "ALMR": 0.2917547568710359,
    "ALNL": 0.0,
    "ALNR": 0.0,
    "AQR": 0.2543038356991845,
    "AS1": 0.4523809523809524,
    "AS10": 0.4166666666666667,
    "AS11": 0.32142857142857145,
    "AS2": 0.15,
    "AS3": 0.5698529411764706,
    "AS4": 0.5366666666666666,
    "AS5": 0.23333333333333334,
    "AS6": 0.35714285714285715,
    "AS7": 0.4868421052631579,
    "AS8": 0.46091954022988507,
    "AS9": 0.23333333333333334,
    "ASEL": 0.22391304347826088,
    "ASER": 0.22736796158882583,
    "ASGL": 0.23153644059550452,
    "ASGR": 0.25134340890008394,
    "ASHL": 0.22523519645821805,
    "ASHR": 0.21282250027682428,
    "ASIL": 0.2230103937485775,
    "ASIR": 0.24217224429331358,
    "ASJL": 0.25021235286979737,
    "ASJR": 0.21676631471822924,
    "ASKL": 0.21013503262023972,
    "ASKR": 0.22396959341655626,
    "AUAL": 0.31303030303030305,
    "AUAR": 0.34289713086074175,
    "AVAL": 0.2424350556665715,
    "AVAR": 0.20697243456103775,
    "AVBL": 0.22727272727272727,
    "AVBR": 0.20665961945031713,
    "AVDL": 0.3178159377515428,
    "AVDR": 0.257841726618705,
    "AVEL": 0.3064935064935065,
    "AVER": 0.37578419071518193,
    "AVFL": 0.2797101449275362,
    "AVFR": 0.2583673469387755,
    "AVG": 0.3436069038393801,
    "AVHL": 0.0,
    "AVHR": 0.0,
    "AVJL": 0.0,
    "AVJR": 0.0,
    "AVKL": 0.23218390804597702,
    "AVKR": 0.26091954022988506,
    "AVL": 0.0,
    "AVM": 0.2984126984126984,
    "AWAL": 0.2760942760942761,
    "AWAR": 0.30606060606060603,
    "AWBL": 0.32932469935245146,
    "AWBR": 0.32377428307123035,
    "AWCL": 0.08974358974358974,
    "AWCR": 0.21794871794871795,
    "BAGL": 0.27810266406757633,
    "BAGR": 0.2879830598200106,
    "BDUL": 0.26487981686379247,
    "BDUR": 0.26790358938789666,
    "CANL": 0.0,
    "CANR": 0.0,
    "CEPDL": 0.0,
    "CEPDR": 0.0,
    "CEPVL": 0.0,
    "CEPVR": 0.0,
    "DA1": 0.38235294117647056,
    "DA2": 0.4601449275362319,
    "DA3": 0.4301994301994302,
    "DA4": 0.3333333333333333,
    "DA5": 0.3595238095238095,
    "DA6": 0.46405228758169936,
    "DA7": 0.4666666666666667,
    "DA8": 0.3888888888888889,
    "DA9": 0.3883333333333333,
    "DB1": 0.41748768472906406,
    "DB2": 0.2676450034940601,
    "DB3": 0.5476190476190477,
    "DB4": 0.5714285714285714,
    "DB5": 0.5019762845849802,
    "DB6": 0.425,
    "DB7": 0.5714285714285714,
    "DD1": 0.24042630057803469,
    "DD2": 0.27896341463414637,
    "DD3": 0.29696840307429545,
    "DD4": 0.3002267573696145,
    "DD5": 0.2628333333333333,
    "DD6": 0.2756487628243814,
    "DVA": 0.2664478378764093,
    "DVB": 0.15,
    "DVC": 0.0,
    "FLPL": 0.21514090992816357,
    "FLPR": 0.19745355875600085,
    "HSNL": 0.3817204301075269,
    "HSNR": 0.31351351351351353,
    "I1L": 0.2831215970961887,
    "I1R": 0.20876623376623377,
    "I2L": 0.2739629716428404,
    "I2R": 0.25481437363510023,
    "I3": 0.0,
    "I4": 0.16666666666666666,
    "I5": 0.20220588235294118,
    "I6": 0.2361111111111111,
    "IL1DL": 0.0,
    "IL1DR": 0.0,
    "IL1L": 0.0,
    "IL1R": 0.0,
    "IL1VL": 0.0,
    "IL1VR": 0.0,
    "IL2DL": 0.26666666666666666,
    "IL2DR": 0.2797532656023222,
    "IL2L": 0.2922322775263952,
    "IL2R": 0.3285917496443812,
    "IL2VL": 0.32752613240418116,
    "IL2VR": 0.313953488372093,
    "LUAL": 0.23202959830866807,
    "LUAR": 0.16543340380549684,
    "M1": 0.0,
    "M2L": 0.20258002866698518,
    "M2R": 0.16722408026755853,
    "M3L": 0.24262274230475706,
    "M3R": 0.2345578861977054,
    "M4": 0.2042407660738714,
    "M5": 0.22473867595818817,
    "MCL": 0.21723666210670314,
    "MCR": 0.18180574555403556,
    "MI": 0.0,
    "NSML": 0.15846153846153846,
    "NSMR": 0.13846153846153847,
    "OLLL": 0.3608597285067873,
    "OLLR": 0.28980392156862744,
    "OLQDL": 0.298989898989899,
    "OLQDR": 0.22862745098039217,
    "OLQVL": 0.29490196078431374,
    "OLQVR": 0.3087808417997097,
    "PDA": 0.0,
    "PDB": 0.0,
    "PDEL": 0.0,
    "PDER": 0.0,
    "PHAL": 0.23233082706766917,
    "PHAR": 0.24157575757575758,
    "PHBL": 0.2555514773352909,
    "PHBR": 0.2504924491135916,
    "PHCL": 0.0,
    "PHCR": 0.0,
    "PLML": 0.31845238095238093,
    "PLMR": 0.27058823529411763,
    "PLNL": 0.0,
    "PLNR": 0.0,
    "PQR": 0.2565591397849462,
    "PVCL": 0.276984126984127,
    "PVCR": 0.20611702127659576,
    "PVDL": 0.3351063829787234,
    "PVDR": 0.297583081570997,
    "PVM": 0.2975510204081633,
    "PVNL": 0.2568710359408034,
    "PVNR": 0.28752642706131076,
    "PVPL": 0.2224039247751431,
    "PVPR": 0.19680851063829788,
    "PVQL": 0.31551020408163266,
    "PVQR": 0.28728070175438597,
    "PVR": 0.2948557089084065,
    "PVT": 0.20966312056737588,
    "PVWL": 0.27113906359189377,
    "PVWR": 0.2777777777777778,
    "RIAL": 0.28253968253968254,
    "RIAR": 0.32463768115942027,
    "RIBL": 0.0,
    "RIBR": 0.0,
    "RICL": 0.25398591027067113,
    "RICR": 0.2782923882400322,
    "RID": 0.16701902748414377,
    "RIFL": 0.23809523809523808,
    "RIFR": 0.31604609929078015,
    "RIGL": 0.2372996300863132,
    "RIGR": 0.2286841435479766,
    "RIH": 0.0,
    "RIML": 0.1847539201987269,
    "RIMR": 0.18351187703772706,
    "RIPL": 0.0,
    "RIPR": 0.0,
    "RIR": 0.0,
    "RIS": 0.19397463002114165,
    "RIVL": 0.30939716312056736,
    "RIVR": 0.2889795918367347,
    "RMDDL": 0.0,
    "RMDDR": 0.0,
    "RMDL": 0.0,
    "RMDR": 0.0,
    "RMDVL": 0.0,
    "RMDVR": 0.0,
    "RMED": 0.28785374922536666,
    "RMEL": 0.27766776677667765,
    "RMER": 0.24956217162872155,
    "RMEV": 0.25161521895190236,
    "RMFL": 0.0,
    "RMFR": 0.0,
    "RMGL": 0.21249553730810425,
    "RMGR": 0.23382691674893058,
    "RMHL": 0.0,
    "RMHR": 0.0,
    "SAADL": 0.28470126735063367,
    "SAADR": 0.25164473684210525,
    "SAAVL": 0.23625792811839325,
    "SAAVR": 0.2214587737843552,
    "SABD": 0.2822822822822823,
    "SABVL": 0.3731060606060606,
    "SABVR": 0.28959025470653377,
    "SDQL": 0.28846153846153844,
    "SDQR": 0.2735191637630662,
    "SIADL": 0.26215644820295986,
    "SIADR": 0.1982029598308668,
    "SIAVL": 0.2928118393234672,
    "SIAVR": 0.26744186046511625,
    "SIBDL": 0.0,
    "SIBDR": 0.0,
    "SIBVL": 0.0,
    "SIBVR": 0.0,
    "SMBDL": 0.3621848739495798,
    "SMBDR": 0.3176532769556025,
    "SMBVL": 0.0,
    "SMBVR": 0.0,
    "SMDDL": 0.0,
    "SMDDR": 0.0,
    "SMDVL": 0.0,
    "SMDVR": 0.0,
    "URADL": 0.20656634746922026,
    "URADR": 0.2012311901504788,
    "URAVL": 0.2002735978112175,
    "URAVR": 0.23406292749658003,
    "URBL": 0.0,
    "URBR": 0.0,
    "URXL": 0.23140409527789385,
    "URXR": 0.23913270637408568,
    "URYDL": 0.3001107419712071,
    "URYDR": 0.33665559246954596,
    "URYVL": 0.2982456140350877,
    "URYVR": 0.2986425339366516,
    "VA1": 0.5,
    "VA10": 0.7,
    "VA11": 0.3076923076923077,
    "VA12": 0.45,
    "VA2": 0.4714285714285714,
    "VA3": 0.41830065359477125,
    "VA4": 0.4666666666666667,
    "VA5": 0.43636363636363634,
    "VA6": 0.21428571428571427,
    "VA7": 0.3181818181818182,
    "VA8": 0.16666666666666666,
    "VA9": 0.4888888888888889,
    "VB1": 0.25555555555555554,
    "VB10": 0.4791666666666667,
    "VB11": 0.39338235294117646,
    "VB2": 0.4980237154150198,
    "VB3": 0.32727272727272727,
    "VB4": 0.42857142857142855,
    "VB5": 0.5,