{
  "clustering_coefficients": {
    "ADAL": 0.2547568710359408,
    "ADAR": 0.20824524312896406,
    "ADEL": 0.16701902748414377,
    "ADER": 0.18234672304439747,
    "ADFL": 0.2067208727871552,
    "ADFR": 0.20417461326552236,
    "ADLL": 0.22621822033898306,
    "ADLR": 0.21107896210565616,
    "AFDL": 0.20806545879602573,
    "AFDR": 0.20981881940385738,
    "AIAL": 0.2589827344843677,
    "AIAR": 0.26256830601092895,
    "AIBL": 0.0,
    "AIBR": 0.0,
    "AIML": 0.24787414965986396,
    "AIMR": 0.20068027210884354,
    "AINL": 0.0,
    "AINR": 0.0,
    "AIYL": 0.21545132945338355,
    "AIYR": 0.22261072261072262,
    "AIZL": 0.2771376591873863,
    "AIZR": 0.29221251819505095,
    "ALA": 0.03571428571428571,
    "ALML": 0.2620545073375262,
    "ALMR": 0.3073469387755102,
    "ALNL": 0.0,
    "ALNR": 0.0,
    "AQR": 0.2582449941107185,
    "AS1": 0.5181818181818182,
    "AS10": 0.3131868131868132,
    "AS11": 0.30952380952380953,
    "AS2": 0.07142857142857142,
    "AS3": 0.39915966386554624,
    "AS4": 0.41830065359477125,
    "AS5": 0.3742690058479532,
    "AS6": 0.44,
    "AS7": 0.375,
    "AS8": 0.4644268774703557,
    "AS9": 0.4193121693121693,
    "ASEL": 0.2196907722513089,
    "ASER": 0.24440925232747865,
    "ASGL": 0.2132429614181439,
    "ASGR": 0.2152328857947953,
    "ASHL": 0.223151355871461,
    "ASHR": 0.2031983407924899,
    "ASIL": 0.1990751534934328,
    "ASIR": 0.2028232833739979,
    "ASJL": 0.23234609415416452,
    "ASJR": 0.2435209498801233,
    "ASKL": 0.22039170506912442,
    "ASKR": 0.21292663063596654,
    "AUAL": 0.3397486252945797,
    "AUAR": 0.2777027027027027,
    "AVAL": 0.23342371210253882,
    "AVAR": 0.21528034504004928,
    "AVBL": 0.24312896405919662,
    "AVBR": 0.22463002114164904,
    "AVDL": 0.2680306905370844,
    "AVDR": 0.23001145475372278,
    "AVEL": 0.32072923700202566,
    "AVER": 0.3058589870903674,
    "AVFL": 0.32574679943101,
    "AVFR": 0.31020408163265306,
    "AVG": 0.2318840579710145,
    "AVHL": 0.0,
    "AVHR": 0.0,
    "AVJL": 0.0,
    "AVJR": 0.0,
    "AVKL": 0.2,
    "AVKR": 0.2218390804597701,
    "AVL": 0.0,
    "AVM": 0.2696731234866828,
    "AWAL": 0.30705128205128207,
    "AWAR": 0.2769556025369979,
    "AWBL": 0.32752613240418116,
    "AWBR": 0.3426829268292683,
    "AWCL": 0.1858974358974359,
    "AWCR": 0.0641025641025641,
    "BAGL": 0.2887443438914027,
    "BAGR": 0.32098765432098764,
    "BDUL": 0.22974778687155503,
    "BDUR": 0.22529472954230237,
    "CANL": 0.0,
    "CANR": 0.0,
    "CEPDL": 0.0,
    "CEPDR": 0.0,
    "CEPVL": 0.0,
    "CEPVR": 0.0,
    "DA1": 0.5294117647058824,
    "DA2": 0.37142857142857144,
    "DA3": 0.3333333333333333,
    "DA4": 0.3602941176470588,
    "DA5": 0.42105263157894735,
    "DA6": 0.4791666666666667,
    "DA7": 0.421957671957672,
    "DA8": 0.3,
    "DA9": 0.35,
    "DB1": 0.4415204678362573,
    "DB2": 0.30241545893719807,
    "DB3": 0.5166666666666667,
    "DB4": 0.3333333333333333,
    "DB5": 0.4183467741935484,
    "DB6": 0.375,
    "DB7": 0.38095238095238093,
    "DD1": 0.28045436741088914,
    "DD2": 0.23060344827586207,
    "DD3": 0.294068851099129,
    "DD4": 0.23246951219512196,
    "DD5": 0.2515391380826737,
    "DD6": 0.27101653183257124,
    "DVA": 0.2315259837789126,
    "DVB": 0.25,
    "DVC": 0.0,
    "FLPL": 0.2016987420707451,
    "FLPR": 0.21118787180963347,
    "HSNL": 0.41847826086956524,
    "HSNR": 0.3119703389830508,
    "I1L": 0.3338870431893688,
    "I1R": 0.22850678733031674,
    "I2L": 0.2532248461996428,
    "I2R": 0.2433545488581056,
    "I3": 0.0,
    "I4": 0.08333333333333333,
    "I5": 0.2610294117647059,
    "I6": 0.20833333333333334,
    "IL1DL": 0.0,
    "IL1DR": 0.0,
    "IL1L": 0.0,
    "IL1R": 0.0,
    "IL1VL": 0.0,
    "IL1VR": 0.0,
    "IL2DL": 0.296969696969697,
    "IL2DR": 0.2783673469387755,
    "IL2L": 0.2699055330634278,
    "IL2R": 0.2866666666666667,
    "IL2VL": 0.27593537414965985,
    "IL2VR": 0.3038852913968548,
    "LUAL": 0.23202959830866807,
    "LUAR": 0.18816067653276955,
    "M1": 0.0,
    "M2L": 0.192427138079312,
    "M2R": 0.1838270425226947,
    "M3L": 0.21772586359610274,
    "M3R": 0.2255616634799235,
    "M4": 0.18344733242134062,
    "M5": 0.23809523809523808,
    "MCL": 0.22749658002735978,
    "MCR": 0.18891928864569082,
    "MI": 0.0,
    "NSML": 0.2169230769230769,
    "NSMR": 0.12615384615384614,
    "OLLL": 0.3327526132404181,
    "OLLR": 0.2728860936408106,
    "OLQDL": 0.26081632653061226,
    "OLQDR": 0.32525252525252524,
    "OLQVL": 0.24283559577677225,
    "OLQVR": 0.2874509803921569,
    "PDA": 0.0,
    "PDB": 0.0,
    "PDEL": 0.0,
    "PDER": 0.0,
    "PHAL": 0.20292086599477416,
    "PHAR": 0.196496062992126,
    "PHBL": 0.242320167906888,
    "PHBR": 0.23198516425291416,
    "PHCL": 0.0,
    "PHCR": 0.0,
    "PLML": 0.32415458937198066,
    "PLMR": 0.2801418439716312,
    "PLNL": 0.0,
    "PLNR": 0.0,
    "PQR": 0.2178304787000439,
    "PVCL": 0.25016835016835015,
    "PVCR": 0.2732323232323232,
    "PVDL": 0.3066588785046729,
    "PVDR": 0.29486345903771133,
    "PVM": 0.2804878048780488,
    "PVNL": 0.25,
    "PVNR": 0.25898520084566595,
    "PVPL": 0.25556631171345595,
    "PVPR": 0.26421944332392094,
    "PVQL": 0.24025974025974026,
    "PVQR": 0.25692137320044295,
    "PVR": 0.3136762860727729,
    "PVT": 0.24468085106382978,
    "PVWL": 0.2506122448979592,
    "PVWR": 0.2347457627118644,
    "RIAL": 0.30026990553306343,
    "RIAR": 0.2874564459930314,
    "RIBL": 0.0,
    "RIBR": 0.0,
    "RICL": 0.3176229508196721,
    "RICR": 0.29791572270049843,
    "RID": 0.19873150105708245,
    "RIFL": 0.2676767676767677,
    "RIFR": 0.32225177304964536,
    "RIGL": 0.24462819214759815,
    "RIGR": 0.21118777723016263,
    "RIH": 0.0,
    "RIML": 0.16984940226672876,
    "RIMR": 0.1785437043937277,
    "RIPL": 0.0,
    "RIPR": 0.0,
    "RIR": 0.0,
    "RIS": 0.23150105708245244,
    "RIVL": 0.25290275761973874,
    "RIVR": 0.27342995169082124,
    "RMDDL": 0.0,
    "RMDDR": 0.0,
    "RMDL": 0.0,
    "RMDR": 0.0,
    "RMDVL": 0.0,
    "RMDVR": 0.0,
    "RMED": 0.27059854745805156,
    "RMEL": 0.2845595126522962,
    "RMER": 0.29198682766191,
    "RMEV": 0.25491021324354657,
    "RMFL": 0.0,
    "RMFR": 0.0,
    "RMGL": 0.210602959697733,
    "RMGR": 0.22207865622224016,
    "RMHL": 0.0,
    "RMHR": 0.0,
    "SAADL": 0.2121125143513203,
    "SAADR": 0.25156081808396125,
    "SAAVL": 0.24365750528541227,
    "SAAVR": 0.17177589852008457,
    "SABD": 0.3780241935483871,
    "SABVL": 0.36774193548387096,
    "SABVR": 0.29233511586452765,
    "SDQL": 0.3118393234672304,
    "SDQR": 0.24947145877378435,
    "SIADL": 0.2029598308668076,
    "SIADR": 0.20613107822410148,
    "SIAVL": 0.18604651162790697,
    "SIAVR": 0.19767441860465115,
    "SIBDL": 0.0,
    "SIBDR": 0.0,
    "SIBVL": 0.0,
    "SIBVR": 0.0,
    "SMBDL": 0.33499288762446655,
    "SMBDR": 0.29343971631205673,
    "SMBVL": 0.0,
    "SMBVR": 0.0,
    "SMDDL": 0.0,
    "SMDDR": 0.0,
    "SMDVL": 0.0,
    "SMDVR": 0.0,
    "URADL": 0.18782489740082078,
    "URADR": 0.18590971272229823,
    "URAVL": 0.1905608755129959,
    "URAVR": 0.1811217510259918,
    "URBL": 0.0,
    "URBR": 0.0,
    "URXL": 0.2006435427574171,
    "URXR": 0.2272341778861444,
    "URYDL": 0.2783687943262411,
    "URYDR": 0.2864693446088795,
    "URYVL": 0.24843358395989976,
    "URYVR": 0.3008130081300813,
    "VA1": 0.40763546798029554,
    "VA10": 0.48161764705882354,
    "VA11": 0.42780748663101603,
    "VA12": 0.5,
    "VA2": 0.3472222222222222,
    "VA3": 0.35714285714285715,
    "VA4": 0.23809523809523808,
    "VA5": 0.4636363636363636,
    "VA6": 0.45,
    "VA7": 0.4935064935064935,
    "VA8": 0.25,
    "VA9": 0.4444444444444444,
    "VB1": 0.42934782608695654,
    "VB10": 0.5714285714285714,
    "VB11": 0.33511586452762926,
    "VB2": 0.4176470588235294,
    "VB3": 0.4675324675324675,
    "VB4": 0.3817204301075269,
    "VB5": 0.4707692307692308,
    "VB6": 0.4,
    "VB7": 0.42100840336134454,
    "VB8": 0.2967032967032967,