{
  "clustering_coefficients": {
    "ADAL": 0.21300211416490486,
    "ADAR": 0.2346723044397463,
    "ADEL": 0.26691331923890066,
    "ADER": 0.19873150105708245,
    "ADFL": 0.2238181047275811,
    "ADFR": 0.2239015113602242,
    "ADLL": 0.23156554472984942,
    "ADLR": 0.2064403152057593,
    "AFDL": 0.1990064289888954,
    "AFDR": 0.179427235534775,
    "AIAL": 0.26067839195979897,
    "AIAR": 0.23996265172735762,
    "AIBL": 0.0,
    "AIBR": 0.0,
    "AIML": 0.24489795918367346,
    "AIMR": 0.2223639455782313,
    "AINL": 0.0,
    "AINR": 0.0,
    "AIYL": 0.22545669601787358,
    "AIYR": 0.22910958904109588,
    "AIZL": 0.2808628791114908,
    "AIZR": 0.2460276781137878,
    "ALA": 0.26785714285714285,
    "ALML": 0.2772727272727273,
    "ALMR": 0.29494949494949496,
    "ALNL": 0.0,
    "ALNR": 0.0,
    "AQR": 0.26032315978456017,
    "AS1": 0.5,
    "AS10": 0.4963235294117647,
    "AS11": 0.25,
    "AS2": 0.4076086956521739,
    "AS3": 0.17857142857142858,
    "AS4": 0.44664031620553357,
    "AS5": 0.35,
    "AS6": 0.34408602150537637,
    "AS7": 0.4683794466403162,
    "AS8": 0.34423076923076923,
    "AS9": 0.4264367816091954,
    "ASEL": 0.21081812625512966,
    "ASER": 0.1964803519648035,
    "ASGL": 0.22513623978201636,
    "ASGR": 0.23642073602264685,
    "ASHL": 0.19484180849953012,
    "ASHR": 0.246751269035533,
    "ASIL": 0.20915055735854382,
    "ASIR": 0.19404117009750813,
    "ASJL": 0.23459149546106067,
    "ASJR": 0.21553752058339215,
    "ASKL": 0.19076673485222542,
    "ASKR": 0.2168280967005276,
    "AUAL": 0.30016863406408095,
    "AUAR": 0.2828671328671329,
    "AVAL": 0.25357285962334714,
    "AVAR": 0.21798638002403525,
    "AVBL": 0.19186046511627908,
    "AVBR": 0.19978858350951373,
    "AVDL": 0.2395140664961637,
    "AVDR": 0.24204990215264188,
    "AVEL": 0.3391638225255973,
    "AVER": 0.2639751552795031,
    "AVFL": 0.2863636363636364,
    "AVFR": 0.22926829268292684,
    "AVG": 0.20406189555125726,
    "AVHL": 0.0,
    "AVHR": 0.0,
    "AVJL": 0.0,
    "AVJR": 0.0,
    "AVKL": 0.2517241379310345,
    "AVKR": 0.23908045977011494,
    "AVL": 0.0,
    "AVM": 0.2884510125889436,
    "AWAL": 0.23346828609986506,
    "AWAR": 0.2904717853839038,
    "AWBL": 0.2884828349944629,
    "AWBR": 0.2383673469387755,
    "AWCL": 0.30128205128205127,
    "AWCR": 0.20512820512820512,
    "BAGL": 0.24781144781144782,
    "BAGR": 0.33135059482155355,
    "BDUL": 0.24452964279034972,
    "BDUR": 0.24930651872399445,
    "CANL": 0.0,
    "CANR": 0.0,
    "CEPDL": 0.0,
    "CEPDR": 0.0,
    "CEPVL": 0.0,
    "CEPVR": 0.0,
    "DA1": 0.4,
    "DA2": 0.11904761904761904,
    "DA3": 0.4107142857142857,
    "DA4": 0.5238095238095238,
    "DA5": 0.4683794466403162,
    "DA6": 0.5184210526315789,
    "DA7": 0.463768115942029,
    "DA8": 0.40384615384615385,
    "DA9": 0.4495967741935484,
    "DB1": 0.3901209677419355,
    "DB2": 0.29343434343434344,
    "DB3": 0.5681818181818182,
    "DB4": 0.4666666666666667,
    "DB5": 0.3333333333333333,
    "DB6": 0.42592592592592593,
    "DB7": 0.4642857142857143,
    "DD1": 0.2753126260588947,
    "DD2": 0.27661290322580645,
    "DD3": 0.2922945205479452,
    "DD4": 0.3048824593128391,
    "DD5": 0.24481481481481482,
    "DD6": 0.2806698950766747,
    "DVA": 0.2510669730794485,
    "DVB": 0.05,
    "DVC": 0.0,
    "FLPL": 0.20475392050498076,
    "FLPR": 0.18918775812771366,
    "HSNL": 0.343205574912892,
    "HSNR": 0.34885290148448045,
    "I1L": 0.2857142857142857,
    "I1R": 0.3179068360556564,
    "I2L": 0.26635706914344687,
    "I2R": 0.27876728380595267,
    "I3": 0.0,
    "I4": 0.25,
    "I5": 0.15808823529411764,
    "I6": 0.2777777777777778,
    "IL1DL": 0.0,
    "IL1DR": 0.0,
    "IL1L": 0.0,
    "IL1R": 0.0,
    "IL1VL": 0.0,
    "IL1VR": 0.0,
    "IL2DL": 0.3146464646464647,
    "IL2DR": 0.3378048780487805,
    "IL2L": 0.2908232118758435,
    "IL2R": 0.30531400966183575,
    "IL2VL": 0.2922705314009662,
    "IL2VR": 0.31666666666666665,
    "LUAL": 0.2251585623678647,
    "LUAR": 0.17600422832980972,
    "M1": 0.0,
    "M2L": 0.1853798375537506,
    "M2R": 0.2140468227424749,
    "M3L": 0.23056660574131813,
    "M3R": 0.22246032665353874,
    "M4": 0.17154582763337894,
    "M5": 0.22880371660859466,
    "MCL": 0.1965800273597811,
    "MCR": 0.2228454172366621,
    "MI": 0.0,
    "NSML": 0.21846153846153846,
    "NSMR": 0.13846153846153847,
    "OLLL": 0.2933634992458522,
    "OLLR": 0.2956521739130435,
    "OLQDL": 0.24379432624113476,
    "OLQDR": 0.24745605920444033,
    "OLQVL": 0.23049645390070922,
    "OLQVR": 0.2844632768361582,
    "PDA": 0.0,
    "PDB": 0.0,
    "PDEL": 0.0,
    "PDER": 0.0,
    "PHAL": 0.20877274848343444,
    "PHAR": 0.21601221640488658,
    "PHBL": 0.21541602858601328,
    "PHBR": 0.24885496183206107,
    "PHCL": 0.0,
    "PHCR": 0.0,
    "PLML": 0.33816425120772947,
    "PLMR": 0.3276955602536998,
    "PLNL": 0.0,
    "PLNR": 0.0,
    "PQR": 0.2220817530552044,
    "PVCL": 0.2779794313369631,
    "PVCR": 0.2709815078236131,
    "PVDL": 0.2843731072077529,
    "PVDR": 0.32104752667313285,
    "PVM": 0.2597968069666183,
    "PVNL": 0.19556025369978858,
    "PVNR": 0.18921775898520085,
    "PVPL": 0.3269336258913878,
    "PVPR": 0.1826086956521739,
    "PVQL": 0.2835337650323774,
    "PVQR": 0.25255102040816324,
    "PVR": 0.29074074074074074,
    "PVT": 0.1773049645390071,
    "PVWL": 0.31313497822931785,
    "PVWR": 0.2634603750756201,
    "RIAL": 0.3373015873015873,
    "RIAR": 0.3780241935483871,
    "RIBL": 0.0,
    "RIBR": 0.0,
    "RICL": 0.2248868778280543,
    "RICR": 0.2685877694676639,
    "RID": 0.1828752642706131,
    "RIFL": 0.286308973172988,
    "RIFR": 0.28127183787561144,
    "RIGL": 0.21048346693386774,
    "RIGR": 0.2529587567244471,
    "RIH": 0.0,
    "RIML": 0.19492314857941315,
    "RIMR": 0.1926719453501009,
    "RIPL": 0.0,
    "RIPR": 0.0,
    "RIR": 0.0,
    "RIS": 0.20930232558139536,
    "RIVL": 0.3239202657807309,
    "RIVR": 0.253319357092942,
    "RMDDL": 0.0,
    "RMDDR": 0.0,
    "RMDL": 0.0,
    "RMDR": 0.0,
    "RMDVL": 0.0,
    "RMDVR": 0.0,
    "RMED": 0.2814814814814815,
    "RMEL": 0.256174225415357,
    "RMER": 0.2651986596457635,
    "RMEV": 0.286537454164484,
    "RMFL": 0.0,
    "RMFR": 0.0,
    "RMGL": 0.22572168763878608,
    "RMGR": 0.21724593732991213,
    "RMHL": 0.0,
    "RMHR": 0.0,
    "SAADL": 0.27037741833174755,
    "SAADR": 0.2616537830873741,
    "SAAVL": 0.25052854122621565,
    "SAAVR": 0.23255813953488372,
    "SABD": 0.37948717948717947,
    "SABVL": 0.26262626262626265,
    "SABVR": 0.30653061224489797,
    "SDQL": 0.31201956673654785,
    "SDQR": 0.31019607843137254,
    "SIADL": 0.2135306553911205,
    "SIADR": 0.2156448202959831,
    "SIAVL": 0.16331923890063424,
    "SIAVR": 0.22885835095137422,
    "SIBDL": 0.0,
    "SIBDR": 0.0,
    "SIBVL": 0.0,
    "SIBVR": 0.0,
    "SMBDL": 0.2730496453900709,
    "SMBDR": 0.2738205365402405,
    "SMBVL": 0.0,
    "SMBVR": 0.0,
    "SMDDL": 0.0,
    "SMDDR": 0.0,
    "SMDVL": 0.0,
    "SMDVR": 0.0,
    "URADL": 0.2002735978112175,
    "URADR": 0.18522571819425446,
    "URAVL": 0.20957592339261286,
    "URAVR": 0.19015047879616964,
    "URBL": 0.0,
    "URBR": 0.0,
    "URXL": 0.1861302276336686,
    "URXR": 0.22973255328040118,
    "URYDL": 0.32657004830917874,
    "URYDR": 0.28903654485049834,
    "URYVL": 0.2938689217758985,
    "URYVR": 0.3079268292682927,
    "VA1": 0.3789173789173789,
    "VA10": 0.4574712643678161,
    "VA11": 0.4305555555555556,
    "VA12": 0.5238095238095238,
    "VA2": 0.41904761904761906,
    "VA3": 0.36666666666666664,
    "VA4": 0.3617886178861789,
    "VA5": 0.3888888888888889,
    "VA6": 0.4601139601139601,
    "VA7": 0.42857142857142855,
    "VA8": 0.367816091954023,
    "VA9": 0.4423076923076923,
    "VB1": 0.4710526315789474,
    "VB10": 0.16666666666666666,
    "VB11": 0.4166666666666667,
    "VB2": 0.3111111111111111,
    "VB3": 0.4373219373219373,
    "VB4": 0.4211822660098522,
    "VB5": 0.5181818181818182,