{
  "clustering_coefficients": {
    "ADAL": 0.24947145877378435,
    "ADAR": 0.2299154334038055,
    "ADEL": 0.2346723044397463,
    "ADER": 0.21511627906976744,
    "ADFL": 0.21567759078830823,
    "ADFR": 0.21413766772117376,
    "ADLL": 0.23186999757458163,
    "ADLR": 0.23018414731785428,
    "AFDL": 0.23056691992986558,
    "AFDR": 0.23407364114552892,
    "AIAL": 0.22894290559638214,
    "AIAR": 0.27808151093439365,
    "AIBL": 0.0,
    "AIBR": 0.0,
    "AIML": 0.2108843537414966,
    "AIMR": 0.2572278911564626,
    "AINL": 0.0,
    "AINR": 0.0,
    "AIYL": 0.22600994783452627,
    "AIYR": 0.21146975483553038,
    "AIZL": 0.29779600205023066,
    "AIZR": 0.31132530120481927,
    "ALA": 0.42857142857142855,
    "ALML": 0.28627450980392155,
    "ALMR": 0.3,
    "ALNL": 0.0,
    "ALNR": 0.0,
    "AQR": 0.27815610267155577,
    "AS1": 0.45526315789473687,
    "AS10": 0.2,
    "AS11": 0.4311594202898551,
    "AS2": 0.16666666666666666,
    "AS3": 0.2636363636363636,
    "AS4": 0.4696969696969697,
    "AS5": 0.45,
    "AS6": 0.49572649572649574,
    "AS7": 0.25,
    "AS8": 0.2222222222222222,
    "AS9": 0.35714285714285715,
    "ASEL": 0.2147705896785802,
    "ASER": 0.21056640975085142,
    "ASGL": 0.21570675872093023,
    "ASGR": 0.24245149077141506,
    "ASHL": 0.22316495659037094,
    "ASHR": 0.22832120389786603,
    "ASIL": 0.2144431326249508,
    "ASIR": 0.1888261228988702,
    "ASJL": 0.21282665753737304,
    "ASJR": 0.23495145631067962,
    "ASKL": 0.2003853564547206,
    "ASKR": 0.2135648246171219,
    "AUAL": 0.28620102214650767,
    "AUAR": 0.308288409703504,
    "AVAL": 0.22529671542920232,
    "AVAR": 0.23373786407766992,
    "AVBL": 0.21035940803382663,
    "AVBR": 0.3049682875264271,
    "AVDL": 0.26885804085908854,
    "AVDR": 0.24558794368431489,
    "AVEL": 0.3092053501180173,
    "AVER": 0.3416666666666667,
    "AVFL": 0.2308080808080808,
    "AVFR": 0.2978723404255319,
    "AVG": 0.18743961352657004,
    "AVHL": 0.0,
    "AVHR": 0.0,
    "AVJL": 0.0,
    "AVJR": 0.0,
    "AVKL": 0.17471264367816092,
    "AVKR": 0.30689655172413793,
    "AVL": 0.0,
    "AVM": 0.29349015317286653,
    "AWAL": 0.25353535353535356,
    "AWAR": 0.30197444831591175,
    "AWBL": 0.25862068965517243,
    "AWBR": 0.31309041835357626,
    "AWCL": 0.24358974358974358,
    "AWCR": 0.32051282051282054,
    "BAGL": 0.2776477472205968,
    "BAGR": 0.26611635220125784,
    "BDUL": 0.2132286995515695,
    "BDUR": 0.21870309216451517,
    "CANL": 0.0,
    "CANR": 0.0,
    "CEPDL": 0.0,
    "CEPDR": 0.0,
    "CEPVL": 0.0,
    "CEPVR": 0.0,
    "DA1": 0.4683794466403162,
    "DA2": 0.0,
    "DA3": 0.1,
    "DA4": 0.4222222222222222,
    "DA5": 0.531578947368421,
    "DA6": 0.3333333333333333,
    "DA7": 0.34597701149425286,
    "DA8": 0.4642857142857143,
    "DA9": 0.4714285714285714,
    "DB1": 0.41502463054187194,
    "DB2": 0.30627450980392157,
    "DB3": 0.4,
    "DB4": 0.3804347826086957,
    "DB5": 0.38095238095238093,
    "DB6": 0.36666666666666664,
    "DB7": 0.17857142857142858,
    "DD1": 0.27372583479789103,
    "DD2": 0.2542140337122697,
    "DD3": 0.28446436192915064,
    "DD4": 0.2598116169544741,
    "DD5": 0.2948813056379822,
    "DD6": 0.29789719626168226,
    "DVA": 0.2509014423076923,
    "DVB": 0.25,
    "DVC": 0.0,
    "FLPL": 0.232409381663113,
    "FLPR": 0.225398140476848,
    "HSNL": 0.34797297297297297,
    "HSNR": 0.36530172413793105,
    "I1L": 0.29642857142857143,
    "I1R": 0.2772727272727273,
    "I2L": 0.25712701932214127,
    "I2R": 0.2442907334211682,
    "I3": 0.0,
    "I4": 0.08333333333333333,
    "I5": 0.2610294117647059,
    "I6": 0.2222222222222222,
    "IL1DL": 0.0,
    "IL1DR": 0.0,
    "IL1L": 0.0,
    "IL1R": 0.0,
    "IL1VL": 0.0,
    "IL1VR": 0.0,
    "IL2DL": 0.32507507507507505,
    "IL2DR": 0.2676767676767677,
    "IL2L": 0.2896103896103896,
    "IL2R": 0.3029689608636977,
    "IL2VL": 0.2987755102040816,
    "IL2VR": 0.33950046253469013,
    "LUAL": 0.26585623678646936,
    "LUAR": 0.21458773784355178,
    "M1": 0.0,
    "M2L": 0.19875776397515527,
    "M2R": 0.17116579073100813,
    "M3L": 0.23431526872048572,
    "M3R": 0.2510010921004732,
    "M4": 0.15841313269493845,
    "M5": 0.18699186991869918,
    "MCL": 0.19699042407660738,
    "MCR": 0.19097127222982216,
    "MI": 0.0,
    "NSML": 0.24153846153846154,
    "NSMR": 0.24153846153846154,
    "OLLL": 0.3526570048309179,
    "OLLR": 0.29591836734693877,
    "OLQDL": 0.2836734693877551,
    "OLQDR": 0.2608695652173913,
    "OLQVL": 0.26395173453996984,
    "OLQVR": 0.29298642533936653,
    "PDA": 0.0,
    "PDB": 0.0,
    "PDEL": 0.0,
    "PDER": 0.0,
    "PHAL": 0.21982549684924868,
    "PHAR": 0.22645358721523293,
    "PHBL": 0.21838460154704084,
    "PHBR": 0.23560799639260485,
    "PHCL": 0.0,
    "PHCR": 0.0,
    "PLML": 0.3469512195121951,
    "PLMR": 0.3323232323232323,
    "PLNL": 0.0,
    "PLNR": 0.0,
    "PQR": 0.2457845665542551,
    "PVCL": 0.3,
    "PVCR": 0.3404255319148936,
    "PVDL": 0.30221653878942883,
    "PVDR": 0.2944915254237288,
    "PVM": 0.28705882352941176,
    "PVNL": 0.17071881606765327,
    "PVNR": 0.2124735729386892,
    "PVPL": 0.17758985200845667,
    "PVPR": 0.3151088929219601,
    "PVQL": 0.2592156862745098,
    "PVQR": 0.2340909090909091,
    "PVR": 0.31022408963585435,
    "PVT": 0.19592198581560283,
    "PVWL": 0.24379432624113476,
    "PVWR": 0.2540983606557377,
    "RIAL": 0.2874493927125506,
    "RIAR": 0.3258258258258258,
    "RIBL": 0.0,
    "RIBR": 0.0,
    "RICL": 0.252967032967033,
    "RICR": 0.32746987951807227,
    "RID": 0.22251585623678646,
    "RIFL": 0.29393939393939394,
    "RIFR": 0.31767676767676767,
    "RIGL": 0.2665330661322645,
    "RIGR": 0.2639023797960175,
    "RIH": 0.0,
    "RIML": 0.19500077627697562,
    "RIMR": 0.18110541841328986,
    "RIPL": 0.0,
    "RIPR": 0.0,
    "RIR": 0.0,
    "RIS": 0.2251585623678647,
    "RIVL": 0.2493877551020408,
    "RIVR": 0.28061224489795916,
    "RMDDL": 0.0,
    "RMDDR": 0.0,
    "RMDL": 0.0,
    "RMDR": 0.0,
    "RMDVL": 0.0,
    "RMDVR": 0.0,
    "RMED": 0.23331628739452825,
    "RMEL": 0.23788105947026486,
    "RMER": 0.2581870578988735,
    "RMEV": 0.2601070950468541,
    "RMFL": 0.0,
    "RMFR": 0.0,
    "RMGL": 0.21075500279040102,
    "RMGR": 0.21747614917606245,
    "RMHL": 0.0,
    "RMHR": 0.0,
    "SAADL": 0.26588100028743894,
    "SAADR": 0.2759748756869929,
    "SAAVL": 0.26109936575052856,
    "SAAVR": 0.22938689217758984,
    "SABD": 0.39207317073170733,
    "SABVL": 0.34175531914893614,
    "SABVR": 0.36923076923076925,
    "SDQL": 0.32578397212543553,
    "SDQR": 0.23219241443108232,
    "SIADL": 0.23890063424947147,
    "SIADR": 0.18023255813953487,
    "SIAVL": 0.21617336152219874,
    "SIAVR": 0.2204016913319239,
    "SIBDL": 0.0,
    "SIBDR": 0.0,
    "SIBVL": 0.0,
    "SIBVR": 0.0,
    "SMBDL": 0.2696577243293247,
    "SMBDR": 0.3090909090909091,
    "SMBVL": 0.0,
    "SMBVR": 0.0,
    "SMDDL": 0.0,
    "SMDDR": 0.0,
    "SMDVL": 0.0,
    "SMDVR": 0.0,
    "URADL": 0.19781121751025993,
    "URADR": 0.19398084815321479,
    "URAVL": 0.19247606019151847,
    "URAVR": 0.1786593707250342,
    "URBL": 0.0,
    "URBR": 0.0,
    "URXL": 0.22923857868020306,
    "URXR": 0.2199763466293947,
    "URYDL": 0.28374455732946297,
    "URYDR": 0.2732323232323232,
    "URYVL": 0.3548199767711963,
    "URYVR": 0.31346153846153846,
    "VA1": 0.5277777777777778,
    "VA10": 0.38461538461538464,
    "VA11": 0.3333333333333333,
    "VA12": 0.38235294117647056,
    "VA2": 0.35700757575757575,
    "VA3": 0.25,
    "VA4": 0.489010989010989,
    "VA5": 0.4107142857142857,
    "VA6": 0.43333333333333335,
    "VA7": 0.3472222222222222,
    "VA8": 0.41839080459770117,
    "VA9": 0.33783783783783783,
    "VB1": 0.625,
    "VB10": 0.3392857142857143,
    "VB11": 0.3904761904761905,
    "VB2": 0.5029239766081871,
    "VB3": 0.5083333333333333,
    "VB4": 0.4111111111111111,
    "VB5": 0.5108225108225108,
    "VB6": 0.4675324675324675,
    "VB7": 0.5,