{
  "clustering_coefficients": {
    "ADAL": 0.2510570824524313,
    "ADAR": 0.22463002114164904,
    "ADEL": 0.2251585623678647,
    "ADER": 0.26691331923890066,
    "ADFL": 0.21608151511795326,
    "ADFR": 0.22022032327808092,
    "ADLL": 0.24802820267686423,
    "ADLR": 0.2502419615012367,
    "AFDL": 0.2054354178842782,
    "AFDR": 0.23378141437755698,
    "AIAL": 0.2632466281310212,
    "AIAR": 0.26824978012313105,
    "AIBL": 0.0,
    "AIBR": 0.0,
    "AIML": 0.18452380952380953,
    "AIMR": 0.2495748299319728,
    "AINL": 0.0,
    "AINR": 0.0,
    "AIYL": 0.2508631319358816,
    "AIYR": 0.22015772493726848,
    "AIZL": 0.32297772567409144,
    "AIZR": 0.3089764641488779,
    "ALA": 0.26785714285714285,
    "ALML": 0.2993468795355588,
    "ALMR": 0.2703900709219858,
    "ALNL": 0.0,
    "ALNR": 0.0,
    "AQR": 0.2822158198009429,
    "AS1": 0.03333333333333333,
    "AS10": 0.475,
    "AS11": 0.35714285714285715,
    "AS2": 0.5384615384615384,
    "AS3": 0.75,
    "AS4": 0.1,
    "AS5": 0.48333333333333334,
    "AS6": 0.5,
    "AS7": 0.25,
    "AS8": 0.3333333333333333,
    "AS9": 0.33636363636363636,
    "ASEL": 0.21820165866433872,
    "ASER": 0.23674739811302403,
    "ASGL": 0.23064673095638327,
    "ASGR": 0.22796758449212634,
    "ASHL": 0.20908793366790313,
    "ASHR": 0.22639368524913667,
    "ASIL": 0.2065598946906538,
    "ASIR": 0.20539730134932535,
    "ASJL": 0.2393504353965639,
    "ASJR": 0.23893750770368544,
    "ASKL": 0.2326393789696542,
    "ASKR": 0.21534475886807494,
    "AUAL": 0.33063829787234045,
    "AUAR": 0.3102836879432624,
    "AVAL": 0.22671266633809758,
    "AVAR": 0.27225798615328556,
    "AVBL": 0.1791754756871036,
    "AVBR": 0.21775898520084566,
    "AVDL": 0.2664986251145738,
    "AVDR": 0.25340990667623836,
    "AVEL": 0.2790135396518375,
    "AVER": 0.34515151515151515,
    "AVFL": 0.2710204081632653,
    "AVFR": 0.2861394557823129,
    "AVG": 0.22382978723404257,
    "AVHL": 0.0,
    "AVHR": 0.0,
    "AVJL": 0.0,
    "AVJR": 0.0,
    "AVKL": 0.27011494252873564,
    "AVKR": 0.2057471264367816,
    "AVL": 0.0,
    "AVM": 0.2884278199883109,
    "AWAL": 0.31997677119628337,
    "AWAR": 0.379492600422833,
    "AWBL": 0.29343971631205673,
    "AWBR": 0.33766233766233766,
    "AWCL": 0.30128205128205127,
    "AWCR": 0.26282051282051283,
    "BAGL": 0.318233295583239,
    "BAGR": 0.25124007936507936,
    "BDUL": 0.24594977723774808,
    "BDUR": 0.25022939988988807,
    "CANL": 0.0,
    "CANR": 0.0,
    "CEPDL": 0.0,
    "CEPDR": 0.0,
    "CEPVL": 0.0,
    "CEPVR": 0.0,
    "DA1": 0.42727272727272725,
    "DA2": 0.5303030303030303,
    "DA3": 0.30303030303030304,
    "DA4": 0.3835978835978836,
    "DA5": 0.45,
    "DA6": 0.47586206896551725,
    "DA7": 0.2777777777777778,
    "DA8": 0.5,
    "DA9": 0.3055555555555556,
    "DB1": 0.43386243386243384,
    "DB2": 0.26995645863570394,
    "DB3": 0.16666666666666666,
    "DB4": 0.4119318181818182,
    "DB5": 0.3638655462184874,
    "DB6": 0.3630769230769231,
    "DB7": 0.40476190476190477,
    "DD1": 0.2800910865322056,
    "DD2": 0.25868131868131866,
    "DD3": 0.27591188154568436,
    "DD4": 0.2759401903035795,
    "DD5": 0.27251461988304093,
    "DD6": 0.2226704316256555,
    "DVA": 0.2520654949677032,
    "DVB": 0.35,
    "DVC": 0.0,
    "FLPL": 0.21638423282372443,
    "FLPR": 0.22501362892967472,
    "HSNL": 0.30535894843276035,
    "HSNR": 0.358974358974359,
    "I1L": 0.2274659863945578,
    "I1R": 0.2609351432880845,
    "I2L": 0.23220064724919093,
    "I2R": 0.27328972953862474,
    "I3": 0.0,
    "I4": 0.4166666666666667,
    "I5": 0.13970588235294118,
    "I6": 0.20833333333333334,
    "IL1DL": 0.0,
    "IL1DR": 0.0,
    "IL1L": 0.0,
    "IL1R": 0.0,
    "IL1VL": 0.0,
    "IL1VR": 0.0,
    "IL2DL": 0.3172987974098057,
    "IL2DR": 0.30014224751066854,
    "IL2L": 0.3022988505747126,
    "IL2R": 0.33783783783783783,
    "IL2VL": 0.2739541160593792,
    "IL2VR": 0.27465214761040535,
    "LUAL": 0.2167019027484144,
    "LUAR": 0.28118393234672306,
    "M1": 0.0,
    "M2L": 0.18657429526994745,
    "M2R": 0.2095078834209269,
    "M3L": 0.21841726618705035,
    "M3R": 0.24498666975773734,
    "M4": 0.19151846785225718,
    "M5": 0.2619047619047619,
    "MCL": 0.20601915184678524,
    "MCR": 0.19042407660738714,
    "MI": 0.0,
    "NSML": 0.19692307692307692,
    "NSMR": 0.20461538461538462,
    "OLLL": 0.24312896405919662,
    "OLLR": 0.3283499446290144,
    "OLQDL": 0.2301948051948052,
    "OLQDR": 0.2702040816326531,
    "OLQVL": 0.2741087083576856,
    "OLQVR": 0.28792912513842744,
    "PDA": 0.0,
    "PDB": 0.0,
    "PDEL": 0.0,
    "PDER": 0.0,
    "PHAL": 0.2246616825967635,
    "PHAR": 0.20945332364693062,
    "PHBL": 0.2596340150699677,
    "PHBR": 0.2400277832903354,
    "PHCL": 0.0,
    "PHCR": 0.0,
    "PLML": 0.3489795918367347,
    "PLMR": 0.31402439024390244,
    "PLNL": 0.0,
    "PLNR": 0.0,
    "PQR": 0.26166442350829966,
    "PVCL": 0.2361308677098151,
    "PVCR": 0.30434782608695654,
    "PVDL": 0.3336363636363636,
    "PVDR": 0.3292929292929293,
    "PVM": 0.27121212121212124,
    "PVNL": 0.20190274841437633,
    "PVNR": 0.21987315010570824,
    "PVPL": 0.1916076845298281,
    "PVPR": 0.2603864734299517,
    "PVQL": 0.2767695099818512,
    "PVQR": 0.21764705882352942,
    "PVR": 0.32326185834957766,
    "PVT": 0.19902482269503546,
    "PVWL": 0.27575757575757576,
    "PVWR": 0.23654786862334032,
    "RIAL": 0.3974630021141649,
    "RIAR": 0.35,
    "RIBL": 0.0,
    "RIBR": 0.0,
    "RICL": 0.2745016611295681,
    "RICR": 0.27132805628847845,
    "RID": 0.25,
    "RIFL": 0.3052721088435374,
    "RIFR": 0.31007751937984496,
    "RIGL": 0.22358218874612318,
    "RIGR": 0.24507109571035965,
    "RIH": 0.0,
    "RIML": 0.18428815401335197,
    "RIMR": 0.16294053718366713,
    "RIPL": 0.0,
    "RIPR": 0.0,
    "RIR": 0.0,
    "RIS": 0.20454545454545456,
    "RIVL": 0.2730612244897959,
    "RIVR": 0.2630624092888244,
    "RMDDL": 0.0,
    "RMDDR": 0.0,
    "RMDL": 0.0,
    "RMDR": 0.0,
    "RMDVL": 0.0,
    "RMDVR": 0.0,
    "RMED": 0.247125,
    "RMEL": 0.2939415708812261,
    "RMER": 0.2632938643702906,
    "RMEV": 0.2786025083184029,
    "RMFL": 0.0,
    "RMFR": 0.0,
    "RMGL": 0.2305384945007856,
    "RMGR": 0.23271394729049452,
    "RMHL": 0.0,
    "RMHR": 0.0,
    "SAADL": 0.2457249941438276,
    "SAADR": 0.24668501376032023,
    "SAAVL": 0.21511627906976744,
    "SAAVR": 0.19661733615221988,
    "SABD": 0.3506006006006006,
    "SABVL": 0.34494773519163763,
    "SABVR": 0.40042674253200566,
    "SDQL": 0.24857142857142858,
    "SDQR": 0.30404040404040406,
    "SIADL": 0.20560253699788583,
    "SIADR": 0.24260042283298097,
    "SIAVL": 0.21458773784355178,
    "SIAVR": 0.2758985200845666,
    "SIBDL": 0.0,
    "SIBDR": 0.0,
    "SIBVL": 0.0,
    "SIBVR": 0.0,
    "SMBDL": 0.35180995475113125,
    "SMBDR": 0.34705882352941175,
    "SMBVL": 0.0,
    "SMBVR": 0.0,
    "SMDDL": 0.0,
    "SMDDR": 0.0,
    "SMDVL": 0.0,
    "SMDVR": 0.0,
    "URADL": 0.16744186046511628,
    "URADR": 0.1829001367989056,
    "URAVL": 0.21121751025991792,
    "URAVR": 0.18194254445964433,
    "URBL": 0.0,
    "URBR": 0.0,
    "URXL": 0.2298070807716769,
    "URXR": 0.21166848418756815,
    "URYDL": 0.3027450980392157,
    "URYDR": 0.2928118393234672,
    "URYVL": 0.2693920335429769,
    "URYVR": 0.2797979797979798,
    "VA1": 0.37777777777777777,
    "VA10": 0.5833333333333334,
    "VA11": 0.4065934065934066,
    "VA12": 0.4,
    "VA2": 0.35714285714285715,
    "VA3": 0.39666666666666667,
    "VA4": 0.45689655172413796,
    "VA5": 0.3241758241758242,
    "VA6": 0.47681451612903225,
    "VA7": 0.4166666666666667,
    "VA8": 0.6,
    "VA9": 0.16666666666666666,
    "VB1": 0.4949596774193548,
    "VB10": 0.45614035087719296,
    "VB11": 0.3392857142857143,
    "VB2": 0.5,
    "VB3": 0.38421052631578945,
    "VB4": 0.4678362573099415,
    "VB5": 0.44545454545454544,
    "VB6": 0.3713768115942029,
    "VB7": 0.4,
    "VB8": 0.4365942028985507,