{
  "clustering_coefficients": {
    "ADAL": 0.2521141649048626,
    "ADAR": 0.23784355179704017,
    "ADEL": 0.19186046511627908,
    "ADER": 0.18816067653276955,
    "ADFL": 0.21197581805968718,
    "ADFR": 0.24168639967054464,
    "ADLL": 0.23472041612483746,
    "ADLR": 0.21585409571607814,
    "AFDL": 0.201052016364699,
    "AFDR": 0.20981881940385738,
    "AIAL": 0.28155105973025046,
    "AIAR": 0.2707749766573296,
    "AIBL": 0.0,
    "AIBR": 0.0,
    "AIML": 0.25212585034013607,
    "AIMR": 0.1747448979591837,
    "AINL": 0.0,
    "AINR": 0.0,
    "AIYL": 0.2093950593269792,
    "AIYR": 0.24483088323174376,
    "AIZL": 0.2743174061433447,
    "AIZR": 0.24679979518689196,
    "ALA": 0.21428571428571427,
    "ALML": 0.27115384615384613,
    "ALMR": 0.31427304964539005,
    "ALNL": 0.0,
    "ALNR": 0.0,
    "AQR": 0.2590121722846442,
    "AS1": 0.3888888888888889,
    "AS10": 0.4551282051282051,
    "AS11": 0.44166666666666665,
    "AS2": 0.3790896159317212,
    "AS3": 0.43304843304843305,
    "AS4": 0.16666666666666666,
    "AS5": 0.2,
    "AS6": 0.4,
    "AS7": 0.65,
    "AS8": 0.35714285714285715,
    "AS9": 0.36507936507936506,
    "ASEL": 0.20881281166091292,
    "ASER": 0.22342032390702357,
    "ASGL": 0.23695152158527955,
    "ASGR": 0.2255687574836511,
    "ASHL": 0.23490469124529165,
    "ASHR": 0.2233992906477506,
    "ASIL": 0.2017774589510601,
    "ASIR": 0.21244079336885732,
    "ASJL": 0.2503768115942029,
    "ASJR": 0.23518497694816148,
    "ASKL": 0.2278948596313866,
    "ASKR": 0.2354627685349701,
    "AUAL": 0.353518821603928,
    "AUAR": 0.27474937343358397,
    "AVAL": 0.2592059118236473,
    "AVAR": 0.24599106203995794,
    "AVBL": 0.2299154334038055,
    "AVBR": 0.1886892177589852,
    "AVDL": 0.2575394925801819,
    "AVDR": 0.277885443583118,
    "AVEL": 0.2985739750445633,
    "AVER": 0.344,
    "AVFL": 0.2743589743589744,
    "AVFR": 0.3423529411764706,
    "AVG": 0.3201454234388366,
    "AVHL": 0.0,
    "AVHR": 0.0,
    "AVJL": 0.0,
    "AVJR": 0.0,
    "AVKL": 0.22413793103448276,
    "AVKR": 0.22528735632183908,
    "AVL": 0.0,
    "AVM": 0.24468085106382978,
    "AWAL": 0.2896341463414634,
    "AWAR": 0.26799557032115173,
    "AWBL": 0.305458768873403,
    "AWBR": 0.3067552602436323,
    "AWCL": 0.17307692307692307,
    "AWCR": 0.1794871794871795,
    "BAGL": 0.30675608544461,
    "BAGR": 0.30819746376811596,
    "BDUL": 0.23975678203928905,
    "BDUR": 0.22055115273775217,
    "CANL": 0.0,
    "CANR": 0.0,
    "CEPDL": 0.0,
    "CEPDR": 0.0,
    "CEPVL": 0.0,
    "CEPVR": 0.0,
    "DA1": 0.39408866995073893,
    "DA2": 0.42857142857142855,
    "DA3": 0.4,
    "DA4": 0.42857142857142855,
    "DA5": 0.33636363636363636,
    "DA6": 0.3791208791208791,
    "DA7": 0.33636363636363636,
    "DA8": 0.3761904761904762,
    "DA9": 0.2857142857142857,
    "DB1": 0.43304843304843305,
    "DB2": 0.28012684989429176,
    "DB3": 0.39692307692307693,
    "DB4": 0.42857142857142855,
    "DB5": 0.4470899470899471,
    "DB6": 0.49242424242424243,
    "DB7": 0.41384615384615386,
    "DD1": 0.28180129990714947,
    "DD2": 0.24729353541602228,
    "DD3": 0.25389863547758285,
    "DD4": 0.2509505703422053,
    "DD5": 0.30894953982862583,
    "DD6": 0.23680523120037367,
    "DVA": 0.24635922330097088,
    "DVB": 0.75,
    "DVC": 0.0,
    "FLPL": 0.21967052149247218,
    "FLPR": 0.22071660576532684,
    "HSNL": 0.25472972972972974,
    "HSNR": 0.33430232558139533,
    "I1L": 0.2985507246376812,
    "I1R": 0.2878787878787879,
    "I2L": 0.23940677966101695,
    "I2R": 0.24880777696258255,
    "I3": 0.0,
    "I4": 0.4166666666666667,
    "I5": 0.20220588235294118,
    "I6": 0.1111111111111111,
    "IL1DL": 0.0,
    "IL1DR": 0.0,
    "IL1L": 0.0,
    "IL1R": 0.0,
    "IL1VL": 0.0,
    "IL1VR": 0.0,
    "IL2DL": 0.37676767676767675,
    "IL2DR": 0.301218161683278,
    "IL2L": 0.27882205513784464,
    "IL2R": 0.2919191919191919,
    "IL2VL": 0.24423480083857443,
    "IL2VR": 0.346723044397463,
    "LUAL": 0.2299154334038055,
    "LUAR": 0.24947145877378435,
    "M1": 0.0,
    "M2L": 0.15277114190157667,
    "M2R": 0.16758241758241757,
    "M3L": 0.21249492488834754,
    "M3R": 0.20374232418028038,
    "M4": 0.2024623803009576,
    "M5": 0.24738675958188153,
    "MCL": 0.1801641586867305,
    "MCR": 0.20341997264021888,
    "MI": 0.0,
    "NSML": 0.25384615384615383,
    "NSMR": 0.23384615384615384,
    "OLLL": 0.3022959183673469,
    "OLLR": 0.275,
    "OLQDL": 0.26671408250355616,
    "OLQDR": 0.2779591836734694,
    "OLQVL": 0.2473469387755102,
    "OLQVR": 0.2530487804878049,
    "PDA": 0.0,
    "PDB": 0.0,
    "PDEL": 0.0,
    "PDER": 0.0,
    "PHAL": 0.22764365861951716,
    "PHAR": 0.2161801270835252,
    "PHBL": 0.22652033105433608,
    "PHBR": 0.2368307890776177,
    "PHCL": 0.0,
    "PHCR": 0.0,
    "PLML": 0.28122448979591835,
    "PLMR": 0.3315911730545877,
    "PLNL": 0.0,
    "PLNR": 0.0,
    "PQR": 0.27732067510548525,
    "PVCL": 0.23115220483641535,
    "PVCR": 0.288135593220339,
    "PVDL": 0.3427800269905533,
    "PVDR": 0.36941813261163736,
    "PVM": 0.2823529411764706,
    "PVNL": 0.21934460887949261,
    "PVNR": 0.18340380549682875,
    "PVPL": 0.2345803842264914,
    "PVPR": 0.2756827048114434,
    "PVQL": 0.24468085106382978,
    "PVQR": 0.29285714285714287,
    "PVR": 0.25030266343825663,
    "PVT": 0.2074468085106383,
    "PVWL": 0.2776360544217687,
    "PVWR": 0.26326530612244897,
    "RIAL": 0.3476923076923077,
    "RIAR": 0.40301974448315914,
    "RIBL": 0.0,
    "RIBR": 0.0,
    "RICL": 0.29842061512884455,
    "RICR": 0.2806567470497691,
    "RID": 0.26215644820295986,
    "RIFL": 0.32313829787234044,
    "RIFR": 0.26666666666666666,
    "RIGL": 0.2401345581575883,
    "RIGR": 0.2530670470756063,
    "RIH": 0.0,
    "RIML": 0.20788697407234902,
    "RIMR": 0.17978574755472754,
    "RIPL": 0.0,
    "RIPR": 0.0,
    "RIR": 0.0,
    "RIS": 0.22780126849894292,
    "RIVL": 0.2896341463414634,
    "RIVR": 0.2969472710453284,
    "RMDDL": 0.0,
    "RMDDR": 0.0,
    "RMDL": 0.0,
    "RMDR": 0.0,
    "RMDVL": 0.0,
    "RMDVR": 0.0,
    "RMED": 0.2718083937596133,
    "RMEL": 0.2281132958801498,
    "RMER": 0.2198364008179959,
    "RMEV": 0.2652526839486777,
    "RMFL": 0.0,
    "RMFR": 0.0,
    "RMGL": 0.19890270665691295,
    "RMGR": 0.22534481384038907,
    "RMHL": 0.0,
    "RMHR": 0.0,
    "SAADL": 0.282410135533294,
    "SAADR": 0.26469899273834624,
    "SAAVL": 0.19767441860465115,
    "SAAVR": 0.2219873150105708,
    "SABD": 0.3613086770981508,
    "SABVL": 0.3289036544850498,
    "SABVR": 0.33805668016194335,
    "SDQL": 0.25544267053701014,
    "SDQR": 0.29343434343434344,
    "SIADL": 0.20665961945031713,
    "SIADR": 0.20560253699788583,
    "SIAVL": 0.1945031712473573,
    "SIAVR": 0.2124735729386892,
    "SIBDL": 0.0,
    "SIBDR": 0.0,
    "SIBVL": 0.0,
    "SIBVR": 0.0,
    "SMBDL": 0.30066445182724255,
    "SMBDR": 0.3597560975609756,
    "SMBVL": 0.0,
    "SMBVR": 0.0,
    "SMDDL": 0.0,
    "SMDDR": 0.0,
    "SMDVL": 0.0,
    "SMDVR": 0.0,
    "URADL": 0.18194254445964433,
    "URADR": 0.1960328317373461,
    "URAVL": 0.1774281805745554,
    "URAVR": 0.20355677154582763,
    "URBL": 0.0,
    "URBR": 0.0,
    "URXL": 0.21482329842931938,
    "URXR": 0.22812298430445066,
    "URYDL": 0.3320578231292517,
    "URYDR": 0.3341799709724238,
    "URYVL": 0.30117647058823527,
    "URYVR": 0.25656565656565655,
    "VA1": 0.4264705882352941,
    "VA10": 0.4,
    "VA11": 0.3,
    "VA12": 0.19642857142857142,
    "VA2": 0.4031746031746032,
    "VA3": 0.3333333333333333,
    "VA4": 0.4444444444444444,
    "VA5": 0.4470899470899471,
    "VA6": 0.4166666666666667,
    "VA7": 0.4888888888888889,
    "VA8": 0.4890756302521008,
    "VA9": 0.30952380952380953,
    "VB1": 0.3917748917748918,
    "VB10": 0.42833333333333334,
    "VB11": 0.40476190476190477,
    "VB2": 0.1,
    "VB3": 0.05,
    "VB4": 0.43137254901960786,
    "VB5": 0.4631578947368421,
    "VB6": 0.4425287356321839,
    "VB7": 0.16666666666666666,