{
  "clustering_coefficients": {
    "ADAL": 0.2204016913319239,
    "ADAR": 0.23202959830866807,
    "ADEL": 0.2690274841437632,
    "ADER": 0.23361522198731502,
    "ADFL": 0.21875993640699523,
    "ADFR": 0.22811822435239074,
    "ADLL": 0.23598006996713664,
    "ADLR": 0.2222333400040024,
    "AFDL": 0.2369959088252484,
    "AFDR": 0.21420222092343658,
    "AIAL": 0.26251203079884505,
    "AIAR": 0.2215007215007215,
    "AIBL": 0.0,
    "AIBR": 0.0,
    "AIML": 0.21726190476190477,
    "AIMR": 0.14795918367346939,
    "AINL": 0.0,
    "AINR": 0.0,
    "AIYL": 0.22815252665739452,
    "AIYR": 0.21258963206770895,
    "AIZL": 0.3014786418400876,
    "AIZR": 0.31918505942275044,
    "ALA": 0.10714285714285714,
    "ALML": 0.29280223619846263,
    "ALMR": 0.3323232323232323,
    "ALNL": 0.0,
    "ALNR": 0.0,
    "AQR": 0.24800936768149884,
    "AS1": 0.35714285714285715,
    "AS10": 0.4678362573099415,
    "AS11": 0.4889705882352941,
    "AS2": 0.35079365079365077,
    "AS3": 0.09523809523809523,
    "AS4": 0.4785714285714286,
    "AS5": 0.41818181818181815,
    "AS6": 0.42934782608695654,
    "AS7": 0.3769230769230769,
    "AS8": 0.3333333333333333,
    "AS9": 0.3194444444444444,
    "ASEL": 0.18921340261601863,
    "ASER": 0.21873201611356224,
    "ASGL": 0.22705035971223023,
    "ASGR": 0.20139903946544163,
    "ASHL": 0.19167153142634755,
    "ASHR": 0.19974353915959756,
    "ASIL": 0.21804562478719783,
    "ASIR": 0.22553301747112822,
    "ASJL": 0.2273995874287101,
    "ASJR": 0.23316132536664855,
    "ASKL": 0.21356012284431844,
    "ASKR": 0.21995556453241769,
    "AUAL": 0.31083916083916086,
    "AUAR": 0.28603730921424536,
    "AVAL": 0.22579769178547182,
    "AVAR": 0.23993389423076922,
    "AVBL": 0.21775898520084566,
    "AVBR": 0.21775898520084566,
    "AVDL": 0.25156445556946183,
    "AVDR": 0.2690494893951296,
    "AVEL": 0.2898148148148148,
    "AVER": 0.3267924528301887,
    "AVFL": 0.30249768732654947,
    "AVFR": 0.3091966173361522,
    "AVG": 0.19294003868471954,
    "AVHL": 0.0,
    "AVHR": 0.0,
    "AVJL": 0.0,
    "AVJR": 0.0,
    "AVKL": 0.25057471264367814,
    "AVKR": 0.1793103448275862,
    "AVL": 0.0,
    "AVM": 0.2900313971742543,
    "AWAL": 0.2770719903206292,
    "AWAR": 0.2696985721840296,
    "AWBL": 0.3372093023255814,
    "AWBR": 0.31976744186046513,
    "AWCL": 0.28846153846153844,
    "AWCR": 0.1346153846153846,
    "BAGL": 0.29418886198547217,
    "BAGR": 0.2897245762711864,
    "BDUL": 0.21866874674987,
    "BDUR": 0.22452353169972772,
    "CANL": 0.0,
    "CANR": 0.0,
    "CEPDL": 0.0,
    "CEPDR": 0.0,
    "CEPVL": 0.0,
    "CEPVR": 0.0,
    "DA1": 0.5238095238095238,
    "DA2": 0.0,
    "DA3": 0.16666666666666666,
    "DA4": 0.4093567251461988,
    "DA5": 0.1,
    "DA6": 0.42857142857142855,
    "DA7": 0.4238095238095238,
    "DA8": 0.42803030303030304,
    "DA9": 0.3713450292397661,
    "DB1": 0.3333333333333333,
    "DB2": 0.3048780487804878,
    "DB3": 0.6666666666666666,
    "DB4": 0.5,
    "DB5": 0.4762845849802372,
    "DB6": 0.4642857142857143,
    "DB7": 0.37701149425287356,
    "DD1": 0.24032371569317382,
    "DD2": 0.26868770764119604,
    "DD3": 0.3057206537890045,
    "DD4": 0.24377977766013764,
    "DD5": 0.22467488021902807,
    "DD6": 0.2237728585178056,
    "DVA": 0.27169354838709675,
    "DVB": 0.1,
    "DVC": 0.0,
    "FLPL": 0.22258936617602884,
    "FLPR": 0.23292074457877568,
    "HSNL": 0.40337837837837837,
    "HSNR": 0.3294314381270903,
    "I1L": 0.2326073805202662,
    "I1R": 0.3218816067653277,
    "I2L": 0.23657243816254417,
    "I2R": 0.24930579659840332,
    "I3": 0.0,
    "I4": 0.3333333333333333,
    "I5": 0.20955882352941177,
    "I6": 0.1527777777777778,
    "IL1DL": 0.0,
    "IL1DR": 0.0,
    "IL1L": 0.0,
    "IL1R": 0.0,
    "IL1VL": 0.0,
    "IL1VR": 0.0,
    "IL2DL": 0.29931972789115646,
    "IL2DR": 0.2878787878787879,
    "IL2L": 0.2681704260651629,
    "IL2R": 0.2807807807807808,
    "IL2VL": 0.26127819548872183,
    "IL2VR": 0.2817124735729387,
    "LUAL": 0.2822410147991543,
    "LUAR": 0.27431289640591966,
    "M1": 0.0,
    "M2L": 0.21058289536550406,
    "M2R": 0.18872431915910176,
    "M3L": 0.22018602591075184,
    "M3R": 0.24199800642374572,
    "M4": 0.193296853625171,
    "M5": 0.18757259001161442,
    "MCL": 0.17113543091655267,
    "MCR": 0.1746922024623803,
    "MI": 0.0,
    "NSML": 0.23692307692307693,
    "NSMR": 0.23384615384615384,
    "OLLL": 0.27053140096618356,
    "OLLR": 0.243993993993994,
    "OLQDL": 0.2798334875115634,
    "OLQDR": 0.29036004645760743,
    "OLQVL": 0.2532467532467532,
    "OLQVR": 0.32053654024051803,
    "PDA": 0.0,
    "PDB": 0.0,
    "PDEL": 0.0,
    "PDER": 0.0,
    "PHAL": 0.2077562326869806,
    "PHAR": 0.24584452652787106,
    "PHBL": 0.20869971936389148,
    "PHBR": 0.2358490566037736,
    "PHCL": 0.0,
    "PHCR": 0.0,
    "PLML": 0.32509803921568625,
    "PLMR": 0.29644412191582004,
    "PLNL": 0.0,
    "PLNR": 0.0,
    "PQR": 0.2664526484751204,
    "PVCL": 0.2695035460992908,
    "PVCR": 0.35586734693877553,
    "PVDL": 0.27559377559377557,
    "PVDR": 0.30702416918429004,
    "PVM": 0.29294117647058826,
    "PVNL": 0.193446088794926,
    "PVNR": 0.22674418604651161,
    "PVPL": 0.3058180009945301,
    "PVPR": 0.2754911131898971,
    "PVQL": 0.3280193236714976,
    "PVQR": 0.2612244897959184,
    "PVR": 0.31039076376554176,
    "PVT": 0.24645390070921985,
    "PVWL": 0.25862068965517243,
    "PVWR": 0.2643288084464555,
    "RIAL": 0.3546218487394958,
    "RIAR": 0.32142857142857145,
    "RIBL": 0.0,
    "RIBR": 0.0,
    "RICL": 0.26708902967655884,
    "RICR": 0.2876557191392978,
    "RID": 0.18076109936575052,
    "RIFL": 0.31616832779623477,
    "RIFR": 0.2468013468013468,
    "RIGL": 0.252829928216455,
    "RIGR": 0.23958630527817404,
    "RIH": 0.0,
    "RIML": 0.1934482223257258,
    "RIMR": 0.20229777984784972,
    "RIPL": 0.0,
    "RIPR": 0.0,
    "RIR": 0.0,
    "RIS": 0.23414376321353064,
    "RIVL": 0.2621794871794872,
    "RIVR": 0.28205128205128205,
    "RMDDL": 0.0,
    "RMDDR": 0.0,
    "RMDL": 0.0,
    "RMDR": 0.0,
    "RMDVL": 0.0,
    "RMDVR": 0.0,
    "RMED": 0.2446135831381733,
    "RMEL": 0.2404448938321537,
    "RMER": 0.24594309799789252,
    "RMEV": 0.24693482469348246,
    "RMFL": 0.0,
    "RMFR": 0.0,
    "RMGL": 0.2341721589774316,
    "RMGR": 0.20400466562986003,
    "RMHL": 0.0,
    "RMHR": 0.0,
    "SAADL": 0.24845289938115975,
    "SAADR": 0.28662909836065575,
    "SAAVL": 0.20560253699788583,
    "SAAVR": 0.22780126849894292,
    "SABD": 0.3377630121816168,
    "SABVL": 0.32716927453769556,
    "SABVR": 0.3588235294117647,
    "SDQL": 0.30274822695035464,
    "SDQR": 0.3596938775510204,
    "SIADL": 0.25422832980972515,
    "SIADR": 0.28594080338266387,
    "SIAVL": 0.23150105708245244,
    "SIAVR": 0.13953488372093023,
    "SIBDL": 0.0,
    "SIBDR": 0.0,
    "SIBVL": 0.0,
    "SIBVR": 0.0,
    "SMBDL": 0.25678733031674206,
    "SMBDR": 0.3954022988505747,
    "SMBVL": 0.0,
    "SMBVR": 0.0,
    "SMDDL": 0.0,
    "SMDDR": 0.0,
    "SMDVL": 0.0,
    "SMDVR": 0.0,
    "URADL": 0.19548563611491107,
    "URADR": 0.17359781121751025,
    "URAVL": 0.19069767441860466,
    "URAVR": 0.1615595075239398,
    "URBL": 0.0,
    "URBR": 0.0,
    "URXL": 0.20656696277971437,
    "URXR": 0.22992589584813725,
    "URYDL": 0.276734693877551,
    "URYDR": 0.2816326530612245,
    "URYVL": 0.29343971631205673,
    "URYVR": 0.32727272727272727,
    "VA1": 0.46578947368421053,
    "VA10": 0.11904761904761904,
    "VA11": 0.4083333333333333,
    "VA12": 0.40118577075098816,
    "VA2": 0.23214285714285715,
    "VA3": 0.4636363636363636,
    "VA4": 0.3804347826086957,
    "VA5": 0.38095238095238093,
    "VA6": 0.42857142857142855,
    "VA7": 0.2857142857142857,
    "VA8": 0.45060483870967744,
    "VA9": 0.3,
    "VB1": 0.45,
    "VB10": 0.65,
    "VB11": 0.405982905982906,
    "VB2": 0.35964912280701755,
    "VB3": 0.4236453201970443,
    "VB4": 0.3888888888888889,
    "VB5": 0.4723320158102767,