{
  "clustering_coefficients": {
    "ADAL": 0.2135306553911205,
    "ADAR": 0.21617336152219874,
    "ADEL": 0.17019027484143764,
    "ADER": 0.21934460887949261,
    "ADFL": 0.240282131661442,
    "ADFR": 0.21907163441745575,
    "ADLL": 0.224670604270786,
    "ADLR": 0.22262814125982508,
    "AFDL": 0.22384570426651082,
    "AFDR": 0.20134424313267096,
    "AIAL": 0.26823374340949035,
    "AIAR": 0.26750902527075815,
    "AIBL": 0.0,
    "AIBR": 0.0,
    "AIML": 0.20408163265306123,
    "AIMR": 0.27848639455782315,
    "AINL": 0.0,
    "AINR": 0.0,
    "AIYL": 0.233544379405089,
    "AIYR": 0.22933621566632756,
    "AIZL": 0.33806012478729436,
    "AIZR": 0.37889039242219213,
    "ALA": 0.30357142857142855,
    "ALML": 0.2921099290780142,
    "ALMR": 0.30775510204081635,
    "ALNL": 0.0,
    "ALNR": 0.0,
    "AQR": 0.231282722513089,
    "AS1": 0.4,
    "AS10": 0.3941798941798942,
    "AS11": 0.0,
    "AS2": 0.35,
    "AS3": 0.47368421052631576,
    "AS4": 0.35714285714285715,
    "AS5": 0.40476190476190477,
    "AS6": 0.4264069264069264,
    "AS7": 0.3433333333333333,
    "AS8": 0.47333333333333333,
    "AS9": 0.23333333333333334,
    "ASEL": 0.20088416004795445,
    "ASER": 0.22084073416222616,
    "ASGL": 0.24109402374927,
    "ASGR": 0.2261943717277487,
    "ASHL": 0.23929942418426103,
    "ASHR": 0.21464954047170856,
    "ASIL": 0.21015641149314407,
    "ASIR": 0.21907514450867052,
    "ASJL": 0.245069033530572,
    "ASJR": 0.25301708686820407,
    "ASKL": 0.2219716995801586,
    "ASKR": 0.2111671785870996,
    "AUAL": 0.31227305737109656,
    "AUAR": 0.25873015873015875,
    "AVAL": 0.22173972045053603,
    "AVAR": 0.2584364454443195,
    "AVBL": 0.2087737843551797,
    "AVBR": 0.226215644820296,
    "AVDL": 0.27813111545988256,
    "AVDR": 0.2581264397235731,
    "AVEL": 0.2857142857142857,
    "AVER": 0.3363338788870704,
    "AVFL": 0.32113821138211385,
    "AVFR": 0.32136524822695034,
    "AVG": 0.2562862669245648,
    "AVHL": 0.0,
    "AVHR": 0.0,
    "AVJL": 0.0,
    "AVJR": 0.0,
    "AVKL": 0.15402298850574714,
    "AVKR": 0.20919540229885059,
    "AVL": 0.0,
    "AVM": 0.2990580847723705,
    "AWAL": 0.3181818181818182,
    "AWAR": 0.2835884353741497,
    "AWBL": 0.31382978723404253,
    "AWBR": 0.3280193236714976,
    "AWCL": 0.27564102564102566,
    "AWCR": 0.26282051282051283,
    "BAGL": 0.295355587808418,
    "BAGR": 0.2402291105121294,
    "BDUL": 0.22962395780159944,
    "BDUR": 0.25347017129356175,
    "CANL": 0.0,
    "CANR": 0.0,
    "CEPDL": 0.0,
    "CEPDR": 0.0,
    "CEPVL": 0.0,
    "CEPVR": 0.0,
    "DA1": 0.53,
    "DA2": 0.2857142857142857,
    "DA3": 0.5,
    "DA4": 0.4358288770053476,
    "DA5": 0.23333333333333334,
    "DA6": 0.45714285714285713,
    "DA7": 0.4861111111111111,
    "DA8": 0.4160919540229885,
    "DA9": 0.3814229249011858,
    "DB1": 0.23214285714285715,
    "DB2": 0.3261689291101056,
    "DB3": 0.4407114624505929,
    "DB4": 0.44696969696969696,
    "DB5": 0.3333333333333333,
    "DB6": 0.5961538461538461,
    "DB7": 0.40476190476190477,
    "DD1": 0.2787065552133744,
    "DD2": 0.2786885245901639,
    "DD3": 0.27388149939540507,
    "DD4": 0.25929090132422045,
    "DD5": 0.2654806705439617,
    "DD6": 0.29123887748117727,
    "DVA": 0.24335286164939163,
    "DVB": 0.25,
    "DVC": 0.0,
    "FLPL": 0.23398398398398398,
    "FLPR": 0.20850367947669665,
    "HSNL": 0.3789173789173789,
    "HSNR": 0.33157894736842103,
    "I1L": 0.29490196078431374,
    "I1R": 0.2235294117647059,
    "I2L": 0.282454128440367,
    "I2R": 0.2748223131595951,
    "I3": 0.0,
    "I4": 0.16666666666666666,
    "I5": 0.22794117647058823,
    "I6": 0.16666666666666666,
    "IL1DL": 0.0,
    "IL1DR": 0.0,
    "IL1L": 0.0,
    "IL1R": 0.0,
    "IL1VL": 0.0,
    "IL1VR": 0.0,
    "IL2DL": 0.2968627450980392,
    "IL2DR": 0.27297895902547065,
    "IL2L": 0.3181818181818182,
    "IL2R": 0.30609756097560975,
    "IL2VL": 0.3089731729879741,
    "IL2VR": 0.28339140534262486,
    "LUAL": 0.22885835095137422,
    "LUAR": 0.21511627906976744,
    "M1": 0.0,
    "M2L": 0.1900382226469183,
    "M2R": 0.21141901576684186,
    "M3L": 0.2640639063906391,
    "M3R": 0.22883331567235352,
    "M4": 0.17113543091655267,
    "M5": 0.24796747967479674,
    "MCL": 0.20560875512995896,
    "MCR": 0.2149110807113543,
    "MI": 0.0,
    "NSML": 0.22153846153846155,
    "NSMR": 0.24153846153846154,
    "OLLL": 0.27503628447024675,
    "OLLR": 0.3028792912513843,
    "OLQDL": 0.27880184331797236,
    "OLQDR": 0.23478260869565218,
    "OLQVL": 0.2819303338171263,
    "OLQVR": 0.24912648497554157,
    "PDA": 0.0,
    "PDB": 0.0,
    "PDEL": 0.0,
    "PDER": 0.0,
    "PHAL": 0.24792145763311516,
    "PHAR": 0.23072255414488424,
    "PHBL": 0.25748202641698714,
    "PHBR": 0.22182974214058637,
    "PHCL": 0.0,
    "PHCR": 0.0,
    "PLML": 0.3399778516057586,
    "PLMR": 0.29714285714285715,
    "PLNL": 0.0,
    "PLNR": 0.0,
    "PQR": 0.23462550849485522,
    "PVCL": 0.23176470588235293,
    "PVCR": 0.3106280193236715,
    "PVDL": 0.3215502555366269,
    "PVDR": 0.29717868338557996,
    "PVM": 0.28862164662349676,
    "PVNL": 0.20560253699788583,
    "PVNR": 0.2309725158562368,
    "PVPL": 0.24570273003033366,
    "PVPR": 0.24606845513413506,
    "PVQL": 0.2577922077922078,
    "PVQR": 0.2574517825832846,
    "PVR": 0.30285412262156447,
    "PVT": 0.1972517730496454,
    "PVWL": 0.31027253668763105,
    "PVWR": 0.29444444444444445,
    "RIAL": 0.2852852852852853,
    "RIAR": 0.3357041251778094,
    "RIBL": 0.0,
    "RIBR": 0.0,
    "RICL": 0.3094563986409966,
    "RICR": 0.2774221084080239,
    "RID": 0.18657505285412262,
    "RIFL": 0.29428571428571426,
    "RIFR": 0.3362627197039778,
    "RIGL": 0.24089715785869192,
    "RIGR": 0.2288228155339806,
    "RIH": 0.0,
    "RIML": 0.18964446514516378,
    "RIMR": 0.19934792734047507,
    "RIPL": 0.0,
    "RIPR": 0.0,
    "RIR": 0.0,
    "RIS": 0.2521141649048626,
    "RIVL": 0.26285714285714284,
    "RIVR": 0.278743961352657,
    "RMDDL": 0.0,
    "RMDDR": 0.0,
    "RMDL": 0.0,
    "RMDR": 0.0,
    "RMDVL": 0.0,
    "RMDVR": 0.0,
    "RMED": 0.24561655648174763,
    "RMEL": 0.2900870541982589,
    "RMER": 0.27721358298952714,
    "RMEV": 0.2572901325478645,
    "RMFL": 0.0,
    "RMFR": 0.0,
    "RMGL": 0.21605607341570923,
    "RMGR": 0.21945227256304647,
    "RMHL": 0.0,
    "RMHR": 0.0,
    "SAADL": 0.27670488835244417,
    "SAADR": 0.2380169816488633,
    "SAAVL": 0.20084566596194503,
    "SAAVR": 0.21458773784355178,
    "SABD": 0.3467948717948718,
    "SABVL": 0.34057971014492755,
    "SABVR": 0.36469221835075494,
    "SDQL": 0.3093877551020408,
    "SDQR": 0.3120748299319728,
    "SIADL": 0.20613107822410148,
    "SIADR": 0.17547568710359407,
    "SIAVL": 0.21987315010570824,
    "SIAVR": 0.1992600422832981,
    "SIBDL": 0.0,
    "SIBDR": 0.0,
    "SIBVL": 0.0,
    "SIBVR": 0.0,
    "SMBDL": 0.2841463414634146,
    "SMBDR": 0.3018867924528302,
    "SMBVL": 0.0,
    "SMBVR": 0.0,
    "SMDDL": 0.0,
    "SMDDR": 0.0,
    "SMDVL": 0.0,
    "SMDVR": 0.0,
    "URADL": 0.21231190150478796,
    "URADR": 0.18331053351573187,
    "URAVL": 0.1829001367989056,
    "URAVR": 0.2030095759233926,
    "URBL": 0.0,
    "URBR": 0.0,
    "URXL": 0.20594895018526144,
    "URXR": 0.21493472584856396,
    "URYDL": 0.27710437710437713,
    "URYDR": 0.30363475177304966,
    "URYVL": 0.3106312292358804,
    "URYVR": 0.308974358974359,
    "VA1": 0.3716577540106952,
    "VA10": 0.3660968660968661,
    "VA11": 0.4142857142857143,
    "VA12": 0.5274725274725275,
    "VA2": 0.5333333333333333,
    "VA3": 0.4777777777777778,
    "VA4": 0.5238095238095238,
    "VA5": 0.4166666666666667,
    "VA6": 0.4,
    "VA7": 0.40808823529411764,
    "VA8": 0.4074074074074074,
    "VA9": 0.36666666666666664,
    "VB1": 0.45359848484848486,
    "VB10": 0.25,
    "VB11": 0.4696969696969697,
    "VB2": 0.4166666666666667,
    "VB3": 0.30994152046783624,
    "VB4": 0.5,
    "VB5": 0.35714285714285715,
    "VB6": 0.3333333333333333,