{
  "clustering_coefficients": {
    "ADAL": 0.20507399577167018,
    "ADAR": 0.1464059196617336,
    "ADEL": 0.1897463002114165,
    "ADER": 0.21088794926004228,
    "ADFL": 0.21287071362372567,
    "ADFR": 0.20384904848940974,
    "ADLL": 0.22407310704960837,
    "ADLR": 0.20760296806108183,
    "AFDL": 0.21800116890707188,
    "AFDR": 0.1826417299824664,
    "AIAL": 0.3004369992716679,
    "AIAR": 0.2886374578719307,
    "AIBL": 0.0,
    "AIBR": 0.0,
    "AIML": 0.1840986394557823,
    "AIMR": 0.18962585034013604,
    "AINL": 0.0,
    "AINR": 0.0,
    "AIYL": 0.22501403705783268,
    "AIYR": 0.2221737232649498,
    "AIZL": 0.31521739130434784,
    "AIZR": 0.3033220991815118,
    "ALA": 0.25,
    "ALML": 0.31648936170212766,
    "ALMR": 0.2912234042553192,
    "ALNL": 0.0,
    "ALNR": 0.0,
    "AQR": 0.25632040050062577,
    "AS1": 0.36363636363636365,
    "AS10": 0.16666666666666666,
    "AS11": 0.44,
    "AS2": 0.4666666666666667,
    "AS3": 0.16666666666666666,
    "AS4": 0.75,
    "AS5": 0.38421052631578945,
    "AS6": 0.40476190476190477,
    "AS7": 0.52,
    "AS8": 0.3119047619047619,
    "AS9": 0.35714285714285715,
    "ASEL": 0.21488751456484717,
    "ASER": 0.1943086592178771,
    "ASGL": 0.22679819516942404,
    "ASGR": 0.21250560286866876,
    "ASHL": 0.2011439466158246,
    "ASHR": 0.21483661457276232,
    "ASIL": 0.1961135611907387,
    "ASIR": 0.2116510946869335,
    "ASJL": 0.2394771821001329,
    "ASJR": 0.24396845945627868,
    "ASKL": 0.21063084898673667,
    "ASKR": 0.18616291273108904,
    "AUAL": 0.28382663847780126,
    "AUAR": 0.33455882352941174,
    "AVAL": 0.2326283987915408,
    "AVAR": 0.23044309088737608,
    "AVBL": 0.22780126849894292,
    "AVBR": 0.1982029598308668,
    "AVDL": 0.30703731530177814,
    "AVDR": 0.26255445998624166,
    "AVEL": 0.2804195804195804,
    "AVER": 0.334216502649508,
    "AVFL": 0.28996983408748117,
    "AVFR": 0.348780487804878,
    "AVG": 0.245275888133031,
    "AVHL": 0.0,
    "AVHR": 0.0,
    "AVJL": 0.0,
    "AVJR": 0.0,
    "AVKL": 0.16436781609195403,
    "AVKR": 0.14942528735632185,
    "AVL": 0.0,
    "AVM": 0.23801169590643276,
    "AWAL": 0.24822190611664297,
    "AWAR": 0.314975845410628,
    "AWBL": 0.3048469387755102,
    "AWBR": 0.28402903811252267,
    "AWCL": 0.21153846153846154,
    "AWCR": 0.33974358974358976,
    "BAGL": 0.28971308607417773,
    "BAGR": 0.2795226130653266,
    "BDUL": 0.22608917631041525,
    "BDUR": 0.26386925795053,
    "CANL": 0.0,
    "CANR": 0.0,
    "CEPDL": 0.0,
    "CEPDR": 0.0,
    "CEPVL": 0.0,
    "CEPVR": 0.0,
    "DA1": 0.4090909090909091,
    "DA2": 0.4583333333333333,
    "DA3": 0.4422348484848485,
    "DA4": 0.40730837789661317,
    "DA5": 0.30357142857142855,
    "DA6": 0.44664031620553357,
    "DA7": 0.4738562091503268,
    "DA8": 0.49019607843137253,
    "DA9": 0.4096153846153846,
    "DB1": 0.2619047619047619,
    "DB2": 0.28324468085106386,
    "DB3": 0.33636363636363636,
    "DB4": 0.4757834757834758,
    "DB5": 0.44166666666666665,
    "DB6": 0.39285714285714285,
    "DB7": 0.2857142857142857,
    "DD1": 0.2803305118903668,
    "DD2": 0.30489092188599576,
    "DD3": 0.30387836051123845,
    "DD4": 0.2877574370709382,
    "DD5": 0.2692476902771667,
    "DD6": 0.2506218905472637,
    "DVA": 0.25827395091053046,
    "DVB": 0.05,
    "DVC": 0.0,
    "FLPL": 0.2341099163679809,
    "FLPR": 0.23359862335986234,
    "HSNL": 0.32004310344827586,
    "HSNR": 0.32968277945619334,
    "I1L": 0.2536231884057971,
    "I1R": 0.23469387755102042,
    "I2L": 0.20892922625595892,
    "I2R": 0.2541861370716511,
    "I3": 0.0,
    "I4": 0.25,
    "I5": 0.17279411764705882,
    "I6": 0.2777777777777778,
    "IL1DL": 0.0,
    "IL1DR": 0.0,
    "IL1L": 0.0,
    "IL1R": 0.0,
    "IL1VL": 0.0,
    "IL1VR": 0.0,
    "IL2DL": 0.2706349206349206,
    "IL2DR": 0.37449392712550605,
    "IL2L": 0.3095959595959596,
    "IL2R": 0.28918722786647316,
    "IL2VL": 0.27464008859357697,
    "IL2VR": 0.3090986394557823,
    "LUAL": 0.1945031712473573,
    "LUAR": 0.17547568710359407,
    "M1": 0.0,
    "M2L": 0.19194935499283325,
    "M2R": 0.18956043956043955,
    "M3L": 0.25112951807228917,
    "M3R": 0.20643753409710858,
    "M4": 0.17140902872777017,
    "M5": 0.2259001161440186,
    "MCL": 0.1786593707250342,
    "MCR": 0.21231190150478796,
    "MI": 0.0,
    "NSML": 0.1676923076923077,
    "NSMR": 0.20153846153846153,
    "OLLL": 0.24174174174174173,
    "OLLR": 0.2742830712303423,
    "OLQDL": 0.24773755656108598,
    "OLQDR": 0.2363265306122449,
    "OLQVL": 0.2623367198838897,
    "OLQVR": 0.26799557032115173,
    "PDA": 0.0,
    "PDB": 0.0,
    "PDEL": 0.0,
    "PDER": 0.0,
    "PHAL": 0.22315348349921424,
    "PHAR": 0.2155054955036788,
    "PHBL": 0.20479211888462182,
    "PHBR": 0.21938180404354587,
    "PHCL": 0.0,
    "PHCR": 0.0,
    "PLML": 0.3240418118466899,
    "PLMR": 0.32908163265306123,
    "PLNL": 0.0,
    "PLNR": 0.0,
    "PQR": 0.2247615619938816,
    "PVCL": 0.37202380952380953,
    "PVCR": 0.2220744680851064,
    "PVDL": 0.2915860735009671,
    "PVDR": 0.3261627906976744,
    "PVM": 0.26616161616161615,
    "PVNL": 0.2299154334038055,
    "PVNR": 0.28276955602536996,
    "PVPL": 0.19195189639222943,
    "PVPR": 0.19922630560928434,
    "PVQL": 0.20983086680761098,
    "PVQR": 0.2731397459165154,
    "PVR": 0.24969733656174334,
    "PVT": 0.19902482269503546,
    "PVWL": 0.24560592044403332,
    "PVWR": 0.22780126849894292,
    "RIAL": 0.33497536945812806,
    "RIAR": 0.29772079772079774,
    "RIBL": 0.0,
    "RIBR": 0.0,
    "RICL": 0.2502937720329025,
    "RICR": 0.2811508835523335,
    "RID": 0.20454545454545456,
    "RIFL": 0.24224021592442646,
    "RIFR": 0.2571644042232277,
    "RIGL": 0.2537107579140943,
    "RIGR": 0.2326401338592088,
    "RIH": 0.0,
    "RIML": 0.16891786989597887,
    "RIMR": 0.18840242198416396,
    "RIPL": 0.0,
    "RIPR": 0.0,
    "RIR": 0.0,
    "RIS": 0.21775898520084566,
    "RIVL": 0.21342383107088989,
    "RIVR": 0.29901960784313725,
    "RMDDL": 0.0,
    "RMDDR": 0.0,
    "RMDL": 0.0,
    "RMDR": 0.0,
    "RMDVL": 0.0,
    "RMDVR": 0.0,
    "RMED": 0.2798913043478261,
    "RMEL": 0.28410613776467436,
    "RMER": 0.27019748653500897,
    "RMEV": 0.2878365831012071,
    "RMFL": 0.0,
    "RMFR": 0.0,
    "RMGL": 0.1836243895219772,
    "RMGR": 0.22993341625814004,
    "RMHL": 0.0,
    "RMHR": 0.0,
    "SAADL": 0.2600574712643678,
    "SAADR": 0.24198798197295943,
    "SAAVL": 0.2452431289640592,
    "SAAVR": 0.22568710359408034,
    "SABD": 0.3024390243902439,
    "SABVL": 0.263768115942029,
    "SABVR": 0.3183574879227053,
    "SDQL": 0.3087808417997097,
    "SDQR": 0.2798701298701299,
    "SIADL": 0.21934460887949261,
    "SIADR": 0.24101479915433405,
    "SIAVL": 0.22727272727272727,
    "SIAVR": 0.2568710359408034,
    "SIBDL": 0.0,
    "SIBDR": 0.0,
    "SIBVL": 0.0,
    "SIBVR": 0.0,
    "SMBDL": 0.2763285024154589,
    "SMBDR": 0.2897793263646922,
    "SMBVL": 0.0,
    "SMBVR": 0.0,
    "SMDDL": 0.0,
    "SMDDR": 0.0,
    "SMDVL": 0.0,
    "SMDVR": 0.0,
    "URADL": 0.20916552667578658,
    "URADR": 0.17510259917920656,
    "URAVL": 0.16456908344733243,
    "URAVR": 0.20807113543091654,
    "URBL": 0.0,
    "URBR": 0.0,
    "URXL": 0.22226608764311093,
    "URXR": 0.21863743953895234,
    "URYDL": 0.2768505079825834,
    "URYDR": 0.3330249768732655,
    "URYVL": 0.2801418439716312,
    "URYVR": 0.26570048309178745,
    "VA1": 0.4505928853754941,
    "VA10": 0.5333333333333333,
    "VA11": 0.43333333333333335,
    "VA12": 0.3956043956043956,
    "VA2": 0.3888888888888889,
    "VA3": 0.22435897435897437,
    "VA4": 0.445,
    "VA5": 0.44696969696969696,
    "VA6": 0.43783068783068785,
    "VA7": 0.48214285714285715,
    "VA8": 0.46921182266009853,
    "VA9": 0.3738738738738739,
    "VB1": 0.4642857142857143,
    "VB10": 0.4772727272727273,
    "VB11": 0.375,
    "VB2": 0.5333333333333333,
    "VB3": 0.42117117117117114,
    "VB4": 0.41208791208791207,
    "VB5": 0.30357142857142855,