{
  "clustering_coefficients": {
    "ADAL": 0.2309725158562368,
    "ADAR": 0.2510570824524313,
    "ADEL": 0.18710359408033828,
    "ADER": 0.21458773784355178,
    "ADFL": 0.20213873379388664,
    "ADFR": 0.23735896364396156,
    "ADLL": 0.2347112401161045,
    "ADLR": 0.24206046054785552,
    "AFDL": 0.19170075978959672,
    "AFDR": 0.18760958503798947,
    "AIAL": 0.2239884393063584,
    "AIAR": 0.25362619146290927,
    "AIBL": 0.0,
    "AIBR": 0.0,
    "AIML": 0.2227891156462585,
    "AIMR": 0.1445578231292517,
    "AINL": 0.0,
    "AINR": 0.0,
    "AIYL": 0.2454788202451754,
    "AIYR": 0.2404998288257446,
    "AIZL": 0.33090909090909093,
    "AIZR": 0.3071803146430012,
    "ALA": 0.25,
    "ALML": 0.2565789473684211,
    "ALMR": 0.2816836262719704,
    "ALNL": 0.0,
    "ALNR": 0.0,
    "AQR": 0.29599904168663155,
    "AS1": 0.3181818181818182,
    "AS10": 0.29545454545454547,
    "AS11": 0.4738095238095238,
    "AS2": 0.44841269841269843,
    "AS3": 0.45454545454545453,
    "AS4": 0.432258064516129,
    "AS5": 0.36666666666666664,
    "AS6": 0.3562091503267974,
    "AS7": 0.3333333333333333,
    "AS8": 0.3333333333333333,
    "AS9": 0.4747126436781609,
    "ASEL": 0.20052333187963367,
    "ASER": 0.24070469145415613,
    "ASGL": 0.24032164469866535,
    "ASGR": 0.22887414936687053,
    "ASHL": 0.2004281090111726,
    "ASHR": 0.2309993352537115,
    "ASIL": 0.20501147383225998,
    "ASIR": 0.2054004854368932,
    "ASJL": 0.24799808772558862,
    "ASJR": 0.24395930479016534,
    "ASKL": 0.21548767844325703,
    "ASKR": 0.20613931523022433,
    "AUAL": 0.32142857142857145,
    "AUAR": 0.26108156028368795,
    "AVAL": 0.25882179241104386,
    "AVAR": 0.2527429901363183,
    "AVBL": 0.2204016913319239,
    "AVBR": 0.25317124735729385,
    "AVDL": 0.34618410700236035,
    "AVDR": 0.2715557638238051,
    "AVEL": 0.36753883892068684,
    "AVER": 0.3390871854885898,
    "AVFL": 0.30761099365750527,
    "AVFR": 0.2752659574468085,
    "AVG": 0.2078900709219858,
    "AVHL": 0.0,
    "AVHR": 0.0,
    "AVJL": 0.0,
    "AVJR": 0.0,
    "AVKL": 0.11954022988505747,
    "AVKR": 0.23103448275862068,
    "AVL": 0.0,
    "AVM": 0.3281527531083481,
    "AWAL": 0.2874564459930314,
    "AWAR": 0.3360071301247772,
    "AWBL": 0.29228329809725156,
    "AWBR": 0.359465737514518,
    "AWCL": 0.14743589743589744,
    "AWCR": 0.3269230769230769,
    "BAGL": 0.2817976257772753,
    "BAGR": 0.2743435448577681,
    "BDUL": 0.23205171827152093,
    "BDUR": 0.2347245409015025,
    "CANL": 0.0,
    "CANR": 0.0,
    "CEPDL": 0.0,
    "CEPDR": 0.0,
    "CEPVL": 0.0,
    "CEPVR": 0.0,
    "DA1": 0.3626373626373626,
    "DA2": 0.5166666666666667,
    "DA3": 0.4644268774703557,
    "DA4": 0.5083333333333333,
    "DA5": 0.45,
    "DA6": 0.27631578947368424,
    "DA7": 0.4666666666666667,
    "DA8": 0.3,
    "DA9": 0.4725274725274725,
    "DB1": 0.3908536585365854,
    "DB2": 0.21322537112010798,
    "DB3": 0.30952380952380953,
    "DB4": 0.3968253968253968,
    "DB5": 0.0,
    "DB6": 0.4,
    "DB7": 0.4523809523809524,
    "DD1": 0.23423423423423423,
    "DD2": 0.3109461966604824,
    "DD3": 0.26033421284080915,
    "DD4": 0.2705577918343876,
    "DD5": 0.310625814863103,
    "DD6": 0.2931451612903226,
    "DVA": 0.23776921979746113,
    "DVB": 0.3,
    "DVC": 0.0,
    "FLPL": 0.24009732360097324,
    "FLPR": 0.2370316301703163,
    "HSNL": 0.35306553911205074,
    "HSNR": 0.37626262626262624,
    "I1L": 0.24773755656108598,
    "I1R": 0.29764309764309765,
    "I2L": 0.27227626459143967,
    "I2R": 0.2553114872164206,
    "I3": 0.0,
    "I4": 0.16666666666666666,
    "I5": 0.16544117647058823,
    "I6": 0.1388888888888889,
    "IL1DL": 0.0,
    "IL1DR": 0.0,
    "IL1L": 0.0,
    "IL1R": 0.0,
    "IL1VL": 0.0,
    "IL1VR": 0.0,
    "IL2DL": 0.2863636363636364,
    "IL2DR": 0.3163265306122449,
    "IL2L": 0.32859848484848486,
    "IL2R": 0.26825396825396824,
    "IL2VL": 0.2821256038647343,
    "IL2VR": 0.3251618871415356,
    "LUAL": 0.22727272727272727,
    "LUAR": 0.18234672304439747,
    "M1": 0.0,
    "M2L": 0.1915910176779742,
    "M2R": 0.18466316292403248,
    "M3L": 0.2280188891387452,
    "M3R": 0.2473928157589803,
    "M4": 0.17606019151846786,
    "M5": 0.22067363530778164,
    "MCL": 0.1905608755129959,
    "MCR": 0.22298221614227087,
    "MI": 0.0,
    "NSML": 0.1,
    "NSMR": 0.2353846153846154,
    "OLLL": 0.29390420899854863,
    "OLLR": 0.32222222222222224,
    "OLQDL": 0.2825225225225225,
    "OLQDR": 0.2872340425531915,
    "OLQVL": 0.24444444444444444,
    "OLQVR": 0.2746938775510204,
    "PDA": 0.0,
    "PDB": 0.0,
    "PDEL": 0.0,
    "PDER": 0.0,
    "PHAL": 0.22387861629655845,
    "PHAR": 0.21161139745210542,
    "PHBL": 0.25333969465648853,
    "PHBR": 0.26053674351585016,
    "PHCL": 0.0,
    "PHCR": 0.0,
    "PLML": 0.3310975609756098,
    "PLMR": 0.28197064989517817,
    "PLNL": 0.0,
    "PLNR": 0.0,
    "PQR": 0.2507948382270432,
    "PVCL": 0.3191489361702128,
    "PVCR": 0.34653061224489795,
    "PVDL": 0.3182624113475177,
    "PVDR": 0.2802601809954751,
    "PVM": 0.21877551020408162,
    "PVNL": 0.17389006342494714,
    "PVNR": 0.22674418604651161,
    "PVPL": 0.2351851851851852,
    "PVPR": 0.27149321266968324,
    "PVQL": 0.25366876310272535,
    "PVQR": 0.2714285714285714,
    "PVR": 0.28415697674418605,
    "PVT": 0.19902482269503546,
    "PVWL": 0.25098039215686274,
    "PVWR": 0.28338171262699563,
    "RIAL": 0.4001782531194296,
    "RIAR": 0.40765765765765766,
    "RIBL": 0.0,
    "RIBR": 0.0,
    "RICL": 0.30937937470835275,
    "RICR": 0.27512050426399703,
    "RID": 0.1849894291754757,
    "RIFL": 0.24468085106382978,
    "RIFR": 0.3028792912513843,
    "RIGL": 0.23679703111618614,
    "RIGR": 0.22772047745972882,
    "RIH": 0.0,
    "RIML": 0.19500077627697562,
    "RIMR": 0.18219220617916473,
    "RIPL": 0.0,
    "RIPR": 0.0,
    "RIR": 0.0,
    "RIS": 0.19397463002114165,
    "RIVL": 0.24113475177304963,
    "RIVR": 0.2302585604472397,
    "RMDDL": 0.0,
    "RMDDR": 0.0,
    "RMDL": 0.0,
    "RMDR": 0.0,
    "RMDVL": 0.0,
    "RMDVR": 0.0,
    "RMED": 0.2710343280233341,
    "RMEL": 0.261311946372995,
    "RMER": 0.24562584118438763,
    "RMEV": 0.2885353812397148,
    "RMFL": 0.0,
    "RMFR": 0.0,
    "RMGL": 0.20434185811298947,
    "RMGR": 0.22249700837654568,
    "RMHL": 0.0,
    "RMHR": 0.0,
    "SAADL": 0.2640125720272394,
    "SAADR": 0.26840292724924664,
    "SAAVL": 0.19080338266384778,
    "SAAVR": 0.2357293868921776,
    "SABD": 0.3157894736842105,
    "SABVL": 0.3108233117483811,
    "SABVR": 0.3548199767711963,
    "SDQL": 0.30272108843537415,
    "SDQR": 0.3110204081632653,
    "SIADL": 0.17124735729386892,
    "SIADR": 0.24260042283298097,
    "SIAVL": 0.24735729386892177,
    "SIAVR": 0.24788583509513742,
    "SIBDL": 0.0,
    "SIBDR": 0.0,
    "SIBVL": 0.0,
    "SIBVR": 0.0,
    "SMBDL": 0.35437430786268,
    "SMBDR": 0.23686274509803923,
    "SMBVL": 0.0,
    "SMBVR": 0.0,
    "SMDDL": 0.0,
    "SMDDR": 0.0,
    "SMDVL": 0.0,
    "SMDVR": 0.0,
    "URADL": 0.1689466484268126,
    "URADR": 0.19822161422708617,
    "URAVL": 0.20041039671682626,
    "URAVR": 0.1975376196990424,
    "URBL": 0.0,
    "URBR": 0.0,
    "URXL": 0.2244209579491792,
    "URXR": 0.23739516526887025,
    "URYDL": 0.358250276854928,
    "URYDR": 0.2652439024390244,
    "URYVL": 0.2841312056737589,
    "URYVR": 0.3172987974098057,
    "VA1": 0.39473684210526316,
    "VA10": 0.4742647058823529,
    "VA11": 0.38235294117647056,
    "VA12": 0.375,
    "VA2": 0.2777777777777778,
    "VA3": 0.3,
    "VA4": 0.3458333333333333,
    "VA5": 0.47619047619047616,
    "VA6": 0.30128205128205127,
    "VA7": 0.40118577075098816,
    "VA8": 0.30416666666666664,
    "VA9": 0.5,
    "VB1": 0.5666666666666667,
    "VB10": 0.4375,
    "VB11": 0.13333333333333333,
    "VB2": 0.3,
    "VB3": 0.42142857142857143,
    "VB4": 0.461038961038961,
    "VB5": 0.37681159420289856,
    "VB6": 0.15,
    "VB7": 0.4099099099099099,
    "VB8": 0.47619047619047616,