{
  "clustering_coefficients": {
    "ADAL": 0.21405919661733616,
    "ADAR": 0.21035940803382663,
    "ADEL": 0.2251585623678647,
    "ADER": 0.2536997885835095,
    "ADFL": 0.22040091877218626,
    "ADFR": 0.2242639489396747,
    "ADLL": 0.22769283432222728,
    "ADLR": 0.20933559393875173,
    "AFDL": 0.23290473407364115,
    "AFDR": 0.2358270017533606,
    "AIAL": 0.24717691342534504,
    "AIAR": 0.25986673500768837,
    "AIBL": 0.0,
    "AIBR": 0.0,
    "AIML": 0.21343537414965985,
    "AIMR": 0.20408163265306123,
    "AINL": 0.0,
    "AINR": 0.0,
    "AIYL": 0.2348511180627969,
    "AIYR": 0.2341466156959748,
    "AIZL": 0.3333333333333333,
    "AIZR": 0.29898074745186864,
    "ALA": 0.5178571428571429,
    "ALML": 0.26908212560386474,
    "ALMR": 0.33163265306122447,
    "ALNL": 0.0,
    "ALNR": 0.0,
    "AQR": 0.263466602824994,
    "AS1": 0.48214285714285715,
    "AS10": 0.16666666666666666,
    "AS11": 0.42142857142857143,
    "AS2": 0.3684210526315789,
    "AS3": 0.3913978494623656,
    "AS4": 0.4116666666666667,
    "AS5": 0.43333333333333335,
    "AS6": 0.3194444444444444,
    "AS7": 0.43280632411067194,
    "AS8": 0.32222222222222224,
    "AS9": 0.3169230769230769,
    "ASEL": 0.19870013080444734,
    "ASER": 0.22596252830965616,
    "ASGL": 0.2264084195631025,
    "ASGR": 0.21326530612244898,
    "ASHL": 0.21919964028776978,
    "ASHR": 0.21677341873498798,
    "ASIL": 0.22352008820894495,
    "ASIR": 0.2033515833086712,
    "ASJL": 0.25795314426633786,
    "ASJR": 0.2292009884678748,
    "ASKL": 0.22124352331606217,
    "ASKR": 0.22459820212476164,
    "AUAL": 0.31862745098039214,
    "AUAR": 0.3033816425120773,
    "AVAL": 0.23454361510791366,
    "AVAR": 0.23503702804419085,
    "AVBL": 0.26215644820295986,
    "AVBR": 0.19186046511627908,
    "AVDL": 0.26394628099173556,
    "AVDR": 0.26469210957621164,
    "AVEL": 0.3538135593220339,
    "AVER": 0.2789336801040312,
    "AVFL": 0.3222591362126246,
    "AVFR": 0.2894503546099291,
    "AVG": 0.22969052224371372,
    "AVHL": 0.0,
    "AVHR": 0.0,
    "AVJL": 0.0,
    "AVJR": 0.0,
    "AVKL": 0.2632183908045977,
    "AVKR": 0.22413793103448276,
    "AVL": 0.0,
    "AVM": 0.2699795081967213,
    "AWAL": 0.2955596669750231,
    "AWAR": 0.3407557354925776,
    "AWBL": 0.29571843251088537,
    "AWBR": 0.32705314009661834,
    "AWCL": 0.25,
    "AWCR": 0.3333333333333333,
    "BAGL": 0.27455449647741403,
    "BAGR": 0.3277777777777778,
    "BDUL": 0.25027703023587144,
    "BDUR": 0.23825805290624438,
    "CANL": 0.0,
    "CANR": 0.0,
    "CEPDL": 0.0,
    "CEPDR": 0.0,
    "CEPVL": 0.0,
    "CEPVR": 0.0,
    "DA1": 0.46,
    "DA2": 0.38571428571428573,
    "DA3": 0.4934640522875817,
    "DA4": 0.42857142857142855,
    "DA5": 0.3817204301075269,
    "DA6": 0.42063492063492064,
    "DA7": 0.4444444444444444,
    "DA8": 0.32142857142857145,
    "DA9": 0.27564102564102566,
    "DB1": 0.28846153846153844,
    "DB2": 0.30844645550527905,
    "DB3": 0.3333333333333333,
    "DB4": 0.13333333333333333,
    "DB5": 0.4380952380952381,
    "DB6": 0.4175824175824176,
    "DB7": 0.44761904761904764,
    "DD1": 0.2611764705882353,
    "DD2": 0.26613501483679525,
    "DD3": 0.2606910708176531,
    "DD4": 0.28395496129486275,
    "DD5": 0.2813889839206295,
    "DD6": 0.2524091919940697,
    "DVA": 0.24336283185840707,
    "DVB": 0.15,
    "DVC": 0.0,
    "FLPL": 0.2349302744039586,
    "FLPR": 0.253038105046344,
    "HSNL": 0.3225806451612903,
    "HSNR": 0.34902200488997553,
    "I1L": 0.27536997885835096,
    "I1R": 0.23684210526315788,
    "I2L": 0.2312475709288768,
    "I2R": 0.2642254038179148,
    "I3": 0.0,
    "I4": 0.4166666666666667,
    "I5": 0.2610294117647059,
    "I6": 0.16666666666666666,
    "IL1DL": 0.0,
    "IL1DR": 0.0,
    "IL1L": 0.0,
    "IL1R": 0.0,
    "IL1VL": 0.0,
    "IL1VR": 0.0,
    "IL2DL": 0.32243589743589746,
    "IL2DR": 0.3121951219512195,
    "IL2L": 0.3281068524970964,
    "IL2R": 0.30326530612244895,
    "IL2VL": 0.3066604995374653,
    "IL2VR": 0.32227891156462585,
    "LUAL": 0.21035940803382663,
    "LUAR": 0.23150105708245244,
    "M1": 0.0,
    "M2L": 0.20843287147634973,
    "M2R": 0.18561872909698995,
    "M3L": 0.2271603550960782,
    "M3R": 0.22678608194358657,
    "M4": 0.16689466484268126,
    "M5": 0.227061556329849,
    "MCL": 0.18413132694938442,
    "MCR": 0.1920656634746922,
    "MI": 0.0,
    "NSML": 0.1646153846153846,
    "NSMR": 0.2969230769230769,
    "OLLL": 0.3142857142857143,
    "OLLR": 0.31673469387755104,
    "OLQDL": 0.292358803986711,
    "OLQDR": 0.2609427609427609,
    "OLQVL": 0.25716928769657726,
    "OLQVR": 0.31760204081632654,
    "PDA": 0.0,
    "PDB": 0.0,
    "PDEL": 0.0,
    "PDER": 0.0,
    "PHAL": 0.23332436793975256,
    "PHAR": 0.22152395915161036,
    "PHBL": 0.2249015748031496,
    "PHBR": 0.24605582524271843,
    "PHCL": 0.0,
    "PHCR": 0.0,
    "PLML": 0.34595959595959597,
    "PLMR": 0.27004830917874395,
    "PLNL": 0.0,
    "PLNR": 0.0,
    "PQR": 0.24821095208462973,
    "PVCL": 0.2844950213371266,
    "PVCR": 0.2872340425531915,
    "PVDL": 0.2549019607843137,
    "PVDR": 0.37211367673179396,
    "PVM": 0.2764876632801161,
    "PVNL": 0.20665961945031713,
    "PVNR": 0.22093023255813954,
    "PVPL": 0.23839458413926498,
    "PVPR": 0.23387755102040816,
    "PVQL": 0.32390648567119157,
    "PVQR": 0.30795739348370926,
    "PVR": 0.3185388845247447,
    "PVT": 0.2632978723404255,
    "PVWL": 0.2456324248777079,
    "PVWR": 0.22387518142235124,
    "RIAL": 0.3830769230769231,
    "RIAR": 0.41092436974789914,
    "RIBL": 0.0,
    "RIBR": 0.0,
    "RICL": 0.30984555984555984,
    "RICR": 0.29914529914529914,
    "RID": 0.27325581395348836,
    "RIFL": 0.336734693877551,
    "RIFR": 0.26799557032115173,
    "RIGL": 0.22852983988355166,
    "RIGR": 0.2661968188283978,
    "RIH": 0.0,
    "RIML": 0.20998292190653625,
    "RIMR": 0.18902344356466388,
    "RIPL": 0.0,
    "RIPR": 0.0,
    "RIR": 0.0,
    "RIS": 0.16649048625792812,
    "RIVL": 0.29390420899854863,
    "RIVR": 0.30505050505050507,
    "RMDDL": 0.0,
    "RMDDR": 0.0,
    "RMDL": 0.0,
    "RMDR": 0.0,
    "RMDVL": 0.0,
    "RMDVR": 0.0,
    "RMED": 0.27082720047100384,
    "RMEL": 0.23733367451381782,
    "RMER": 0.23487204018177468,
    "RMEV": 0.24635404980928877,
    "RMFL": 0.0,
    "RMFR": 0.0,
    "RMGL": 0.19675414929278065,
    "RMGR": 0.2090707145501666,
    "RMHL": 0.0,
    "RMHR": 0.0,
    "SAADL": 0.2654490868151113,
    "SAADR": 0.2612669003505258,
    "SAAVL": 0.24154334038054967,
    "SAAVR": 0.1945031712473573,
    "SABD": 0.3384146341463415,
    "SABVL": 0.3341269841269841,
    "SABVR": 0.3416389811738649,
    "SDQL": 0.38461538461538464,
    "SDQR": 0.30336700336700334,
    "SIADL": 0.24207188160676532,
    "SIADR": 0.21775898520084566,
    "SIAVL": 0.26109936575052856,
    "SIAVR": 0.23150105708245244,
    "SIBDL": 0.0,
    "SIBDR": 0.0,
    "SIBVL": 0.0,
    "SIBVR": 0.0,
    "SMBDL": 0.30782669461914747,
    "SMBDR": 0.33265856950067474,
    "SMBVL": 0.0,
    "SMBVR": 0.0,
    "SMDDL": 0.0,
    "SMDDR": 0.0,
    "SMDVL": 0.0,
    "SMDVR": 0.0,
    "URADL": 0.1752393980848153,
    "URADR": 0.22667578659370724,
    "URAVL": 0.19917920656634747,
    "URAVR": 0.1875512995896033,
    "URBL": 0.0,
    "URBR": 0.0,
    "URXL": 0.22146770143802785,
    "URXR": 0.22072465349776274,
    "URYDL": 0.3269230769230769,
    "URYDR": 0.3040816326530612,
    "URYVL": 0.2937254901960784,
    "URYVR": 0.2777777777777778,
    "VA1": 0.5333333333333333,
    "VA10": 0.44166666666666665,
    "VA11": 0.40476190476190477,
    "VA12": 0.41830065359477125,
    "VA2": 0.46881720430107526,
    "VA3": 0.4,
    "VA4": 0.39215686274509803,
    "VA5": 0.42073170731707316,
    "VA6": 0.38095238095238093,
    "VA7": 0.55,
    "VA8": 0.4083333333333333,
    "VA9": 0.3761904761904762,
    "VB1": 0.3,
    "VB10": 0.3616600790513834,
    "VB11": 0.35,
    "VB2": 0.4,
    "VB3": 0.6,
    "VB4": 0.4095238095238095,
    "VB5": 0.36711711711711714,
    "VB6": 0.3392857142857143,