{
  "clustering_coefficients": {
    "ADAL": 0.18604651162790697,
    "ADAR": 0.18796992481203006,
    "ADEL": 0.0869590780809031,
    "ADER": 0.09156301042844578,
    "ADFL": 0.041945506692160614,
    "ADFR": 0.08037383177570094,
    "ADLL": 0.21524064171122995,
    "ADLR": 0.2976190476190476,
    "AFDL": 0.28846153846153844,
    "AFDR": 0.24666666666666667,
    "AIAL": 0.24876543209876542,
    "AIAR": 0.2583841463414634,
    "AIBL": 0.16639209225700163,
    "AIBR": 0.1907333712336555,
    "AIML": 0.2510822510822511,
    "AIMR": 0.2589641434262948,
    "AINL": 0.20945945945945946,
    "AINR": 0.17424242424242425,
    "AIYL": 0.24608150470219436,
    "AIYR": 0.3154981549815498,
    "AIZL": 0.2713178294573643,
    "AIZR": 0.2758152173913043,
    "ALA": 0.22857142857142856,
    "ALML": 0.26344086021505375,
    "ALMR": 0.39080459770114945,
    "ALNL": 0.23026315789473684,
    "ALNR": 0.30952380952380953,
    "AQR": 0.2851758793969849,
    "AS1": 0.3766519823788546,
    "AS10": 0.48507462686567165,
    "AS11": 0.3058510638297872,
    "AS2": 0.3,
    "AS3": 0.3436123348017621,
    "AS4": 0.41534391534391535,
    "AS5": 0.35733333333333334,
    "AS6": 0.4135593220338983,
    "AS7": 0.40860215053763443,
    "AS8": 0.46511627906976744,
    "AS9": 0.3392857142857143,
    "ASEL": 0.28939828080229224,
    "ASER": 0.3014256619144603,
    "ASGL": 0.38721804511278196,
    "ASGR": 0.3333333333333333,
    "ASHL": 0.2796934865900383,
    "ASHR": 0.22014388489208633,
    "ASIL": 0.30597014925373134,
    "ASIR": 0.3592233009708738,
    "ASJL": 0.4230769230769231,
    "ASJR": 0.4,
    "ASKL": 0.3015625,
    "ASKR": 0.3022222222222222,
    "AUAL": 0.18446601941747573,
    "AUAR": 0.2599502487562189,
    "AVAL": 0.09482467019957154,
    "AVAR": 0.11647972389991372,
    "AVBL": 0.11755146262188516,
    "AVBR": 0.11011743450767841,
    "AVDL": 0.17412746585735964,
    "AVDR": 0.15167095115681234,
    "AVEL": 0.16613588110403396,
    "AVER": 0.16752312435765673,
    "AVFL": 0.2897111913357401,
    "AVFR": 0.27428057553956836,
    "AVG": 0.20404984423676012,
    "AVHL": 0.19385796545105566,
    "AVHR": 0.18761220825852784,
    "AVJL": 0.26096687555953446,
    "AVJR": 0.2699594046008119,
    "AVKL": 0.20125091979396614,
    "AVKR": 0.23593466424682397,
    "AVL": 0.15128593040847202,
    "AVM": 0.24196277495769883,
    "AWAL": 0.19047619047619047,
    "AWAR": 0.2,
    "AWBL": 0.19383259911894274,
    "AWBR": 0.24125,
    "AWCL": 0.33221476510067116,
    "AWCR": 0.38636363636363635,
    "BAGL": 0.31736526946107785,
    "BAGR": 0.28879310344827586,
    "BDUL": 0.23,
    "BDUR": 0.2768817204301075,
    "CANL": 0.6238095238095238,
    "CANR": 0.5833333333333334,
    "CEPDL": 0.0994604433465514,
    "CEPDR": 0.08562213207421693,
    "CEPVL": 0.09000884775062955,
    "CEPVR": 0.09641882230599245,
    "DA1": 0.3326612903225806,
    "DA2": 0.3032581453634085,
    "DA3": 0.34358288770053474,
    "DA4": 0.3146853146853147,
    "DA5": 0.3559322033898305,
    "DA6": 0.34951456310679613,
    "DA7": 0.49230769230769234,
    "DA8": 0.3029197080291971,
    "DA9": 0.24669603524229075,
    "DB1": 0.1976470588235294,
    "DB2": 0.31218905472636815,
    "DB3": 0.29239130434782606,
    "DB4": 0.3275,
    "DB5": 0.43201754385964913,
    "DB6": 0.37967914438502676,
    "DB7": 0.39403973509933776,
    "DD1": 0.24355300859598855,
    "DD2": 0.24416517055655296,
    "DD3": 0.28856382978723405,
    "DD4": 0.3181818181818182,
    "DD5": 0.4174757281553398,
    "DD6": 0.31985294117647056,
    "DVA": 0.1723804925156929,
    "DVB": 0.1206896551724138,
    "DVC": 0.2122060470324748,
    "FLPL": 0.32122093023255816,
    "FLPR": 0.34454756380510443,
    "HSNL": 0.12129318251299297,
    "HSNR": 0.09555678211673796,
    "I1L": 0.3313458262350937,
    "I1R": 0.34386281588447654,
    "I2L": 0.45394736842105265,
    "I2R": 0.4583333333333333,
    "I3": 0.47058823529411764,
    "I4": 0.4,
    "I5": 0.4956521739130435,
    "I6": 0.3323353293413174,
    "IL1DL": 0.2239884393063584,
    "IL1DR": 0.23484848484848486,
    "IL1L": 0.28125,
    "IL1R": 0.19230769230769232,
    "IL1VL": 0.18120805369127516,
    "IL1VR": 0.23092369477911648,
    "IL2DL": 0.2571428571428571,
    "IL2DR": 0.3588235294117647,
    "IL2L": 0.32608695652173914,
    "IL2R": 0.27102803738317754,
    "IL2VL": 0.21666666666666667,
    "IL2VR": 0.27647058823529413,
    "LUAL": 0.2793522267206478,
    "LUAR": 0.41081081081081083,
    "M1": 0.38596491228070173,
    "M2L": 0.4268292682926829,
    "M2R": 0.44962216624685136,
    "M3L": 0.4711864406779661,
    "M3R": 0.4450402144772118,
    "M4": 0.4796875,
    "M5": 0.46654275092936803,
    "MCL": 0.45202952029520294,
    "MCR": 0.4542372881355932,
    "MI": 0.5227272727272727,
    "NSML": 0.1282418001525553,
    "NSMR": 0.12397979012825495,
    "OLLL": 0.22372881355932203,
    "OLLR": 0.1927570093457944,
    "OLQDL": 0.25663716814159293,
    "OLQDR": 0.27375,
    "OLQVL": 0.21293375394321767,
    "OLQVR": 0.2462962962962963,
    "PDA": 0.24152542372881355,
    "PDB": 0.25,
    "PDEL": 0.10026087569625608,
    "PDER": 0.09197944912230627,
    "PHAL": 0.25842696629213485,
    "PHAR": 0.1953125,
    "PHBL": 0.373015873015873,
    "PHBR": 0.3102189781021898,
    "PHCL": 0.2753303964757709,
    "PHCR": 0.35714285714285715,
    "PLML": 0.3352272727272727,
    "PLMR": 0.3962703962703963,
    "PLNL": 0.3977272727272727,
    "PLNR": 0.3611111111111111,
    "PQR": 0.23694779116465864,
    "PVCL": 0.18666666666666668,
    "PVCR": 0.16038882138517618,
    "PVDL": 0.40131578947368424,
    "PVDR": 0.3904761904761905,
    "PVM": 0.4838709677419355,
    "PVNL": 0.21212121212121213,
    "PVNR": 0.20249520153550865,
    "PVPL": 0.19210977701543738,
    "PVPR": 0.19829059829059828,
    "PVQL": 0.2658959537572254,
    "PVQR": 0.2302118171683389,
    "PVR": 0.17625899280575538,
    "PVT": 0.1990835030549898,
    "PVWL": 0.28703703703703703,
    "PVWR": 0.45,
    "RIAL": 0.20616113744075829,
    "RIAR": 0.21037253469685901,
    "RIBL": 0.19073377234242708,
    "RIBR": 0.2094017094017094,
    "RICL": 0.16924191211974893,
    "RICR": 0.17851458885941646,
    "RID": 0.1810344827586207,
    "RIFL": 0.1828358208955224,
    "RIFR": 0.2850877192982456,
    "RIGL": 0.14353448275862069,
    "RIGR": 0.1752827140549273,
    "RIH": 0.23318385650224216,
    "RIML": 0.10787591354377235,
    "RIMR": 0.10943019505452312,
    "RIPL": 0.14912280701754385,
    "RIPR": 0.10869565217391304,
    "RIR": 0.16473988439306358,
    "RIS": 0.26800748362956034,
    "RIVL": 0.32653061224489793,
    "RIVR": 0.25365853658536586,
    "RMDDL": 0.2922661870503597,
    "RMDDR": 0.23513513513513515,
    "RMDL": 0.2648648648648649,
    "RMDR": 0.2756756756756757,
    "RMDVL": 0.2387459807073955,
    "RMDVR": 0.20491803278688525,
    "RMED": 0.20388349514563106,
    "RMEL": 0.17553191489361702,
    "RMER": 0.23872679045092837,
    "RMEV": 0.15355086372360843,
    "RMFL": 0.27946127946127947,
    "RMFR": 0.430622009569378,
    "RMGL": 0.10461760461760462,
    "RMGR": 0.13200934579439252,
    "RMHL": 0.2798507462686567,
    "RMHR": 0.24260355029585798,
    "SAADL": 0.1650485436893204,
    "SAADR": 0.2185430463576159,
    "SAAVL": 0.19083969465648856,
    "SAAVR": 0.26436781609195403,
    "SABD": 0.33064516129032256,
    "SABVL": 0.3569023569023569,
    "SABVR": 0.4666666666666667,
    "SDQL": 0.3271276595744681,
    "SDQR": 0.20588235294117646,
    "SIADL": 0.4473684210526316,
    "SIADR": 0.48148148148148145,
    "SIAVL": 0.34411764705882353,
    "SIAVR": 0.32592592592592595,
    "SIBDL": 0.5390625,
    "SIBDR": 0.3433333333333333,
    "SIBVL": 0.31365313653136534,
    "SIBVR": 0.31066176470588236,
    "SMBDL": 0.12751677852348994,
    "SMBDR": 0.20631067961165048,
    "SMBVL": 0.078125,
    "SMBVR": 0.13068181818181818,
    "SMDDL": 0.2832764505119454,
    "SMDDR": 0.21875,
    "SMDVL": 0.26985981308411217,
    "SMDVR": 0.26697892271662765,
    "URADL": 0.23809523809523808,
    "URADR": 0.2222222222222222,
    "URAVL": 0.3,
    "URAVR": 0.23809523809523808,