{
  "clustering_coefficients": {
    "ADAL": 0.1872093023255814,
    "ADAR": 0.19548872180451127,
    "ADEL": 0.0800466887824057,
    "ADER": 0.09181286549707603,
    "ADFL": 0.06767652088932323,
    "ADFR": 0.07176896683187191,
    "ADLL": 0.2673716012084592,
    "ADLR": 0.32313829787234044,
    "AFDL": 0.34523809523809523,
    "AFDR": 0.2648809523809524,
    "AIAL": 0.21960072595281308,
    "AIAR": 0.275,
    "AIBL": 0.16552315608919382,
    "AIBR": 0.18675383740761797,
    "AIML": 0.20031055900621117,
    "AIMR": 0.25903614457831325,
    "AINL": 0.22297297297297297,
    "AINR": 0.17424242424242425,
    "AIYL": 0.2630057803468208,
    "AIYR": 0.3820375335120643,
    "AIZL": 0.22033898305084745,
    "AIZR": 0.2704,
    "ALA": 0.24285714285714285,
    "ALML": 0.2540322580645161,
    "ALMR": 0.41317365269461076,
    "ALNL": 0.30177514792899407,
    "ALNR": 0.1858974358974359,
    "AQR": 0.2851758793969849,
    "AS1": 0.3493975903614458,
    "AS10": 0.4491525423728814,
    "AS11": 0.32781456953642385,
    "AS2": 0.30952380952380953,
    "AS3": 0.38006756756756754,
    "AS4": 0.35294117647058826,
    "AS5": 0.334,
    "AS6": 0.43352601156069365,
    "AS7": 0.4032258064516129,
    "AS8": 0.41509433962264153,
    "AS9": 0.31666666666666665,
    "ASEL": 0.2557471264367816,
    "ASER": 0.3034623217922607,
    "ASGL": 0.28205128205128205,
    "ASGR": 0.35353535353535354,
    "ASHL": 0.2739602169981917,
    "ASHR": 0.2512315270935961,
    "ASIL": 0.2913907284768212,
    "ASIR": 0.3841059602649007,
    "ASJL": 0.34615384615384615,
    "ASJR": 0.425,
    "ASKL": 0.26610169491525426,
    "ASKR": 0.28741496598639454,
    "AUAL": 0.2523364485981308,
    "AUAR": 0.28475935828877,
    "AVAL": 0.09544480775735709,
    "AVAR": 0.11674935289042278,
    "AVBL": 0.1152186151247889,
    "AVBR": 0.11336946702800361,
    "AVDL": 0.17412746585735964,
    "AVDR": 0.14910025706940874,
    "AVEL": 0.1624203821656051,
    "AVER": 0.16366906474820145,
    "AVFL": 0.2826530612244898,
    "AVFR": 0.26046511627906976,
    "AVG": 0.20404984423676012,
    "AVHL": 0.2219551282051282,
    "AVHR": 0.18849840255591055,
    "AVJL": 0.25341796875,
    "AVJR": 0.24108416547788872,
    "AVKL": 0.19573215599705665,
    "AVKR": 0.22595281306715065,
    "AVL": 0.17693409742120345,
    "AVM": 0.2594254937163375,
    "AWAL": 0.19047619047619047,
    "AWAR": 0.21621621621621623,
    "AWBL": 0.268,
    "AWBR": 0.245,
    "AWCL": 0.33221476510067116,
    "AWCR": 0.375,
    "BAGL": 0.34139784946236557,
    "BAGR": 0.28378378378378377,
    "BDUL": 0.21568627450980393,
    "BDUR": 0.28634361233480177,
    "CANL": 0.5666666666666667,
    "CANR": 0.55,
    "CEPDL": 0.09212296515538813,
    "CEPDR": 0.08630893011503424,
    "CEPVL": 0.10101587728740581,
    "CEPVR": 0.0870403617261786,
    "DA1": 0.3020231213872832,
    "DA2": 0.26746724890829693,
    "DA3": 0.3210412147505423,
    "DA4": 0.3175,
    "DA5": 0.37298387096774194,
    "DA6": 0.38503649635036497,
    "DA7": 0.42777777777777776,
    "DA8": 0.3102189781021898,
    "DA9": 0.30974477958236657,
    "DB1": 0.2323049001814882,
    "DB2": 0.3146417445482866,
    "DB3": 0.29624664879356566,
    "DB4": 0.31851851851851853,
    "DB5": 0.4276094276094276,
    "DB6": 0.45652173913043476,
    "DB7": 0.3708609271523179,
    "DD1": 0.2239208633093525,
    "DD2": 0.21946564885496184,
    "DD3": 0.2561881188118812,
    "DD4": 0.32967032967032966,
    "DD5": 0.47019867549668876,
    "DD6": 0.4052631578947368,
    "DVA": 0.1669157947184853,
    "DVB": 0.1206896551724138,
    "DVC": 0.20270270270270271,
    "FLPL": 0.3002336448598131,
    "FLPR": 0.32215447154471544,
    "HSNL": 0.12205735482950492,
    "HSNR": 0.10607987789366573,
    "I1L": 0.3258992805755396,
    "I1R": 0.3448940269749518,
    "I2L": 0.4838709677419355,
    "I2R": 0.5053763440860215,
    "I3": 0.44043887147335425,
    "I4": 0.392,
    "I5": 0.5173913043478261,
    "I6": 0.43612334801762115,
    "IL1DL": 0.1716867469879518,
    "IL1DR": 0.19827586206896552,
    "IL1L": 0.21610169491525424,
    "IL1R": 0.1897810218978102,
    "IL1VL": 0.16287878787878787,
    "IL1VR": 0.17803030303030304,
    "IL2DL": 0.2803030303030303,
    "IL2DR": 0.3870192307692308,
    "IL2L": 0.28726708074534163,
    "IL2R": 0.25202156334231807,
    "IL2VL": 0.30952380952380953,
    "IL2VR": 0.23026315789473684,
    "LUAL": 0.2511111111111111,
    "LUAR": 0.3614457831325301,
    "M1": 0.361353711790393,
    "M2L": 0.4630541871921182,
    "M2R": 0.44883040935672514,
    "M3L": 0.42485549132947975,
    "M3R": 0.43125,
    "M4": 0.4234375,
    "M5": 0.49261083743842365,
    "MCL": 0.43125,
    "MCR": 0.45161290322580644,
    "MI": 0.5227272727272727,
    "NSML": 0.13561541339319116,
    "NSMR": 0.10644228783811686,
    "OLLL": 0.21033210332103322,
    "OLLR": 0.1927570093457944,
    "OLQDL": 0.26327433628318586,
    "OLQDR": 0.2165991902834008,
    "OLQVL": 0.2776831345826235,
    "OLQVR": 0.26489028213166144,
    "PDA": 0.3727810650887574,
    "PDB": 0.25,
    "PDEL": 0.09722222222222222,
    "PDER": 0.0921315451562277,
    "PHAL": 0.2574626865671642,
    "PHAR": 0.22330097087378642,
    "PHBL": 0.36923076923076925,
    "PHBR": 0.3036912751677852,
    "PHCL": 0.3313253012048193,
    "PHCR": 0.3566666666666667,
    "PLML": 0.3609022556390977,
    "PLMR": 0.3861671469740634,
    "PLNL": 0.4166666666666667,
    "PLNR": 0.3939393939393939,
    "PQR": 0.24496644295302014,
    "PVCL": 0.1642512077294686,
    "PVCR": 0.1701761102603369,
    "PVDL": 0.3783068783068783,
    "PVDR": 0.4199134199134199,
    "PVM": 0.5161290322580645,
    "PVNL": 0.21212121212121213,
    "PVNR": 0.20441458733205375,
    "PVPL": 0.19210977701543738,
    "PVPR": 0.19743589743589743,
    "PVQL": 0.2665706051873199,
    "PVQR": 0.2116212338593974,
    "PVR": 0.15899280575539568,
    "PVT": 0.21714818266542404,
    "PVWL": 0.28703703703703703,
    "PVWR": 0.45,
    "RIAL": 0.2225296442687747,
    "RIAR": 0.20690964312832194,
    "RIBL": 0.1942914371557336,
    "RIBR": 0.23084626940410616,
    "RICL": 0.15340626553953257,
    "RICR": 0.17715419501133786,
    "RID": 0.2287878787878788,
    "RIFL": 0.17164179104477612,
    "RIFR": 0.2850877192982456,
    "RIGL": 0.1478448275862069,
    "RIGR": 0.17205169628432956,
    "RIH": 0.24047085201793722,
    "RIML": 0.10482263850139498,
    "RIMR": 0.12382468349744577,
    "RIPL": 0.1513157894736842,
    "RIPR": 0.10628019323671498,
    "RIR": 0.17630057803468208,
    "RIS": 0.2740286298568507,
    "RIVL": 0.3197278911564626,
    "RIVR": 0.23902439024390243,
    "RMDDL": 0.28967495219885275,
    "RMDDR": 0.2222222222222222,
    "RMDL": 0.25891341256366723,
    "RMDR": 0.2648648648648649,
    "RMDVL": 0.23556231003039513,
    "RMDVR": 0.20422535211267606,
    "RMED": 0.21365638766519823,
    "RMEL": 0.23138297872340424,
    "RMER": 0.23740053050397877,
    "RMEV": 0.1676783004552352,
    "RMFL": 0.26,
    "RMFR": 0.4519230769230769,
    "RMGL": 0.12193362193362194,
    "RMGR": 0.13317757009345793,
    "RMHL": 0.2961165048543689,
    "RMHR": 0.24202127659574468,
    "SAADL": 0.1553398058252427,
    "SAADR": 0.19205298013245034,
    "SAAVL": 0.1984732824427481,
    "SAAVR": 0.23563218390804597,
    "SABD": 0.31736526946107785,
    "SABVL": 0.37969924812030076,
    "SABVR": 0.46,
    "SDQL": 0.29289940828402367,
    "SDQR": 0.20588235294117646,
    "SIADL": 0.45185185185185184,
    "SIADR": 0.48148148148148145,
    "SIAVL": 0.32592592592592595,
    "SIAVR": 0.36554621848739494,
    "SIBDL": 0.5388349514563107,
    "SIBDR": 0.3991228070175439,
    "SIBVL": 0.30677966101694915,
    "SIBVR": 0.3644859813084112,
    "SMBDL": 0.12080536912751678,
    "SMBDR": 0.20388349514563106,
    "SMBVL": 0.09375,
    "SMBVR": 0.14204545454545456,
    "SMDDL": 0.29692832764505117,
    "SMDDR": 0.22261072261072262,
    "SMDVL": 0.2681704260651629,
    "SMDVR": 0.26813880126182965,
    "URADL": 0.2857142857142857,
    "URADR": 0.2361111111111111,
    "URAVL": 0.36666666666666664,
    "URAVR": 0.23809523809523808,