{
  "clustering_coefficients": {
    "ADAL": 0.19069767441860466,
    "ADAR": 0.19298245614035087,
    "ADEL": 0.08821585241271558,
    "ADER": 0.09612957509465712,
    "ADFL": 0.05521032504780115,
    "ADFR": 0.06708595387840671,
    "ADLL": 0.21951219512195122,
    "ADLR": 0.28509719222462204,
    "AFDL": 0.3333333333333333,
    "AFDR": 0.2556818181818182,
    "AIAL": 0.2704367301231803,
    "AIAR": 0.2417695473251029,
    "AIBL": 0.1776917663617171,
    "AIBR": 0.17717528373266078,
    "AIML": 0.24952380952380954,
    "AIMR": 0.26277372262773724,
    "AINL": 0.20945945945945946,
    "AINR": 0.17424242424242425,
    "AIYL": 0.2975871313672922,
    "AIYR": 0.33429394812680113,
    "AIZL": 0.2539454806312769,
    "AIZR": 0.2432,
    "ALA": 0.22857142857142856,
    "ALML": 0.22093023255813954,
    "ALMR": 0.42780748663101603,
    "ALNL": 0.2087378640776699,
    "ALNR": 0.2647058823529412,
    "AQR": 0.2851758793969849,
    "AS1": 0.3392070484581498,
    "AS10": 0.4368932038834951,
    "AS11": 0.23026315789473684,
    "AS2": 0.3689839572192513,
    "AS3": 0.33783783783783783,
    "AS4": 0.3764705882352941,
    "AS5": 0.3647342995169082,
    "AS6": 0.41150442477876104,
    "AS7": 0.5043103448275862,
    "AS8": 0.5754716981132075,
    "AS9": 0.33666666666666667,
    "ASEL": 0.26094890510948904,
    "ASER": 0.28776290630975143,
    "ASGL": 0.36363636363636365,
    "ASGR": 0.36231884057971014,
    "ASHL": 0.272108843537415,
    "ASHR": 0.24316546762589927,
    "ASIL": 0.33774834437086093,
    "ASIR": 0.40145985401459855,
    "ASJL": 0.40384615384615385,
    "ASJR": 0.425,
    "ASKL": 0.36560693641618497,
    "ASKR": 0.3333333333333333,
    "AUAL": 0.263681592039801,
    "AUAR": 0.20608108108108109,
    "AVAL": 0.09674145901454505,
    "AVAR": 0.11831320103537532,
    "AVBL": 0.11418652655282417,
    "AVBR": 0.12073087431693989,
    "AVDL": 0.17412746585735964,
    "AVDR": 0.15038560411311053,
    "AVEL": 0.16427813163481952,
    "AVER": 0.16289825282631037,
    "AVFL": 0.26380368098159507,
    "AVFR": 0.2729124236252546,
    "AVG": 0.20404984423676012,
    "AVHL": 0.2107371794871795,
    "AVHR": 0.18155619596541786,
    "AVJL": 0.2506437768240343,
    "AVJR": 0.2549476135040745,
    "AVKL": 0.19683590875643855,
    "AVKR": 0.22413793103448276,
    "AVL": 0.15625,
    "AVM": 0.228287841191067,
    "AWAL": 0.19047619047619047,
    "AWAR": 0.20270270270270271,
    "AWBL": 0.2748447204968944,
    "AWBR": 0.22318840579710145,
    "AWCL": 0.35570469798657717,
    "AWCR": 0.3997326203208556,
    "BAGL": 0.33557046979865773,
    "BAGR": 0.27181208053691275,
    "BDUL": 0.23308270676691728,
    "BDUR": 0.30174563591022446,
    "CANL": 0.5545454545454546,
    "CANR": 0.42857142857142855,
    "CEPDL": 0.1016508514233719,
    "CEPDR": 0.09096349491322561,
    "CEPVL": 0.08012422360248447,
    "CEPVR": 0.09727291508849253,
    "DA1": 0.3297587131367292,
    "DA2": 0.3142523364485981,
    "DA3": 0.3445273631840796,
    "DA4": 0.3578088578088578,
    "DA5": 0.35910224438902744,
    "DA6": 0.3894230769230769,
    "DA7": 0.4789915966386555,
    "DA8": 0.3079470198675497,
    "DA9": 0.2900232018561485,
    "DB1": 0.2896103896103896,
    "DB2": 0.3184438040345821,
    "DB3": 0.316,
    "DB4": 0.35,
    "DB5": 0.4924812030075188,
    "DB6": 0.3541666666666667,
    "DB7": 0.3870192307692308,
    "DD1": 0.2703804347826087,
    "DD2": 0.23688663282571912,
    "DD3": 0.2712765957446808,
    "DD4": 0.28342245989304815,
    "DD5": 0.3940677966101695,
    "DD6": 0.4215686274509804,
    "DVA": 0.18094569288389514,
    "DVB": 0.1206896551724138,
    "DVC": 0.21210340775558167,
    "FLPL": 0.3598130841121495,
    "FLPR": 0.3729946524064171,
    "HSNL": 0.10426214482126489,
    "HSNR": 0.0860031512605042,
    "I1L": 0.33986371379897784,
    "I1R": 0.3399638336347197,
    "I2L": 0.45387453874538747,
    "I2R": 0.38235294117647056,
    "I3": 0.4559322033898305,
    "I4": 0.4141791044776119,
    "I5": 0.48695652173913045,
    "I6": 0.4423676012461059,
    "IL1DL": 0.15060240963855423,
    "IL1DR": 0.2215568862275449,
    "IL1L": 0.21301775147928995,
    "IL1R": 0.20305676855895197,
    "IL1VL": 0.19696969696969696,
    "IL1VR": 0.2181208053691275,
    "IL2DL": 0.3654970760233918,
    "IL2DR": 0.332089552238806,
    "IL2L": 0.2974137931034483,
    "IL2R": 0.23934837092731828,
    "IL2VL": 0.3038277511961722,
    "IL2VR": 0.3038277511961722,
    "LUAL": 0.2608695652173913,
    "LUAR": 0.39114391143911437,
    "M1": 0.3132832080200501,
    "M2L": 0.4344262295081967,
    "M2R": 0.41811175337186895,
    "M3L": 0.4383378016085791,
    "M3R": 0.4407514450867052,
    "M4": 0.4959677419354839,
    "M5": 0.49085365853658536,
    "MCL": 0.4359375,
    "MCR": 0.48672566371681414,
    "MI": 0.5227272727272727,
    "NSML": 0.13676127527216175,
    "NSMR": 0.13263321664721897,
    "OLLL": 0.2234375,
    "OLLR": 0.18922305764411027,
    "OLQDL": 0.2949061662198391,
    "OLQDR": 0.20850202429149797,
    "OLQVL": 0.1952054794520548,
    "OLQVR": 0.2523364485981308,
    "PDA": 0.30177514792899407,
    "PDB": 0.25,
    "PDEL": 0.10496100519930676,
    "PDER": 0.09659303631598652,
    "PHAL": 0.2473404255319149,
    "PHAR": 0.21641791044776118,
    "PHBL": 0.35064935064935066,
    "PHBR": 0.2913907284768212,
    "PHCL": 0.28398058252427183,
    "PHCR": 0.3233333333333333,
    "PLML": 0.2903225806451613,
    "PLMR": 0.41911764705882354,
    "PLNL": 0.34285714285714286,
    "PLNR": 0.4,
    "PQR": 0.2555147058823529,
    "PVCL": 0.15990338164251208,
    "PVCR": 0.15839933305543977,
    "PVDL": 0.3605769230769231,
    "PVDR": 0.41544117647058826,
    "PVM": 0.45161290322580644,
    "PVNL": 0.21212121212121213,
    "PVNR": 0.20057581573896352,
    "PVPL": 0.19210977701543738,
    "PVPR": 0.19914529914529913,
    "PVQL": 0.23121387283236994,
    "PVQR": 0.21382428940568476,
    "PVR": 0.16402877697841728,
    "PVT": 0.1961789375582479,
    "PVWL": 0.28703703703703703,
    "PVWR": 0.45,
    "RIAL": 0.2205761316872428,
    "RIAR": 0.2060744611365121,
    "RIBL": 0.19073377234242708,
    "RIBR": 0.20844837106570954,
    "RICL": 0.15154349859681945,
    "RICR": 0.15137857900318133,
    "RID": 0.16433566433566432,
    "RIFL": 0.19402985074626866,
    "RIFR": 0.2850877192982456,
    "RIGL": 0.14870689655172414,
    "RIGR": 0.17447495961227788,
    "RIH": 0.24103139013452915,
    "RIML": 0.10408830744071954,
    "RIMR": 0.10773561453535133,
    "RIPL": 0.15570175438596492,
    "RIPR": 0.10869565217391304,
    "RIR": 0.15895953757225434,
    "RIS": 0.265993265993266,
    "RIVL": 0.3231292517006803,
    "RIVR": 0.24634146341463414,
    "RMDDL": 0.296,
    "RMDDR": 0.205,
    "RMDL": 0.28435374149659864,
    "RMDR": 0.2612244897959184,
    "RMDVL": 0.21609403254972875,
    "RMDVR": 0.1835278858625162,
    "RMED": 0.1935483870967742,
    "RMEL": 0.2902684563758389,
    "RMER": 0.28703703703703703,
    "RMEV": 0.17744252873563218,
    "RMFL": 0.2729528535980149,
    "RMFR": 0.4567307692307692,
    "RMGL": 0.1111111111111111,
    "RMGR": 0.13200934579439252,
    "RMHL": 0.24719101123595505,
    "RMHR": 0.27091633466135456,
    "SAADL": 0.16019417475728157,
    "SAADR": 0.17880794701986755,
    "SAAVL": 0.16793893129770993,
    "SAAVR": 0.2471264367816092,
    "SABD": 0.34563758389261745,
    "SABVL": 0.36666666666666664,
    "SABVR": 0.4602272727272727,
    "SDQL": 0.2542372881355932,
    "SDQR": 0.23703703703703705,
    "SIADL": 0.4495798319327731,
    "SIADR": 0.5795454545454546,
    "SIAVL": 0.36554621848739494,
    "SIAVR": 0.37777777777777777,
    "SIBDL": 0.6029411764705882,
    "SIBDR": 0.38461538461538464,
    "SIBVL": 0.3265895953757225,
    "SIBVR": 0.3039647577092511,
    "SMBDL": 0.12080536912751678,
    "SMBDR": 0.21359223300970873,
    "SMBVL": 0.0859375,
    "SMBVR": 0.14204545454545456,
    "SMDDL": 0.28773584905660377,
    "SMDDR": 0.22377622377622378,
    "SMDVL": 0.23270440251572327,
    "SMDVR": 0.2594594594594595,
    "URADL": 0.2857142857142857,
    "URADR": 0.2222222222222222,
    "URAVL": 0.4,