{
  "clustering_coefficients": {
    "ADAL": 0.18604651162790697,
    "ADAR": 0.18671679197994986,
    "ADEL": 0.09221944840703757,
    "ADER": 0.09991397320879931,
    "ADFL": 0.08317399617590822,
    "ADFR": 0.08215783454060237,
    "ADLL": 0.2347560975609756,
    "ADLR": 0.23705179282868527,
    "AFDL": 0.28846153846153844,
    "AFDR": 0.2222222222222222,
    "AIAL": 0.2526439482961222,
    "AIAR": 0.2397119341563786,
    "AIBL": 0.19776119402985073,
    "AIBR": 0.1853720050441362,
    "AIML": 0.20146520146520147,
    "AIMR": 0.28530259365994237,
    "AINL": 0.22297297297297297,
    "AINR": 0.17424242424242425,
    "AIYL": 0.29022403258655805,
    "AIYR": 0.37433155080213903,
    "AIZL": 0.2771317829457364,
    "AIZR": 0.2704447632711621,
    "ALA": 0.2571428571428571,
    "ALML": 0.21495327102803738,
    "ALMR": 0.43010752688172044,
    "ALNL": 0.2692307692307692,
    "ALNR": 0.2689075630252101,
    "AQR": 0.2851758793969849,
    "AS1": 0.3713592233009709,
    "AS10": 0.39349112426035504,
    "AS11": 0.3305084745762712,
    "AS2": 0.348,
    "AS3": 0.3414985590778098,
    "AS4": 0.36134453781512604,
    "AS5": 0.37545787545787546,
    "AS6": 0.375609756097561,
    "AS7": 0.4810606060606061,
    "AS8": 0.48507462686567165,
    "AS9": 0.3164251207729469,
    "ASEL": 0.3213399503722084,
    "ASER": 0.2820267686424474,
    "ASGL": 0.35526315789473684,
    "ASGR": 0.35119047619047616,
    "ASHL": 0.2881219903691814,
    "ASHR": 0.25194300518134716,
    "ASIL": 0.34269662921348315,
    "ASIR": 0.378698224852071,
    "ASJL": 0.38461538461538464,
    "ASJR": 0.4,
    "ASKL": 0.325,
    "ASKR": 0.3056426332288401,
    "AUAL": 0.24064171122994651,
    "AUAR": 0.2680115273775216,
    "AVAL": 0.09696696358101252,
    "AVAR": 0.11761216566005177,
    "AVBL": 0.11021814006888633,
    "AVBR": 0.12271604938271605,
    "AVDL": 0.17412746585735964,
    "AVDR": 0.15012853470437018,
    "AVEL": 0.1685244161358811,
    "AVER": 0.1672661870503597,
    "AVFL": 0.2860394537177542,
    "AVFR": 0.27346938775510204,
    "AVG": 0.20404984423676012,
    "AVHL": 0.19795918367346937,
    "AVHR": 0.17647058823529413,
    "AVJL": 0.2542056074766355,
    "AVJR": 0.2598105548037889,
    "AVKL": 0.20088300220750552,
    "AVKR": 0.23321234119782214,
    "AVL": 0.17255434782608695,
    "AVM": 0.23759541984732824,
    "AWAL": 0.19047619047619047,
    "AWAR": 0.20270270270270271,
    "AWBL": 0.2533783783783784,
    "AWBR": 0.25625,
    "AWCL": 0.3422818791946309,
    "AWCR": 0.3733108108108108,
    "BAGL": 0.3172043010752688,
    "BAGR": 0.2916666666666667,
    "BDUL": 0.21390374331550802,
    "BDUR": 0.2651006711409396,
    "CANL": 0.6545454545454545,
    "CANR": 0.6111111111111112,
    "CEPDL": 0.0868702495459743,
    "CEPDR": 0.08680186170212766,
    "CEPVL": 0.08560704489678071,
    "CEPVR": 0.0935819778125638,
    "DA1": 0.3266832917705736,
    "DA2": 0.30952380952380953,
    "DA3": 0.2719594594594595,
    "DA4": 0.31875,
    "DA5": 0.3528225806451613,
    "DA6": 0.35447761194029853,
    "DA7": 0.4431818181818182,
    "DA8": 0.2816593886462882,
    "DA9": 0.29750778816199375,
    "DB1": 0.25096525096525096,
    "DB2": 0.30062305295950154,
    "DB3": 0.26807980049875313,
    "DB4": 0.31048387096774194,
    "DB5": 0.4633333333333333,
    "DB6": 0.4572192513368984,
    "DB7": 0.3940677966101695,
    "DD1": 0.21223709369024857,
    "DD2": 0.21366594360086769,
    "DD3": 0.25077399380804954,
    "DD4": 0.34299516908212563,
    "DD5": 0.4349112426035503,
    "DD6": 0.3654970760233918,
    "DVA": 0.16932084309133488,
    "DVB": 0.1206896551724138,
    "DVC": 0.23138297872340424,
    "FLPL": 0.34962406015037595,
    "FLPR": 0.37538940809968846,
    "HSNL": 0.08448775773195877,
    "HSNR": 0.09842228522124985,
    "I1L": 0.310838445807771,
    "I1R": 0.3192307692307692,
    "I2L": 0.44017094017094016,
    "I2R": 0.3709677419354839,
    "I3": 0.3803763440860215,
    "I4": 0.41369047619047616,
    "I5": 0.48695652173913045,
    "I6": 0.41047297297297297,
    "IL1DL": 0.1566265060240964,
    "IL1DR": 0.1896551724137931,
    "IL1L": 0.21359223300970873,
    "IL1R": 0.199203187250996,
    "IL1VL": 0.15346534653465346,
    "IL1VR": 0.1912751677852349,
    "IL2DL": 0.2647058823529412,
    "IL2DR": 0.27310924369747897,
    "IL2L": 0.34770114942528735,
    "IL2R": 0.26635514018691586,
    "IL2VL": 0.30434782608695654,
    "IL2VR": 0.3323529411764706,
    "LUAL": 0.2891156462585034,
    "LUAR": 0.38125,
    "M1": 0.34210526315789475,
    "M2L": 0.3789308176100629,
    "M2R": 0.4444444444444444,
    "M3L": 0.4376558603491272,
    "M3R": 0.4249329758713137,
    "M4": 0.5,
    "M5": 0.44981412639405205,
    "MCL": 0.4637096774193548,
    "MCR": 0.430635838150289,
    "MI": 0.5227272727272727,
    "NSML": 0.10598849890937934,
    "NSMR": 0.09987868985038414,
    "OLLL": 0.22254335260115607,
    "OLLR": 0.18059299191374664,
    "OLQDL": 0.19690265486725664,
    "OLQDR": 0.2619047619047619,
    "OLQVL": 0.23618090452261306,
    "OLQVR": 0.27124183006535946,
    "PDA": 0.2847682119205298,
    "PDB": 0.25,
    "PDEL": 0.10214785214785214,
    "PDER": 0.10405834777585211,
    "PHAL": 0.25496688741721857,
    "PHAR": 0.21875,
    "PHBL": 0.2894736842105263,
    "PHBR": 0.3288590604026846,
    "PHCL": 0.2922297297297297,
    "PHCR": 0.37797619047619047,
    "PLML": 0.32905982905982906,
    "PLMR": 0.40875,
    "PLNL": 0.37777777777777777,
    "PLNR": 0.37777777777777777,
    "PQR": 0.2554517133956386,
    "PVCL": 0.1680222602739726,
    "PVCR": 0.1770569046756071,
    "PVDL": 0.4473684210526316,
    "PVDR": 0.39166666666666666,
    "PVM": 0.4838709677419355,
    "PVNL": 0.21212121212121213,
    "PVNR": 0.19865642994241842,
    "PVPL": 0.19210977701543738,
    "PVPR": 0.20085470085470086,
    "PVQL": 0.2482598607888631,
    "PVQR": 0.20803443328550933,
    "PVR": 0.16330935251798562,
    "PVT": 0.1989748369058714,
    "PVWL": 0.28703703703703703,
    "PVWR": 0.45,
    "RIAL": 0.21379605826906597,
    "RIAR": 0.2046070460704607,
    "RIBL": 0.20366886171213547,
    "RIBR": 0.22905894519131334,
    "RICL": 0.15825151940158952,
    "RICR": 0.1395076201641266,
    "RID": 0.2219551282051282,
    "RIFL": 0.16417910447761194,
    "RIFR": 0.2807017543859649,
    "RIGL": 0.15,
    "RIGR": 0.1777059773828756,
    "RIH": 0.24159192825112108,
    "RIML": 0.10039929355755202,
    "RIMR": 0.11975725917959748,
    "RIPL": 0.13596491228070176,
    "RIPR": 0.10386473429951691,
    "RIR": 0.17341040462427745,
    "RIS": 0.28345250255362614,
    "RIVL": 0.3333333333333333,
    "RIVR": 0.25121951219512195,
    "RMDDL": 0.2769857433808554,
    "RMDDR": 0.21895424836601307,
    "RMDL": 0.2624521072796935,
    "RMDR": 0.2708333333333333,
    "RMDVL": 0.227427597955707,
    "RMDVR": 0.2097118463180363,
    "RMED": 0.1820388349514563,
    "RMEL": 0.2678018575851393,
    "RMER": 0.20363636363636364,
    "RMEV": 0.15569823434991975,
    "RMFL": 0.2719298245614035,
    "RMFR": 0.43915343915343913,
    "RMGL": 0.11183261183261184,
    "RMGR": 0.1366822429906542,
    "RMHL": 0.27184466019417475,
    "RMHR": 0.2956730769230769,
    "SAADL": 0.16019417475728157,
    "SAADR": 0.1986754966887417,
    "SAAVL": 0.19083969465648856,
    "SAAVR": 0.25862068965517243,
    "SABD": 0.31925675675675674,
    "SABVL": 0.3383458646616541,
    "SABVR": 0.3618421052631579,
    "SDQL": 0.19902912621359223,
    "SDQR": 0.20666666666666667,
    "SIADL": 0.45723684210526316,
    "SIADR": 0.6038961038961039,
    "SIAVL": 0.35555555555555557,
    "SIAVR": 0.3025210084033613,
    "SIBDL": 0.5197368421052632,
    "SIBDR": 0.3609022556390977,
    "SIBVL": 0.3030973451327434,
    "SIBVR": 0.2768817204301075,
    "SMBDL": 0.12751677852348994,
    "SMBDR": 0.19902912621359223,
    "SMBVL": 0.09375,
    "SMBVR": 0.13636363636363635,
    "SMDDL": 0.3210633946830266,
    "SMDDR": 0.24954954954954955,
    "SMDVL": 0.2468553459119497,
    "SMDVR": 0.27287066246056785,
    "URADL": 0.23809523809523808,
    "URADR": 0.20833333333333334,
    "URAVL": 0.43333333333333335,