{
  "clustering_coefficients": {
    "ADAL": 0.1872093023255814,
    "ADAR": 0.19674185463659147,
    "ADEL": 0.0979727721300755,
    "ADER": 0.10361397249237497,
    "ADFL": 0.07048984468339307,
    "ADFR": 0.06886117733357784,
    "ADLL": 0.22621184919210055,
    "ADLR": 0.24278846153846154,
    "AFDL": 0.34523809523809523,
    "AFDR": 0.312,
    "AIAL": 0.24008207934336526,
    "AIAR": 0.24279835390946503,
    "AIBL": 0.19330985915492957,
    "AIBR": 0.18517350157728707,
    "AIML": 0.22106481481481483,
    "AIMR": 0.2474747474747475,
    "AINL": 0.20945945945945946,
    "AINR": 0.17424242424242425,
    "AIYL": 0.27,
    "AIYR": 0.3445040214477212,
    "AIZL": 0.2448,
    "AIZR": 0.27906976744186046,
    "ALA": 0.2571428571428571,
    "ALML": 0.2400932400932401,
    "ALMR": 0.45209580838323354,
    "ALNL": 0.18421052631578946,
    "ALNR": 0.2833333333333333,
    "AQR": 0.2851758793969849,
    "AS1": 0.3382352941176471,
    "AS10": 0.3841059602649007,
    "AS11": 0.2869822485207101,
    "AS2": 0.34937888198757766,
    "AS3": 0.33455882352941174,
    "AS4": 0.38995215311004783,
    "AS5": 0.32967032967032966,
    "AS6": 0.3929889298892989,
    "AS7": 0.43103448275862066,
    "AS8": 0.48314606741573035,
    "AS9": 0.3284313725490196,
    "ASEL": 0.26693227091633465,
    "ASER": 0.28818737270875766,
    "ASGL": 0.34759358288770054,
    "ASGR": 0.372,
    "ASHL": 0.265224358974359,
    "ASHR": 0.2605633802816901,
    "ASIL": 0.37259615384615385,
    "ASIR": 0.3651685393258427,
    "ASJL": 0.38461538461538464,
    "ASJR": 0.4,
    "ASKL": 0.32947976878612717,
    "ASKR": 0.3118279569892473,
    "AUAL": 0.2616822429906542,
    "AUAR": 0.2635574837310195,
    "AVAL": 0.09493742248280528,
    "AVAR": 0.11507765314926661,
    "AVBL": 0.11531244135860387,
    "AVBR": 0.12117258176757133,
    "AVDL": 0.17412746585735964,
    "AVDR": 0.15012853470437018,
    "AVEL": 0.16613588110403396,
    "AVER": 0.1685508735868448,
    "AVFL": 0.2595367847411444,
    "AVFR": 0.25813953488372093,
    "AVG": 0.20404984423676012,
    "AVHL": 0.1890595009596929,
    "AVHR": 0.18716577540106952,
    "AVJL": 0.25146484375,
    "AVJR": 0.25244498777506114,
    "AVKL": 0.19720382634289918,
    "AVKR": 0.24047186932849365,
    "AVL": 0.15625,
    "AVM": 0.2612208258527828,
    "AWAL": 0.19047619047619047,
    "AWAR": 0.20810810810810812,
    "AWBL": 0.2236842105263158,
    "AWBR": 0.25625,
    "AWCL": 0.344311377245509,
    "AWCR": 0.34290540540540543,
    "BAGL": 0.3522727272727273,
    "BAGR": 0.2768817204301075,
    "BDUL": 0.17613636363636365,
    "BDUR": 0.2934131736526946,
    "CANL": 0.45555555555555555,
    "CANR": 0.48214285714285715,
    "CEPDL": 0.09265102215210676,
    "CEPDR": 0.09443650071493566,
    "CEPVL": 0.08714010240042556,
    "CEPVR": 0.08517287234042553,
    "DA1": 0.3474576271186441,
    "DA2": 0.2985685071574642,
    "DA3": 0.3384201077199282,
    "DA4": 0.32570806100217864,
    "DA5": 0.3690773067331671,
    "DA6": 0.34911242603550297,
    "DA7": 0.48148148148148145,
    "DA8": 0.2765957446808511,
    "DA9": 0.2665706051873199,
    "DB1": 0.24588477366255143,
    "DB2": 0.32219251336898397,
    "DB3": 0.29732313575525815,
    "DB4": 0.3296296296296296,
    "DB5": 0.41304347826086957,
    "DB6": 0.4468599033816425,
    "DB7": 0.3347457627118644,
    "DD1": 0.251434034416826,
    "DD2": 0.24619289340101522,
    "DD3": 0.22445820433436534,
    "DD4": 0.3076923076923077,
    "DD5": 0.4141791044776119,
    "DD6": 0.3333333333333333,
    "DVA": 0.18262626262626264,
    "DVB": 0.1206896551724138,
    "DVC": 0.2278048780487805,
    "FLPL": 0.36098130841121495,
    "FLPR": 0.3676789587852495,
    "HSNL": 0.09434682964094729,
    "HSNR": 0.08834305875966889,
    "I1L": 0.32981220657276994,
    "I1R": 0.30902111324376197,
    "I2L": 0.40476190476190477,
    "I2R": 0.4560975609756098,
    "I3": 0.4225092250922509,
    "I4": 0.39349112426035504,
    "I5": 0.48695652173913045,
    "I6": 0.4128787878787879,
    "IL1DL": 0.18951612903225806,
    "IL1DR": 0.21844660194174756,
    "IL1L": 0.27393617021276595,
    "IL1R": 0.1971153846153846,
    "IL1VL": 0.16810344827586207,
    "IL1VR": 0.2554517133956386,
    "IL2DL": 0.3125,
    "IL2DR": 0.3735294117647059,
    "IL2L": 0.2826086956521739,
    "IL2R": 0.23605947955390336,
    "IL2VL": 0.2804232804232804,
    "IL2VR": 0.3253968253968254,
    "LUAL": 0.2636363636363636,
    "LUAR": 0.36416184971098264,
    "M1": 0.3125,
    "M2L": 0.4371069182389937,
    "M2R": 0.4375,
    "M3L": 0.4390625,
    "M3R": 0.40214477211796246,
    "M4": 0.5,
    "M5": 0.4009433962264151,
    "MCL": 0.4171875,
    "MCR": 0.411864406779661,
    "MI": 0.5227272727272727,
    "NSML": 0.11523652365236524,
    "NSMR": 0.12628767645936664,
    "OLLL": 0.3,
    "OLLR": 0.21378504672897197,
    "OLQDL": 0.23414634146341465,
    "OLQDR": 0.22592592592592592,
    "OLQVL": 0.25,
    "OLQVR": 0.25,
    "PDA": 0.35798816568047337,
    "PDB": 0.25,
    "PDEL": 0.08857248520710059,
    "PDER": 0.08620947817623718,
    "PHAL": 0.271523178807947,
    "PHAR": 0.21710526315789475,
    "PHBL": 0.35384615384615387,
    "PHBR": 0.26158940397350994,
    "PHCL": 0.29955947136563876,
    "PHCR": 0.36333333333333334,
    "PLML": 0.3844086021505376,
    "PLMR": 0.39381720430107525,
    "PLNL": 0.3522727272727273,
    "PLNR": 0.3787878787878788,
    "PQR": 0.24193548387096775,
    "PVCL": 0.16182669789227166,
    "PVCR": 0.16929133858267717,
    "PVDL": 0.4276315789473684,
    "PVDR": 0.39473684210526316,
    "PVM": 0.46774193548387094,
    "PVNL": 0.21212121212121213,
    "PVNR": 0.1948176583493282,
    "PVPL": 0.19210977701543738,
    "PVPR": 0.19743589743589743,
    "PVQL": 0.2829827915869981,
    "PVQR": 0.21020408163265306,
    "PVR": 0.1683453237410072,
    "PVT": 0.2166504381694255,
    "PVWL": 0.28703703703703703,
    "PVWR": 0.45,
    "RIAL": 0.21198568872987478,
    "RIAR": 0.22018970189701897,
    "RIBL": 0.20278284671532848,
    "RIBR": 0.21989651928504234,
    "RICL": 0.16525634644101542,
    "RICR": 0.1750733137829912,
    "RID": 0.199490662139219,
    "RIFL": 0.208955223880597,
    "RIFR": 0.2741228070175439,
    "RIGL": 0.1456896551724138,
    "RIGR": 0.17205169628432956,
    "RIH": 0.23878923766816143,
    "RIML": 0.1029448779260005,
    "RIMR": 0.09948818897637796,
    "RIPL": 0.14035087719298245,
    "RIPR": 0.10144927536231885,
    "RIR": 0.16907514450867053,
    "RIS": 0.2702834799608993,
    "RIVL": 0.3197278911564626,
    "RIVR": 0.24146341463414633,
    "RMDDL": 0.3030592734225621,
    "RMDDR": 0.22988505747126436,
    "RMDL": 0.28766140602582496,
    "RMDR": 0.2642857142857143,
    "RMDVL": 0.2424581005586592,
    "RMDVR": 0.20221948212083848,
    "RMED": 0.18548387096774194,
    "RMEL": 0.23317307692307693,
    "RMER": 0.25,
    "RMEV": 0.14891696750902528,
    "RMFL": 0.24561403508771928,
    "RMFR": 0.47596153846153844,
    "RMGL": 0.11183261183261184,
    "RMGR": 0.12733644859813084,
    "RMHL": 0.24152542372881355,
    "RMHR": 0.2514792899408284,
    "SAADL": 0.1650485436893204,
    "SAADR": 0.2251655629139073,
    "SAAVL": 0.21374045801526717,
    "SAAVR": 0.22988505747126436,
    "SABD": 0.32158590308370044,
    "SABVL": 0.4090909090909091,
    "SABVR": 0.42045454545454547,
    "SDQL": 0.19662921348314608,
    "SDQR": 0.1956521739130435,
    "SIADL": 0.538961038961039,
    "SIADR": 0.4951923076923077,
    "SIAVL": 0.37058823529411766,
    "SIAVR": 0.3445378151260504,
    "SIBDL": 0.5131578947368421,
    "SIBDR": 0.3609625668449198,
    "SIBVL": 0.2921686746987952,
    "SIBVR": 0.3323353293413174,
    "SMBDL": 0.12416107382550336,
    "SMBDR": 0.21359223300970873,
    "SMBVL": 0.078125,
    "SMBVR": 0.14204545454545456,
    "SMDDL": 0.31203007518796994,
    "SMDDR": 0.2648648648648649,
    "SMDVL": 0.24061433447098976,
    "SMDVR": 0.2846153846153846,
    "URADL": 0.21428571428571427,
    "URADR": 0.2361111111111111,
    "URAVL": 0.4,
    "URAVR": 0.2619047619047619,
    "URBL": 0.17647058823529413,
    "URBR": 0.1686746987951807,