{
  "clustering_coefficients": {
    "ADAL": 0.1872093023255814,
    "ADAR": 0.20050125313283207,
    "ADEL": 0.08554294785113763,
    "ADER": 0.07983166281161655,
    "ADFL": 0.06090717792845452,
    "ADFR": 0.07280350676577092,
    "ADLL": 0.23950381679389313,
    "ADLR": 0.2958963282937365,
    "AFDL": 0.31196581196581197,
    "AFDR": 0.2564102564102564,
    "AIAL": 0.24383078730904817,
    "AIAR": 0.24034749034749034,
    "AIBL": 0.17249240121580547,
    "AIBR": 0.1784313725490196,
    "AIML": 0.2342857142857143,
    "AIMR": 0.2685589519650655,
    "AINL": 0.19594594594594594,
    "AINR": 0.17424242424242425,
    "AIYL": 0.28776290630975143,
    "AIYR": 0.3130841121495327,
    "AIZL": 0.224,
    "AIZR": 0.23220338983050848,
    "ALA": 0.21428571428571427,
    "ALML": 0.2296875,
    "ALMR": 0.3722466960352423,
    "ALNL": 0.2872340425531915,
    "ALNR": 0.22039473684210525,
    "AQR": 0.2851758793969849,
    "AS1": 0.3581081081081081,
    "AS10": 0.46710526315789475,
    "AS11": 0.2788844621513944,
    "AS2": 0.28,
    "AS3": 0.36784140969163,
    "AS4": 0.3133971291866029,
    "AS5": 0.35185185185185186,
    "AS6": 0.3892988929889299,
    "AS7": 0.3772455089820359,
    "AS8": 0.38349514563106796,
    "AS9": 0.35294117647058826,
    "ASEL": 0.2516778523489933,
    "ASER": 0.2802325581395349,
    "ASGL": 0.3308270676691729,
    "ASGR": 0.28342245989304815,
    "ASHL": 0.27040816326530615,
    "ASHR": 0.23601637107776263,
    "ASIL": 0.3431952662721893,
    "ASIR": 0.3165680473372781,
    "ASJL": 0.40384615384615385,
    "ASJR": 0.4,
    "ASKL": 0.3284182305630027,
    "ASKR": 0.2796296296296296,
    "AUAL": 0.21507352941176472,
    "AUAR": 0.19937694704049844,
    "AVAL": 0.09538843161574022,
    "AVAR": 0.11701898188093184,
    "AVBL": 0.11623412479293208,
    "AVBR": 0.1128346037936536,
    "AVDL": 0.17412746585735964,
    "AVDR": 0.14961439588688946,
    "AVEL": 0.16533970276008492,
    "AVER": 0.16675231243576566,
    "AVFL": 0.28160919540229884,
    "AVFR": 0.27494908350305497,
    "AVG": 0.20404984423676012,
    "AVHL": 0.19716775599128541,
    "AVHR": 0.18677494199535963,
    "AVJL": 0.2650316455696203,
    "AVJR": 0.24805771365149834,
    "AVKL": 0.1905813097866078,
    "AVKR": 0.23321234119782214,
    "AVL": 0.1703225806451613,
    "AVM": 0.23091603053435114,
    "AWAL": 0.19047619047619047,
    "AWAR": 0.21351351351351353,
    "AWBL": 0.23026315789473684,
    "AWBR": 0.24327956989247312,
    "AWCL": 0.32954545454545453,
    "AWCR": 0.36742424242424243,
    "BAGL": 0.3143712574850299,
    "BAGR": 0.2687224669603524,
    "BDUL": 0.18376068376068377,
    "BDUR": 0.29301075268817206,
    "CANL": 0.5256410256410257,
    "CANR": 0.5164835164835165,
    "CEPDL": 0.08132488158261354,
    "CEPDR": 0.07582330901202919,
    "CEPVL": 0.07192868485635917,
    "CEPVR": 0.07546130542550261,
    "DA1": 0.31501340482573725,
    "DA2": 0.29245283018867924,
    "DA3": 0.339572192513369,
    "DA4": 0.2773892773892774,
    "DA5": 0.36531365313653136,
    "DA6": 0.3675496688741722,
    "DA7": 0.4230769230769231,
    "DA8": 0.22596153846153846,
    "DA9": 0.2647058823529412,
    "DB1": 0.24382716049382716,
    "DB2": 0.29394812680115273,
    "DB3": 0.29651162790697677,
    "DB4": 0.2902097902097902,
    "DB5": 0.40641711229946526,
    "DB6": 0.41,
    "DB7": 0.3609271523178808,
    "DD1": 0.2294455066921606,
    "DD2": 0.20533642691415313,
    "DD3": 0.23267326732673269,
    "DD4": 0.3357487922705314,
    "DD5": 0.41262135922330095,
    "DD6": 0.23809523809523808,
    "DVA": 0.17298689138576778,
    "DVB": 0.1206896551724138,
    "DVC": 0.223155929038282,
    "FLPL": 0.33827493261455527,
    "FLPR": 0.3524945770065076,
    "HSNL": 0.10949081533999355,
    "HSNR": 0.12216040797403802,
    "I1L": 0.30096153846153845,
    "I1R": 0.33001808318264014,
    "I2L": 0.4247787610619469,
    "I2R": 0.4161676646706587,
    "I3": 0.40648379052369077,
    "I4": 0.3757396449704142,
    "I5": 0.508695652173913,
    "I6": 0.4381720430107527,
    "IL1DL": 0.17771084337349397,
    "IL1DR": 0.21287128712871287,
    "IL1L": 0.2903930131004367,
    "IL1R": 0.20192307692307693,
    "IL1VL": 0.19086021505376344,
    "IL1VR": 0.174496644295302,
    "IL2DL": 0.25,
    "IL2DR": 0.35714285714285715,
    "IL2L": 0.28,
    "IL2R": 0.23032629558541268,
    "IL2VL": 0.24411764705882352,
    "IL2VR": 0.25793650793650796,
    "LUAL": 0.2878787878787879,
    "LUAR": 0.375,
    "M1": 0.34156976744186046,
    "M2L": 0.42857142857142855,
    "M2R": 0.42563291139240506,
    "M3L": 0.4155495978552279,
    "M3R": 0.4061662198391421,
    "M4": 0.4945945945945946,
    "M5": 0.4408866995073892,
    "MCL": 0.38873994638069703,
    "MCR": 0.42091152815013405,
    "MI": 0.5227272727272727,
    "NSML": 0.11439252336448598,
    "NSMR": 0.1108302547151468,
    "OLLL": 0.23247232472324722,
    "OLLR": 0.23465703971119134,
    "OLQDL": 0.2073170731707317,
    "OLQDR": 0.2111111111111111,
    "OLQVL": 0.21232876712328766,
    "OLQVR": 0.24898785425101214,
    "PDA": 0.24271844660194175,
    "PDB": 0.25,
    "PDEL": 0.0773474607234198,
    "PDER": 0.09049045301385249,
    "PHAL": 0.28286852589641437,
    "PHAR": 0.23964497041420119,
    "PHBL": 0.29411764705882354,
    "PHBR": 0.2980132450331126,
    "PHCL": 0.2727272727272727,
    "PHCR": 0.33114035087719296,
    "PLML": 0.3203592814371258,
    "PLMR": 0.37875,
    "PLNL": 0.35714285714285715,
    "PLNR": 0.3,
    "PQR": 0.22297297297297297,
    "PVCL": 0.1572463768115942,
    "PVCR": 0.17150837988826817,
    "PVDL": 0.3697478991596639,
    "PVDR": 0.3901098901098901,
    "PVM": 0.46774193548387094,
    "PVNL": 0.21212121212121213,
    "PVNR": 0.1967370441458733,
    "PVPL": 0.19210977701543738,
    "PVPR": 0.19914529914529913,
    "PVQL": 0.28074245939675174,
    "PVQR": 0.22686733556298774,
    "PVR": 0.16258992805755396,
    "PVT": 0.20309168443496803,
    "PVWL": 0.28703703703703703,
    "PVWR": 0.45,
    "RIAL": 0.22371541501976286,
    "RIAR": 0.19866385372714487,
    "RIBL": 0.20119521912350596,
    "RIBR": 0.2219551282051282,
    "RICL": 0.16184273999035215,
    "RICR": 0.15589569160997732,
    "RID": 0.1657088122605364,
    "RIFL": 0.16791044776119404,
    "RIFR": 0.26973684210526316,
    "RIGL": 0.14655172413793102,
    "RIGR": 0.17689822294022617,
    "RIH": 0.2124439461883408,
    "RIML": 0.10611510791366907,
    "RIMR": 0.09294539657233958,
    "RIPL": 0.1337719298245614,
    "RIPR": 0.10628019323671498,
    "RIR": 0.16907514450867053,
    "RIS": 0.25958840037418146,
    "RIVL": 0.3299319727891156,
    "RIVR": 0.25121951219512195,
    "RMDDL": 0.30305755395683454,
    "RMDDR": 0.2357142857142857,
    "RMDL": 0.27884615384615385,
    "RMDR": 0.25510204081632654,
    "RMDVL": 0.23237410071942446,
    "RMDVR": 0.21253822629969418,
    "RMED": 0.19161676646706588,
    "RMEL": 0.20432692307692307,
    "RMER": 0.2191358024691358,
    "RMEV": 0.16666666666666666,
    "RMFL": 0.25333333333333335,
    "RMFR": 0.4185185185185185,
    "RMGL": 0.11616161616161616,
    "RMGR": 0.1366822429906542,
    "RMHL": 0.24253731343283583,
    "RMHR": 0.2251655629139073,
    "SAADL": 0.1650485436893204,
    "SAADR": 0.20198675496688742,
    "SAAVL": 0.20610687022900764,
    "SAAVR": 0.25862068965517243,
    "SABD": 0.32587064676616917,
    "SABVL": 0.3273809523809524,
    "SABVR": 0.4034090909090909,
    "SDQL": 0.1652542372881356,
    "SDQR": 0.20098039215686275,
    "SIADL": 0.5048076923076923,
    "SIADR": 0.453781512605042,
    "SIAVL": 0.3277310924369748,
    "SIAVR": 0.2980769230769231,
    "SIBDL": 0.4788135593220339,
    "SIBDR": 0.39572192513368987,
    "SIBVL": 0.2953125,
    "SIBVR": 0.3370044052863436,
    "SMBDL": 0.12080536912751678,
    "SMBDR": 0.20388349514563106,
    "SMBVL": 0.0703125,
    "SMBVR": 0.14204545454545456,
    "SMDDL": 0.3168604651162791,
    "SMDDR": 0.23877551020408164,
    "SMDVL": 0.26549865229110514,
    "SMDVR": 0.2988338192419825,
    "URADL": 0.21428571428571427,
    "URADR": 0.2361111111111111,
    "URAVL": 0.3333333333333333,