{
  "clustering_coefficients": {
    "ADAL": 0.18488372093023256,
    "ADAR": 0.20927318295739347,
    "ADEL": 0.10117795540597392,
    "ADER": 0.0993487343327599,
    "ADFL": 0.07410949079607937,
    "ADFR": 0.07805197233127688,
    "ADLL": 0.21691973969631237,
    "ADLR": 0.23705179282868527,
    "AFDL": 0.35714285714285715,
    "AFDR": 0.2781954887218045,
    "AIAL": 0.24545454545454545,
    "AIAR": 0.24786324786324787,
    "AIBL": 0.19141449683321604,
    "AIBR": 0.17864406779661016,
    "AIML": 0.216,
    "AIMR": 0.28743961352657005,
    "AINL": 0.22297297297297297,
    "AINR": 0.17424242424242425,
    "AIYL": 0.3116279069767442,
    "AIYR": 0.3364485981308411,
    "AIZL": 0.26098191214470284,
    "AIZR": 0.2840909090909091,
    "ALA": 0.2714285714285714,
    "ALML": 0.1863468634686347,
    "ALMR": 0.4101796407185629,
    "ALNL": 0.29775280898876405,
    "ALNR": 0.2777777777777778,
    "AQR": 0.2851758793969849,
    "AS1": 0.3290441176470588,
    "AS10": 0.5048543689320388,
    "AS11": 0.25496688741721857,
    "AS2": 0.36,
    "AS3": 0.34121621621621623,
    "AS4": 0.3684210526315789,
    "AS5": 0.36446886446886445,
    "AS6": 0.375609756097561,
    "AS7": 0.4659090909090909,
    "AS8": 0.42134831460674155,
    "AS9": 0.3686868686868687,
    "ASEL": 0.271712158808933,
    "ASER": 0.30210325047801145,
    "ASGL": 0.4166666666666667,
    "ASGR": 0.3484848484848485,
    "ASHL": 0.26805054151624547,
    "ASHR": 0.2580049261083744,
    "ASIL": 0.31490384615384615,
    "ASIR": 0.37640449438202245,
    "ASJL": 0.36538461538461536,
    "ASJR": 0.425,
    "ASKL": 0.31864406779661014,
    "ASKR": 0.31296296296296294,
    "AUAL": 0.2334293948126801,
    "AUAR": 0.271461716937355,
    "AVAL": 0.09516292704927275,
    "AVAR": 0.11556298533218291,
    "AVBL": 0.12331679659815734,
    "AVBR": 0.11174345076784101,
    "AVDL": 0.17412746585735964,
    "AVDR": 0.14781491002570693,
    "AVEL": 0.16772823779193205,
    "AVER": 0.16932168550873586,
    "AVFL": 0.27043596730245234,
    "AVFR": 0.2552581261950287,
    "AVG": 0.20404984423676012,
    "AVHL": 0.20593869731800765,
    "AVHR": 0.1902552204176334,
    "AVJL": 0.2504672897196262,
    "AVJR": 0.26961483594864477,
    "AVKL": 0.1938925680647535,
    "AVKR": 0.2323049001814882,
    "AVL": 0.17406876790830947,
    "AVM": 0.23134328358208955,
    "AWAL": 0.19047619047619047,
    "AWAR": 0.21351351351351353,
    "AWBL": 0.2803738317757009,
    "AWBR": 0.26456876456876455,
    "AWCL": 0.3484848484848485,
    "AWCR": 0.38023952095808383,
    "BAGL": 0.31736526946107785,
    "BAGR": 0.26136363636363635,
    "BDUL": 0.1794871794871795,
    "BDUR": 0.32085561497326204,
    "CANL": 0.5879120879120879,
    "CANR": 0.6636363636363637,
    "CEPDL": 0.09263339070567986,
    "CEPDR": 0.07707828894269572,
    "CEPVL": 0.08579881656804733,
    "CEPVR": 0.08760642100474426,
    "DA1": 0.32418952618453867,
    "DA2": 0.2570093457943925,
    "DA3": 0.34121621621621623,
    "DA4": 0.32482993197278914,
    "DA5": 0.34375,
    "DA6": 0.33653846153846156,
    "DA7": 0.45454545454545453,
    "DA8": 0.2576419213973799,
    "DA9": 0.24271844660194175,
    "DB1": 0.25,
    "DB2": 0.2897196261682243,
    "DB3": 0.2925430210325048,
    "DB4": 0.3225,
    "DB5": 0.3695652173913043,
    "DB6": 0.46153846153846156,
    "DB7": 0.4438202247191011,
    "DD1": 0.26,
    "DD2": 0.24034334763948498,
    "DD3": 0.2483221476510067,
    "DD4": 0.318,
    "DD5": 0.4867549668874172,
    "DD6": 0.28308823529411764,
    "DVA": 0.16908665105386417,
    "DVB": 0.1206896551724138,
    "DVC": 0.22244897959183674,
    "FLPL": 0.32710280373831774,
    "FLPR": 0.3836898395721925,
    "HSNL": 0.12503956948401393,
    "HSNR": 0.11003689098079125,
    "I1L": 0.3233082706766917,
    "I1R": 0.3317307692307692,
    "I2L": 0.38278388278388276,
    "I2R": 0.3897849462365591,
    "I3": 0.42567567567567566,
    "I4": 0.4066666666666667,
    "I5": 0.5130434782608696,
    "I6": 0.3854625550660793,
    "IL1DL": 0.2140625,
    "IL1DR": 0.22772277227722773,
    "IL1L": 0.2245762711864407,
    "IL1R": 0.2335243553008596,
    "IL1VL": 0.2155688622754491,
    "IL1VR": 0.3025936599423631,
    "IL2DL": 0.2564102564102564,
    "IL2DR": 0.3380952380952381,
    "IL2L": 0.2841614906832298,
    "IL2R": 0.2803738317757009,
    "IL2VL": 0.2751322751322751,
    "IL2VR": 0.31746031746031744,
    "LUAL": 0.2717391304347826,
    "LUAR": 0.3804878048780488,
    "M1": 0.3633177570093458,
    "M2L": 0.4107806691449814,
    "M2R": 0.4357682619647355,
    "M3L": 0.3930232558139535,
    "M3R": 0.4515625,
    "M4": 0.4711864406779661,
    "M5": 0.449685534591195,
    "MCL": 0.4125,
    "MCR": 0.46975806451612906,
    "MI": 0.5227272727272727,
    "NSML": 0.1227314390467461,
    "NSMR": 0.10968494749124855,
    "OLLL": 0.29800498753117205,
    "OLLR": 0.20414847161572053,
    "OLQDL": 0.1918918918918919,
    "OLQDR": 0.23279352226720648,
    "OLQVL": 0.19863013698630136,
    "OLQVR": 0.2849462365591398,
    "PDA": 0.2814569536423841,
    "PDB": 0.25,
    "PDEL": 0.09111255505017689,
    "PDER": 0.09153783563873068,
    "PHAL": 0.25,
    "PHAR": 0.1853932584269663,
    "PHBL": 0.3076923076923077,
    "PHBR": 0.3008474576271186,
    "PHCL": 0.28854625550660795,
    "PHCR": 0.37037037037037035,
    "PLML": 0.35795454545454547,
    "PLMR": 0.396505376344086,
    "PLNL": 0.2222222222222222,
    "PLNR": 0.4636363636363636,
    "PQR": 0.2348993288590604,
    "PVCL": 0.167989417989418,
    "PVCR": 0.17972508591065292,
    "PVDL": 0.4222222222222222,
    "PVDR": 0.477124183006536,
    "PVM": 0.45161290322580644,
    "PVNL": 0.21212121212121213,
    "PVNR": 0.20441458733205375,
    "PVPL": 0.19210977701543738,
    "PVPR": 0.20341880341880342,
    "PVQL": 0.2507204610951009,
    "PVQR": 0.22514619883040934,
    "PVR": 0.16906474820143885,
    "PVT": 0.2106164383561644,
    "PVWL": 0.28703703703703703,
    "PVWR": 0.45,
    "RIAL": 0.21732522796352582,
    "RIAR": 0.2060478199718706,
    "RIBL": 0.1905377456049638,
    "RIBR": 0.22208312468703054,
    "RICL": 0.14979445015416237,
    "RICR": 0.14372346876895087,
    "RID": 0.18468468468468469,
    "RIFL": 0.16044776119402984,
    "RIFR": 0.28728070175438597,
    "RIGL": 0.14655172413793102,
    "RIGR": 0.1752827140549273,
    "RIH": 0.23542600896860988,
    "RIML": 0.10449801192842942,
    "RIMR": 0.10950538613260506,
    "RIPL": 0.1337719298245614,
    "RIPR": 0.10144927536231885,
    "RIR": 0.16907514450867053,
    "RIS": 0.2716577540106952,
    "RIVL": 0.32653061224489793,
    "RIVR": 0.25121951219512195,
    "RMDDL": 0.2944550669216061,
    "RMDDR": 0.22972972972972974,
    "RMDL": 0.25765765765765763,
    "RMDR": 0.2681992337164751,
    "RMDVL": 0.21346153846153845,
    "RMDVR": 0.19482120838471023,
    "RMED": 0.24493243243243243,
    "RMEL": 0.29282868525896416,
    "RMER": 0.2542857142857143,
    "RMEV": 0.2078907435508346,
    "RMFL": 0.2813333333333333,
    "RMFR": 0.4473684210526316,
    "RMGL": 0.10533910533910534,
    "RMGR": 0.1308411214953271,
    "RMHL": 0.2961165048543689,
    "RMHR": 0.28365384615384615,
    "SAADL": 0.14563106796116504,
    "SAADR": 0.19536423841059603,
    "SAAVL": 0.16793893129770993,
    "SAAVR": 0.1839080459770115,
    "SABD": 0.3521505376344086,
    "SABVL": 0.35784313725490197,
    "SABVR": 0.3418803418803419,
    "SDQL": 0.2457627118644068,
    "SDQR": 0.18888888888888888,
    "SIADL": 0.4666666666666667,
    "SIADR": 0.5111111111111111,
    "SIAVL": 0.35294117647058826,
    "SIAVR": 0.3055555555555556,
    "SIBDL": 0.4811320754716981,
    "SIBDR": 0.38235294117647056,
    "SIBVL": 0.26949152542372884,
    "SIBVR": 0.34191176470588236,
    "SMBDL": 0.12080536912751678,
    "SMBDR": 0.2111650485436893,
    "SMBVL": 0.0703125,
    "SMBVR": 0.13636363636363635,
    "SMDDL": 0.31446540880503143,
    "SMDDR": 0.22144522144522144,
    "SMDVL": 0.24371069182389937,
    "SMDVR": 0.3065099457504521,
    "URADL": 0.23809523809523808,
    "URADR": 0.2222222222222222,
    "URAVL": 0.36666666666666664,