{
  "clustering_coefficients": {
    "ADAL": 0.18372093023255814,
    "ADAR": 0.20175438596491227,
    "ADEL": 0.08969711863365486,
    "ADER": 0.08902934824037606,
    "ADFL": 0.07329904138414776,
    "ADFR": 0.0569004956157072,
    "ADLL": 0.20417633410672853,
    "ADLR": 0.23825503355704697,
    "AFDL": 0.32142857142857145,
    "AFDR": 0.1875,
    "AIAL": 0.23881673881673882,
    "AIAR": 0.24794238683127573,
    "AIBL": 0.17628430682617874,
    "AIBR": 0.1405775075987842,
    "AIML": 0.2488425925925926,
    "AIMR": 0.29310344827586204,
    "AINL": 0.22297297297297297,
    "AINR": 0.17424242424242425,
    "AIYL": 0.2766884531590414,
    "AIYR": 0.30403458213256485,
    "AIZL": 0.24,
    "AIZR": 0.25303030303030305,
    "ALA": 0.2571428571428571,
    "ALML": 0.2217741935483871,
    "ALMR": 0.3644067796610169,
    "ALNL": 0.25165562913907286,
    "ALNR": 0.17777777777777778,
    "AQR": 0.2851758793969849,
    "AS1": 0.3547297297297297,
    "AS10": 0.3983050847457627,
    "AS11": 0.3125,
    "AS2": 0.3136645962732919,
    "AS3": 0.3492647058823529,
    "AS4": 0.35714285714285715,
    "AS5": 0.3265993265993266,
    "AS6": 0.4225663716814159,
    "AS7": 0.4405940594059406,
    "AS8": 0.44339622641509435,
    "AS9": 0.4017094017094017,
    "ASEL": 0.24161073825503357,
    "ASER": 0.24189526184538654,
    "ASGL": 0.3233082706766917,
    "ASGR": 0.3092105263157895,
    "ASHL": 0.2913322632423756,
    "ASHR": 0.24229346485819975,
    "ASIL": 0.34574468085106386,
    "ASIR": 0.35798816568047337,
    "ASJL": 0.40384615384615385,
    "ASJR": 0.425,
    "ASKL": 0.3078125,
    "ASKR": 0.304421768707483,
    "AUAL": 0.2580213903743315,
    "AUAR": 0.2026431718061674,
    "AVAL": 0.09527567933250648,
    "AVAR": 0.11523943054357204,
    "AVBL": 0.11277913304559956,
    "AVBR": 0.11002710027100271,
    "AVDL": 0.17412746585735964,
    "AVDR": 0.14961439588688946,
    "AVEL": 0.16109341825902335,
    "AVER": 0.16675231243576566,
    "AVFL": 0.28065395095367845,
    "AVFR": 0.251434034416826,
    "AVG": 0.20404984423676012,
    "AVHL": 0.21428571428571427,
    "AVHR": 0.1873198847262248,
    "AVJL": 0.26410026857654434,
    "AVJR": 0.2469879518072289,
    "AVKL": 0.18690213392200147,
    "AVKR": 0.22050816696914702,
    "AVL": 0.1588502269288956,
    "AVM": 0.25627240143369173,
    "AWAL": 0.19047619047619047,
    "AWAR": 0.21081081081081082,
    "AWBL": 0.25274725274725274,
    "AWBR": 0.239247311827957,
    "AWCL": 0.31989247311827956,
    "AWCR": 0.3446601941747573,
    "BAGL": 0.33737864077669905,
    "BAGR": 0.2713903743315508,
    "BDUL": 0.2469879518072289,
    "BDUR": 0.29518072289156627,
    "CANL": 0.5416666666666666,
    "CANR": 0.5064102564102564,
    "CEPDL": 0.09098678587864045,
    "CEPDR": 0.08189303211758302,
    "CEPVL": 0.09292908670205526,
    "CEPVR": 0.09178856382978723,
    "DA1": 0.2988929889298893,
    "DA2": 0.3007518796992481,
    "DA3": 0.31716417910447764,
    "DA4": 0.31504702194357365,
    "DA5": 0.3828125,
    "DA6": 0.37554585152838427,
    "DA7": 0.37222222222222223,
    "DA8": 0.32299270072992703,
    "DA9": 0.2897196261682243,
    "DB1": 0.24444444444444444,
    "DB2": 0.332089552238806,
    "DB3": 0.29732313575525815,
    "DB4": 0.31239388794567063,
    "DB5": 0.4473684210526316,
    "DB6": 0.42513368983957217,
    "DB7": 0.3882978723404255,
    "DD1": 0.23518164435946462,
    "DD2": 0.18850267379679145,
    "DD3": 0.2600671140939597,
    "DD4": 0.29,
    "DD5": 0.4503311258278146,
    "DD6": 0.3738095238095238,
    "DVA": 0.17628911414720141,
    "DVB": 0.1206896551724138,
    "DVC": 0.21377459749552774,
    "FLPL": 0.33624454148471616,
    "FLPR": 0.34290540540540543,
    "HSNL": 0.11078850855745721,
    "HSNR": 0.10229341099381144,
    "I1L": 0.3390119250425894,
    "I1R": 0.35689948892674617,
    "I2L": 0.43832599118942733,
    "I2R": 0.4469026548672566,
    "I3": 0.40238611713665945,
    "I4": 0.42718446601941745,
    "I5": 0.5,
    "I6": 0.3859060402684564,
    "IL1DL": 0.2578125,
    "IL1DR": 0.21982758620689655,
    "IL1L": 0.29694323144104806,
    "IL1R": 0.2151394422310757,
    "IL1VL": 0.1893939393939394,
    "IL1VR": 0.2155688622754491,
    "IL2DL": 0.36257309941520466,
    "IL2DR": 0.34411764705882353,
    "IL2L": 0.2893772893772894,
    "IL2R": 0.2358490566037736,
    "IL2VL": 0.30357142857142855,
    "IL2VR": 0.2894736842105263,
    "LUAL": 0.266304347826087,
    "LUAR": 0.32831325301204817,
    "M1": 0.3537117903930131,
    "M2L": 0.4261006289308176,
    "M2R": 0.44173441734417346,
    "M3L": 0.39565217391304347,
    "M3R": 0.4291907514450867,
    "M4": 0.4838709677419355,
    "M5": 0.47026022304832715,
    "MCL": 0.4484375,
    "MCR": 0.46774193548387094,
    "MI": 0.5227272727272727,
    "NSML": 0.1275307661770544,
    "NSMR": 0.10684425432626872,
    "OLLL": 0.28150134048257375,
    "OLLR": 0.2116564417177914,
    "OLQDL": 0.23783783783783785,
    "OLQDR": 0.260752688172043,
    "OLQVL": 0.1969178082191781,
    "OLQVR": 0.2388663967611336,
    "PDA": 0.3705179282868526,
    "PDB": 0.25,
    "PDEL": 0.08477146364358437,
    "PDER": 0.07934445166413977,
    "PHAL": 0.2669491525423729,
    "PHAR": 0.20394736842105263,
    "PHBL": 0.34615384615384615,
    "PHBR": 0.2692307692307692,
    "PHCL": 0.26881720430107525,
    "PHCR": 0.3273809523809524,
    "PLML": 0.3333333333333333,
    "PLMR": 0.3971774193548387,
    "PLNL": 0.34285714285714286,
    "PLNR": 0.3611111111111111,
    "PQR": 0.23092369477911648,
    "PVCL": 0.16932084309133488,
    "PVCR": 0.1694104134762634,
    "PVDL": 0.3323529411764706,
    "PVDR": 0.4,
    "PVM": 0.46774193548387094,
    "PVNL": 0.21212121212121213,
    "PVNR": 0.1967370441458733,
    "PVPL": 0.19210977701543738,
    "PVPR": 0.2,
    "PVQL": 0.26184538653366585,
    "PVQR": 0.20444763271162122,
    "PVR": 0.16258992805755396,
    "PVT": 0.1810344827586207,
    "PVWL": 0.28703703703703703,
    "PVWR": 0.45,
    "RIAL": 0.22055335968379447,
    "RIAR": 0.1864963503649635,
    "RIBL": 0.19251824817518248,
    "RIBR": 0.2222222222222222,
    "RICL": 0.15750120598166908,
    "RICR": 0.12967708867247565,
    "RID": 0.19348659003831417,
    "RIFL": 0.1791044776119403,
    "RIFR": 0.2894736842105263,
    "RIGL": 0.14612068965517241,
    "RIGR": 0.17447495961227788,
    "RIH": 0.2337443946188341,
    "RIML": 0.08990699276610403,
    "RIMR": 0.1046999919244125,
    "RIPL": 0.14912280701754385,
    "RIPR": 0.10869565217391304,
    "RIR": 0.16907514450867053,
    "RIS": 0.27505112474437626,
    "RIVL": 0.3333333333333333,
    "RIVR": 0.25121951219512195,
    "RMDDL": 0.2864406779661017,
    "RMDDR": 0.23557692307692307,
    "RMDL": 0.27011494252873564,
    "RMDR": 0.28183361629881154,
    "RMDVL": 0.2347266881028939,
    "RMDVR": 0.20901639344262296,
    "RMED": 0.1774193548387097,
    "RMEL": 0.2550335570469799,
    "RMER": 0.2408026755852843,
    "RMEV": 0.17526555386949924,
    "RMFL": 0.23,
    "RMFR": 0.35555555555555557,
    "RMGL": 0.1111111111111111,
    "RMGR": 0.1366822429906542,
    "RMHL": 0.2923728813559322,
    "RMHR": 0.2682119205298013,
    "SAADL": 0.1407766990291262,
    "SAADR": 0.17218543046357615,
    "SAAVL": 0.16793893129770993,
    "SAAVR": 0.1781609195402299,
    "SABD": 0.32038834951456313,
    "SABVL": 0.4034090909090909,
    "SABVR": 0.42613636363636365,
    "SDQL": 0.23841059602649006,
    "SDQR": 0.21258503401360543,
    "SIADL": 0.3977272727272727,
    "SIADR": 0.49230769230769234,
    "SIAVL": 0.2740740740740741,
    "SIAVR": 0.35555555555555557,
    "SIBDL": 0.39622641509433965,
    "SIBDR": 0.3125,
    "SIBVL": 0.2809734513274336,
    "SIBVR": 0.3099688473520249,
    "SMBDL": 0.12416107382550336,
    "SMBDR": 0.19902912621359223,
    "SMBVL": 0.078125,
    "SMBVR": 0.13636363636363635,
    "SMDDL": 0.32456140350877194,
    "SMDDR": 0.24904214559386972,
    "SMDVL": 0.23580786026200873,
    "SMDVR": 0.27113702623906705,
    "URADL": 0.2857142857142857,
    "URADR": 0.2222222222222222,
    "URAVL": 0.4,
    "URAVR": 0.23809523809523808,