{
  "clustering_coefficients": {
    "ADAL": 0.1813953488372093,
    "ADAR": 0.19548872180451127,
    "ADEL": 0.0950781667954586,
    "ADER": 0.09952521185167378,
    "ADFL": 0.07502443792766374,
    "ADFR": 0.06816015252621545,
    "ADLL": 0.25224416517055653,
    "ADLR": 0.2748267898383372,
    "AFDL": 0.3284313725490196,
    "AFDR": 0.25666666666666665,
    "AIAL": 0.22661290322580646,
    "AIAR": 0.23333333333333334,
    "AIBL": 0.17224334600760458,
    "AIBR": 0.1704225352112676,
    "AIML": 0.23238095238095238,
    "AIMR": 0.234,
    "AINL": 0.16891891891891891,
    "AINR": 0.17424242424242425,
    "AIYL": 0.27995642701525053,
    "AIYR": 0.32587064676616917,
    "AIZL": 0.24592391304347827,
    "AIZR": 0.26825127334465193,
    "ALA": 0.2571428571428571,
    "ALML": 0.286734693877551,
    "ALMR": 0.3959731543624161,
    "ALNL": 0.24157303370786518,
    "ALNR": 0.26666666666666666,
    "AQR": 0.2851758793969849,
    "AS1": 0.356951871657754,
    "AS10": 0.3576158940397351,
    "AS11": 0.2109375,
    "AS2": 0.318,
    "AS3": 0.3524229074889868,
    "AS4": 0.3,
    "AS5": 0.35714285714285715,
    "AS6": 0.41694915254237286,
    "AS7": 0.5202702702702703,
    "AS8": 0.4194915254237288,
    "AS9": 0.32666666666666666,
    "ASEL": 0.22981366459627328,
    "ASER": 0.2565217391304348,
    "ASGL": 0.3342245989304813,
    "ASGR": 0.3223684210526316,
    "ASHL": 0.2534013605442177,
    "ASHR": 0.24059662775616084,
    "ASIL": 0.3283582089552239,
    "ASIR": 0.30337078651685395,
    "ASJL": 0.4230769230769231,
    "ASJR": 0.4,
    "ASKL": 0.275609756097561,
    "ASKR": 0.2753623188405797,
    "AUAL": 0.26512968299711814,
    "AUAR": 0.2592190889370933,
    "AVAL": 0.09420453264178599,
    "AVAR": 0.11610224331320104,
    "AVBL": 0.11428035278663914,
    "AVBR": 0.1117636429345862,
    "AVDL": 0.17412746585735964,
    "AVDR": 0.15115681233933162,
    "AVEL": 0.16613588110403396,
    "AVER": 0.171120246659815,
    "AVFL": 0.276843467011643,
    "AVFR": 0.2774566473988439,
    "AVG": 0.20404984423676012,
    "AVHL": 0.21209213051823417,
    "AVHR": 0.18716577540106952,
    "AVJL": 0.25205930807248766,
    "AVJR": 0.24266503667481662,
    "AVKL": 0.19462840323767477,
    "AVKR": 0.2295825771324864,
    "AVL": 0.18098159509202455,
    "AVM": 0.24493243243243243,
    "AWAL": 0.19047619047619047,
    "AWAR": 0.21081081081081082,
    "AWBL": 0.2947761194029851,
    "AWBR": 0.2575,
    "AWCL": 0.35570469798657717,
    "AWCR": 0.3624161073825503,
    "BAGL": 0.308252427184466,
    "BAGR": 0.2785234899328859,
    "BDUL": 0.20098039215686275,
    "BDUR": 0.2815533980582524,
    "CANL": 0.625,
    "CANR": 0.5111111111111111,
    "CEPDL": 0.08920140966819602,
    "CEPDR": 0.08838055627761893,
    "CEPVL": 0.07846861985825966,
    "CEPVR": 0.0860855629877369,
    "DA1": 0.3127906976744186,
    "DA2": 0.2794759825327511,
    "DA3": 0.28040540540540543,
    "DA4": 0.3188405797101449,
    "DA5": 0.3554913294797688,
    "DA6": 0.3543046357615894,
    "DA7": 0.4375,
    "DA8": 0.3125,
    "DA9": 0.28530259365994237,
    "DB1": 0.22007722007722008,
    "DB2": 0.28342245989304815,
    "DB3": 0.28152173913043477,
    "DB4": 0.2979591836734694,
    "DB5": 0.396,
    "DB6": 0.45864661654135336,
    "DB7": 0.37336244541484714,
    "DD1": 0.25449640287769787,
    "DD2": 0.18872017353579176,
    "DD3": 0.25838926174496646,
    "DD4": 0.33816425120772947,
    "DD5": 0.4503311258278146,
    "DD6": 0.3375,
    "DVA": 0.17775467775467776,
    "DVB": 0.1206896551724138,
    "DVC": 0.21326530612244898,
    "FLPL": 0.33490566037735847,
    "FLPR": 0.3358208955223881,
    "HSNL": 0.11940058008378988,
    "HSNR": 0.09917355371900827,
    "I1L": 0.303236797274276,
    "I1R": 0.3313458262350937,
    "I2L": 0.4090909090909091,
    "I2R": 0.4851190476190476,
    "I3": 0.4265129682997118,
    "I4": 0.3772455089820359,
    "I5": 0.5,
    "I6": 0.40748898678414097,
    "IL1DL": 0.15060240963855423,
    "IL1DR": 0.20114942528735633,
    "IL1L": 0.2582781456953642,
    "IL1R": 0.25,
    "IL1VL": 0.20698924731182797,
    "IL1VR": 0.18791946308724833,
    "IL2DL": 0.25,
    "IL2DR": 0.3783068783068783,
    "IL2L": 0.26013513513513514,
    "IL2R": 0.2210242587601078,
    "IL2VL": 0.24411764705882352,
    "IL2VR": 0.2689075630252101,
    "LUAL": 0.2727272727272727,
    "LUAR": 0.366412213740458,
    "M1": 0.3231441048034934,
    "M2L": 0.4479553903345725,
    "M2R": 0.46345029239766083,
    "M3L": 0.3815028901734104,
    "M3R": 0.47232472324723246,
    "M4": 0.4557522123893805,
    "M5": 0.40102389078498296,
    "MCL": 0.4190751445086705,
    "MCR": 0.4288135593220339,
    "MI": 0.5227272727272727,
    "NSML": 0.08666941807676434,
    "NSMR": 0.11308024469233537,
    "OLLL": 0.2515625,
    "OLLR": 0.1985981308411215,
    "OLQDL": 0.26814516129032256,
    "OLQDR": 0.219435736677116,
    "OLQVL": 0.1865671641791045,
    "OLQVR": 0.22,
    "PDA": 0.2265625,
    "PDB": 0.25,
    "PDEL": 0.10384920921499241,
    "PDER": 0.078407014979905,
    "PHAL": 0.2669491525423729,
    "PHAR": 0.27729257641921395,
    "PHBL": 0.4111111111111111,
    "PHBR": 0.31208053691275167,
    "PHCL": 0.3592233009708738,
    "PHCR": 0.4066666666666667,
    "PLML": 0.3333333333333333,
    "PLMR": 0.3874538745387454,
    "PLNL": 0.3557692307692308,
    "PLNR": 0.3888888888888889,
    "PQR": 0.2647058823529412,
    "PVCL": 0.16159250585480095,
    "PVCR": 0.1567319716548562,
    "PVDL": 0.3067226890756303,
    "PVDR": 0.3904761904761905,
    "PVM": 0.5,
    "PVNL": 0.21212121212121213,
    "PVNR": 0.20441458733205375,
    "PVPL": 0.19210977701543738,
    "PVPR": 0.19914529914529913,
    "PVQL": 0.26932668329177056,
    "PVQR": 0.21314496314496315,
    "PVR": 0.16115107913669063,
    "PVT": 0.18743914313534565,
    "PVWL": 0.28703703703703703,
    "PVWR": 0.45,
    "RIAL": 0.23046018991964937,
    "RIAR": 0.2205419029615627,
    "RIBL": 0.19389110225763612,
    "RIBR": 0.20559680182752713,
    "RICL": 0.15493319630010277,
    "RICR": 0.14762741652021089,
    "RID": 0.19471153846153846,
    "RIFL": 0.17537313432835822,
    "RIFR": 0.2916666666666667,
    "RIGL": 0.14439655172413793,
    "RIGR": 0.16962843295638125,
    "RIH": 0.21917040358744394,
    "RIML": 0.0914768864717879,
    "RIMR": 0.10468509984639017,
    "RIPL": 0.1513157894736842,
    "RIPR": 0.0966183574879227,
    "RIR": 0.17196531791907516,
    "RIS": 0.2678396871945259,
    "RIVL": 0.3299319727891156,
    "RIVR": 0.25121951219512195,
    "RMDDL": 0.2847826086956522,
    "RMDDR": 0.24616858237547892,
    "RMDL": 0.2733142037302726,
    "RMDR": 0.2720306513409962,
    "RMDVL": 0.258273381294964,
    "RMDVR": 0.20422535211267606,
    "RMED": 0.20704845814977973,
    "RMEL": 0.2668269230769231,
    "RMER": 0.2557603686635945,
    "RMEV": 0.19210866752910738,
    "RMFL": 0.2577639751552795,
    "RMFR": 0.39705882352941174,
    "RMGL": 0.1075036075036075,
    "RMGR": 0.12967289719626168,
    "RMHL": 0.2961165048543689,
    "RMHR": 0.28106508875739644,
    "SAADL": 0.16019417475728157,
    "SAADR": 0.20860927152317882,
    "SAAVL": 0.21374045801526717,
    "SAAVR": 0.27586206896551724,
    "SABD": 0.32281553398058255,
    "SABVL": 0.39204545454545453,
    "SABVR": 0.42735042735042733,
    "SDQL": 0.31140350877192985,
    "SDQR": 0.22037037037037038,
    "SIADL": 0.47596153846153844,
    "SIADR": 0.525974025974026,
    "SIAVL": 0.3256578947368421,
    "SIAVR": 0.23333333333333334,
    "SIBDL": 0.4418604651162791,
    "SIBDR": 0.38095238095238093,
    "SIBVL": 0.284375,
    "SIBVR": 0.29545454545454547,
    "SMBDL": 0.12751677852348994,
    "SMBDR": 0.2111650485436893,
    "SMBVL": 0.09375,
    "SMBVR": 0.14772727272727273,
    "SMDDL": 0.30974842767295596,
    "SMDDR": 0.2529711375212224,
    "SMDVL": 0.25067385444743934,
    "SMDVR": 0.26813880126182965,
    "URADL": 0.23809523809523808,
    "URADR": 0.2361111111111111,
    "URAVL": 0.43333333333333335,
    "URAVR": 0.2857142857142857,
    "URBL": 0.13725490196078433,
    "URBR": 0.1686746987951807,