{
  "clustering_coefficients": {
    "ADAL": 0.17906976744186046,
    "ADAR": 0.20927318295739347,
    "ADEL": 0.09258833007250547,
    "ADER": 0.09353545172853758,
    "ADFL": 0.06630869130869131,
    "ADFR": 0.07035957240038873,
    "ADLL": 0.21258134490238612,
    "ADLR": 0.2752659574468085,
    "AFDL": 0.3253968253968254,
    "AFDR": 0.24431818181818182,
    "AIAL": 0.23015873015873015,
    "AIAR": 0.25152439024390244,
    "AIBL": 0.17272727272727273,
    "AIBR": 0.17917981072555206,
    "AIML": 0.1925287356321839,
    "AIMR": 0.2410358565737052,
    "AINL": 0.20945945945945946,
    "AINR": 0.17424242424242425,
    "AIYL": 0.2816326530612245,
    "AIYR": 0.29704797047970477,
    "AIZL": 0.26040172166427544,
    "AIZR": 0.2709677419354839,
    "ALA": 0.22857142857142856,
    "ALML": 0.20532915360501566,
    "ALMR": 0.339572192513369,
    "ALNL": 0.27514792899408286,
    "ALNR": 0.30158730158730157,
    "AQR": 0.2851758793969849,
    "AS1": 0.3530405405405405,
    "AS10": 0.40066225165562913,
    "AS11": 0.23684210526315788,
    "AS2": 0.318,
    "AS3": 0.3530259365994236,
    "AS4": 0.36363636363636365,
    "AS5": 0.36813186813186816,
    "AS6": 0.41216216216216217,
    "AS7": 0.3560606060606061,
    "AS8": 0.46710526315789475,
    "AS9": 0.23863636363636365,
    "ASEL": 0.2863741339491917,
    "ASER": 0.2755813953488372,
    "ASGL": 0.3504273504273504,
    "ASGR": 0.3125,
    "ASHL": 0.26700680272108845,
    "ASHR": 0.24014778325123154,
    "ASIL": 0.3609271523178808,
    "ASIR": 0.34210526315789475,
    "ASJL": 0.4423076923076923,
    "ASJR": 0.4,
    "ASKL": 0.30831099195710454,
    "ASKR": 0.3015625,
    "AUAL": 0.25870646766169153,
    "AUAR": 0.23493975903614459,
    "AVAL": 0.09651595444807758,
    "AVAR": 0.11847497842968076,
    "AVBL": 0.11155939200600488,
    "AVBR": 0.11210478771454381,
    "AVDL": 0.17412746585735964,
    "AVDR": 0.15038560411311053,
    "AVEL": 0.16454352441613587,
    "AVER": 0.16366906474820145,
    "AVFL": 0.2614942528735632,
    "AVFR": 0.27003205128205127,
    "AVG": 0.20404984423676012,
    "AVHL": 0.19183673469387755,
    "AVHR": 0.18716577540106952,
    "AVJL": 0.2531089978054133,
    "AVJR": 0.2469879518072289,
    "AVKL": 0.1861662987490802,
    "AVKR": 0.22232304900181488,
    "AVL": 0.17523364485981308,
    "AVM": 0.20967741935483872,
    "AWAL": 0.19047619047619047,
    "AWAR": 0.20810810810810812,
    "AWBL": 0.2406832298136646,
    "AWBR": 0.24708624708624707,
    "AWCL": 0.34797297297297297,
    "AWCR": 0.3592814371257485,
    "BAGL": 0.3323353293413174,
    "BAGR": 0.2684563758389262,
    "BDUL": 0.20320855614973263,
    "BDUR": 0.2550335570469799,
    "CANL": 0.5714285714285714,
    "CANR": 0.43333333333333335,
    "CEPDL": 0.08667464592060642,
    "CEPDR": 0.08675078864353312,
    "CEPVL": 0.08939650310208686,
    "CEPVR": 0.08483121437965804,
    "DA1": 0.31630434782608696,
    "DA2": 0.2743682310469314,
    "DA3": 0.30597014925373134,
    "DA4": 0.3387096774193548,
    "DA5": 0.3324396782841823,
    "DA6": 0.3509933774834437,
    "DA7": 0.525974025974026,
    "DA8": 0.30876494023904383,
    "DA9": 0.2866043613707165,
    "DB1": 0.2611111111111111,
    "DB2": 0.3068535825545171,
    "DB3": 0.2651162790697674,
    "DB4": 0.31296296296296294,
    "DB5": 0.44,
    "DB6": 0.3864734299516908,
    "DB7": 0.3675496688741722,
    "DD1": 0.23014256619144602,
    "DD2": 0.24196277495769883,
    "DD3": 0.24826789838337182,
    "DD4": 0.31845238095238093,
    "DD5": 0.3707865168539326,
    "DD6": 0.38095238095238093,
    "DVA": 0.1694756554307116,
    "DVB": 0.1206896551724138,
    "DVC": 0.2221269296740995,
    "FLPL": 0.30710172744721687,
    "FLPR": 0.3733108108108108,
    "HSNL": 0.08597636815920398,
    "HSNR": 0.10790018101887769,
    "I1L": 0.32942238267148016,
    "I1R": 0.32538330494037476,
    "I2L": 0.41,
    "I2R": 0.4032258064516129,
    "I3": 0.4077306733167082,
    "I4": 0.3485576923076923,
    "I5": 0.4782608695652174,
    "I6": 0.3709677419354839,
    "IL1DL": 0.16566265060240964,
    "IL1DR": 0.19540229885057472,
    "IL1L": 0.22014925373134328,
    "IL1R": 0.21397379912663755,
    "IL1VL": 0.23648648648648649,
    "IL1VR": 0.17803030303030304,
    "IL2DL": 0.33986928104575165,
    "IL2DR": 0.3366013071895425,
    "IL2L": 0.31828703703703703,
    "IL2R": 0.20802005012531327,
    "IL2VL": 0.3271604938271605,
    "IL2VR": 0.2826086956521739,
    "LUAL": 0.2575,
    "LUAR": 0.3716216216216216,
    "M1": 0.3282710280373832,
    "M2L": 0.4191374663072776,
    "M2R": 0.41309823677581864,
    "M3L": 0.45,
    "M3R": 0.45084745762711864,
    "M4": 0.5048780487804878,
    "M5": 0.4268292682926829,
    "MCL": 0.39322033898305087,
    "MCR": 0.45202952029520294,
    "MI": 0.5227272727272727,
    "NSML": 0.13248542660307366,
    "NSMR": 0.09134139092530216,
    "OLLL": 0.23247232472324722,
    "OLLR": 0.19548872180451127,
    "OLQDL": 0.24390243902439024,
    "OLQDR": 0.23703703703703705,
    "OLQVL": 0.23378378378378378,
    "OLQVR": 0.23039215686274508,
    "PDA": 0.2251655629139073,
    "PDB": 0.25,
    "PDEL": 0.10223826714801444,
    "PDER": 0.08164296542265213,
    "PHAL": 0.23595505617977527,
    "PHAR": 0.18932038834951456,
    "PHBL": 0.36923076923076925,
    "PHBR": 0.291044776119403,
    "PHCL": 0.28859060402684567,
    "PHCR": 0.3201754385964912,
    "PLML": 0.33189655172413796,
    "PLMR": 0.36046511627906974,
    "PLNL": 0.4,
    "PLNR": 0.3055555555555556,
    "PQR": 0.2533783783783784,
    "PVCL": 0.1806060606060606,
    "PVCR": 0.15536480686695278,
    "PVDL": 0.3176470588235294,
    "PVDR": 0.42916666666666664,
    "PVM": 0.45161290322580644,
    "PVNL": 0.21212121212121213,
    "PVNR": 0.1967370441458733,
    "PVPL": 0.19210977701543738,
    "PVPR": 0.19572649572649573,
    "PVQL": 0.24566473988439305,
    "PVQR": 0.22113022113022113,
    "PVR": 0.15251798561151078,
    "PVT": 0.194021101992966,
    "PVWL": 0.28703703703703703,
    "PVWR": 0.45,
    "RIAL": 0.2408625730994152,
    "RIAR": 0.2252710027100271,
    "RIBL": 0.20495794599380257,
    "RIBR": 0.21761280931586607,
    "RICL": 0.15998972778633797,
    "RICR": 0.14176570458404075,
    "RID": 0.20673076923076922,
    "RIFL": 0.17537313432835822,
    "RIFR": 0.2741228070175439,
    "RIGL": 0.1482758620689655,
    "RIGR": 0.16882067851373184,
    "RIH": 0.24047085201793722,
    "RIML": 0.08574964639321075,
    "RIMR": 0.10537291462217861,
    "RIPL": 0.15789473684210525,
    "RIPR": 0.10628019323671498,
    "RIR": 0.16040462427745664,
    "RIS": 0.3042114695340502,
    "RIVL": 0.32653061224489793,
    "RIVR": 0.23902439024390243,
    "RMDDL": 0.2952,
    "RMDDR": 0.24684684684684685,
    "RMDL": 0.29772727272727273,
    "RMDR": 0.29545454545454547,
    "RMDVL": 0.24805699481865284,
    "RMDVR": 0.2217125382262997,
    "RMED": 0.24497991967871485,
    "RMEL": 0.24890829694323144,
    "RMER": 0.20679012345679013,
    "RMEV": 0.17385057471264367,
    "RMFL": 0.24358974358974358,
    "RMFR": 0.37037037037037035,
    "RMGL": 0.11255411255411256,
    "RMGR": 0.125,
    "RMHL": 0.31125827814569534,
    "RMHR": 0.26861702127659576,
    "SAADL": 0.14563106796116504,
    "SAADR": 0.18543046357615894,
    "SAAVL": 0.17557251908396945,
    "SAAVR": 0.22413793103448276,
    "SABD": 0.34946236559139787,
    "SABVL": 0.42045454545454547,
    "SABVR": 0.5,
    "SDQL": 0.21844660194174756,
    "SDQR": 0.19362745098039216,
    "SIADL": 0.44537815126050423,
    "SIADR": 0.5277777777777778,
    "SIAVL": 0.40789473684210525,
    "SIAVR": 0.3235294117647059,
    "SIBDL": 0.4449152542372881,
    "SIBDR": 0.3533834586466165,
    "SIBVL": 0.2743362831858407,
    "SIBVR": 0.34951456310679613,
    "SMBDL": 0.12416107382550336,
    "SMBDR": 0.21601941747572814,
    "SMBVL": 0.078125,
    "SMBVR": 0.14204545454545456,
    "SMDDL": 0.3177570093457944,
    "SMDDR": 0.2442528735632184,
    "SMDVL": 0.2903885480572597,
    "SMDVR": 0.3161925601750547,
    "URADL": 0.23809523809523808,
    "URADR": 0.20833333333333334,
    "URAVL": 0.43333333333333335,