{
  "clustering_coefficients": {
    "ADAL": 0.17674418604651163,
    "ADAR": 0.19298245614035087,
    "ADEL": 0.09190725671608517,
    "ADER": 0.09082914572864322,
    "ADFL": 0.06114098667290157,
    "ADFR": 0.08386783284742469,
    "ADLL": 0.21646341463414634,
    "ADLR": 0.2634228187919463,
    "AFDL": 0.2980769230769231,
    "AFDR": 0.25333333333333335,
    "AIAL": 0.26049382716049385,
    "AIAR": 0.2759259259259259,
    "AIBL": 0.17193675889328064,
    "AIBR": 0.15204678362573099,
    "AIML": 0.24283154121863798,
    "AIMR": 0.27007299270072993,
    "AINL": 0.20945945945945946,
    "AINR": 0.17424242424242425,
    "AIYL": 0.2703962703962704,
    "AIYR": 0.3063583815028902,
    "AIZL": 0.23220338983050848,
    "AIZR": 0.2769010043041607,
    "ALA": 0.2571428571428571,
    "ALML": 0.2288135593220339,
    "ALMR": 0.42245989304812837,
    "ALNL": 0.2988165680473373,
    "ALNR": 0.29276315789473684,
    "AQR": 0.2851758793969849,
    "AS1": 0.34628378378378377,
    "AS10": 0.3805970149253731,
    "AS11": 0.3034934497816594,
    "AS2": 0.3399122807017544,
    "AS3": 0.3502673796791444,
    "AS4": 0.35555555555555557,
    "AS5": 0.33764367816091956,
    "AS6": 0.35685483870967744,
    "AS7": 0.41954022988505746,
    "AS8": 0.4216417910447761,
    "AS9": 0.34,
    "ASEL": 0.26504297994269344,
    "ASER": 0.2651162790697674,
    "ASGL": 0.392,
    "ASGR": 0.26,
    "ASHL": 0.25971370143149286,
    "ASHR": 0.2524630541871921,
    "ASIL": 0.3389830508474576,
    "ASIR": 0.39644970414201186,
    "ASJL": 0.38461538461538464,
    "ASJR": 0.35,
    "ASKL": 0.26101694915254237,
    "ASKR": 0.26752767527675275,
    "AUAL": 0.2026431718061674,
    "AUAR": 0.24253731343283583,
    "AVAL": 0.09567031232382456,
    "AVAR": 0.11588654012079379,
    "AVBL": 0.12363067292644757,
    "AVBR": 0.11675656864451017,
    "AVDL": 0.17412746585735964,
    "AVDR": 0.1473007712082262,
    "AVEL": 0.1664012738853503,
    "AVER": 0.16880781089414182,
    "AVFL": 0.2699490662139219,
    "AVFR": 0.25042444821731746,
    "AVG": 0.20404984423676012,
    "AVHL": 0.20203735144312393,
    "AVHR": 0.18561484918793503,
    "AVJL": 0.25944841675178754,
    "AVJR": 0.2461439588688946,
    "AVKL": 0.19757174392935983,
    "AVKR": 0.23049001814882034,
    "AVL": 0.16338880484114976,
    "AVM": 0.25422297297297297,
    "AWAL": 0.19047619047619047,
    "AWAR": 0.20540540540540542,
    "AWBL": 0.2441077441077441,
    "AWBR": 0.2714285714285714,
    "AWCL": 0.3470873786407767,
    "AWCR": 0.3859060402684564,
    "BAGL": 0.28640776699029125,
    "BAGR": 0.2765151515151515,
    "BDUL": 0.288,
    "BDUR": 0.3032128514056225,
    "CANL": 0.5054945054945055,
    "CANR": 0.4861111111111111,
    "CEPDL": 0.08585552865213882,
    "CEPDR": 0.09006524517387503,
    "CEPVL": 0.08336775437147184,
    "CEPVR": 0.07770293257127305,
    "DA1": 0.3169491525423729,
    "DA2": 0.28056768558951967,
    "DA3": 0.3146417445482866,
    "DA4": 0.31974921630094044,
    "DA5": 0.36416184971098264,
    "DA6": 0.3841059602649007,
    "DA7": 0.48863636363636365,
    "DA8": 0.30677290836653387,
    "DA9": 0.2680115273775216,
    "DB1": 0.2553353658536585,
    "DB2": 0.30067567567567566,
    "DB3": 0.32,
    "DB4": 0.33625,
    "DB5": 0.4880952380952381,
    "DB6": 0.44666666666666666,
    "DB7": 0.4148936170212766,
    "DD1": 0.24820143884892087,
    "DD2": 0.2347560975609756,
    "DD3": 0.27722772277227725,
    "DD4": 0.3285024154589372,
    "DD5": 0.38461538461538464,
    "DD6": 0.3333333333333333,
    "DVA": 0.17878237164925034,
    "DVB": 0.1206896551724138,
    "DVC": 0.2044653349001175,
    "FLPL": 0.35787321063394684,
    "FLPR": 0.36824324324324326,
    "HSNL": 0.11662237968703867,
    "HSNR": 0.06710679048171793,
    "I1L": 0.29475587703435807,
    "I1R": 0.3151618398637138,
    "I2L": 0.4226190476190476,
    "I2R": 0.4697986577181208,
    "I3": 0.4161849710982659,
    "I4": 0.388646288209607,
    "I5": 0.5130434782608696,
    "I6": 0.4267241379310345,
    "IL1DL": 0.2423728813559322,
    "IL1DR": 0.22772277227722773,
    "IL1L": 0.28191489361702127,
    "IL1R": 0.21897810218978103,
    "IL1VL": 0.18120805369127516,
    "IL1VR": 0.1989247311827957,
    "IL2DL": 0.2,
    "IL2DR": 0.3538011695906433,
    "IL2L": 0.328,
    "IL2R": 0.2694235588972431,
    "IL2VL": 0.3110367892976589,
    "IL2VR": 0.25925925925925924,
    "LUAL": 0.27555555555555555,
    "LUAR": 0.32432432432432434,
    "M1": 0.34934497816593885,
    "M2L": 0.453551912568306,
    "M2R": 0.43037974683544306,
    "M3L": 0.415625,
    "M3R": 0.41271820448877805,
    "M4": 0.45161290322580644,
    "M5": 0.3793604651162791,
    "MCL": 0.4114391143911439,
    "MCR": 0.44095940959409596,
    "MI": 0.5227272727272727,
    "NSML": 0.11895609953469553,
    "NSMR": 0.10736310969912166,
    "OLLL": 0.26440677966101694,
    "OLLR": 0.22534013605442177,
    "OLQDL": 0.21351351351351353,
    "OLQDR": 0.30714285714285716,
    "OLQVL": 0.20031545741324921,
    "OLQVR": 0.2311111111111111,
    "PDA": 0.3246268656716418,
    "PDB": 0.25,
    "PDEL": 0.09708945641318305,
    "PDER": 0.08453894490720444,
    "PHAL": 0.2752808988764045,
    "PHAR": 0.22872340425531915,
    "PHBL": 0.36134453781512604,
    "PHBR": 0.3136094674556213,
    "PHCL": 0.3530405405405405,
    "PHCR": 0.2948717948717949,
    "PLML": 0.40969162995594716,
    "PLMR": 0.3945086705202312,
    "PLNL": 0.3055555555555556,
    "PLNR": 0.39090909090909093,
    "PQR": 0.27956989247311825,
    "PVCL": 0.18868686868686868,
    "PVCR": 0.16808424463345484,
    "PVDL": 0.41346153846153844,
    "PVDR": 0.35661764705882354,
    "PVM": 0.5161290322580645,
    "PVNL": 0.21212121212121213,
    "PVNR": 0.20057581573896352,
    "PVPL": 0.19210977701543738,
    "PVPR": 0.19658119658119658,
    "PVQL": 0.24454828660436137,
    "PVQR": 0.20801033591731266,
    "PVR": 0.16546762589928057,
    "PVT": 0.18070362473347548,
    "PVWL": 0.28703703703703703,
    "PVWR": 0.45,
    "RIAL": 0.20956719817767655,
    "RIAR": 0.20635500365230094,
    "RIBL": 0.18898592916060164,
    "RIBR": 0.21020299145299146,
    "RICL": 0.15306122448979592,
    "RICR": 0.16277440448388603,
    "RID": 0.19369369369369369,
    "RIFL": 0.1828358208955224,
    "RIFR": 0.26973684210526316,
    "RIGL": 0.1418103448275862,
    "RIGR": 0.172859450726979,
    "RIH": 0.24271300448430494,
    "RIML": 0.11773125051116382,
    "RIMR": 0.10973296920042482,
    "RIPL": 0.14692982456140352,
    "RIPR": 0.09903381642512077,
    "RIR": 0.15895953757225434,
    "RIS": 0.2724014336917563,
    "RIVL": 0.336734693877551,
    "RIVR": 0.24878048780487805,
    "RMDDL": 0.2864,
    "RMDDR": 0.23850574712643677,
    "RMDL": 0.28622668579626975,
    "RMDR": 0.3030560271646859,
    "RMDVL": 0.2421555252387449,
    "RMDVR": 0.21393341553637485,
    "RMED": 0.19383259911894274,
    "RMEL": 0.24759615384615385,
    "RMER": 0.25771604938271603,
    "RMEV": 0.17830045523520485,
    "RMFL": 0.28619528619528617,
    "RMFR": 0.43333333333333335,
    "RMGL": 0.1075036075036075,
    "RMGR": 0.12967289719626168,
    "RMHL": 0.2542372881355932,
    "RMHR": 0.28402366863905326,
    "SAADL": 0.15048543689320387,
    "SAADR": 0.1986754966887417,
    "SAAVL": 0.24427480916030533,
    "SAAVR": 0.3045977011494253,
    "SABD": 0.3387096774193548,
    "SABVL": 0.3977272727272727,
    "SABVR": 0.44666666666666666,
    "SDQL": 0.29697986577181207,
    "SDQR": 0.20647773279352227,
    "SIADL": 0.46218487394957986,
    "SIADR": 0.4307692307692308,
    "SIAVL": 0.24074074074074073,
    "SIAVR": 0.33223684210526316,
    "SIBDL": 0.4626865671641791,
    "SIBDR": 0.3253968253968254,
    "SIBVL": 0.31048387096774194,
    "SIBVR": 0.25268817204301075,
    "SMBDL": 0.12751677852348994,
    "SMBDR": 0.20631067961165048,
    "SMBVL": 0.078125,
    "SMBVR": 0.13636363636363635,
    "SMDDL": 0.2857142857142857,
    "SMDDR": 0.2557471264367816,
    "SMDVL": 0.26380368098159507,
    "SMDVR": 0.27917981072555204,
    "URADL": 0.23809523809523808,
    "URADR": 0.20833333333333334,
    "URAVL": 0.4,