{
  "clustering_coefficients": {
    "ADAL": 0.17093023255813952,
    "ADAR": 0.19298245614035087,
    "ADEL": 0.09107479190716325,
    "ADER": 0.09484642076853875,
    "ADFL": 0.06735266604303088,
    "ADFR": 0.06471597407548609,
    "ADLL": 0.20024875621890548,
    "ADLR": 0.23317307692307693,
    "AFDL": 0.32142857142857145,
    "AFDR": 0.22,
    "AIAL": 0.259233926128591,
    "AIAR": 0.2576219512195122,
    "AIBL": 0.18465045592705168,
    "AIBR": 0.14714828897338403,
    "AIML": 0.24675324675324675,
    "AIMR": 0.2290836653386454,
    "AINL": 0.22297297297297297,
    "AINR": 0.17424242424242425,
    "AIYL": 0.28205128205128205,
    "AIYR": 0.31433823529411764,
    "AIZL": 0.2423728813559322,
    "AIZR": 0.22627118644067798,
    "ALA": 0.21428571428571427,
    "ALML": 0.2011070110701107,
    "ALMR": 0.45410628019323673,
    "ALNL": 0.2766990291262136,
    "ALNR": 0.30423280423280424,
    "AQR": 0.2851758793969849,
    "AS1": 0.34293948126801155,
    "AS10": 0.3723404255319149,
    "AS11": 0.33136094674556216,
    "AS2": 0.36637931034482757,
    "AS3": 0.33980582524271846,
    "AS4": 0.3253588516746411,
    "AS5": 0.3484848484848485,
    "AS6": 0.4022140221402214,
    "AS7": 0.43548387096774194,
    "AS8": 0.47191011235955055,
    "AS9": 0.34210526315789475,
    "ASEL": 0.238,
    "ASER": 0.295863309352518,
    "ASGL": 0.33666666666666667,
    "ASGR": 0.28743961352657005,
    "ASHL": 0.28330658105939005,
    "ASHR": 0.23891625615763548,
    "ASIL": 0.4124087591240876,
    "ASIR": 0.3737864077669903,
    "ASJL": 0.38461538461538464,
    "ASJR": 0.4,
    "ASKL": 0.3359375,
    "ASKR": 0.2804878048780488,
    "AUAL": 0.2680115273775216,
    "AUAR": 0.1948529411764706,
    "AVAL": 0.09634682602322697,
    "AVAR": 0.1168032786885246,
    "AVBL": 0.11917659804983749,
    "AVBR": 0.11152482269503546,
    "AVDL": 0.17412746585735964,
    "AVDR": 0.1498714652956298,
    "AVEL": 0.16401273885350318,
    "AVER": 0.16675231243576566,
    "AVFL": 0.3017711171662125,
    "AVFR": 0.2695984703632887,
    "AVG": 0.20404984423676012,
    "AVHL": 0.21904761904761905,
    "AVHR": 0.19154228855721392,
    "AVJL": 0.26513671875,
    "AVJR": 0.2615681233933162,
    "AVKL": 0.2041942604856512,
    "AVKR": 0.2250453720508167,
    "AVL": 0.19815950920245398,
    "AVM": 0.21643518518518517,
    "AWAL": 0.19047619047619047,
    "AWAR": 0.20810810810810812,
    "AWBL": 0.2887700534759358,
    "AWBR": 0.26143790849673204,
    "AWCL": 0.32954545454545453,
    "AWCR": 0.3652694610778443,
    "BAGL": 0.29116465863453816,
    "BAGR": 0.2651006711409396,
    "BDUL": 0.18376068376068377,
    "BDUR": 0.3390625,
    "CANL": 0.5757575757575758,
    "CANR": 0.6636363636363637,
    "CEPDL": 0.095193830475797,
    "CEPDR": 0.09445671952170523,
    "CEPVL": 0.10341115521765458,
    "CEPVR": 0.09450078268563261,
    "DA1": 0.3173431734317343,
    "DA2": 0.28016359918200406,
    "DA3": 0.2922794117647059,
    "DA4": 0.2916666666666667,
    "DA5": 0.3734375,
    "DA6": 0.4095744680851064,
    "DA7": 0.5288461538461539,
    "DA8": 0.291044776119403,
    "DA9": 0.29250720461095103,
    "DB1": 0.26337448559670784,
    "DB2": 0.2757352941176471,
    "DB3": 0.27325581395348836,
    "DB4": 0.3293010752688172,
    "DB5": 0.4880952380952381,
    "DB6": 0.47368421052631576,
    "DB7": 0.4230769230769231,
    "DD1": 0.25677966101694916,
    "DD2": 0.22805343511450382,
    "DD3": 0.28058510638297873,
    "DD4": 0.31666666666666665,
    "DD5": 0.4171597633136095,
    "DD6": 0.3333333333333333,
    "DVA": 0.1867283950617284,
    "DVB": 0.1206896551724138,
    "DVC": 0.20085470085470086,
    "FLPL": 0.34025270758122744,
    "FLPR": 0.35962566844919786,
    "HSNL": 0.107103995025649,
    "HSNR": 0.11248250413538619,
    "I1L": 0.3473360655737705,
    "I1R": 0.33783783783783783,
    "I2L": 0.47058823529411764,
    "I2R": 0.3920704845814978,
    "I3": 0.38235294117647056,
    "I4": 0.38377192982456143,
    "I5": 0.4956521739130435,
    "I6": 0.4228187919463087,
    "IL1DL": 0.2593220338983051,
    "IL1DR": 0.25742574257425743,
    "IL1L": 0.23507462686567165,
    "IL1R": 0.2281021897810219,
    "IL1VL": 0.19461077844311378,
    "IL1VR": 0.2757352941176471,
    "IL2DL": 0.2777777777777778,
    "IL2DR": 0.34539473684210525,
    "IL2L": 0.30434782608695654,
    "IL2R": 0.2628504672897196,
    "IL2VL": 0.2976588628762542,
    "IL2VR": 0.3029411764705882,
    "LUAL": 0.2774294670846395,
    "LUAR": 0.35945945945945945,
    "M1": 0.3584905660377358,
    "M2L": 0.4975369458128079,
    "M2R": 0.44366197183098594,
    "M3L": 0.4778225806451613,
    "M3R": 0.407514450867052,
    "M4": 0.5016949152542373,
    "M5": 0.47767857142857145,
    "MCL": 0.4161849710982659,
    "MCR": 0.46779661016949153,
    "MI": 0.5227272727272727,
    "NSML": 0.12217374057913527,
    "NSMR": 0.12079281974569933,
    "OLLL": 0.3008474576271186,
    "OLLR": 0.2249488752556237,
    "OLQDL": 0.2600806451612903,
    "OLQDR": 0.22267206477732793,
    "OLQVL": 0.1815068493150685,
    "OLQVR": 0.26344086021505375,
    "PDA": 0.2966101694915254,
    "PDB": 0.25,
    "PDEL": 0.09883639910813824,
    "PDER": 0.11537449858617742,
    "PHAL": 0.25842696629213485,
    "PHAR": 0.19078947368421054,
    "PHBL": 0.3173076923076923,
    "PHBR": 0.30597014925373134,
    "PHCL": 0.3614864864864865,
    "PHCR": 0.35333333333333333,
    "PLML": 0.45161290322580644,
    "PLMR": 0.4158878504672897,
    "PLNL": 0.4444444444444444,
    "PLNR": 0.4642857142857143,
    "PQR": 0.22572815533980584,
    "PVCL": 0.19421338155515372,
    "PVCR": 0.16160388821385177,
    "PVDL": 0.3487394957983193,
    "PVDR": 0.4166666666666667,
    "PVM": 0.5,
    "PVNL": 0.21212121212121213,
    "PVNR": 0.19865642994241842,
    "PVPL": 0.19210977701543738,
    "PVPR": 0.18803418803418803,
    "PVQL": 0.2616822429906542,
    "PVQR": 0.2128787878787879,
    "PVR": 0.15611510791366906,
    "PVT": 0.2209775967413442,
    "PVWL": 0.28703703703703703,
    "PVWR": 0.45,
    "RIAL": 0.22292490118577074,
    "RIAR": 0.1778373547810545,
    "RIBL": 0.20391061452513967,
    "RIBR": 0.2258387581372058,
    "RICL": 0.16546762589928057,
    "RICR": 0.14648537711646997,
    "RID": 0.20192307692307693,
    "RIFL": 0.16791044776119404,
    "RIFR": 0.29385964912280704,
    "RIGL": 0.14439655172413793,
    "RIGR": 0.17366720516962844,
    "RIH": 0.24271300448430494,
    "RIML": 0.09492036160137753,
    "RIMR": 0.11831424019421895,
    "RIPL": 0.13596491228070176,
    "RIPR": 0.0966183574879227,
    "RIR": 0.16040462427745664,
    "RIS": 0.2913000977517107,
    "RIVL": 0.3231292517006803,
    "RIVR": 0.23170731707317074,
    "RMDDL": 0.27608695652173915,
    "RMDDR": 0.2696969696969697,
    "RMDL": 0.27323717948717946,
    "RMDR": 0.2440087145969499,
    "RMDVL": 0.25987841945288753,
    "RMDVR": 0.19130998702983137,
    "RMED": 0.20967741935483872,
    "RMEL": 0.27091633466135456,
    "RMER": 0.27478448275862066,
    "RMEV": 0.2056921086675291,
    "RMFL": 0.256,
    "RMFR": 0.42788461538461536,
    "RMGL": 0.10822510822510822,
    "RMGR": 0.1308411214953271,
    "RMHL": 0.30177514792899407,
    "RMHR": 0.2574626865671642,
    "SAADL": 0.16019417475728157,
    "SAADR": 0.2185430463576159,
    "SAAVL": 0.19083969465648856,
    "SAAVR": 0.23563218390804597,
    "SABD": 0.3383233532934132,
    "SABVL": 0.3382352941176471,
    "SABVR": 0.4866666666666667,
    "SDQL": 0.29282868525896416,
    "SDQR": 0.19777777777777777,
    "SIADL": 0.5144230769230769,
    "SIADR": 0.5194805194805194,
    "SIAVL": 0.36666666666666664,
    "SIAVR": 0.2727272727272727,
    "SIBDL": 0.4101123595505618,
    "SIBDR": 0.3806818181818182,
    "SIBVL": 0.3024390243902439,
    "SIBVR": 0.30913978494623656,
    "SMBDL": 0.13087248322147652,
    "SMBDR": 0.21359223300970873,
    "SMBVL": 0.0703125,
    "SMBVR": 0.13636363636363635,
    "SMDDL": 0.31446540880503143,
    "SMDDR": 0.3084648493543759,
    "SMDVL": 0.2756892230576441,
    "SMDVR": 0.2634069400630915,
    "URADL": 0.23809523809523808,
    "URADR": 0.2361111111111111,