{
  "clustering_coefficients": {
    "ADAL": 0.18255813953488373,
    "ADAR": 0.18045112781954886,
    "ADEL": 0.07886493458632762,
    "ADER": 0.09874510778405914,
    "ADFL": 0.05506993006993007,
    "ADFR": 0.0846359130766298,
    "ADLL": 0.2521150592216582,
    "ADLR": 0.23357664233576642,
    "AFDL": 0.34523809523809523,
    "AFDR": 0.3265993265993266,
    "AIAL": 0.25499412455934195,
    "AIAR": 0.27041742286751363,
    "AIBL": 0.16996047430830039,
    "AIBR": 0.18867924528301888,
    "AIML": 0.2456575682382134,
    "AIMR": 0.312,
    "AINL": 0.22297297297297297,
    "AINR": 0.17424242424242425,
    "AIYL": 0.2601880877742947,
    "AIYR": 0.33488372093023255,
    "AIZL": 0.2693877551020408,
    "AIZR": 0.2590909090909091,
    "ALA": 0.2714285714285714,
    "ALML": 0.18983050847457628,
    "ALMR": 0.3737864077669903,
    "ALNL": 0.2754237288135593,
    "ALNR": 0.35,
    "AQR": 0.2851758793969849,
    "AS1": 0.34890965732087226,
    "AS10": 0.4141791044776119,
    "AS11": 0.27925531914893614,
    "AS2": 0.3442982456140351,
    "AS3": 0.367601246105919,
    "AS4": 0.3980263157894737,
    "AS5": 0.33229813664596275,
    "AS6": 0.3911290322580645,
    "AS7": 0.5431034482758621,
    "AS8": 0.3618421052631579,
    "AS9": 0.30666666666666664,
    "ASEL": 0.2600732600732601,
    "ASER": 0.2954110898661568,
    "ASGL": 0.35795454545454547,
    "ASGR": 0.36622807017543857,
    "ASHL": 0.25816326530612244,
    "ASHR": 0.23708206686930092,
    "ASIL": 0.33774834437086093,
    "ASIR": 0.4110576923076923,
    "ASJL": 0.36538461538461536,
    "ASJR": 0.425,
    "ASKL": 0.3081180811808118,
    "ASKR": 0.2862903225806452,
    "AUAL": 0.25360230547550433,
    "AUAR": 0.21757925072046108,
    "AVAL": 0.09488104634118841,
    "AVAR": 0.11604831751509923,
    "AVBL": 0.11871893981225842,
    "AVBR": 0.13571320982075613,
    "AVDL": 0.17412746585735964,
    "AVDR": 0.14858611825192802,
    "AVEL": 0.16666666666666666,
    "AVER": 0.16778006166495374,
    "AVFL": 0.2742561448900388,
    "AVFR": 0.2787769784172662,
    "AVG": 0.20404984423676012,
    "AVHL": 0.20810810810810812,
    "AVHR": 0.1858288770053476,
    "AVJL": 0.25278969957081543,
    "AVJR": 0.2571041948579161,
    "AVKL": 0.19683590875643855,
    "AVKR": 0.2277676950998185,
    "AVL": 0.17621776504297995,
    "AVM": 0.2566793893129771,
    "AWAL": 0.19047619047619047,
    "AWAR": 0.21081081081081082,
    "AWBL": 0.2760942760942761,
    "AWBR": 0.2657952069716776,
    "AWCL": 0.3523489932885906,
    "AWCR": 0.3624161073825503,
    "BAGL": 0.30538922155688625,
    "BAGR": 0.27184466019417475,
    "BDUL": 0.17293233082706766,
    "BDUR": 0.2964071856287425,
    "CANL": 0.625,
    "CANR": 0.5694444444444444,
    "CEPDL": 0.09873562488086918,
    "CEPDR": 0.07838334353949786,
    "CEPVL": 0.09990581270182992,
    "CEPVR": 0.08874956461163358,
    "DA1": 0.30465116279069765,
    "DA2": 0.29649595687331537,
    "DA3": 0.3530259365994236,
    "DA4": 0.32463768115942027,
    "DA5": 0.3487903225806452,
    "DA6": 0.4104803493449782,
    "DA7": 0.46296296296296297,
    "DA8": 0.27884615384615385,
    "DA9": 0.2736318407960199,
    "DB1": 0.30064935064935067,
    "DB2": 0.2922794117647059,
    "DB3": 0.2983706720977597,
    "DB4": 0.33875,
    "DB5": 0.44919786096256686,
    "DB6": 0.49702380952380953,
    "DB7": 0.4126637554585153,
    "DD1": 0.256294964028777,
    "DD2": 0.2244165170556553,
    "DD3": 0.25541795665634676,
    "DD4": 0.26556776556776557,
    "DD5": 0.4205298013245033,
    "DD6": 0.3458333333333333,
    "DVA": 0.17938237965485923,
    "DVB": 0.1206896551724138,
    "DVC": 0.22128851540616246,
    "FLPL": 0.3329694323144105,
    "FLPR": 0.3786764705882353,
    "HSNL": 0.08743945214631701,
    "HSNR": 0.11328883495145631,
    "I1L": 0.3442982456140351,
    "I1R": 0.3172661870503597,
    "I2L": 0.4344660194174757,
    "I2R": 0.4411764705882353,
    "I3": 0.4171875,
    "I4": 0.42857142857142855,
    "I5": 0.4956521739130435,
    "I6": 0.41365461847389556,
    "IL1DL": 0.14864864864864866,
    "IL1DR": 0.19318181818181818,
    "IL1L": 0.24172185430463577,
    "IL1R": 0.2051792828685259,
    "IL1VL": 0.21140939597315436,
    "IL1VR": 0.220873786407767,
    "IL2DL": 0.2679738562091503,
    "IL2DR": 0.2932692307692308,
    "IL2L": 0.26570048309178745,
    "IL2R": 0.24123989218328842,
    "IL2VL": 0.3133971291866029,
    "IL2VR": 0.29894179894179895,
    "LUAL": 0.25,
    "LUAR": 0.39864864864864863,
    "M1": 0.34097035040431267,
    "M2L": 0.42610837438423643,
    "M2R": 0.4156171284634761,
    "M3L": 0.40529531568228105,
    "M3R": 0.4484375,
    "M4": 0.4421875,
    "M5": 0.42886178861788615,
    "MCL": 0.4077306733167082,
    "MCR": 0.4972972972972973,
    "MI": 0.5227272727272727,
    "NSML": 0.11870503597122302,
    "NSMR": 0.11303850552802135,
    "OLLL": 0.22693726937269373,
    "OLLR": 0.20578231292517007,
    "OLQDL": 0.21891891891891893,
    "OLQDR": 0.2579710144927536,
    "OLQVL": 0.25922131147540983,
    "OLQVR": 0.23809523809523808,
    "PDA": 0.2754237288135593,
    "PDB": 0.25,
    "PDEL": 0.09818035662087109,
    "PDER": 0.09472240271460544,
    "PHAL": 0.27403846153846156,
    "PHAR": 0.2247191011235955,
    "PHBL": 0.30288461538461536,
    "PHBR": 0.30223880597014924,
    "PHCL": 0.30236486486486486,
    "PHCR": 0.32905982905982906,
    "PLML": 0.2549019607843137,
    "PLMR": 0.3597972972972973,
    "PLNL": 0.3522727272727273,
    "PLNR": 0.2777777777777778,
    "PQR": 0.2533039647577093,
    "PVCL": 0.16206088992974238,
    "PVCR": 0.16235931638182577,
    "PVDL": 0.34134615384615385,
    "PVDR": 0.4090909090909091,
    "PVM": 0.45161290322580644,
    "PVNL": 0.21212121212121213,
    "PVNR": 0.20057581573896352,
    "PVPL": 0.19210977701543738,
    "PVPR": 0.19829059829059828,
    "PVQL": 0.25311720698254364,
    "PVQR": 0.21156462585034014,
    "PVR": 0.15971223021582734,
    "PVT": 0.21160714285714285,
    "PVWL": 0.28703703703703703,
    "PVWR": 0.45,
    "RIAL": 0.21976284584980238,
    "RIAR": 0.19722425127830534,
    "RIBL": 0.18846949327817994,
    "RIBR": 0.22414684591520165,
    "RICL": 0.14385542168674698,
    "RICR": 0.15281989084293512,
    "RID": 0.22596153846153846,
    "RIFL": 0.16791044776119404,
    "RIFR": 0.2894736842105263,
    "RIGL": 0.14870689655172414,
    "RIGR": 0.17366720516962844,
    "RIH": 0.23766816143497757,
    "RIML": 0.10696073431922488,
    "RIMR": 0.10644992134242265,
    "RIPL": 0.1513157894736842,
    "RIPR": 0.1111111111111111,
    "RIR": 0.16473988439306358,
    "RIS": 0.27587890625,
    "RIVL": 0.3163265306122449,
    "RIVR": 0.25609756097560976,
    "RMDDL": 0.2841726618705036,
    "RMDDR": 0.22612612612612612,
    "RMDL": 0.2590439276485788,
    "RMDR": 0.27928692699490665,
    "RMDVL": 0.21518987341772153,
    "RMDVR": 0.21639950678175093,
    "RMED": 0.2383177570093458,
    "RMEL": 0.25547445255474455,
    "RMER": 0.26142857142857145,
    "RMEV": 0.16693418940609953,
    "RMFL": 0.2777777777777778,
    "RMFR": 0.46176470588235297,
    "RMGL": 0.1176046176046176,
    "RMGR": 0.13317757009345793,
    "RMHL": 0.3543046357615894,
    "RMHR": 0.3076923076923077,
    "SAADL": 0.1553398058252427,
    "SAADR": 0.19205298013245034,
    "SAAVL": 0.19083969465648856,
    "SAAVR": 0.25862068965517243,
    "SABD": 0.3514056224899598,
    "SABVL": 0.374,
    "SABVR": 0.40476190476190477,
    "SDQL": 0.24253731343283583,
    "SDQR": 0.22058823529411764,
    "SIADL": 0.37012987012987014,
    "SIADR": 0.44155844155844154,
    "SIAVL": 0.26666666666666666,
    "SIAVR": 0.3557692307692308,
    "SIBDL": 0.470873786407767,
    "SIBDR": 0.4057971014492754,
    "SIBVL": 0.3162162162162162,
    "SIBVR": 0.34797297297297297,
    "SMBDL": 0.12080536912751678,
    "SMBDR": 0.20145631067961164,
    "SMBVL": 0.0859375,
    "SMBVR": 0.13068181818181818,
    "SMDDL": 0.3032345013477089,
    "SMDDR": 0.23776223776223776,
    "SMDVL": 0.27920560747663553,
    "SMDVR": 0.27287066246056785,
    "URADL": 0.23809523809523808,
    "URADR": 0.2361111111111111,