{
  "clustering_coefficients": {
    "ADAL": 0.18953488372093022,
    "ADAR": 0.19423558897243107,
    "ADEL": 0.09195197337137423,
    "ADER": 0.09278126358948872,
    "ADFL": 0.05659494855004677,
    "ADFR": 0.059950438429279454,
    "ADLL": 0.23644251626898047,
    "ADLR": 0.2410358565737052,
    "AFDL": 0.2980769230769231,
    "AFDR": 0.25333333333333335,
    "AIAL": 0.2779220779220779,
    "AIAR": 0.2512820512820513,
    "AIBL": 0.18617021276595744,
    "AIBR": 0.19681143485431557,
    "AIML": 0.2506203473945409,
    "AIMR": 0.2853333333333333,
    "AINL": 0.19594594594594594,
    "AINR": 0.17424242424242425,
    "AIYL": 0.2886710239651416,
    "AIYR": 0.34358288770053474,
    "AIZL": 0.25113464447806355,
    "AIZR": 0.2606060606060606,
    "ALA": 0.2714285714285714,
    "ALML": 0.21884057971014492,
    "ALMR": 0.3757396449704142,
    "ALNL": 0.34105960264900664,
    "ALNR": 0.30514705882352944,
    "AQR": 0.2851758793969849,
    "AS1": 0.32524271844660196,
    "AS10": 0.4110169491525424,
    "AS11": 0.32450331125827814,
    "AS2": 0.3516483516483517,
    "AS3": 0.32132564841498557,
    "AS4": 0.3611111111111111,
    "AS5": 0.34175084175084175,
    "AS6": 0.38191881918819187,
    "AS7": 0.4015151515151515,
    "AS8": 0.4788135593220339,
    "AS9": 0.26136363636363635,
    "ASEL": 0.2422360248447205,
    "ASER": 0.2729124236252546,
    "ASGL": 0.3502415458937198,
    "ASGR": 0.3,
    "ASHL": 0.2668845315904139,
    "ASHR": 0.22298325722983256,
    "ASIL": 0.3553008595988539,
    "ASIR": 0.4378698224852071,
    "ASJL": 0.38461538461538464,
    "ASJR": 0.4,
    "ASKL": 0.36034912718204487,
    "ASKR": 0.31048387096774194,
    "AUAL": 0.2702702702702703,
    "AUAR": 0.2470997679814385,
    "AVAL": 0.0947119179163378,
    "AVAR": 0.11621009490940466,
    "AVBL": 0.12732548216419184,
    "AVBR": 0.10847145488029467,
    "AVDL": 0.17412746585735964,
    "AVDR": 0.15012853470437018,
    "AVEL": 0.16348195329087048,
    "AVER": 0.16469681397738953,
    "AVFL": 0.2702702702702703,
    "AVFR": 0.2925430210325048,
    "AVG": 0.20404984423676012,
    "AVHL": 0.20402298850574713,
    "AVHR": 0.19164265129682997,
    "AVJL": 0.25470008952551476,
    "AVJR": 0.2519280205655527,
    "AVKL": 0.19462840323767477,
    "AVKR": 0.23865698729582577,
    "AVL": 0.18895705521472392,
    "AVM": 0.25609756097560976,
    "AWAL": 0.19047619047619047,
    "AWAR": 0.21351351351351353,
    "AWBL": 0.29750778816199375,
    "AWBR": 0.2567204301075269,
    "AWCL": 0.3524229074889868,
    "AWCR": 0.39221556886227543,
    "BAGL": 0.31433823529411764,
    "BAGR": 0.29838709677419356,
    "BDUL": 0.23308270676691728,
    "BDUR": 0.2702702702702703,
    "CANL": 0.5,
    "CANR": 0.5833333333333334,
    "CEPDL": 0.08770390589458633,
    "CEPDR": 0.09279355383715641,
    "CEPVL": 0.10524740622505986,
    "CEPVR": 0.09363018766395373,
    "DA1": 0.3463414634146341,
    "DA2": 0.30368098159509205,
    "DA3": 0.3115264797507788,
    "DA4": 0.2774294670846395,
    "DA5": 0.35108695652173916,
    "DA6": 0.3870192307692308,
    "DA7": 0.44537815126050423,
    "DA8": 0.32096069868995636,
    "DA9": 0.26218097447795824,
    "DB1": 0.2323049001814882,
    "DB2": 0.2621145374449339,
    "DB3": 0.3107074569789675,
    "DB4": 0.30094043887147337,
    "DB5": 0.5112781954887218,
    "DB6": 0.42592592592592593,
    "DB7": 0.3841059602649007,
    "DD1": 0.23898305084745763,
    "DD2": 0.21646341463414634,
    "DD3": 0.2701342281879195,
    "DD4": 0.338,
    "DD5": 0.4304635761589404,
    "DD6": 0.32894736842105265,
    "DVA": 0.17033935654473337,
    "DVB": 0.1206896551724138,
    "DVC": 0.2168803418803419,
    "FLPL": 0.3059299191374663,
    "FLPR": 0.35046728971962615,
    "HSNL": 0.10933679706601467,
    "HSNR": 0.10016025641025642,
    "I1L": 0.31954887218045114,
    "I1R": 0.33542713567839194,
    "I2L": 0.3983957219251337,
    "I2R": 0.3859223300970874,
    "I3": 0.43373493975903615,
    "I4": 0.37919463087248323,
    "I5": 0.48695652173913045,
    "I6": 0.3713592233009709,
    "IL1DL": 0.1716867469879518,
    "IL1DR": 0.21120689655172414,
    "IL1L": 0.1986754966887417,
    "IL1R": 0.22709163346613545,
    "IL1VL": 0.17803030303030304,
    "IL1VR": 0.25638051044083526,
    "IL2DL": 0.3047619047619048,
    "IL2DR": 0.3074074074074074,
    "IL2L": 0.286,
    "IL2R": 0.22965116279069767,
    "IL2VL": 0.31216931216931215,
    "IL2VR": 0.3194444444444444,
    "LUAL": 0.26666666666666666,
    "LUAR": 0.3284132841328413,
    "M1": 0.3261455525606469,
    "M2L": 0.4187192118226601,
    "M2R": 0.39436619718309857,
    "M3L": 0.4155495978552279,
    "M3R": 0.42485549132947975,
    "M4": 0.45018450184501846,
    "M5": 0.4180327868852459,
    "MCL": 0.4646017699115044,
    "MCR": 0.4213709677419355,
    "MI": 0.5227272727272727,
    "NSML": 0.09456613310867734,
    "NSMR": 0.10049554013875124,
    "OLLL": 0.2609375,
    "OLLR": 0.21728971962616822,
    "OLQDL": 0.252212389380531,
    "OLQDR": 0.21862348178137653,
    "OLQVL": 0.2865384615384615,
    "OLQVR": 0.2753623188405797,
    "PDA": 0.3543046357615894,
    "PDB": 0.25,
    "PDEL": 0.10238991081382386,
    "PDER": 0.09672587203081533,
    "PHAL": 0.2621359223300971,
    "PHAR": 0.2847682119205298,
    "PHBL": 0.35555555555555557,
    "PHBR": 0.26595744680851063,
    "PHCL": 0.3172043010752688,
    "PHCR": 0.37218045112781956,
    "PLML": 0.3284313725490196,
    "PLMR": 0.4050802139037433,
    "PLNL": 0.3333333333333333,
    "PLNR": 0.47619047619047616,
    "PQR": 0.28313253012048195,
    "PVCL": 0.16721311475409836,
    "PVCR": 0.16070763500931098,
    "PVDL": 0.35294117647058826,
    "PVDR": 0.4227941176470588,
    "PVM": 0.5161290322580645,
    "PVNL": 0.21212121212121213,
    "PVNR": 0.1948176583493282,
    "PVPL": 0.19210977701543738,
    "PVPR": 0.19829059829059828,
    "PVQL": 0.29349904397705545,
    "PVQR": 0.22235872235872237,
    "PVR": 0.160431654676259,
    "PVT": 0.20279329608938548,
    "PVWL": 0.28703703703703703,
    "PVWR": 0.45,
    "RIAL": 0.23338203067932797,
    "RIAR": 0.20309205903021785,
    "RIBL": 0.20531514581373472,
    "RIBR": 0.22362978283350568,
    "RICL": 0.19127669241253975,
    "RICR": 0.12580456407255705,
    "RID": 0.1810810810810811,
    "RIFL": 0.1791044776119403,
    "RIFR": 0.28289473684210525,
    "RIGL": 0.15,
    "RIGR": 0.17205169628432956,
    "RIH": 0.242152466367713,
    "RIML": 0.10793690745867941,
    "RIMR": 0.09434516318483094,
    "RIPL": 0.15350877192982457,
    "RIPR": 0.09420289855072464,
    "RIR": 0.17052023121387283,
    "RIS": 0.3124415341440599,
    "RIVL": 0.3163265306122449,
    "RIVR": 0.25365853658536586,
    "RMDDL": 0.3011472275334608,
    "RMDDR": 0.24904214559386972,
    "RMDL": 0.2802721088435374,
    "RMDR": 0.2828828828828829,
    "RMDVL": 0.24190800681431004,
    "RMDVR": 0.18310727496917387,
    "RMED": 0.16990291262135923,
    "RMEL": 0.22596153846153846,
    "RMER": 0.27285714285714285,
    "RMEV": 0.18112244897959184,
    "RMFL": 0.2484472049689441,
    "RMFR": 0.4166666666666667,
    "RMGL": 0.11688311688311688,
    "RMGR": 0.1366822429906542,
    "RMHL": 0.2958579881656805,
    "RMHR": 0.291044776119403,
    "SAADL": 0.1650485436893204,
    "SAADR": 0.1986754966887417,
    "SAAVL": 0.19083969465648856,
    "SAAVR": 0.23563218390804597,
    "SABD": 0.3333333333333333,
    "SABVL": 0.36752136752136755,
    "SABVR": 0.48,
    "SDQL": 0.20149253731343283,
    "SDQR": 0.21316614420062696,
    "SIADL": 0.33076923076923076,
    "SIADR": 0.49230769230769234,
    "SIAVL": 0.362962962962963,
    "SIAVR": 0.3764705882352941,
    "SIBDL": 0.4703389830508475,
    "SIBDR": 0.32905982905982906,
    "SIBVL": 0.2988929889298893,
    "SIBVR": 0.33480176211453744,
    "SMBDL": 0.12080536912751678,
    "SMBDR": 0.20388349514563106,
    "SMBVL": 0.0703125,
    "SMBVR": 0.13636363636363635,
    "SMDDL": 0.35313001605136435,
    "SMDDR": 0.25303030303030305,
    "SMDVL": 0.2506265664160401,
    "SMDVR": 0.28391167192429023,
    "URADL": 0.23809523809523808,
    "URADR": 0.2222222222222222,