{
  "clustering_coefficients": {
    "ADAL": 0.19534883720930232,
    "ADAR": 0.20175438596491227,
    "ADEL": 0.0796636358233791,
    "ADER": 0.10011308663692907,
    "ADFL": 0.06369502868068834,
    "ADFR": 0.07999611197511663,
    "ADLL": 0.2102803738317757,
    "ADLR": 0.29521276595744683,
    "AFDL": 0.2863247863247863,
    "AFDR": 0.24,
    "AIAL": 0.2263719512195122,
    "AIAR": 0.24613899613899615,
    "AIBL": 0.1813380281690141,
    "AIBR": 0.17370744010088274,
    "AIML": 0.2383367139959432,
    "AIMR": 0.25298804780876494,
    "AINL": 0.22297297297297297,
    "AINR": 0.17424242424242425,
    "AIYL": 0.2768115942028985,
    "AIYR": 0.3117206982543641,
    "AIZL": 0.2612244897959184,
    "AIZR": 0.2592,
    "ALA": 0.2571428571428571,
    "ALML": 0.1960352422907489,
    "ALMR": 0.3172043010752688,
    "ALNL": 0.26063829787234044,
    "ALNR": 0.29894179894179895,
    "AQR": 0.2851758793969849,
    "AS1": 0.3382352941176471,
    "AS10": 0.46875,
    "AS11": 0.23300970873786409,
    "AS2": 0.28342245989304815,
    "AS3": 0.34966216216216217,
    "AS4": 0.32592592592592595,
    "AS5": 0.326,
    "AS6": 0.36162361623616235,
    "AS7": 0.40939597315436244,
    "AS8": 0.4025423728813559,
    "AS9": 0.28205128205128205,
    "ASEL": 0.26006191950464397,
    "ASER": 0.27391304347826084,
    "ASGL": 0.2922705314009662,
    "ASGR": 0.298,
    "ASHL": 0.2585034013605442,
    "ASHR": 0.26108374384236455,
    "ASIL": 0.3722627737226277,
    "ASIR": 0.38079470198675497,
    "ASJL": 0.3269230769230769,
    "ASJR": 0.4,
    "ASKL": 0.3305084745762712,
    "ASKR": 0.3093681917211329,
    "AUAL": 0.2026431718061674,
    "AUAR": 0.21962616822429906,
    "AVAL": 0.09657233058969444,
    "AVAR": 0.11831320103537532,
    "AVBL": 0.11779863795324867,
    "AVBR": 0.12030396174863388,
    "AVDL": 0.17412746585735964,
    "AVDR": 0.1493573264781491,
    "AVEL": 0.1664012738853503,
    "AVER": 0.1672661870503597,
    "AVFL": 0.2557471264367816,
    "AVFR": 0.2545824847250509,
    "AVG": 0.20404984423676012,
    "AVHL": 0.20938628158844766,
    "AVHR": 0.1873198847262248,
    "AVJL": 0.25779467680608364,
    "AVJR": 0.2510148849797023,
    "AVKL": 0.19315673289183222,
    "AVKR": 0.23502722323049002,
    "AVL": 0.17870967741935484,
    "AVM": 0.21469740634005763,
    "AWAL": 0.19047619047619047,
    "AWAR": 0.20810810810810812,
    "AWBL": 0.20093457943925233,
    "AWBR": 0.2525,
    "AWCL": 0.35984848484848486,
    "AWCR": 0.36227544910179643,
    "BAGL": 0.3288590604026846,
    "BAGR": 0.2550335570469799,
    "BDUL": 0.15384615384615385,
    "BDUR": 0.2905405405405405,
    "CANL": 0.46153846153846156,
    "CANR": 0.4523809523809524,
    "CEPDL": 0.08763297872340425,
    "CEPDR": 0.09668303841754693,
    "CEPVL": 0.06676265535010609,
    "CEPVR": 0.0897894189522943,
    "DA1": 0.30673316708229426,
    "DA2": 0.29694323144104806,
    "DA3": 0.2819314641744548,
    "DA4": 0.2965686274509804,
    "DA5": 0.34104046242774566,
    "DA6": 0.35096153846153844,
    "DA7": 0.4155844155844156,
    "DA8": 0.2794759825327511,
    "DA9": 0.31343283582089554,
    "DB1": 0.2748917748917749,
    "DB2": 0.2923433874709977,
    "DB3": 0.29152542372881357,
    "DB4": 0.3381226053639847,
    "DB5": 0.39035087719298245,
    "DB6": 0.46130952380952384,
    "DB7": 0.39095744680851063,
    "DD1": 0.2416,
    "DD2": 0.2347560975609756,
    "DD3": 0.2550335570469799,
    "DD4": 0.286,
    "DD5": 0.4337748344370861,
    "DD6": 0.3631578947368421,
    "DVA": 0.17937417364477742,
    "DVB": 0.1206896551724138,
    "DVC": 0.22182468694096602,
    "FLPL": 0.3406113537117904,
    "FLPR": 0.37349397590361444,
    "HSNL": 0.06419085095917364,
    "HSNR": 0.09218647406434669,
    "I1L": 0.31153846153846154,
    "I1R": 0.3407494145199063,
    "I2L": 0.41566265060240964,
    "I2R": 0.393048128342246,
    "I3": 0.44256756756756754,
    "I4": 0.3526570048309179,
    "I5": 0.49130434782608695,
    "I6": 0.3524229074889868,
    "IL1DL": 0.15675675675675677,
    "IL1DR": 0.2215568862275449,
    "IL1L": 0.22847682119205298,
    "IL1R": 0.2290836653386454,
    "IL1VL": 0.16167664670658682,
    "IL1VR": 0.18120805369127516,
    "IL2DL": 0.3366013071895425,
    "IL2DR": 0.35555555555555557,
    "IL2L": 0.279126213592233,
    "IL2R": 0.2570093457943925,
    "IL2VL": 0.24444444444444444,
    "IL2VR": 0.23333333333333334,
    "LUAL": 0.2715617715617716,
    "LUAR": 0.3985239852398524,
    "M1": 0.3072429906542056,
    "M2L": 0.4423791821561338,
    "M2R": 0.4057971014492754,
    "M3L": 0.4249329758713137,
    "M3R": 0.43728813559322033,
    "M4": 0.47123893805309736,
    "M5": 0.4729064039408867,
    "MCL": 0.4320809248554913,
    "MCR": 0.4483394833948339,
    "MI": 0.5227272727272727,
    "NSML": 0.1162569087097389,
    "NSMR": 0.10264080874767897,
    "OLLL": 0.23728813559322035,
    "OLLR": 0.24335378323108384,
    "OLQDL": 0.2593220338983051,
    "OLQDR": 0.24814814814814815,
    "OLQVL": 0.2054794520547945,
    "OLQVR": 0.22,
    "PDA": 0.2815533980582524,
    "PDB": 0.25,
    "PDEL": 0.0835980363846376,
    "PDER": 0.07821290275443851,
    "PHAL": 0.24271844660194175,
    "PHAR": 0.20224719101123595,
    "PHBL": 0.4076923076923077,
    "PHBR": 0.29850746268656714,
    "PHCL": 0.36764705882352944,
    "PHCR": 0.3864734299516908,
    "PLML": 0.35333333333333333,
    "PLMR": 0.38872832369942195,
    "PLNL": 0.3181818181818182,
    "PLNR": 0.3901098901098901,
    "PQR": 0.27184466019417475,
    "PVCL": 0.16182669789227166,
    "PVCR": 0.18470790378006874,
    "PVDL": 0.32222222222222224,
    "PVDR": 0.35661764705882354,
    "PVM": 0.45161290322580644,
    "PVNL": 0.21212121212121213,
    "PVNR": 0.19865642994241842,
    "PVPL": 0.19210977701543738,
    "PVPR": 0.19829059829059828,
    "PVQL": 0.2339572192513369,
    "PVQR": 0.21305595408895264,
    "PVR": 0.17194244604316547,
    "PVT": 0.20089285714285715,
    "PVWL": 0.28703703703703703,
    "PVWR": 0.45,
    "RIAL": 0.2114065180102916,
    "RIAR": 0.2035907859078591,
    "RIBL": 0.19297445255474452,
    "RIBR": 0.2098800685322673,
    "RICL": 0.19212179797003384,
    "RICR": 0.14947245017584995,
    "RID": 0.20833333333333334,
    "RIFL": 0.17537313432835822,
    "RIFR": 0.2719298245614035,
    "RIGL": 0.1478448275862069,
    "RIGR": 0.1704361873990307,
    "RIH": 0.2281390134529148,
    "RIML": 0.09857904085257549,
    "RIMR": 0.10368445914029287,
    "RIPL": 0.14035087719298245,
    "RIPR": 0.10869565217391304,
    "RIR": 0.15895953757225434,
    "RIS": 0.28046594982078854,
    "RIVL": 0.3197278911564626,
    "RIVR": 0.25121951219512195,
    "RMDDL": 0.29534883720930233,
    "RMDDR": 0.20396270396270397,
    "RMDL": 0.2812051649928264,
    "RMDR": 0.2840909090909091,
    "RMDVL": 0.2373806275579809,
    "RMDVR": 0.20246085011185683,
    "RMED": 0.1966019417475728,
    "RMEL": 0.24664429530201343,
    "RMER": 0.20291777188328913,
    "RMEV": 0.15816326530612246,
    "RMFL": 0.2732919254658385,
    "RMFR": 0.4222222222222222,
    "RMGL": 0.10461760461760462,
    "RMGR": 0.13317757009345793,
    "RMHL": 0.271523178807947,
    "RMHR": 0.22340425531914893,
    "SAADL": 0.1650485436893204,
    "SAADR": 0.2152317880794702,
    "SAAVL": 0.2366412213740458,
    "SAAVR": 0.2471264367816092,
    "SABD": 0.32335329341317365,
    "SABVL": 0.38666666666666666,
    "SABVR": 0.40977443609022557,
    "SDQL": 0.29744525547445255,
    "SDQR": 0.19838056680161945,
    "SIADL": 0.4153846153846154,
    "SIADR": 0.43846153846153846,
    "SIAVL": 0.3223684210526316,
    "SIAVR": 0.27310924369747897,
    "SIBDL": 0.4550561797752809,
    "SIBDR": 0.3235294117647059,
    "SIBVL": 0.30338983050847457,
    "SIBVR": 0.3453815261044177,
    "SMBDL": 0.12080536912751678,
    "SMBDR": 0.21359223300970873,
    "SMBVL": 0.078125,
    "SMBVR": 0.1534090909090909,
    "SMDDL": 0.3003412969283277,
    "SMDDR": 0.25383141762452105,
    "SMDVL": 0.25,
    "SMDVR": 0.2997658079625293,
    "URADL": 0.2619047619047619,
    "URADR": 0.2222222222222222,
    "URAVL": 0.4,
    "URAVR": 0.2619047619047619,