{
  "clustering_coefficients": {
    "ADAL": 0.17790697674418604,
    "ADAR": 0.21679197994987467,
    "ADEL": 0.09396131004880344,
    "ADER": 0.08967028778349533,
    "ADFL": 0.07280723185927193,
    "ADFR": 0.06099885627144491,
    "ADLL": 0.20771144278606965,
    "ADLR": 0.23580786026200873,
    "AFDL": 0.2857142857142857,
    "AFDR": 0.1984126984126984,
    "AIAL": 0.22661290322580646,
    "AIAR": 0.23321234119782214,
    "AIBL": 0.16521739130434782,
    "AIBR": 0.15796610169491526,
    "AIML": 0.208,
    "AIMR": 0.23345588235294118,
    "AINL": 0.18243243243243243,
    "AINR": 0.17424242424242425,
    "AIYL": 0.28554778554778554,
    "AIYR": 0.3383720930232558,
    "AIZL": 0.27002583979328165,
    "AIZR": 0.2680272108843537,
    "ALA": 0.2571428571428571,
    "ALML": 0.24727668845315903,
    "ALMR": 0.39572192513368987,
    "ALNL": 0.3106508875739645,
    "ALNR": 0.25,
    "AQR": 0.2851758793969849,
    "AS1": 0.375,
    "AS10": 0.39325842696629215,
    "AS11": 0.26158940397350994,
    "AS2": 0.30043859649122806,
    "AS3": 0.35669781931464173,
    "AS4": 0.37815126050420167,
    "AS5": 0.38164251207729466,
    "AS6": 0.4132841328413284,
    "AS7": 0.5540540540540541,
    "AS8": 0.4264705882352941,
    "AS9": 0.32954545454545453,
    "ASEL": 0.2684563758389262,
    "ASER": 0.2695984703632887,
    "ASGL": 0.38235294117647056,
    "ASGR": 0.28502415458937197,
    "ASHL": 0.26666666666666666,
    "ASHR": 0.2188449848024316,
    "ASIL": 0.3474576271186441,
    "ASIR": 0.35638297872340424,
    "ASJL": 0.40384615384615385,
    "ASJR": 0.45,
    "ASKL": 0.2955112219451372,
    "ASKR": 0.2942477876106195,
    "AUAL": 0.2606951871657754,
    "AUAR": 0.2553475935828877,
    "AVAL": 0.09465554177472094,
    "AVAR": 0.11513157894736842,
    "AVBL": 0.1245870283428969,
    "AVBR": 0.10791896869244935,
    "AVDL": 0.17412746585735964,
    "AVDR": 0.1498714652956298,
    "AVEL": 0.16348195329087048,
    "AVER": 0.17009249743062693,
    "AVFL": 0.2810578105781058,
    "AVFR": 0.28065134099616856,
    "AVG": 0.20404984423676012,
    "AVHL": 0.20578231292517007,
    "AVHR": 0.17914438502673796,
    "AVJL": 0.24485759493670886,
    "AVJR": 0.2476319350473613,
    "AVKL": 0.19573215599705665,
    "AVKR": 0.22323049001814882,
    "AVL": 0.1997874601487779,
    "AVM": 0.2632113821138211,
    "AWAL": 0.19047619047619047,
    "AWAR": 0.20810810810810812,
    "AWBL": 0.25,
    "AWBR": 0.22608695652173913,
    "AWCL": 0.30097087378640774,
    "AWCR": 0.3712121212121212,
    "BAGL": 0.33221476510067116,
    "BAGR": 0.26881720430107525,
    "BDUL": 0.1794871794871795,
    "BDUR": 0.2775330396475771,
    "CANL": 0.4935897435897436,
    "CANR": 0.6590909090909091,
    "CEPDL": 0.08751586070774002,
    "CEPDR": 0.09479981592268753,
    "CEPVL": 0.08932600112803159,
    "CEPVR": 0.09615515481456277,
    "DA1": 0.3136729222520107,
    "DA2": 0.27044025157232704,
    "DA3": 0.29127725856697817,
    "DA4": 0.29153605015673983,
    "DA5": 0.34971098265895956,
    "DA6": 0.37740384615384615,
    "DA7": 0.4153846153846154,
    "DA8": 0.2788844621513944,
    "DA9": 0.2956081081081081,
    "DB1": 0.2471042471042471,
    "DB2": 0.2807486631016043,
    "DB3": 0.26618705035971224,
    "DB4": 0.3314814814814815,
    "DB5": 0.45,
    "DB6": 0.5037593984962406,
    "DB7": 0.423728813559322,
    "DD1": 0.2443267776096823,
    "DD2": 0.25042301184433163,
    "DD3": 0.28094059405940597,
    "DD4": 0.2619047619047619,
    "DD5": 0.40298507462686567,
    "DD6": 0.33088235294117646,
    "DVA": 0.18196274420717856,
    "DVB": 0.1206896551724138,
    "DVC": 0.20245726495726496,
    "FLPL": 0.3208020050125313,
    "FLPR": 0.34628378378378377,
    "HSNL": 0.0896868079721607,
    "HSNR": 0.10530929125970448,
    "I1L": 0.31193490054249545,
    "I1R": 0.31901840490797545,
    "I2L": 0.42857142857142855,
    "I2R": 0.40591397849462363,
    "I3": 0.4125,
    "I4": 0.43609022556390975,
    "I5": 0.4826086956521739,
    "I6": 0.42961165048543687,
    "IL1DL": 0.14864864864864866,
    "IL1DR": 0.24816176470588236,
    "IL1L": 0.24202127659574468,
    "IL1R": 0.19951923076923078,
    "IL1VL": 0.15517241379310345,
    "IL1VR": 0.1856060606060606,
    "IL2DL": 0.3562091503267974,
    "IL2DR": 0.3994708994708995,
    "IL2L": 0.31283422459893045,
    "IL2R": 0.261758691206544,
    "IL2VL": 0.23355263157894737,
    "IL2VR": 0.2619047619047619,
    "LUAL": 0.26902173913043476,
    "LUAR": 0.3864864864864865,
    "M1": 0.3261455525606469,
    "M2L": 0.4630541871921182,
    "M2R": 0.4024640657084189,
    "M3L": 0.4320809248554913,
    "M3R": 0.4479768786127168,
    "M4": 0.446875,
    "M5": 0.46994535519125685,
    "MCL": 0.4317343173431734,
    "MCR": 0.4280442804428044,
    "MI": 0.5227272727272727,
    "NSML": 0.11617829137432935,
    "NSMR": 0.13196033562166284,
    "OLLL": 0.215625,
    "OLLR": 0.20426065162907267,
    "OLQDL": 0.26216216216216215,
    "OLQDR": 0.2797101449275362,
    "OLQVL": 0.18664383561643835,
    "OLQVR": 0.2492753623188406,
    "PDA": 0.25,
    "PDB": 0.25,
    "PDEL": 0.08235337622956881,
    "PDER": 0.09912883686109032,
    "PHAL": 0.21348314606741572,
    "PHAR": 0.17763157894736842,
    "PHBL": 0.33076923076923076,
    "PHBR": 0.291044776119403,
    "PHCL": 0.3694852941176471,
    "PHCR": 0.3925438596491228,
    "PLML": 0.3433333333333333,
    "PLMR": 0.37032418952618457,
    "PLNL": 0.3173076923076923,
    "PLNR": 0.3904761904761905,
    "PQR": 0.2601246105919003,
    "PVCL": 0.1683325761017719,
    "PVCR": 0.1696461824953445,
    "PVDL": 0.35185185185185186,
    "PVDR": 0.43636363636363634,
    "PVM": 0.5161290322580645,
    "PVNL": 0.21212121212121213,
    "PVNR": 0.19865642994241842,
    "PVPL": 0.19210977701543738,
    "PVPR": 0.20427350427350427,
    "PVQL": 0.24598930481283424,
    "PVQR": 0.23080660835762876,
    "PVR": 0.16546762589928057,
    "PVT": 0.19460726846424384,
    "PVWL": 0.28703703703703703,
    "PVWR": 0.45,
    "RIAL": 0.22845849802371543,
    "RIAR": 0.19598540145985402,
    "RIBL": 0.19730839416058393,
    "RIBR": 0.21380558428128232,
    "RICL": 0.1627689429373246,
    "RICR": 0.15710942071386777,
    "RID": 0.20993589743589744,
    "RIFL": 0.1791044776119403,
    "RIFR": 0.28728070175438597,
    "RIGL": 0.14655172413793102,
    "RIGR": 0.1704361873990307,
    "RIH": 0.2399103139013453,
    "RIML": 0.08495403111739745,
    "RIMR": 0.10717193397972023,
    "RIPL": 0.1513157894736842,
    "RIPR": 0.10869565217391304,
    "RIR": 0.16329479768786126,
    "RIS": 0.2676470588235294,
    "RIVL": 0.3129251700680272,
    "RIVR": 0.25609756097560976,
    "RMDDL": 0.276,
    "RMDDR": 0.22755102040816327,
    "RMDL": 0.2636363636363636,
    "RMDR": 0.2734848484848485,
    "RMDVL": 0.24481865284974094,
    "RMDVR": 0.2129135538954109,
    "RMED": 0.20388349514563106,
    "RMEL": 0.2579787234042553,
    "RMER": 0.2641975308641975,
    "RMEV": 0.19346049046321526,
    "RMFL": 0.22587719298245615,
    "RMFR": 0.4148148148148148,
    "RMGL": 0.11688311688311688,
    "RMGR": 0.12967289719626168,
    "RMHL": 0.3347457627118644,
    "RMHR": 0.271523178807947,
    "SAADL": 0.16019417475728157,
    "SAADR": 0.20860927152317882,
    "SAAVL": 0.22900763358778625,
    "SAAVR": 0.25862068965517243,
    "SABD": 0.361671469740634,
    "SABVL": 0.37254901960784315,
    "SABVR": 0.405982905982906,
    "SDQL": 0.23964497041420119,
    "SDQR": 0.2647849462365591,
    "SIADL": 0.41346153846153844,
    "SIADR": 0.5288461538461539,
    "SIAVL": 0.3403361344537815,
    "SIAVR": 0.3256578947368421,
    "SIBDL": 0.4563106796116505,
    "SIBDR": 0.3547008547008547,
    "SIBVL": 0.3106936416184971,
    "SIBVR": 0.3714859437751004,
    "SMBDL": 0.12080536912751678,
    "SMBDR": 0.2087378640776699,
    "SMBVL": 0.1015625,
    "SMBVR": 0.14204545454545456,
    "SMDDL": 0.29559748427672955,
    "SMDDR": 0.2202797202797203,
    "SMDVL": 0.2885514018691589,
    "SMDVR": 0.29508196721311475,
    "URADL": 0.2619047619047619,
    "URADR": 0.20833333333333334,
    "URAVL": 0.4,