{
  "clustering_coefficients": {
    "ADAL": 0.18604651162790697,
    "ADAR": 0.19674185463659147,
    "ADEL": 0.07610565110565111,
    "ADER": 0.0823053199691596,
    "ADFL": 0.055462586660291656,
    "ADFR": 0.06459151243223032,
    "ADLL": 0.2380191693290735,
    "ADLR": 0.27419354838709675,
    "AFDL": 0.31333333333333335,
    "AFDR": 0.23333333333333334,
    "AIAL": 0.251959686450168,
    "AIAR": 0.23406593406593407,
    "AIBL": 0.18983050847457628,
    "AIBR": 0.1562280084447572,
    "AIML": 0.25050709939148075,
    "AIMR": 0.24817518248175183,
    "AINL": 0.22297297297297297,
    "AINR": 0.17424242424242425,
    "AIYL": 0.29125,
    "AIYR": 0.3125,
    "AIZL": 0.2595108695652174,
    "AIZR": 0.24772727272727274,
    "ALA": 0.24285714285714285,
    "ALML": 0.21114864864864866,
    "ALMR": 0.3601190476190476,
    "ALNL": 0.2988165680473373,
    "ALNR": 0.2647058823529412,
    "AQR": 0.2851758793969849,
    "AS1": 0.3746397694524496,
    "AS10": 0.3882978723404255,
    "AS11": 0.3220338983050847,
    "AS2": 0.30952380952380953,
    "AS3": 0.36691542288557216,
    "AS4": 0.36470588235294116,
    "AS5": 0.3307453416149068,
    "AS6": 0.3677966101694915,
    "AS7": 0.4318181818181818,
    "AS8": 0.3618421052631579,
    "AS9": 0.3582887700534759,
    "ASEL": 0.2613333333333333,
    "ASER": 0.26171079429735233,
    "ASGL": 0.3869047619047619,
    "ASGR": 0.28,
    "ASHL": 0.261758691206544,
    "ASHR": 0.2204928664072633,
    "ASIL": 0.3592233009708738,
    "ASIR": 0.3089887640449438,
    "ASJL": 0.38461538461538464,
    "ASJR": 0.4,
    "ASKL": 0.30677966101694915,
    "ASKR": 0.2830508474576271,
    "AUAL": 0.2383177570093458,
    "AUAR": 0.24155405405405406,
    "AVAL": 0.09555756004059082,
    "AVAR": 0.1164257981018119,
    "AVBL": 0.11592632719393282,
    "AVBR": 0.10948434622467772,
    "AVDL": 0.17412746585735964,
    "AVDR": 0.1498714652956298,
    "AVEL": 0.16427813163481952,
    "AVER": 0.16469681397738953,
    "AVFL": 0.2857142857142857,
    "AVFR": 0.27504244482173174,
    "AVG": 0.20404984423676012,
    "AVHL": 0.20673076923076922,
    "AVHR": 0.20229007633587787,
    "AVJL": 0.25793991416309014,
    "AVJR": 0.24203821656050956,
    "AVKL": 0.19094922737306844,
    "AVKR": 0.2295825771324864,
    "AVL": 0.18051575931232092,
    "AVM": 0.24085365853658536,
    "AWAL": 0.19047619047619047,
    "AWAR": 0.21351351351351353,
    "AWBL": 0.20955882352941177,
    "AWBR": 0.21908602150537634,
    "AWCL": 0.35570469798657717,
    "AWCR": 0.3724832214765101,
    "BAGL": 0.31736526946107785,
    "BAGR": 0.28193832599118945,
    "BDUL": 0.19658119658119658,
    "BDUR": 0.2634730538922156,
    "CANL": 0.5444444444444444,
    "CANR": 0.5227272727272727,
    "CEPDL": 0.08639940808502052,
    "CEPDR": 0.09489842876865426,
    "CEPVL": 0.08946069792033838,
    "CEPVR": 0.083749671312122,
    "DA1": 0.3329177057356609,
    "DA2": 0.3107769423558897,
    "DA3": 0.3170028818443804,
    "DA4": 0.31462585034013607,
    "DA5": 0.3296875,
    "DA6": 0.3668639053254438,
    "DA7": 0.42857142857142855,
    "DA8": 0.2932692307692308,
    "DA9": 0.29127725856697817,
    "DB1": 0.24047186932849365,
    "DB2": 0.3052959501557632,
    "DB3": 0.2801608579088472,
    "DB4": 0.2857142857142857,
    "DB5": 0.49572649572649574,
    "DB6": 0.4082125603864734,
    "DB7": 0.39072847682119205,
    "DD1": 0.251432664756447,
    "DD2": 0.25878594249201275,
    "DD3": 0.2526595744680851,
    "DD4": 0.2807017543859649,
    "DD5": 0.4122340425531915,
    "DD6": 0.3,
    "DVA": 0.17650834403080873,
    "DVB": 0.1206896551724138,
    "DVC": 0.22097560975609756,
    "FLPL": 0.345489443378119,
    "FLPR": 0.36310904872389793,
    "HSNL": 0.10934283452098179,
    "HSNR": 0.08800723701214784,
    "I1L": 0.3250853242320819,
    "I1R": 0.296028880866426,
    "I2L": 0.4327956989247312,
    "I2R": 0.3971774193548387,
    "I3": 0.407514450867052,
    "I4": 0.4100877192982456,
    "I5": 0.49130434782608695,
    "I6": 0.441747572815534,
    "IL1DL": 0.19690265486725664,
    "IL1DR": 0.2215568862275449,
    "IL1L": 0.22014925373134328,
    "IL1R": 0.21912350597609562,
    "IL1VL": 0.18181818181818182,
    "IL1VR": 0.19463087248322147,
    "IL2DL": 0.21568627450980393,
    "IL2DR": 0.35855263157894735,
    "IL2L": 0.266,
    "IL2R": 0.21258503401360543,
    "IL2VL": 0.2777777777777778,
    "IL2VR": 0.29563492063492064,
    "LUAL": 0.26666666666666666,
    "LUAR": 0.375,
    "M1": 0.3328840970350404,
    "M2L": 0.38005390835579517,
    "M2R": 0.4327485380116959,
    "M3L": 0.40625,
    "M3R": 0.3670520231213873,
    "M4": 0.49491525423728816,
    "M5": 0.42073170731707316,
    "MCL": 0.48493975903614456,
    "MCR": 0.4756756756756757,
    "MI": 0.5227272727272727,
    "NSML": 0.1238558352402746,
    "NSMR": 0.12249535219995869,
    "OLLL": 0.25,
    "OLLR": 0.19509345794392524,
    "OLQDL": 0.21351351351351353,
    "OLQDR": 0.23333333333333334,
    "OLQVL": 0.19962686567164178,
    "OLQVR": 0.20222222222222222,
    "PDA": 0.34308510638297873,
    "PDB": 0.25,
    "PDEL": 0.10447658402203856,
    "PDER": 0.08513446037520508,
    "PHAL": 0.26973684210526316,
    "PHAR": 0.23300970873786409,
    "PHBL": 0.3067226890756303,
    "PHBR": 0.29289940828402367,
    "PHCL": 0.27419354838709675,
    "PHCR": 0.3716577540106952,
    "PLML": 0.3448275862068966,
    "PLMR": 0.3873994638069705,
    "PLNL": 0.4,
    "PLNR": 0.28888888888888886,
    "PQR": 0.24197860962566844,
    "PVCL": 0.1696955929123126,
    "PVCR": 0.17731122088920254,
    "PVDL": 0.3717105263157895,
    "PVDR": 0.47058823529411764,
    "PVM": 0.5,
    "PVNL": 0.21212121212121213,
    "PVNR": 0.1948176583493282,
    "PVPL": 0.19210977701543738,
    "PVPR": 0.20170940170940171,
    "PVQL": 0.2736318407960199,
    "PVQR": 0.22244897959183674,
    "PVR": 0.160431654676259,
    "PVT": 0.2124075595727198,
    "PVWL": 0.28703703703703703,
    "PVWR": 0.45,
    "RIAL": 0.2189723320158103,
    "RIAR": 0.1970387243735763,
    "RIBL": 0.19964586100044268,
    "RIBR": 0.2257761053621825,
    "RICL": 0.17004830917874397,
    "RICR": 0.15506849315068494,
    "RID": 0.17337164750957854,
    "RIFL": 0.17164179104477612,
    "RIFR": 0.2850877192982456,
    "RIGL": 0.14482758620689656,
    "RIGR": 0.17366720516962844,
    "RIH": 0.2281390134529148,
    "RIML": 0.09027954796499278,
    "RIMR": 0.0970396031808519,
    "RIPL": 0.1513157894736842,
    "RIPR": 0.10144927536231885,
    "RIR": 0.16618497109826588,
    "RIS": 0.27956989247311825,
    "RIVL": 0.32653061224489793,
    "RIVR": 0.25121951219512195,
    "RMDDL": 0.26021180030257185,
    "RMDDR": 0.23769100169779286,
    "RMDL": 0.24924242424242424,
    "RMDR": 0.27575757575757576,
    "RMDVL": 0.21311475409836064,
    "RMDVR": 0.191958495460441,
    "RMED": 0.20698924731182797,
    "RMEL": 0.2423580786026201,
    "RMER": 0.2222222222222222,
    "RMEV": 0.1788793103448276,
    "RMFL": 0.278,
    "RMFR": 0.4423076923076923,
    "RMGL": 0.11255411255411256,
    "RMGR": 0.13317757009345793,
    "RMHL": 0.30132450331125826,
    "RMHR": 0.24152542372881355,
    "SAADL": 0.1407766990291262,
    "SAADR": 0.18543046357615894,
    "SAAVL": 0.183206106870229,
    "SAAVR": 0.19540229885057472,
    "SABD": 0.32526881720430106,
    "SABVL": 0.35990338164251207,
    "SABVR": 0.3872549019607843,
    "SDQL": 0.32978723404255317,
    "SDQR": 0.2463768115942029,
    "SIADL": 0.4444444444444444,
    "SIADR": 0.5111111111111111,
    "SIAVL": 0.33613445378151263,
    "SIAVR": 0.31851851851851853,
    "SIBDL": 0.470873786407767,
    "SIBDR": 0.4037433155080214,
    "SIBVL": 0.2984375,
    "SIBVR": 0.33259911894273125,
    "SMBDL": 0.12080536912751678,
    "SMBDR": 0.2111650485436893,
    "SMBVL": 0.0703125,
    "SMBVR": 0.13636363636363635,
    "SMDDL": 0.30660377358490565,
    "SMDDR": 0.25135135135135134,
    "SMDVL": 0.24436090225563908,
    "SMDVR": 0.2915451895043732,
    "URADL": 0.23809523809523808,
    "URADR": 0.2361111111111111,
    "URAVL": 0.43333333333333335,
    "URAVR": 0.21428571428571427,