{
  "clustering_coefficients": {
    "ADAL": 0.19069767441860466,
    "ADAR": 0.20175438596491227,
    "ADEL": 0.09022902520428128,
    "ADER": 0.09757337060094017,
    "ADFL": 0.08646800195407914,
    "ADFR": 0.06385817765916889,
    "ADLL": 0.22125813449023862,
    "ADLR": 0.25232198142414863,
    "AFDL": 0.2777777777777778,
    "AFDR": 0.24666666666666667,
    "AIAL": 0.23116883116883116,
    "AIAR": 0.25483870967741934,
    "AIBL": 0.17653508771929824,
    "AIBR": 0.19187038089823763,
    "AIML": 0.25523809523809526,
    "AIMR": 0.2645985401459854,
    "AINL": 0.19594594594594594,
    "AINR": 0.17424242424242425,
    "AIYL": 0.2640625,
    "AIYR": 0.3285302593659942,
    "AIZL": 0.2356115107913669,
    "AIZR": 0.2755102040816326,
    "ALA": 0.24285714285714285,
    "ALML": 0.205607476635514,
    "ALMR": 0.35106382978723405,
    "ALNL": 0.21348314606741572,
    "ALNR": 0.30158730158730157,
    "AQR": 0.2851758793969849,
    "AS1": 0.3392070484581498,
    "AS10": 0.42105263157894735,
    "AS11": 0.32096069868995636,
    "AS2": 0.3342245989304813,
    "AS3": 0.36784140969163,
    "AS4": 0.3862433862433862,
    "AS5": 0.37037037037037035,
    "AS6": 0.36693548387096775,
    "AS7": 0.3910891089108911,
    "AS8": 0.4765625,
    "AS9": 0.37202380952380953,
    "ASEL": 0.2733333333333333,
    "ASER": 0.23389830508474577,
    "ASGL": 0.31845238095238093,
    "ASGR": 0.35561497326203206,
    "ASHL": 0.2719836400817996,
    "ASHR": 0.23713826366559485,
    "ASIL": 0.35447761194029853,
    "ASIR": 0.38427947598253276,
    "ASJL": 0.34615384615384615,
    "ASJR": 0.4,
    "ASKL": 0.35254691689008044,
    "ASKR": 0.3225806451612903,
    "AUAL": 0.2599502487562189,
    "AUAR": 0.22046109510086456,
    "AVAL": 0.09482467019957154,
    "AVAR": 0.11540120793787748,
    "AVBL": 0.11390504785137924,
    "AVBR": 0.12683127572016462,
    "AVDL": 0.17412746585735964,
    "AVDR": 0.14910025706940874,
    "AVEL": 0.16215498938428874,
    "AVER": 0.16341212744090441,
    "AVFL": 0.30387931034482757,
    "AVFR": 0.2976,
    "AVG": 0.20404984423676012,
    "AVHL": 0.22108843537414966,
    "AVHR": 0.1858288770053476,
    "AVJL": 0.2598846787479407,
    "AVJR": 0.2567237163814181,
    "AVKL": 0.19793966151582046,
    "AVKR": 0.23411978221415608,
    "AVL": 0.17419354838709677,
    "AVM": 0.24768518518518517,
    "AWAL": 0.19047619047619047,
    "AWAR": 0.20810810810810812,
    "AWBL": 0.25925925925925924,
    "AWBR": 0.24825174825174826,
    "AWCL": 0.3273092369477912,
    "AWCR": 0.3624161073825503,
    "BAGL": 0.33221476510067116,
    "BAGR": 0.26706827309236947,
    "BDUL": 0.274,
    "BDUR": 0.2840909090909091,
    "CANL": 0.6,
    "CANR": 0.5333333333333333,
    "CEPDL": 0.0792284664580215,
    "CEPDR": 0.08817317845828933,
    "CEPVL": 0.08687021798758482,
    "CEPVR": 0.08526091146908991,
    "DA1": 0.35,
    "DA2": 0.28310940499040305,
    "DA3": 0.3383084577114428,
    "DA4": 0.3123543123543124,
    "DA5": 0.3805309734513274,
    "DA6": 0.3106508875739645,
    "DA7": 0.5142857142857142,
    "DA8": 0.27729257641921395,
    "DA9": 0.2356828193832599,
    "DB1": 0.258974358974359,
    "DB2": 0.31467661691542287,
    "DB3": 0.2904,
    "DB4": 0.3166144200626959,
    "DB5": 0.45454545454545453,
    "DB6": 0.3719806763285024,
    "DB7": 0.3698224852071006,
    "DD1": 0.27377717391304346,
    "DD2": 0.25393419170243203,
    "DD3": 0.24664429530201343,
    "DD4": 0.294,
    "DD5": 0.44970414201183434,
    "DD6": 0.34967320261437906,
    "DVA": 0.169740777666999,
    "DVB": 0.1206896551724138,
    "DVC": 0.20799059929494712,
    "FLPL": 0.338785046728972,
    "FLPR": 0.37703016241299303,
    "HSNL": 0.10433868788470199,
    "HSNR": 0.09945267654518755,
    "I1L": 0.3208020050125313,
    "I1R": 0.3162217659137577,
    "I2L": 0.38106796116504854,
    "I2R": 0.3877005347593583,
    "I3": 0.4538152610441767,
    "I4": 0.3695652173913043,
    "I5": 0.5,
    "I6": 0.3521505376344086,
    "IL1DL": 0.1783783783783784,
    "IL1DR": 0.2215568862275449,
    "IL1L": 0.20388349514563106,
    "IL1R": 0.21397379912663755,
    "IL1VL": 0.18181818181818182,
    "IL1VR": 0.18502202643171806,
    "IL2DL": 0.3014705882352941,
    "IL2DR": 0.33157894736842103,
    "IL2L": 0.26373626373626374,
    "IL2R": 0.2647058823529412,
    "IL2VL": 0.2518518518518518,
    "IL2VR": 0.2565789473684211,
    "LUAL": 0.25271739130434784,
    "LUAR": 0.37567567567567567,
    "M1": 0.34738372093023256,
    "M2L": 0.39937106918238996,
    "M2R": 0.44579945799457993,
    "M3L": 0.4061662198391421,
    "M3R": 0.4421875,
    "M4": 0.46271186440677964,
    "M5": 0.45051194539249145,
    "MCL": 0.4334677419354839,
    "MCR": 0.4,
    "MI": 0.5227272727272727,
    "NSML": 0.10789172703011818,
    "NSMR": 0.10785060975609756,
    "OLLL": 0.26005361930294907,
    "OLLR": 0.205607476635514,
    "OLQDL": 0.25365853658536586,
    "OLQDR": 0.22037037037037038,
    "OLQVL": 0.24371859296482412,
    "OLQVR": 0.24696356275303644,
    "PDA": 0.3076923076923077,
    "PDB": 0.25,
    "PDEL": 0.09146986253084244,
    "PDER": 0.08478307947736952,
    "PHAL": 0.23964497041420119,
    "PHAR": 0.2109375,
    "PHBL": 0.33766233766233766,
    "PHBR": 0.2947019867549669,
    "PHCL": 0.3091216216216216,
    "PHCR": 0.3541666666666667,
    "PLML": 0.29310344827586204,
    "PLMR": 0.3875,
    "PLNL": 0.2727272727272727,
    "PLNR": 0.4166666666666667,
    "PQR": 0.28040540540540543,
    "PVCL": 0.16468253968253968,
    "PVCR": 0.1646415552855407,
    "PVDL": 0.42592592592592593,
    "PVDR": 0.37894736842105264,
    "PVM": 0.5161290322580645,
    "PVNL": 0.21212121212121213,
    "PVNR": 0.19865642994241842,
    "PVPL": 0.19210977701543738,
    "PVPR": 0.19572649572649573,
    "PVQL": 0.2874331550802139,
    "PVQR": 0.22235872235872237,
    "PVR": 0.16258992805755396,
    "PVT": 0.20788704965920154,
    "PVWL": 0.28703703703703703,
    "PVWR": 0.45,
    "RIAL": 0.2211690363349131,
    "RIAR": 0.21739130434782608,
    "RIBL": 0.20666058394160583,
    "RIBR": 0.21231363887355054,
    "RICL": 0.17471042471042472,
    "RICR": 0.1589041095890411,
    "RID": 0.18199233716475097,
    "RIFL": 0.19029850746268656,
    "RIFR": 0.2741228070175439,
    "RIGL": 0.1482758620689655,
    "RIGR": 0.17366720516962844,
    "RIH": 0.23094170403587444,
    "RIML": 0.0916030534351145,
    "RIMR": 0.10800913529689715,
    "RIPL": 0.14473684210526316,
    "RIPR": 0.0966183574879227,
    "RIR": 0.16473988439306358,
    "RIS": 0.26850763807285544,
    "RIVL": 0.3197278911564626,
    "RIVR": 0.24878048780487805,
    "RMDDL": 0.30030257186081694,
    "RMDDR": 0.24748923959827834,
    "RMDL": 0.28435374149659864,
    "RMDR": 0.27387387387387385,
    "RMDVL": 0.22402044293015333,
    "RMDVR": 0.1830601092896175,
    "RMED": 0.1948529411764706,
    "RMEL": 0.24701195219123506,
    "RMER": 0.1891304347826087,
    "RMEV": 0.1649659863945578,
    "RMFL": 0.274,
    "RMFR": 0.41596638655462187,
    "RMGL": 0.10966810966810966,
    "RMGR": 0.13200934579439252,
    "RMHL": 0.2627118644067797,
    "RMHR": 0.1650485436893204,
    "SAADL": 0.16990291262135923,
    "SAADR": 0.2119205298013245,
    "SAAVL": 0.183206106870229,
    "SAAVR": 0.23563218390804597,
    "SABD": 0.3323353293413174,
    "SABVL": 0.3582887700534759,
    "SABVR": 0.344,
    "SDQL": 0.19902912621359223,
    "SDQR": 0.21568627450980393,
    "SIADL": 0.48148148148148145,
    "SIADR": 0.4675324675324675,
    "SIAVL": 0.33881578947368424,
    "SIAVR": 0.3386243386243386,
    "SIBDL": 0.4716981132075472,
    "SIBDR": 0.3383458646616541,
    "SIBVL": 0.3203125,
    "SIBVR": 0.2878787878787879,
    "SMBDL": 0.12416107382550336,
    "SMBDR": 0.2111650485436893,
    "SMBVL": 0.0625,
    "SMBVR": 0.13636363636363635,
    "SMDDL": 0.34261036468330136,
    "SMDDR": 0.27575757575757576,
    "SMDVL": 0.2574123989218329,
    "SMDVR": 0.28783783783783784,
    "URADL": 0.2857142857142857,
    "URADR": 0.20833333333333334,
    "URAVL": 0.43333333333333335,
    "URAVR": 0.23809523809523808,
    "URBL": 0.18627450980392157,