{
  "clustering_coefficients": {
    "ADAL": 0.1930232558139535,
    "ADAR": 0.20300751879699247,
    "ADEL": 0.08915343915343915,
    "ADER": 0.09507901837337787,
    "ADFL": 0.06407694229328004,
    "ADFR": 0.07178217821782178,
    "ADLL": 0.20149253731343283,
    "ADLR": 0.25123762376237624,
    "AFDL": 0.28846153846153844,
    "AFDR": 0.21428571428571427,
    "AIAL": 0.2608695652173913,
    "AIAR": 0.2705792682926829,
    "AIBL": 0.18380281690140846,
    "AIBR": 0.1538732394366197,
    "AIML": 0.232,
    "AIMR": 0.332089552238806,
    "AINL": 0.22297297297297297,
    "AINR": 0.17424242424242425,
    "AIYL": 0.2581047381546135,
    "AIYR": 0.3125,
    "AIZL": 0.28294573643410853,
    "AIZR": 0.282312925170068,
    "ALA": 0.21428571428571427,
    "ALML": 0.2594086021505376,
    "ALMR": 0.3355263157894737,
    "ALNL": 0.28807947019867547,
    "ALNR": 0.3029411764705882,
    "AQR": 0.2851758793969849,
    "AS1": 0.3582089552238806,
    "AS10": 0.3813559322033898,
    "AS11": 0.2542372881355932,
    "AS2": 0.35353535353535354,
    "AS3": 0.34946236559139787,
    "AS4": 0.36470588235294116,
    "AS5": 0.35403726708074534,
    "AS6": 0.3885135135135135,
    "AS7": 0.45161290322580644,
    "AS8": 0.4407894736842105,
    "AS9": 0.3076923076923077,
    "ASEL": 0.26677852348993286,
    "ASER": 0.273121387283237,
    "ASGL": 0.4100877192982456,
    "ASGR": 0.374,
    "ASHL": 0.28148710166919577,
    "ASHR": 0.2600518806744488,
    "ASIL": 0.3978102189781022,
    "ASIR": 0.3813559322033898,
    "ASJL": 0.36538461538461536,
    "ASJR": 0.425,
    "ASKL": 0.3359375,
    "ASKR": 0.31451612903225806,
    "AUAL": 0.20439189189189189,
    "AUAR": 0.2478386167146974,
    "AVAL": 0.0927951291013643,
    "AVAR": 0.11178817946505608,
    "AVBL": 0.11088786835055492,
    "AVBR": 0.11425279205814572,
    "AVDL": 0.17412746585735964,
    "AVDR": 0.14884318766066837,
    "AVEL": 0.1613588110403397,
    "AVER": 0.1672661870503597,
    "AVFL": 0.2796474358974359,
    "AVFR": 0.2826825127334465,
    "AVG": 0.20404984423676012,
    "AVHL": 0.20306513409961685,
    "AVHR": 0.1858288770053476,
    "AVJL": 0.2553542009884679,
    "AVJR": 0.26176890156918686,
    "AVKL": 0.1861662987490802,
    "AVKR": 0.22232304900181488,
    "AVL": 0.17693409742120345,
    "AVM": 0.25583482944344704,
    "AWAL": 0.19047619047619047,
    "AWAR": 0.2,
    "AWBL": 0.2600732600732601,
    "AWBR": 0.25874125874125875,
    "AWCL": 0.36227544910179643,
    "AWCR": 0.38636363636363635,
    "BAGL": 0.33532934131736525,
    "BAGR": 0.2651006711409396,
    "BDUL": 0.21052631578947367,
    "BDUR": 0.2651006711409396,
    "CANL": 0.35,
    "CANR": 0.5714285714285714,
    "CEPDL": 0.0981181008112781,
    "CEPDR": 0.09225320075388314,
    "CEPVL": 0.09323784602671809,
    "CEPVR": 0.09278996865203762,
    "DA1": 0.2878228782287823,
    "DA2": 0.28820960698689957,
    "DA3": 0.3227665706051873,
    "DA4": 0.3112244897959184,
    "DA5": 0.34048257372654156,
    "DA6": 0.3994082840236686,
    "DA7": 0.3181818181818182,
    "DA8": 0.3293269230769231,
    "DA9": 0.2928416485900217,
    "DB1": 0.28715728715728717,
    "DB2": 0.3502673796791444,
    "DB3": 0.28327338129496404,
    "DB4": 0.31451612903225806,
    "DB5": 0.44,
    "DB6": 0.43315508021390375,
    "DB7": 0.40828402366863903,
    "DD1": 0.2642663043478261,
    "DD2": 0.21925754060324826,
    "DD3": 0.2748267898383372,
    "DD4": 0.35526315789473684,
    "DD5": 0.40828402366863903,
    "DD6": 0.3738095238095238,
    "DVA": 0.18196274420717856,
    "DVB": 0.1206896551724138,
    "DVC": 0.19092945128779396,
    "FLPL": 0.3458646616541353,
    "FLPR": 0.35446685878962536,
    "HSNL": 0.10767590618336886,
    "HSNR": 0.10526650553364712,
    "I1L": 0.3316582914572864,
    "I1R": 0.3395904436860068,
    "I2L": 0.44176706827309237,
    "I2R": 0.3548387096774194,
    "I3": 0.4288135593220339,
    "I4": 0.3973509933774834,
    "I5": 0.5,
    "I6": 0.4041916167664671,
    "IL1DL": 0.1536144578313253,
    "IL1DR": 0.21140939597315436,
    "IL1L": 0.3070469798657718,
    "IL1R": 0.22779369627507162,
    "IL1VL": 0.20454545454545456,
    "IL1VR": 0.20430107526881722,
    "IL2DL": 0.2875,
    "IL2DR": 0.32916666666666666,
    "IL2L": 0.274,
    "IL2R": 0.2335423197492163,
    "IL2VL": 0.3181818181818182,
    "IL2VR": 0.33695652173913043,
    "LUAL": 0.26902173913043476,
    "LUAR": 0.37786259541984735,
    "M1": 0.34156976744186046,
    "M2L": 0.4171511627906977,
    "M2R": 0.41885964912280704,
    "M3L": 0.4249329758713137,
    "M3R": 0.4141304347826087,
    "M4": 0.4951219512195122,
    "M5": 0.47560975609756095,
    "MCL": 0.44280442804428044,
    "MCR": 0.49798387096774194,
    "MI": 0.5227272727272727,
    "NSML": 0.13416171438861876,
    "NSMR": 0.12058706862356208,
    "OLLL": 0.23247232472324722,
    "OLLR": 0.1927570093457944,
    "OLQDL": 0.1897590361445783,
    "OLQDR": 0.28875,
    "OLQVL": 0.2673076923076923,
    "OLQVR": 0.28104575163398693,
    "PDA": 0.2584745762711864,
    "PDB": 0.25,
    "PDEL": 0.08736187845303868,
    "PDER": 0.0951123795932929,
    "PHAL": 0.25728155339805825,
    "PHAR": 0.21710526315789475,
    "PHBL": 0.36153846153846153,
    "PHBR": 0.291970802919708,
    "PHCL": 0.31451612903225806,
    "PHCR": 0.33689839572192515,
    "PLML": 0.34962406015037595,
    "PLMR": 0.38337801608579086,
    "PLNL": 0.40384615384615385,
    "PLNR": 0.36666666666666664,
    "PQR": 0.2111650485436893,
    "PVCL": 0.1701626712328767,
    "PVCR": 0.1633147113594041,
    "PVDL": 0.39903846153846156,
    "PVDR": 0.3375,
    "PVM": 0.5,
    "PVNL": 0.21212121212121213,
    "PVNR": 0.19865642994241842,
    "PVPL": 0.19210977701543738,
    "PVPR": 0.19572649572649573,
    "PVQL": 0.2606951871657754,
    "PVQR": 0.20272108843537415,
    "PVR": 0.15899280575539568,
    "PVT": 0.19776536312849163,
    "PVWL": 0.28703703703703703,
    "PVWR": 0.45,
    "RIAL": 0.2300395256916996,
    "RIAR": 0.22459349593495934,
    "RIBL": 0.19251824817518248,
    "RIBR": 0.2233572611816676,
    "RICL": 0.1640926640926641,
    "RICR": 0.16301369863013698,
    "RID": 0.1972972972972973,
    "RIFL": 0.19776119402985073,
    "RIFR": 0.2916666666666667,
    "RIGL": 0.14482758620689656,
    "RIGR": 0.17447495961227788,
    "RIH": 0.2528026905829596,
    "RIML": 0.10614173228346457,
    "RIMR": 0.10395337848480075,
    "RIPL": 0.14692982456140352,
    "RIPR": 0.10869565217391304,
    "RIR": 0.16040462427745664,
    "RIS": 0.28515625,
    "RIVL": 0.336734693877551,
    "RIVR": 0.24390243902439024,
    "RMDDL": 0.31271186440677967,
    "RMDDR": 0.24489795918367346,
    "RMDL": 0.2835314091680815,
    "RMDR": 0.2777777777777778,
    "RMDVL": 0.2504258943781942,
    "RMDVR": 0.19307511737089203,
    "RMED": 0.19823788546255505,
    "RMEL": 0.250996015936255,
    "RMER": 0.2868663594470046,
    "RMEV": 0.1420545746388443,
    "RMFL": 0.2324561403508772,
    "RMFR": 0.39444444444444443,
    "RMGL": 0.1111111111111111,
    "RMGR": 0.1308411214953271,
    "RMHL": 0.2966101694915254,
    "RMHR": 0.23178807947019867,
    "SAADL": 0.16990291262135923,
    "SAADR": 0.2119205298013245,
    "SAAVL": 0.21374045801526717,
    "SAAVR": 0.2471264367816092,
    "SABD": 0.3143712574850299,
    "SABVL": 0.4068627450980392,
    "SABVR": 0.4866666666666667,
    "SDQL": 0.21844660194174756,
    "SDQR": 0.19330855018587362,
    "SIADL": 0.5,
    "SIADR": 0.4519230769230769,
    "SIAVL": 0.35855263157894735,
    "SIAVR": 0.3277777777777778,
    "SIBDL": 0.40625,
    "SIBDR": 0.36363636363636365,
    "SIBVL": 0.2804878048780488,
    "SIBVR": 0.32169117647058826,
    "SMBDL": 0.12080536912751678,
    "SMBDR": 0.19902912621359223,
    "SMBVL": 0.09375,
    "SMBVR": 0.13636363636363635,
    "SMDDL": 0.32009345794392524,
    "SMDDR": 0.21625,
    "SMDVL": 0.2718340611353712,
    "SMDVR": 0.28425655976676384,
    "URADL": 0.2619047619047619,
    "URADR": 0.20833333333333334,
    "URAVL": 0.4,
    "URAVR": 0.2857142857142857,
    "URBL": 0.18627450980392157,
    "URBR": 0.1897590361445783,