{
  "clustering_coefficients": {
    "ADAL": 0.18953488372093022,
    "ADAR": 0.18671679197994986,
    "ADEL": 0.1014537773359841,
    "ADER": 0.09425031766200763,
    "ADFL": 0.05449330783938815,
    "ADFR": 0.05649514213745952,
    "ADLL": 0.22263681592039802,
    "ADLR": 0.28094059405940597,
    "AFDL": 0.30213903743315507,
    "AFDR": 0.24431818181818182,
    "AIAL": 0.2263719512195122,
    "AIAR": 0.2595281306715064,
    "AIBL": 0.17763157894736842,
    "AIBR": 0.17062415196743555,
    "AIML": 0.22569444444444445,
    "AIMR": 0.30340557275541796,
    "AINL": 0.19594594594594594,
    "AINR": 0.17424242424242425,
    "AIYL": 0.305,
    "AIYR": 0.3140625,
    "AIZL": 0.24140401146131804,
    "AIZR": 0.2590909090909091,
    "ALA": 0.24285714285714285,
    "ALML": 0.26143790849673204,
    "ALMR": 0.3575268817204301,
    "ALNL": 0.2245762711864407,
    "ALNR": 0.3235294117647059,
    "AQR": 0.2851758793969849,
    "AS1": 0.2931726907630522,
    "AS10": 0.33495145631067963,
    "AS11": 0.31125827814569534,
    "AS2": 0.31,
    "AS3": 0.393048128342246,
    "AS4": 0.3319327731092437,
    "AS5": 0.34210526315789475,
    "AS6": 0.375,
    "AS7": 0.4864864864864865,
    "AS8": 0.5254237288135594,
    "AS9": 0.38392857142857145,
    "ASEL": 0.24568965517241378,
    "ASER": 0.27608695652173915,
    "ASGL": 0.29914529914529914,
    "ASGR": 0.3582887700534759,
    "ASHL": 0.2629310344827586,
    "ASHR": 0.2681874229346486,
    "ASIL": 0.30097087378640774,
    "ASIR": 0.4095744680851064,
    "ASJL": 0.36538461538461536,
    "ASJR": 0.4,
    "ASKL": 0.2984375,
    "ASKR": 0.32028985507246377,
    "AUAL": 0.2719594594594595,
    "AUAR": 0.2601246105919003,
    "AVAL": 0.09561393618220769,
    "AVAR": 0.11626402070750647,
    "AVBL": 0.1125914805779696,
    "AVBR": 0.12972841901066925,
    "AVDL": 0.17412746585735964,
    "AVDR": 0.14961439588688946,
    "AVEL": 0.17011677282377918,
    "AVER": 0.16469681397738953,
    "AVFL": 0.27163461538461536,
    "AVFR": 0.2861507128309572,
    "AVG": 0.20404984423676012,
    "AVHL": 0.19693877551020408,
    "AVHR": 0.1711229946524064,
    "AVJL": 0.24629324546952225,
    "AVJR": 0.2487352445193929,
    "AVKL": 0.1927888153053716,
    "AVKR": 0.2277676950998185,
    "AVL": 0.18691588785046728,
    "AVM": 0.2599502487562189,
    "AWAL": 0.19047619047619047,
    "AWAR": 0.20540540540540542,
    "AWBL": 0.2950310559006211,
    "AWBR": 0.26625,
    "AWCL": 0.3560606060606061,
    "AWCR": 0.38353413654618473,
    "BAGL": 0.3152610441767068,
    "BAGR": 0.26515151515151514,
    "BDUL": 0.20676691729323307,
    "BDUR": 0.28763440860215056,
    "CANL": 0.25,
    "CANR": 0.6666666666666666,
    "CEPDL": 0.09073076667331605,
    "CEPDR": 0.09519984577817761,
    "CEPVL": 0.1026373777716568,
    "CEPVR": 0.0871473354231975,
    "DA1": 0.34067796610169493,
    "DA2": 0.32751091703056767,
    "DA3": 0.28674351585014407,
    "DA4": 0.30877742946708464,
    "DA5": 0.3915929203539823,
    "DA6": 0.3484042553191489,
    "DA7": 0.5384615384615384,
    "DA8": 0.27925531914893614,
    "DA9": 0.2713903743315508,
    "DB1": 0.25990853658536583,
    "DB2": 0.32242990654205606,
    "DB3": 0.28428927680798005,
    "DB4": 0.33877995642701525,
    "DB5": 0.49624060150375937,
    "DB6": 0.5343137254901961,
    "DB7": 0.39403973509933776,
    "DD1": 0.2652542372881356,
    "DD2": 0.22709923664122136,
    "DD3": 0.2181208053691275,
    "DD4": 0.25297619047619047,
    "DD5": 0.4639423076923077,
    "DD6": 0.325,
    "DVA": 0.1818783068783069,
    "DVB": 0.1206896551724138,
    "DVC": 0.22584973166368516,
    "FLPL": 0.34747292418772563,
    "FLPR": 0.35962877030162416,
    "HSNL": 0.11308573915566517,
    "HSNR": 0.10617253036183799,
    "I1L": 0.3161231884057971,
    "I1R": 0.3179190751445087,
    "I2L": 0.44623655913978494,
    "I2R": 0.3933333333333333,
    "I3": 0.4421965317919075,
    "I4": 0.4148936170212766,
    "I5": 0.5043478260869565,
    "I6": 0.4497991967871486,
    "IL1DL": 0.1918918918918919,
    "IL1DR": 0.24029126213592233,
    "IL1L": 0.23841059602649006,
    "IL1R": 0.17248908296943233,
    "IL1VL": 0.23652694610778444,
    "IL1VR": 0.20430107526881722,
    "IL2DL": 0.3202614379084967,
    "IL2DR": 0.3595238095238095,
    "IL2L": 0.30893300248138955,
    "IL2R": 0.18218623481781376,
    "IL2VL": 0.24013157894736842,
    "IL2VR": 0.2927272727272727,
    "LUAL": 0.27125506072874495,
    "LUAR": 0.3474576271186441,
    "M1": 0.3522012578616352,
    "M2L": 0.4329268292682927,
    "M2R": 0.4509493670886076,
    "M3L": 0.46309963099630996,
    "M3R": 0.42643391521197005,
    "M4": 0.4637096774193548,
    "M5": 0.4781420765027322,
    "MCL": 0.4213709677419355,
    "MCR": 0.42761394101876676,
    "MI": 0.5227272727272727,
    "NSML": 0.11763562123274353,
    "NSMR": 0.10408658709285859,
    "OLLL": 0.2805486284289277,
    "OLLR": 0.19674185463659147,
    "OLQDL": 0.22702702702702704,
    "OLQDR": 0.265,
    "OLQVL": 0.2653846153846154,
    "OLQVR": 0.24696356275303644,
    "PDA": 0.3165680473372781,
    "PDB": 0.25,
    "PDEL": 0.10806713207813272,
    "PDER": 0.0895990868882865,
    "PHAL": 0.25280898876404495,
    "PHAR": 0.17105263157894737,
    "PHBL": 0.29782608695652174,
    "PHBR": 0.2947761194029851,
    "PHCL": 0.27181208053691275,
    "PHCR": 0.33630952380952384,
    "PLML": 0.26666666666666666,
    "PLMR": 0.4158878504672897,
    "PLNL": 0.3068181818181818,
    "PLNR": 0.45454545454545453,
    "PQR": 0.2751004016064257,
    "PVCL": 0.1576112412177986,
    "PVCR": 0.1642365330093155,
    "PVDL": 0.4117647058823529,
    "PVDR": 0.4238095238095238,
    "PVM": 0.46774193548387094,
    "PVNL": 0.21212121212121213,
    "PVNR": 0.1948176583493282,
    "PVPL": 0.19210977701543738,
    "PVPR": 0.19914529914529913,
    "PVQL": 0.279826464208243,
    "PVQR": 0.20952380952380953,
    "PVR": 0.17194244604316547,
    "PVT": 0.2030185004868549,
    "PVWL": 0.28703703703703703,
    "PVWR": 0.45,
    "RIAL": 0.21340460526315788,
    "RIAR": 0.195152013147083,
    "RIBL": 0.19896519285042333,
    "RIBR": 0.22462606837606838,
    "RICL": 0.15340086830680175,
    "RICR": 0.13532838983050846,
    "RID": 0.2037351443123939,
    "RIFL": 0.17164179104477612,
    "RIFR": 0.26973684210526316,
    "RIGL": 0.14698275862068966,
    "RIGR": 0.1777059773828756,
    "RIH": 0.23710762331838564,
    "RIML": 0.10840972499003587,
    "RIMR": 0.10669022198325524,
    "RIPL": 0.14473684210526316,
    "RIPR": 0.10386473429951691,
    "RIR": 0.16184971098265896,
    "RIS": 0.26556991774383076,
    "RIVL": 0.3163265306122449,
    "RIVR": 0.23902439024390243,
    "RMDDL": 0.2931654676258993,
    "RMDDR": 0.2222222222222222,
    "RMDL": 0.2563667232597623,
    "RMDR": 0.29124820659971307,
    "RMDVL": 0.2444633730834753,
    "RMDVR": 0.20917822838847386,
    "RMED": 0.2533783783783784,
    "RMEL": 0.2645985401459854,
    "RMER": 0.25857142857142856,
    "RMEV": 0.1407942238267148,
    "RMFL": 0.296583850931677,
    "RMFR": 0.4327731092436975,
    "RMGL": 0.1176046176046176,
    "RMGR": 0.13551401869158877,
    "RMHL": 0.32450331125827814,
    "RMHR": 0.26865671641791045,
    "SAADL": 0.1553398058252427,
    "SAADR": 0.20860927152317882,
    "SAAVL": 0.22137404580152673,
    "SAAVR": 0.27011494252873564,
    "SABD": 0.34139784946236557,
    "SABVL": 0.3717948717948718,
    "SABVR": 0.4066666666666667,
    "SDQL": 0.2914438502673797,
    "SDQR": 0.20925925925925926,
    "SIADL": 0.45394736842105265,
    "SIADR": 0.42207792207792205,
    "SIAVL": 0.36470588235294116,
    "SIAVR": 0.3319327731092437,
    "SIBDL": 0.5042372881355932,
    "SIBDR": 0.38095238095238093,
    "SIBVL": 0.29190751445086704,
    "SIBVR": 0.3436123348017621,
    "SMBDL": 0.13087248322147652,
    "SMBDR": 0.2087378640776699,
    "SMBVL": 0.09375,
    "SMBVR": 0.13636363636363635,
    "SMDDL": 0.2610062893081761,
    "SMDDR": 0.2178649237472767,
    "SMDVL": 0.2531328320802005,
    "SMDVR": 0.2905405405405405,
    "URADL": 0.2619047619047619,
    "URADR": 0.2222222222222222,