{
  "clustering_coefficients": {
    "ADAL": 0.17906976744186046,
    "ADAR": 0.18170426065162906,
    "ADEL": 0.09265447475545294,
    "ADER": 0.097591693801069,
    "ADFL": 0.046839870097426926,
    "ADFR": 0.07339192221391175,
    "ADLL": 0.21851145038167938,
    "ADLR": 0.25327510917030566,
    "AFDL": 0.31333333333333335,
    "AFDR": 0.24603174603174602,
    "AIAL": 0.24758064516129033,
    "AIAR": 0.2645161290322581,
    "AIBL": 0.18838028169014084,
    "AIBR": 0.16782334384858044,
    "AIML": 0.22208436724565755,
    "AIMR": 0.296,
    "AINL": 0.18243243243243243,
    "AINR": 0.17424242424242425,
    "AIYL": 0.28820375335120646,
    "AIYR": 0.3125,
    "AIZL": 0.2318181818181818,
    "AIZR": 0.2769010043041607,
    "ALA": 0.24285714285714285,
    "ALML": 0.22608695652173913,
    "ALMR": 0.4041916167664671,
    "ALNL": 0.2669491525423729,
    "ALNR": 0.2692307692307692,
    "AQR": 0.2851758793969849,
    "AS1": 0.34890965732087226,
    "AS10": 0.40298507462686567,
    "AS11": 0.27631578947368424,
    "AS2": 0.314,
    "AS3": 0.3639705882352941,
    "AS4": 0.3055555555555556,
    "AS5": 0.334,
    "AS6": 0.4246987951807229,
    "AS7": 0.4431137724550898,
    "AS8": 0.4056603773584906,
    "AS9": 0.38461538461538464,
    "ASEL": 0.21885521885521886,
    "ASER": 0.2788135593220339,
    "ASGL": 0.3466666666666667,
    "ASGR": 0.3357487922705314,
    "ASHL": 0.26907356948228883,
    "ASHR": 0.24290998766954378,
    "ASIL": 0.35074626865671643,
    "ASIR": 0.3432203389830508,
    "ASJL": 0.36538461538461536,
    "ASJR": 0.4,
    "ASKL": 0.30160857908847183,
    "ASKR": 0.25333333333333335,
    "AUAL": 0.2523364485981308,
    "AUAR": 0.2574626865671642,
    "AVAL": 0.09583944074867516,
    "AVAR": 0.1145923209663503,
    "AVBL": 0.1140927003190092,
    "AVBR": 0.11487324942386101,
    "AVDL": 0.17412746585735964,
    "AVDR": 0.15089974293059125,
    "AVEL": 0.16348195329087048,
    "AVER": 0.16675231243576566,
    "AVFL": 0.2624398073836276,
    "AVFR": 0.25,
    "AVG": 0.20404984423676012,
    "AVHL": 0.2065439672801636,
    "AVHR": 0.18445475638051045,
    "AVJL": 0.25111906893464636,
    "AVJR": 0.24330616996507567,
    "AVKL": 0.188373804267844,
    "AVKR": 0.2277676950998185,
    "AVL": 0.18159509202453988,
    "AVM": 0.25,
    "AWAL": 0.19047619047619047,
    "AWAR": 0.20270270270270271,
    "AWBL": 0.236,
    "AWBR": 0.25918367346938775,
    "AWCL": 0.35984848484848486,
    "AWCR": 0.3788546255506608,
    "BAGL": 0.3522727272727273,
    "BAGR": 0.2922297297297297,
    "BDUL": 0.23076923076923078,
    "BDUR": 0.31769436997319034,
    "CANL": 0.4888888888888889,
    "CANR": 0.5952380952380952,
    "CEPDL": 0.08491256067557683,
    "CEPDR": 0.08842324767926812,
    "CEPVL": 0.0942072359670125,
    "CEPVR": 0.07936176142697882,
    "DA1": 0.3127906976744186,
    "DA2": 0.3067685589519651,
    "DA3": 0.35046728971962615,
    "DA4": 0.3142857142857143,
    "DA5": 0.3463414634146341,
    "DA6": 0.3343195266272189,
    "DA7": 0.38961038961038963,
    "DA8": 0.2814569536423841,
    "DA9": 0.26182432432432434,
    "DB1": 0.21176470588235294,
    "DB2": 0.3195187165775401,
    "DB3": 0.30563002680965146,
    "DB4": 0.2674731182795699,
    "DB5": 0.42,
    "DB6": 0.3888888888888889,
    "DB7": 0.33774834437086093,
    "DD1": 0.24,
    "DD2": 0.2364217252396166,
    "DD3": 0.23905109489051096,
    "DD4": 0.3027950310559006,
    "DD5": 0.4344978165938865,
    "DD6": 0.3202614379084967,
    "DVA": 0.18209876543209877,
    "DVB": 0.1206896551724138,
    "DVC": 0.21802054154995332,
    "FLPL": 0.35755813953488375,
    "FLPR": 0.3407960199004975,
    "HSNL": 0.11842923794712286,
    "HSNR": 0.09884408249047681,
    "I1L": 0.31765834932821496,
    "I1R": 0.3212616822429907,
    "I2L": 0.38377192982456143,
    "I2R": 0.47560975609756095,
    "I3": 0.4393063583815029,
    "I4": 0.4375,
    "I5": 0.4782608695652174,
    "I6": 0.45594713656387664,
    "IL1DL": 0.16216216216216217,
    "IL1DR": 0.25919117647058826,
    "IL1L": 0.2729083665338645,
    "IL1R": 0.20432692307692307,
    "IL1VL": 0.21774193548387097,
    "IL1VR": 0.2354368932038835,
    "IL2DL": 0.341991341991342,
    "IL2DR": 0.34074074074074073,
    "IL2L": 0.2895622895622896,
    "IL2R": 0.24492753623188407,
    "IL2VL": 0.2777777777777778,
    "IL2VR": 0.2830687830687831,
    "LUAL": 0.25333333333333335,
    "LUAR": 0.3373493975903614,
    "M1": 0.3308270676691729,
    "M2L": 0.41964285714285715,
    "M2R": 0.4345088161209068,
    "M3L": 0.407514450867052,
    "M3R": 0.446875,
    "M4": 0.4288135593220339,
    "M5": 0.4433497536945813,
    "MCL": 0.4234375,
    "MCR": 0.4320809248554913,
    "MI": 0.5227272727272727,
    "NSML": 0.11656620649426405,
    "NSMR": 0.1453921007441328,
    "OLLL": 0.2761394101876676,
    "OLLR": 0.24879614767255218,
    "OLQDL": 0.23243243243243245,
    "OLQDR": 0.2797101449275362,
    "OLQVL": 0.19402985074626866,
    "OLQVR": 0.2762237762237762,
    "PDA": 0.2845744680851064,
    "PDB": 0.25,
    "PDEL": 0.08606618748128182,
    "PDER": 0.08233468091250361,
    "PHAL": 0.23372781065088757,
    "PHAR": 0.18421052631578946,
    "PHBL": 0.3037037037037037,
    "PHBR": 0.2764423076923077,
    "PHCL": 0.30514705882352944,
    "PHCR": 0.30434782608695654,
    "PLML": 0.41452991452991456,
    "PLMR": 0.3900804289544236,
    "PLNL": 0.2962962962962963,
    "PLNR": 0.391025641025641,
    "PQR": 0.2429718875502008,
    "PVCL": 0.16791569086651054,
    "PVCR": 0.15819091288036682,
    "PVDL": 0.34615384615384615,
    "PVDR": 0.40789473684210525,
    "PVM": 0.5,
    "PVNL": 0.21212121212121213,
    "PVNR": 0.20057581573896352,
    "PVPL": 0.19210977701543738,
    "PVPR": 0.19914529914529913,
    "PVQL": 0.23121387283236994,
    "PVQR": 0.1927927927927928,
    "PVR": 0.16546762589928057,
    "PVT": 0.2062899786780384,
    "PVWL": 0.28703703703703703,
    "PVWR": 0.45,
    "RIAL": 0.21428571428571427,
    "RIAR": 0.20968834688346882,
    "RIBL": 0.1959397810218978,
    "RIBR": 0.22382478632478633,
    "RICL": 0.14357749469214437,
    "RICR": 0.14440538957234916,
    "RID": 0.18018018018018017,
    "RIFL": 0.1791044776119403,
    "RIFR": 0.28728070175438597,
    "RIGL": 0.14655172413793102,
    "RIGR": 0.1777059773828756,
    "RIH": 0.23878923766816143,
    "RIML": 0.09579363797836267,
    "RIMR": 0.10133858267716535,
    "RIPL": 0.14912280701754385,
    "RIPR": 0.09903381642512077,
    "RIR": 0.17196531791907516,
    "RIS": 0.2644183773216031,
    "RIVL": 0.3299319727891156,
    "RIVR": 0.24878048780487805,
    "RMDDL": 0.29226069246435843,
    "RMDDR": 0.23979591836734693,
    "RMDL": 0.2864864864864865,
    "RMDR": 0.26053639846743293,
    "RMDVL": 0.22998296422487224,
    "RMDVR": 0.21331689272503082,
    "RMED": 0.19932432432432431,
    "RMEL": 0.23557692307692307,
    "RMER": 0.25142857142857145,
    "RMEV": 0.16211878009630817,
    "RMFL": 0.27639751552795033,
    "RMFR": 0.4309210526315789,
    "RMGL": 0.11544011544011544,
    "RMGR": 0.1308411214953271,
    "RMHL": 0.2766990291262136,
    "RMHR": 0.2988165680473373,
    "SAADL": 0.15048543689320387,
    "SAADR": 0.19536423841059603,
    "SAAVL": 0.17557251908396945,
    "SAAVR": 0.21839080459770116,
    "SABD": 0.3141711229946524,
    "SABVL": 0.39215686274509803,
    "SABVR": 0.4375,
    "SDQL": 0.2247191011235955,
    "SDQR": 0.23543123543123542,
    "SIADL": 0.5194805194805194,
    "SIADR": 0.49230769230769234,
    "SIAVL": 0.35,
    "SIAVR": 0.35714285714285715,
    "SIBDL": 0.47191011235955055,
    "SIBDR": 0.3933333333333333,
    "SIBVL": 0.28413284132841327,
    "SIBVR": 0.2953020134228188,
    "SMBDL": 0.12080536912751678,
    "SMBDR": 0.22330097087378642,
    "SMBVL": 0.078125,
    "SMBVR": 0.1534090909090909,
    "SMDDL": 0.2843866171003718,
    "SMDDR": 0.22375,
    "SMDVL": 0.27510917030567683,
    "SMDVR": 0.3049403747870528,
    "URADL": 0.2619047619047619,
    "URADR": 0.2361111111111111,
    "URAVL": 0.3333333333333333,
    "URAVR": 0.23809523809523808,
    "URBL": 0.1715686274509804,