{
  "clustering_coefficients": {
    "ADAL": 0.19883720930232557,
    "ADAR": 0.19799498746867167,
    "ADEL": 0.09081020696142991,
    "ADER": 0.09876739309994281,
    "ADFL": 0.06769922558081438,
    "ADFR": 0.07019631171921475,
    "ADLL": 0.21122994652406418,
    "ADLR": 0.28191489361702127,
    "AFDL": 0.3418803418803419,
    "AFDR": 0.2159090909090909,
    "AIAL": 0.22962962962962963,
    "AIAR": 0.24034749034749034,
    "AIBL": 0.17726608187134502,
    "AIBR": 0.19476309226932667,
    "AIML": 0.19528619528619529,
    "AIMR": 0.21875,
    "AINL": 0.18243243243243243,
    "AINR": 0.17424242424242425,
    "AIYL": 0.29435483870967744,
    "AIYR": 0.29322033898305083,
    "AIZL": 0.26757532281205165,
    "AIZR": 0.27583979328165376,
    "ALA": 0.2571428571428571,
    "ALML": 0.1833855799373041,
    "ALMR": 0.4199029126213592,
    "ALNL": 0.1941747572815534,
    "ALNR": 0.29605263157894735,
    "AQR": 0.2851758793969849,
    "AS1": 0.308252427184466,
    "AS10": 0.3843283582089552,
    "AS11": 0.2798507462686567,
    "AS2": 0.2857142857142857,
    "AS3": 0.33405639913232105,
    "AS4": 0.3911764705882353,
    "AS5": 0.338,
    "AS6": 0.42905405405405406,
    "AS7": 0.5086206896551724,
    "AS8": 0.4152542372881356,
    "AS9": 0.4166666666666667,
    "ASEL": 0.256,
    "ASER": 0.24710982658959538,
    "ASGL": 0.36,
    "ASGR": 0.339572192513369,
    "ASHL": 0.2820143884892086,
    "ASHR": 0.23632218844984804,
    "ASIL": 0.3324468085106383,
    "ASIR": 0.3651685393258427,
    "ASJL": 0.4230769230769231,
    "ASJR": 0.4,
    "ASKL": 0.29222520107238603,
    "ASKR": 0.291497975708502,
    "AUAL": 0.23208722741433022,
    "AUAR": 0.2478386167146974,
    "AVAL": 0.09707971586424625,
    "AVAR": 0.11707290767903365,
    "AVBL": 0.1312813055420908,
    "AVBR": 0.11540507002304556,
    "AVDL": 0.17412746585735964,
    "AVDR": 0.1498714652956298,
    "AVEL": 0.16772823779193205,
    "AVER": 0.16546762589928057,
    "AVFL": 0.2696629213483146,
    "AVFR": 0.25806451612903225,
    "AVG": 0.20404984423676012,
    "AVHL": 0.1913265306122449,
    "AVHR": 0.17379679144385027,
    "AVJL": 0.24794069192751236,
    "AVJR": 0.2516914749661705,
    "AVKL": 0.1938925680647535,
    "AVKR": 0.23502722323049002,
    "AVL": 0.17866847826086957,
    "AVM": 0.23665893271461716,
    "AWAL": 0.19047619047619047,
    "AWAR": 0.20540540540540542,
    "AWBL": 0.2841614906832298,
    "AWBR": 0.2559912854030501,
    "AWCL": 0.34628378378378377,
    "AWCR": 0.3762135922330097,
    "BAGL": 0.3389261744966443,
    "BAGR": 0.23387096774193547,
    "BDUL": 0.15841584158415842,
    "BDUR": 0.3155339805825243,
    "CANL": 0.5138888888888888,
    "CANR": 0.5,
    "CEPDL": 0.08317267970256127,
    "CEPDR": 0.08255701895277867,
    "CEPVL": 0.09685605526575497,
    "CEPVR": 0.09999350058494735,
    "DA1": 0.3117206982543641,
    "DA2": 0.2991913746630728,
    "DA3": 0.33955223880597013,
    "DA4": 0.33843537414965985,
    "DA5": 0.3690773067331671,
    "DA6": 0.3617021276595745,
    "DA7": 0.4166666666666667,
    "DA8": 0.26419213973799127,
    "DA9": 0.2601246105919003,
    "DB1": 0.2865853658536585,
    "DB2": 0.3302180685358255,
    "DB3": 0.27724665391969405,
    "DB4": 0.34274193548387094,
    "DB5": 0.427536231884058,
    "DB6": 0.436,
    "DB7": 0.4576271186440678,
    "DD1": 0.25254237288135595,
    "DD2": 0.24427480916030533,
    "DD3": 0.25742574257425743,
    "DD4": 0.2994652406417112,
    "DD5": 0.4110169491525424,
    "DD6": 0.38011695906432746,
    "DVA": 0.1699053313403089,
    "DVB": 0.1206896551724138,
    "DVC": 0.2206196581196581,
    "FLPL": 0.3706395348837209,
    "FLPR": 0.376865671641791,
    "HSNL": 0.10354085038455957,
    "HSNR": 0.09831727507124441,
    "I1L": 0.31990881458966564,
    "I1R": 0.3402625820568928,
    "I2L": 0.40748898678414097,
    "I2R": 0.3762135922330097,
    "I3": 0.44653179190751446,
    "I4": 0.37,
    "I5": 0.48695652173913045,
    "I6": 0.36363636363636365,
    "IL1DL": 0.16265060240963855,
    "IL1DR": 0.21982758620689655,
    "IL1L": 0.25165562913907286,
    "IL1R": 0.19721115537848605,
    "IL1VL": 0.2426470588235294,
    "IL1VR": 0.19086021505376344,
    "IL2DL": 0.28362573099415206,
    "IL2DR": 0.3403361344537815,
    "IL2L": 0.2744252873563218,
    "IL2R": 0.2593984962406015,
    "IL2VL": 0.23076923076923078,
    "IL2VR": 0.3010033444816054,
    "LUAL": 0.26666666666666666,
    "LUAR": 0.38549618320610685,
    "M1": 0.33575581395348836,
    "M2L": 0.4522184300341297,
    "M2R": 0.4100877192982456,
    "M3L": 0.4576271186440678,
    "M3R": 0.42052023121387283,
    "M4": 0.45121951219512196,
    "M5": 0.40040650406504064,
    "MCL": 0.434375,
    "MCR": 0.5121951219512195,
    "MI": 0.5227272727272727,
    "NSML": 0.11813501144164759,
    "NSMR": 0.07241925896572221,
    "OLLL": 0.240625,
    "OLLR": 0.21179039301310043,
    "OLQDL": 0.24596774193548387,
    "OLQDR": 0.2074074074074074,
    "OLQVL": 0.21766561514195584,
    "OLQVR": 0.23299319727891157,
    "PDA": 0.28807947019867547,
    "PDB": 0.25,
    "PDEL": 0.08516525166767738,
    "PDER": 0.09235873287671233,
    "PHAL": 0.2640449438202247,
    "PHAR": 0.20786516853932585,
    "PHBL": 0.3923076923076923,
    "PHBR": 0.28994082840236685,
    "PHCL": 0.3235294117647059,
    "PHCR": 0.3,
    "PLML": 0.3933333333333333,
    "PLMR": 0.3985239852398524,
    "PLNL": 0.33116883116883117,
    "PLNR": 0.3484848484848485,
    "PQR": 0.24731182795698925,
    "PVCL": 0.18440691280439905,
    "PVCR": 0.17228177641653905,
    "PVDL": 0.36538461538461536,
    "PVDR": 0.4444444444444444,
    "PVM": 0.46774193548387094,
    "PVNL": 0.21212121212121213,
    "PVNR": 0.20057581573896352,
    "PVPL": 0.19210977701543738,
    "PVPR": 0.19401709401709402,
    "PVQL": 0.26744186046511625,
    "PVQR": 0.2242014742014742,
    "PVR": 0.15683453237410072,
    "PVT": 0.22087604846225536,
    "PVWL": 0.28703703703703703,
    "PVWR": 0.45,
    "RIAL": 0.22126929674099485,
    "RIAR": 0.2161985630306989,
    "RIBL": 0.20050182481751824,
    "RIBR": 0.20403092214246274,
    "RICL": 0.17613353263577478,
    "RICR": 0.15330602691632533,
    "RID": 0.21449067431850788,
    "RIFL": 0.1865671641791045,
    "RIFR": 0.2675438596491228,
    "RIGL": 0.14353448275862069,
    "RIGR": 0.1631663974151858,
    "RIH": 0.226457399103139,
    "RIML": 0.09876487149214422,
    "RIMR": 0.10069984447900467,
    "RIPL": 0.1425438596491228,
    "RIPR": 0.10144927536231885,
    "RIR": 0.16618497109826588,
    "RIS": 0.28130841121495326,
    "RIVL": 0.32653061224489793,
    "RIVR": 0.26097560975609757,
    "RMDDL": 0.3169491525423729,
    "RMDDR": 0.23076923076923078,
    "RMDL": 0.29393939393939394,
    "RMDR": 0.251793400286944,
    "RMDVL": 0.22344559585492227,
    "RMDVR": 0.21664887940234792,
    "RMED": 0.20145631067961164,
    "RMEL": 0.23557692307692307,
    "RMER": 0.24247491638795987,
    "RMEV": 0.16051364365971107,
    "RMFL": 0.2717391304347826,
    "RMFR": 0.40370370370370373,
    "RMGL": 0.10894660894660894,
    "RMGR": 0.13200934579439252,
    "RMHL": 0.2109375,
    "RMHR": 0.1986754966887417,
    "SAADL": 0.1553398058252427,
    "SAADR": 0.18543046357615894,
    "SAAVL": 0.17557251908396945,
    "SAAVR": 0.26436781609195403,
    "SABD": 0.34139784946236557,
    "SABVL": 0.4264705882352941,
    "SABVR": 0.5238095238095238,
    "SDQL": 0.26119402985074625,
    "SDQR": 0.20689655172413793,
    "SIADL": 0.5,
    "SIADR": 0.4777777777777778,
    "SIAVL": 0.3157894736842105,
    "SIAVR": 0.2980769230769231,
    "SIBDL": 0.43258426966292135,
    "SIBDR": 0.32142857142857145,
    "SIBVL": 0.3048780487804878,
    "SIBVR": 0.2483221476510067,
    "SMBDL": 0.12416107382550336,
    "SMBDR": 0.1966019417475728,
    "SMBVL": 0.0703125,
    "SMBVR": 0.13068181818181818,
    "SMDDL": 0.34934497816593885,
    "SMDDR": 0.21568627450980393,
    "SMDVL": 0.25,
    "SMDVR": 0.2921225382932166,
    "URADL": 0.23809523809523808,
    "URADR": 0.2361111111111111,
    "URAVL": 0.3333333333333333,
    "URAVR": 0.2619047619047619,