{
  "clustering_coefficients": {
    "ADAL": 0.19069767441860466,
    "ADAR": 0.20050125313283207,
    "ADEL": 0.08668939972955494,
    "ADER": 0.09582181259600614,
    "ADFL": 0.07863288718929254,
    "ADFR": 0.06869158878504673,
    "ADLL": 0.2245119305856833,
    "ADLR": 0.27011494252873564,
    "AFDL": 0.25980392156862747,
    "AFDR": 0.22666666666666666,
    "AIAL": 0.24155844155844156,
    "AIAR": 0.2676950998185118,
    "AIBL": 0.18372881355932202,
    "AIBR": 0.1565798733286418,
    "AIML": 0.22835497835497837,
    "AIMR": 0.2878411910669975,
    "AINL": 0.20945945945945946,
    "AINR": 0.17424242424242425,
    "AIYL": 0.313953488372093,
    "AIYR": 0.2989864864864865,
    "AIZL": 0.2586989409984871,
    "AIZR": 0.2747489239598278,
    "ALA": 0.22857142857142856,
    "ALML": 0.2234375,
    "ALMR": 0.375,
    "ALNL": 0.3076923076923077,
    "ALNR": 0.25961538461538464,
    "AQR": 0.2851758793969849,
    "AS1": 0.36486486486486486,
    "AS10": 0.3942307692307692,
    "AS11": 0.24157303370786518,
    "AS2": 0.35,
    "AS3": 0.3639705882352941,
    "AS4": 0.37566137566137564,
    "AS5": 0.3838383838383838,
    "AS6": 0.44634146341463415,
    "AS7": 0.4597315436241611,
    "AS8": 0.4157303370786517,
    "AS9": 0.4068627450980392,
    "ASEL": 0.30669546436285094,
    "ASER": 0.27820267686424477,
    "ASGL": 0.3533834586466165,
    "ASGR": 0.32894736842105265,
    "ASHL": 0.2986322188449848,
    "ASHR": 0.2478386167146974,
    "ASIL": 0.33727810650887574,
    "ASIR": 0.39403973509933776,
    "ASJL": 0.36538461538461536,
    "ASJR": 0.425,
    "ASKL": 0.3044280442804428,
    "ASKR": 0.3282312925170068,
    "AUAL": 0.24766355140186916,
    "AUAR": 0.24751243781094528,
    "AVAL": 0.09645957830646071,
    "AVAR": 0.11761216566005177,
    "AVBL": 0.10973976272483735,
    "AVBR": 0.11856297842727906,
    "AVDL": 0.17412746585735964,
    "AVDR": 0.15244215938303343,
    "AVEL": 0.16985138004246284,
    "AVER": 0.1721479958890031,
    "AVFL": 0.2755102040816326,
    "AVFR": 0.23690773067331672,
    "AVG": 0.20404984423676012,
    "AVHL": 0.1955128205128205,
    "AVHR": 0.1910569105691057,
    "AVJL": 0.2669527896995708,
    "AVJR": 0.2507530120481928,
    "AVKL": 0.1894775570272259,
    "AVKR": 0.22867513611615245,
    "AVL": 0.20563230605738575,
    "AVM": 0.2420749279538905,
    "AWAL": 0.19047619047619047,
    "AWAR": 0.21081081081081082,
    "AWBL": 0.25,
    "AWBR": 0.23197492163009403,
    "AWCL": 0.3755020080321285,
    "AWCR": 0.35436893203883496,
    "BAGL": 0.3383233532934132,
    "BAGR": 0.27181208053691275,
    "BDUL": 0.19548872180451127,
    "BDUR": 0.3284132841328413,
    "CANL": 0.25,
    "CANR": 0.4583333333333333,
    "CEPDL": 0.08922445685074326,
    "CEPDR": 0.0842469899778032,
    "CEPVL": 0.0896832191780822,
    "CEPVR": 0.1004930966469428,
    "DA1": 0.32382892057026474,
    "DA2": 0.3312883435582822,
    "DA3": 0.2959558823529412,
    "DA4": 0.28888888888888886,
    "DA5": 0.3699731903485255,
    "DA6": 0.3559322033898305,
    "DA7": 0.5153846153846153,
    "DA8": 0.2925531914893617,
    "DA9": 0.26305220883534136,
    "DB1": 0.2661290322580645,
    "DB2": 0.3302180685358255,
    "DB3": 0.3273381294964029,
    "DB4": 0.32123655913978494,
    "DB5": 0.48717948717948717,
    "DB6": 0.41369047619047616,
    "DB7": 0.375,
    "DD1": 0.266304347826087,
    "DD2": 0.23322683706070288,
    "DD3": 0.2550335570469799,
    "DD4": 0.26785714285714285,
    "DD5": 0.39361702127659576,
    "DD6": 0.3125,
    "DVA": 0.18022260273972604,
    "DVB": 0.1206896551724138,
    "DVC": 0.1991774383078731,
    "FLPL": 0.352803738317757,
    "FLPR": 0.3619402985074627,
    "HSNL": 0.10466004583651642,
    "HSNR": 0.11526421237165038,
    "I1L": 0.34812286689419797,
    "I1R": 0.3483754512635379,
    "I2L": 0.4082125603864734,
    "I2R": 0.45161290322580644,
    "I3": 0.41304347826086957,
    "I4": 0.40225563909774437,
    "I5": 0.4956521739130435,
    "I6": 0.45209580838323354,
    "IL1DL": 0.20810810810810812,
    "IL1DR": 0.28547297297297297,
    "IL1L": 0.21359223300970873,
    "IL1R": 0.2599009900990099,
    "IL1VL": 0.15517241379310345,
    "IL1VR": 0.18456375838926176,
    "IL2DL": 0.2867647058823529,
    "IL2DR": 0.3173076923076923,
    "IL2L": 0.25757575757575757,
    "IL2R": 0.25,
    "IL2VL": 0.2328042328042328,
    "IL2VR": 0.3173913043478261,
    "LUAL": 0.26223776223776224,
    "LUAR": 0.3674418604651163,
    "M1": 0.35377358490566035,
    "M2L": 0.44862155388471175,
    "M2R": 0.4309210526315789,
    "M3L": 0.4596774193548387,
    "M3R": 0.42019950124688277,
    "M4": 0.4694915254237288,
    "M5": 0.47769516728624534,
    "MCL": 0.4249329758713137,
    "MCR": 0.46271186440677964,
    "MI": 0.5227272727272727,
    "NSML": 0.11562908954944849,
    "NSMR": 0.10623229461756374,
    "OLLL": 0.2515625,
    "OLLR": 0.20050125313283207,
    "OLQDL": 0.25121951219512195,
    "OLQDR": 0.23279352226720648,
    "OLQVL": 0.15918367346938775,
    "OLQVR": 0.22444444444444445,
    "PDA": 0.26119402985074625,
    "PDB": 0.25,
    "PDEL": 0.09508839411199053,
    "PDER": 0.10730027548209366,
    "PHAL": 0.24271844660194175,
    "PHAR": 0.21052631578947367,
    "PHBL": 0.3116883116883117,
    "PHBR": 0.26492537313432835,
    "PHCL": 0.33980582524271846,
    "PHCR": 0.412,
    "PLML": 0.43333333333333335,
    "PLMR": 0.4098639455782313,
    "PLNL": 0.37662337662337664,
    "PLNR": 0.36666666666666664,
    "PQR": 0.30743243243243246,
    "PVCL": 0.1849960722702278,
    "PVCR": 0.1806615776081425,
    "PVDL": 0.4117647058823529,
    "PVDR": 0.477124183006536,
    "PVM": 0.5,
    "PVNL": 0.21212121212121213,
    "PVNR": 0.1967370441458733,
    "PVPL": 0.19210977701543738,
    "PVPR": 0.20256410256410257,
    "PVQL": 0.23726541554959785,
    "PVQR": 0.2156019656019656,
    "PVR": 0.16906474820143885,
    "PVT": 0.2022346368715084,
    "PVWL": 0.28703703703703703,
    "PVWR": 0.45,
    "RIAL": 0.24595355383532724,
    "RIAR": 0.22599608099281515,
    "RIBL": 0.19661335841956726,
    "RIBR": 0.21932899349023535,
    "RICL": 0.16182478438492964,
    "RICR": 0.16463414634146342,
    "RID": 0.1896551724137931,
    "RIFL": 0.16044776119402984,
    "RIFR": 0.2807017543859649,
    "RIGL": 0.14353448275862069,
    "RIGR": 0.16882067851373184,
    "RIH": 0.22477578475336324,
    "RIML": 0.11030253475061325,
    "RIMR": 0.09781154058096513,
    "RIPL": 0.1513157894736842,
    "RIPR": 0.1111111111111111,
    "RIR": 0.16473988439306358,
    "RIS": 0.28811973807296537,
    "RIVL": 0.3333333333333333,
    "RIVR": 0.25365853658536586,
    "RMDDL": 0.29301745635910226,
    "RMDDR": 0.24808429118773948,
    "RMDL": 0.281922525107604,
    "RMDR": 0.2775891341256367,
    "RMDVL": 0.24283765347885403,
    "RMDVR": 0.21196868008948547,
    "RMED": 0.1966019417475728,
    "RMEL": 0.2455621301775148,
    "RMER": 0.205685618729097,
    "RMEV": 0.18138041733547353,
    "RMFL": 0.25925925925925924,
    "RMFR": 0.4074074074074074,
    "RMGL": 0.113997113997114,
    "RMGR": 0.1366822429906542,
    "RMHL": 0.3300970873786408,
    "RMHR": 0.2526595744680851,
    "SAADL": 0.16019417475728157,
    "SAADR": 0.20860927152317882,
    "SAAVL": 0.22900763358778625,
    "SAAVR": 0.25287356321839083,
    "SABD": 0.31718061674008813,
    "SABVL": 0.40225563909774437,
    "SABVR": 0.4215686274509804,
    "SDQL": 0.22815533980582525,
    "SDQR": 0.20380434782608695,
    "SIADL": 0.45,
    "SIADR": 0.525974025974026,
    "SIAVL": 0.37777777777777777,
    "SIAVR": 0.3,
    "SIBDL": 0.4528301886792453,
    "SIBDR": 0.3284313725490196,
    "SIBVL": 0.288135593220339,
    "SIBVR": 0.3602941176470588,
    "SMBDL": 0.12416107382550336,
    "SMBDR": 0.220873786407767,
    "SMBVL": 0.078125,
    "SMBVR": 0.13636363636363635,
    "SMDDL": 0.3333333333333333,
    "SMDDR": 0.23076923076923078,
    "SMDVL": 0.25067385444743934,
    "SMDVR": 0.3269230769230769,
    "URADL": 0.2619047619047619,
    "URADR": 0.2361111111111111,
    "URAVL": 0.36666666666666664,
    "URAVR": 0.21428571428571427,