{
  "clustering_coefficients": {
    "ADAL": 0.1755813953488372,
    "ADAR": 0.19298245614035087,
    "ADEL": 0.0796534376746786,
    "ADER": 0.08294860891750698,
    "ADFL": 0.06989247311827956,
    "ADFR": 0.07213645892891175,
    "ADLL": 0.20281995661605207,
    "ADLR": 0.2516778523489933,
    "AFDL": 0.27380952380952384,
    "AFDR": 0.24598930481283424,
    "AIAL": 0.2421340629274966,
    "AIAR": 0.20235934664246824,
    "AIBL": 0.17566539923954372,
    "AIBR": 0.17037279267495095,
    "AIML": 0.2532467532467532,
    "AIMR": 0.23993808049535603,
    "AINL": 0.19594594594594594,
    "AINR": 0.17424242424242425,
    "AIYL": 0.2651162790697674,
    "AIYR": 0.29411764705882354,
    "AIZL": 0.2454780361757106,
    "AIZR": 0.2209775967413442,
    "ALA": 0.24285714285714285,
    "ALML": 0.21304347826086956,
    "ALMR": 0.3567961165048544,
    "ALNL": 0.18421052631578946,
    "ALNR": 0.23809523809523808,
    "AQR": 0.2851758793969849,
    "AS1": 0.3515850144092219,
    "AS10": 0.3605769230769231,
    "AS11": 0.23026315789473684,
    "AS2": 0.3399122807017544,
    "AS3": 0.33285302593659943,
    "AS4": 0.3588516746411483,
    "AS5": 0.34798534798534797,
    "AS6": 0.4213709677419355,
    "AS7": 0.44696969696969696,
    "AS8": 0.375,
    "AS9": 0.28921568627450983,
    "ASEL": 0.2593123209169054,
    "ASER": 0.2717391304347826,
    "ASGL": 0.364,
    "ASGR": 0.2819548872180451,
    "ASHL": 0.28098471986417656,
    "ASHR": 0.22957198443579765,
    "ASIL": 0.3300970873786408,
    "ASIR": 0.33707865168539325,
    "ASJL": 0.34615384615384615,
    "ASJR": 0.4,
    "ASKL": 0.29800498753117205,
    "ASKR": 0.26752767527675275,
    "AUAL": 0.25497512437810943,
    "AUAR": 0.24078091106290672,
    "AVAL": 0.09572668846544143,
    "AVAR": 0.1168032786885246,
    "AVBL": 0.11596922499530869,
    "AVBR": 0.13515832163469038,
    "AVDL": 0.17412746585735964,
    "AVDR": 0.1493573264781491,
    "AVEL": 0.1658704883227176,
    "AVER": 0.16649537512846865,
    "AVFL": 0.27769347496206376,
    "AVFR": 0.24883720930232558,
    "AVG": 0.20404984423676012,
    "AVHL": 0.23160762942779292,
    "AVHR": 0.20694864048338368,
    "AVJL": 0.24723101265822786,
    "AVJR": 0.24171686746987953,
    "AVKL": 0.18910963944076528,
    "AVKR": 0.2295825771324864,
    "AVL": 0.16332378223495703,
    "AVM": 0.22208436724565755,
    "AWAL": 0.19047619047619047,
    "AWAR": 0.20270270270270271,
    "AWBL": 0.206,
    "AWBR": 0.245,
    "AWCL": 0.31989247311827956,
    "AWCR": 0.3575268817204301,
    "BAGL": 0.32934131736526945,
    "BAGR": 0.2785234899328859,
    "BDUL": 0.21428571428571427,
    "BDUR": 0.2904191616766467,
    "CANL": 0.4090909090909091,
    "CANR": 0.4666666666666667,
    "CEPDL": 0.07449327854008497,
    "CEPDR": 0.07140007977662545,
    "CEPVL": 0.077975900257714,
    "CEPVR": 0.08925808838366853,
    "DA1": 0.3257372654155496,
    "DA2": 0.2946257197696737,
    "DA3": 0.30614973262032086,
    "DA4": 0.3072463768115942,
    "DA5": 0.36034912718204487,
    "DA6": 0.3537117903930131,
    "DA7": 0.5185185185185185,
    "DA8": 0.25721153846153844,
    "DA9": 0.2574626865671642,
    "DB1": 0.2645161290322581,
    "DB2": 0.26104417670682734,
    "DB3": 0.26798561151079137,
    "DB4": 0.33555555555555555,
    "DB5": 0.4,
    "DB6": 0.6022727272727273,
    "DB7": 0.39349112426035504,
    "DD1": 0.24735249621785174,
    "DD2": 0.21019900497512436,
    "DD3": 0.24498567335243554,
    "DD4": 0.2996632996632997,
    "DD5": 0.4291044776119403,
    "DD6": 0.30514705882352944,
    "DVA": 0.17320405464962538,
    "DVB": 0.1206896551724138,
    "DVC": 0.21612349914236706,
    "FLPL": 0.3399532710280374,
    "FLPR": 0.37227414330218067,
    "HSNL": 0.09958867267837368,
    "HSNR": 0.0985342019543974,
    "I1L": 0.3247663551401869,
    "I1R": 0.32084309133489464,
    "I2L": 0.3674698795180723,
    "I2R": 0.40763052208835343,
    "I3": 0.48118279569892475,
    "I4": 0.3675496688741722,
    "I5": 0.5,
    "I6": 0.3844086021505376,
    "IL1DL": 0.22693266832917705,
    "IL1DR": 0.20658682634730538,
    "IL1L": 0.22761194029850745,
    "IL1R": 0.1943231441048035,
    "IL1VL": 0.17803030303030304,
    "IL1VR": 0.21601941747572814,
    "IL2DL": 0.35526315789473684,
    "IL2DR": 0.34210526315789475,
    "IL2L": 0.26635514018691586,
    "IL2R": 0.19855072463768117,
    "IL2VL": 0.2839506172839506,
    "IL2VR": 0.26644736842105265,
    "LUAL": 0.2636363636363636,
    "LUAR": 0.3407258064516129,
    "M1": 0.3239795918367347,
    "M2L": 0.38847583643122674,
    "M2R": 0.3790931989924433,
    "M3L": 0.42943548387096775,
    "M3R": 0.3616279069767442,
    "M4": 0.5090361445783133,
    "M5": 0.4482758620689655,
    "MCL": 0.3901734104046243,
    "MCR": 0.5202702702702703,
    "MI": 0.5227272727272727,
    "NSML": 0.10145739910313901,
    "NSMR": 0.10196345256609643,
    "OLLL": 0.21864406779661016,
    "OLLR": 0.19047619047619047,
    "OLQDL": 0.28901734104046245,
    "OLQDR": 0.2111111111111111,
    "OLQVL": 0.23108108108108108,
    "OLQVR": 0.24493927125506074,
    "PDA": 0.28106508875739644,
    "PDB": 0.25,
    "PDEL": 0.06592049112824735,
    "PDER": 0.09197891848963974,
    "PHAL": 0.25280898876404495,
    "PHAR": 0.22761194029850745,
    "PHBL": 0.31176470588235294,
    "PHBR": 0.31208053691275167,
    "PHCL": 0.30837004405286345,
    "PHCR": 0.3716577540106952,
    "PLML": 0.2556390977443609,
    "PLMR": 0.391156462585034,
    "PLNL": 0.3296296296296296,
    "PLNR": 0.32967032967032966,
    "PQR": 0.2727272727272727,
    "PVCL": 0.15702891326021934,
    "PVCR": 0.1733676975945017,
    "PVDL": 0.38235294117647056,
    "PVDR": 0.375,
    "PVM": 0.46774193548387094,
    "PVNL": 0.21212121212121213,
    "PVNR": 0.1967370441458733,
    "PVPL": 0.19210977701543738,
    "PVPR": 0.19316239316239317,
    "PVQL": 0.20608108108108109,
    "PVQR": 0.18299319727891156,
    "PVR": 0.16906474820143885,
    "PVT": 0.19508928571428572,
    "PVWL": 0.28703703703703703,
    "PVWR": 0.45,
    "RIAL": 0.21739130434782608,
    "RIAR": 0.20384373030875866,
    "RIBL": 0.19970784641068448,
    "RIBR": 0.2155448717948718,
    "RICL": 0.15805984555984556,
    "RICR": 0.11585722644821533,
    "RID": 0.20797962648556875,
    "RIFL": 0.1828358208955224,
    "RIFR": 0.26973684210526316,
    "RIGL": 0.14396551724137932,
    "RIGR": 0.16882067851373184,
    "RIH": 0.22253363228699552,
    "RIML": 0.09857382550335571,
    "RIMR": 0.09292695047208878,
    "RIPL": 0.1425438596491228,
    "RIPR": 0.09903381642512077,
    "RIR": 0.16473988439306358,
    "RIS": 0.2635342185903984,
    "RIVL": 0.30952380952380953,
    "RIVR": 0.24146341463414633,
    "RMDDL": 0.27437858508604207,
    "RMDDR": 0.24414414414414415,
    "RMDL": 0.27905308464849354,
    "RMDR": 0.2611190817790531,
    "RMDVL": 0.24316546762589927,
    "RMDVR": 0.1871584699453552,
    "RMED": 0.20989304812834225,
    "RMEL": 0.23306772908366533,
    "RMER": 0.2345679012345679,
    "RMEV": 0.15072202166064982,
    "RMFL": 0.2632850241545894,
    "RMFR": 0.42016806722689076,
    "RMGL": 0.10317460317460317,
    "RMGR": 0.12967289719626168,
    "RMHL": 0.2514792899408284,
    "RMHR": 0.23404255319148937,
    "SAADL": 0.16990291262135923,
    "SAADR": 0.22185430463576158,
    "SAAVL": 0.20610687022900764,
    "SAAVR": 0.25287356321839083,
    "SABD": 0.3108108108108108,
    "SABVL": 0.31,
    "SABVR": 0.39705882352941174,
    "SDQL": 0.23134328358208955,
    "SDQR": 0.19838056680161945,
    "SIADL": 0.40384615384615385,
    "SIADR": 0.4666666666666667,
    "SIAVL": 0.2722222222222222,
    "SIAVR": 0.3246753246753247,
    "SIBDL": 0.4289940828402367,
    "SIBDR": 0.31283422459893045,
    "SIBVL": 0.29867256637168144,
    "SIBVR": 0.28859060402684567,
    "SMBDL": 0.12416107382550336,
    "SMBDR": 0.2087378640776699,
    "SMBVL": 0.0859375,
    "SMBVR": 0.14204545454545456,
    "SMDDL": 0.30204778156996587,
    "SMDDR": 0.24864864864864866,
    "SMDVL": 0.23982558139534885,
    "SMDVR": 0.2602739726027397,
    "URADL": 0.23809523809523808,
    "URADR": 0.2222222222222222,