{
  "clustering_coefficients": {
    "ADAL": 0.18255813953488373,
    "ADAR": 0.17669172932330826,
    "ADEL": 0.08813499529633113,
    "ADER": 0.09093507813492567,
    "ADFL": 0.05202244563946692,
    "ADFR": 0.07142857142857142,
    "ADLL": 0.19020172910662825,
    "ADLR": 0.238,
    "AFDL": 0.31196581196581197,
    "AFDR": 0.24431818181818182,
    "AIAL": 0.22096774193548388,
    "AIAR": 0.23049001814882034,
    "AIBL": 0.16380789022298456,
    "AIBR": 0.17577895355673134,
    "AIML": 0.22580645161290322,
    "AIMR": 0.2589641434262948,
    "AINL": 0.19594594594594594,
    "AINR": 0.17424242424242425,
    "AIYL": 0.2710727969348659,
    "AIYR": 0.33285302593659943,
    "AIZL": 0.2074569789674952,
    "AIZR": 0.2680878552971576,
    "ALA": 0.21428571428571427,
    "ALML": 0.2525,
    "ALMR": 0.4118942731277533,
    "ALNL": 0.16447368421052633,
    "ALNR": 0.2571428571428571,
    "AQR": 0.2851758793969849,
    "AS1": 0.3237885462555066,
    "AS10": 0.4015957446808511,
    "AS11": 0.2752808988764045,
    "AS2": 0.3449197860962567,
    "AS3": 0.3743781094527363,
    "AS4": 0.35406698564593303,
    "AS5": 0.36063218390804597,
    "AS6": 0.41330645161290325,
    "AS7": 0.4429530201342282,
    "AS8": 0.3953488372093023,
    "AS9": 0.3431372549019608,
    "ASEL": 0.27164502164502163,
    "ASER": 0.26272912423625255,
    "ASGL": 0.3285024154589372,
    "ASGR": 0.2995169082125604,
    "ASHL": 0.23130841121495327,
    "ASHR": 0.23633879781420766,
    "ASIL": 0.32038834951456313,
    "ASIR": 0.375,
    "ASJL": 0.36538461538461536,
    "ASJR": 0.4,
    "ASKL": 0.3169491525423729,
    "ASKR": 0.2884012539184953,
    "AUAL": 0.24299065420560748,
    "AUAR": 0.2613882863340564,
    "AVAL": 0.0961213214567595,
    "AVAR": 0.1182053494391717,
    "AVBL": 0.11002678913126675,
    "AVBR": 0.11106186846303846,
    "AVDL": 0.17412746585735964,
    "AVDR": 0.1493573264781491,
    "AVEL": 0.16613588110403396,
    "AVER": 0.1685508735868448,
    "AVFL": 0.29238505747126436,
    "AVFR": 0.2793478260869565,
    "AVG": 0.20404984423676012,
    "AVHL": 0.23616236162361623,
    "AVHR": 0.18546637744034708,
    "AVJL": 0.23276633840644584,
    "AVJR": 0.2395128552097429,
    "AVKL": 0.1894775570272259,
    "AVKR": 0.2277676950998185,
    "AVL": 0.15974212034383956,
    "AVM": 0.2633410672853828,
    "AWAL": 0.19047619047619047,
    "AWAR": 0.21081081081081082,
    "AWBL": 0.2509157509157509,
    "AWBR": 0.2715617715617716,
    "AWCL": 0.3389261744966443,
    "AWCR": 0.35906040268456374,
    "BAGL": 0.30538922155688625,
    "BAGR": 0.2751677852348993,
    "BDUL": 0.20512820512820512,
    "BDUR": 0.2588495575221239,
    "CANL": 0.5636363636363636,
    "CANR": 0.5,
    "CEPDL": 0.08202326401127952,
    "CEPDR": 0.08465056837290644,
    "CEPVL": 0.0991680180497779,
    "CEPVR": 0.0895006316909369,
    "DA1": 0.31976744186046513,
    "DA2": 0.2885514018691589,
    "DA3": 0.3213457076566125,
    "DA4": 0.2935222672064777,
    "DA5": 0.363953488372093,
    "DA6": 0.31125827814569534,
    "DA7": 0.4411764705882353,
    "DA8": 0.31208053691275167,
    "DA9": 0.2896253602305475,
    "DB1": 0.22325102880658437,
    "DB2": 0.25735294117647056,
    "DB3": 0.2729124236252546,
    "DB4": 0.27995642701525053,
    "DB5": 0.45893719806763283,
    "DB6": 0.46568627450980393,
    "DB7": 0.324468085106383,
    "DD1": 0.22912423625254583,
    "DD2": 0.20706106870229007,
    "DD3": 0.26277372262773724,
    "DD4": 0.29605263157894735,
    "DD5": 0.3246268656716418,
    "DD6": 0.33986928104575165,
    "DVA": 0.16038164470695138,
    "DVB": 0.1206896551724138,
    "DVC": 0.20566239316239315,
    "FLPL": 0.353099730458221,
    "FLPR": 0.3602941176470588,
    "HSNL": 0.11118022080547349,
    "HSNR": 0.07956857956857957,
    "I1L": 0.3240072202166065,
    "I1R": 0.3242753623188406,
    "I2L": 0.4469026548672566,
    "I2R": 0.45374449339207046,
    "I3": 0.4440677966101695,
    "I4": 0.40728476821192056,
    "I5": 0.49130434782608695,
    "I6": 0.41019417475728154,
    "IL1DL": 0.2125,
    "IL1DR": 0.1856060606060606,
    "IL1L": 0.24253731343283583,
    "IL1R": 0.1943231441048035,
    "IL1VL": 0.21844660194174756,
    "IL1VR": 0.21476510067114093,
    "IL2DL": 0.33421052631578946,
    "IL2DR": 0.40131578947368424,
    "IL2L": 0.304,
    "IL2R": 0.29439252336448596,
    "IL2VL": 0.291005291005291,
    "IL2VR": 0.29347826086956524,
    "LUAL": 0.25,
    "LUAR": 0.36486486486486486,
    "M1": 0.33557951482479786,
    "M2L": 0.42886178861788615,
    "M2R": 0.4639175257731959,
    "M3L": 0.43125,
    "M3R": 0.3953125,
    "M4": 0.4446494464944649,
    "M5": 0.46651785714285715,
    "MCL": 0.4423728813559322,
    "MCR": 0.4354243542435424,
    "MI": 0.5227272727272727,
    "NSML": 0.12326973438084549,
    "NSMR": 0.10348929421094369,
    "OLLL": 0.27608695652173915,
    "OLLR": 0.23415132924335377,
    "OLQDL": 0.22289156626506024,
    "OLQDR": 0.30652680652680653,
    "OLQVL": 0.23770491803278687,
    "OLQVR": 0.2692307692307692,
    "PDA": 0.32751091703056767,
    "PDB": 0.25,
    "PDEL": 0.09736691879549023,
    "PDER": 0.10178362371737483,
    "PHAL": 0.2574626865671642,
    "PHAR": 0.18421052631578946,
    "PHBL": 0.3557692307692308,
    "PHBR": 0.3056768558951965,
    "PHCL": 0.28187919463087246,
    "PHCR": 0.34782608695652173,
    "PLML": 0.32550335570469796,
    "PLMR": 0.4251101321585903,
    "PLNL": 0.2727272727272727,
    "PLNR": 0.43956043956043955,
    "PQR": 0.25360230547550433,
    "PVCL": 0.1629976580796253,
    "PVCR": 0.17055895865237367,
    "PVDL": 0.34814814814814815,
    "PVDR": 0.37254901960784315,
    "PVM": 0.41935483870967744,
    "PVNL": 0.21212121212121213,
    "PVNR": 0.1967370441458733,
    "PVPL": 0.19210977701543738,
    "PVPR": 0.19145299145299147,
    "PVQL": 0.26871657754010697,
    "PVQR": 0.20801033591731266,
    "PVR": 0.15899280575539568,
    "PVT": 0.1960285132382892,
    "PVWL": 0.28703703703703703,
    "PVWR": 0.45,
    "RIAL": 0.22188449848024316,
    "RIAR": 0.21581600504095777,
    "RIBL": 0.1906934306569343,
    "RIBR": 0.21535677352637023,
    "RICL": 0.15331278890600925,
    "RICR": 0.1421291053227633,
    "RID": 0.18199233716475097,
    "RIFL": 0.19776119402985073,
    "RIFR": 0.2741228070175439,
    "RIGL": 0.14353448275862069,
    "RIGR": 0.17366720516962844,
    "RIH": 0.24719730941704035,
    "RIML": 0.11370311319963078,
    "RIMR": 0.0968269154109862,
    "RIPL": 0.15350877192982457,
    "RIPR": 0.10869565217391304,
    "RIR": 0.16907514450867053,
    "RIS": 0.2684049079754601,
    "RIVL": 0.3197278911564626,
    "RIVR": 0.23902439024390243,
    "RMDDL": 0.3112,
    "RMDDR": 0.238562091503268,
    "RMDL": 0.29651162790697677,
    "RMDR": 0.25766283524904215,
    "RMDVL": 0.25,
    "RMDVR": 0.22838847385272146,
    "RMED": 0.23694779116465864,
    "RMEL": 0.2903930131004367,
    "RMER": 0.253315649867374,
    "RMEV": 0.1961206896551724,
    "RMFL": 0.2672413793103448,
    "RMFR": 0.42016806722689076,
    "RMGL": 0.10822510822510822,
    "RMGR": 0.12733644859813084,
    "RMHL": 0.25842696629213485,
    "RMHR": 0.26490066225165565,
    "SAADL": 0.1553398058252427,
    "SAADR": 0.20198675496688742,
    "SAAVL": 0.17557251908396945,
    "SAAVR": 0.23563218390804597,
    "SABD": 0.32830626450116007,
    "SABVL": 0.37681159420289856,
    "SABVR": 0.4431818181818182,
    "SDQL": 0.26865671641791045,
    "SDQR": 0.16666666666666666,
    "SIADL": 0.4230769230769231,
    "SIADR": 0.5048076923076923,
    "SIAVL": 0.28888888888888886,
    "SIAVR": 0.35855263157894735,
    "SIBDL": 0.42452830188679247,
    "SIBDR": 0.41711229946524064,
    "SIBVL": 0.30338983050847457,
    "SIBVR": 0.3313253012048193,
    "SMBDL": 0.12416107382550336,
    "SMBDR": 0.22815533980582525,
    "SMBVL": 0.0625,
    "SMBVR": 0.14204545454545456,
    "SMDDL": 0.2908805031446541,
    "SMDDR": 0.2,
    "SMDVL": 0.26598837209302323,
    "SMDVR": 0.32112436115843274,
    "URADL": 0.2619047619047619,
    "URADR": 0.2361111111111111,
    "URAVL": 0.4,
    "URAVR": 0.2619047619047619,