{
  "clustering_coefficients": {
    "ADAL": 0.1930232558139535,
    "ADAR": 0.19799498746867167,
    "ADEL": 0.09939365117108548,
    "ADER": 0.09594955581785426,
    "ADFL": 0.07193453834880313,
    "ADFR": 0.07429906542056075,
    "ADLL": 0.22058823529411764,
    "ADLR": 0.2752659574468085,
    "AFDL": 0.2777777777777778,
    "AFDR": 0.23863636363636365,
    "AIAL": 0.2461890243902439,
    "AIAR": 0.24794238683127573,
    "AIBL": 0.17044623262618874,
    "AIBR": 0.18294117647058825,
    "AIML": 0.25456389452332656,
    "AIMR": 0.32219251336898397,
    "AINL": 0.19594594594594594,
    "AINR": 0.17424242424242425,
    "AIYL": 0.2880299251870324,
    "AIYR": 0.3357348703170029,
    "AIZL": 0.24322033898305084,
    "AIZR": 0.2556732223903177,
    "ALA": 0.2571428571428571,
    "ALML": 0.2,
    "ALMR": 0.3387096774193548,
    "ALNL": 0.15625,
    "ALNR": 0.29473684210526313,
    "AQR": 0.2851758793969849,
    "AS1": 0.4029126213592233,
    "AS10": 0.3816568047337278,
    "AS11": 0.30132450331125826,
    "AS2": 0.38644688644688646,
    "AS3": 0.3746397694524496,
    "AS4": 0.4144736842105263,
    "AS5": 0.36195286195286197,
    "AS6": 0.44879518072289154,
    "AS7": 0.5403225806451613,
    "AS8": 0.5042372881355932,
    "AS9": 0.3533834586466165,
    "ASEL": 0.2533557046979866,
    "ASER": 0.29186046511627906,
    "ASGL": 0.3770053475935829,
    "ASGR": 0.342,
    "ASHL": 0.2801358234295416,
    "ASHR": 0.23346303501945526,
    "ASIL": 0.3708609271523179,
    "ASIR": 0.376865671641791,
    "ASJL": 0.38461538461538464,
    "ASJR": 0.45,
    "ASKL": 0.278125,
    "ASKR": 0.28225806451612906,
    "AUAL": 0.2622478386167147,
    "AUAR": 0.28342245989304815,
    "AVAL": 0.09561393618220769,
    "AVAR": 0.1163718723037101,
    "AVBL": 0.11418652655282417,
    "AVBR": 0.11575961708916858,
    "AVDL": 0.17412746585735964,
    "AVDR": 0.14961439588688946,
    "AVEL": 0.16374734607218683,
    "AVER": 0.1616135662898253,
    "AVFL": 0.3125948406676783,
    "AVFR": 0.2976618705035971,
    "AVG": 0.20404984423676012,
    "AVHL": 0.2164685908319185,
    "AVHR": 0.2013358778625954,
    "AVJL": 0.24689100219458668,
    "AVJR": 0.25398089171974525,
    "AVKL": 0.1949963208241354,
    "AVKR": 0.2295825771324864,
    "AVL": 0.17984409799554565,
    "AVM": 0.23148148148148148,
    "AWAL": 0.19047619047619047,
    "AWAR": 0.20270270270270271,
    "AWBL": 0.2192513368983957,
    "AWBR": 0.26143790849673204,
    "AWCL": 0.3422818791946309,
    "AWCR": 0.3817204301075269,
    "BAGL": 0.3039647577092511,
    "BAGR": 0.2840909090909091,
    "BDUL": 0.24514563106796117,
    "BDUR": 0.28292682926829266,
    "CANL": 0.5694444444444444,
    "CANR": 0.5444444444444444,
    "CEPDL": 0.09176362321698547,
    "CEPDR": 0.07838175364795583,
    "CEPVL": 0.09660538456241824,
    "CEPVR": 0.09413978119991638,
    "DA1": 0.28820375335120646,
    "DA2": 0.33303249097472926,
    "DA3": 0.3371757925072046,
    "DA4": 0.3185483870967742,
    "DA5": 0.3598265895953757,
    "DA6": 0.38221153846153844,
    "DA7": 0.4166666666666667,
    "DA8": 0.32781456953642385,
    "DA9": 0.29118329466357307,
    "DB1": 0.27838577291381666,
    "DB2": 0.34290540540540543,
    "DB3": 0.2864406779661017,
    "DB4": 0.33602150537634407,
    "DB5": 0.42513368983957217,
    "DB6": 0.42333333333333334,
    "DB7": 0.3432203389830508,
    "DD1": 0.2866868381240545,
    "DD2": 0.2537764350453172,
    "DD3": 0.297029702970297,
    "DD4": 0.35526315789473684,
    "DD5": 0.38349514563106796,
    "DD6": 0.3375,
    "DVA": 0.16596441947565543,
    "DVB": 0.1206896551724138,
    "DVC": 0.20555555555555555,
    "FLPL": 0.33709273182957394,
    "FLPR": 0.3559077809798271,
    "HSNL": 0.10785296574770259,
    "HSNR": 0.10418521816562779,
    "I1L": 0.31137184115523464,
    "I1R": 0.3016359918200409,
    "I2L": 0.42920353982300885,
    "I2R": 0.3592233009708738,
    "I3": 0.4209558823529412,
    "I4": 0.4223300970873786,
    "I5": 0.4782608695652174,
    "I6": 0.3691275167785235,
    "IL1DL": 0.1716867469879518,
    "IL1DR": 0.2621359223300971,
    "IL1L": 0.23507462686567165,
    "IL1R": 0.21179039301310043,
    "IL1VL": 0.23118279569892472,
    "IL1VR": 0.20134228187919462,
    "IL2DL": 0.34210526315789475,
    "IL2DR": 0.35978835978835977,
    "IL2L": 0.3175287356321839,
    "IL2R": 0.2556237218813906,
    "IL2VL": 0.25396825396825395,
    "IL2VR": 0.29782608695652174,
    "LUAL": 0.2408906882591093,
    "LUAR": 0.36824324324324326,
    "M1": 0.3221024258760108,
    "M2L": 0.4419642857142857,
    "M2R": 0.4067982456140351,
    "M3L": 0.4046242774566474,
    "M3R": 0.4415322580645161,
    "M4": 0.48048780487804876,
    "M5": 0.44423791821561337,
    "MCL": 0.415929203539823,
    "MCR": 0.44649446494464945,
    "MI": 0.5227272727272727,
    "NSML": 0.10990654205607477,
    "NSMR": 0.11437066402378593,
    "OLLL": 0.2515625,
    "OLLR": 0.20677570093457945,
    "OLQDL": 0.2953125,
    "OLQDR": 0.23076923076923078,
    "OLQVL": 0.22027027027027027,
    "OLQVR": 0.20666666666666667,
    "PDA": 0.20394736842105263,
    "PDB": 0.25,
    "PDEL": 0.09712975292202988,
    "PDER": 0.10283808616347921,
    "PHAL": 0.24719101123595505,
    "PHAR": 0.23668639053254437,
    "PHBL": 0.3384615384615385,
    "PHBR": 0.29282868525896416,
    "PHCL": 0.3146417445482866,
    "PHCR": 0.4106280193236715,
    "PLML": 0.29838709677419356,
    "PLMR": 0.3806970509383378,
    "PLNL": 0.37037037037037035,
    "PLNR": 0.3181818181818182,
    "PQR": 0.25,
    "PVCL": 0.1611241217798595,
    "PVCR": 0.15965665236051502,
    "PVDL": 0.373015873015873,
    "PVDR": 0.3541666666666667,
    "PVM": 0.46774193548387094,
    "PVNL": 0.21212121212121213,
    "PVNR": 0.1967370441458733,
    "PVPL": 0.19210977701543738,
    "PVPR": 0.2,
    "PVQL": 0.27842227378190254,
    "PVQR": 0.23857302118171683,
    "PVR": 0.16402877697841728,
    "PVT": 0.2022367194780988,
    "PVWL": 0.28703703703703703,
    "PVWR": 0.45,
    "RIAL": 0.22094861660079052,
    "RIAR": 0.18996840442338073,
    "RIBL": 0.21602478972996902,
    "RIBR": 0.22809213820731097,
    "RICL": 0.1661991584852735,
    "RICR": 0.16046002190580505,
    "RID": 0.22355769230769232,
    "RIFL": 0.1828358208955224,
    "RIFR": 0.27631578947368424,
    "RIGL": 0.14396551724137932,
    "RIGR": 0.172859450726979,
    "RIH": 0.2399103139013453,
    "RIML": 0.10544931592039801,
    "RIMR": 0.09905917113754763,
    "RIPL": 0.14692982456140352,
    "RIPR": 0.10144927536231885,
    "RIR": 0.16618497109826588,
    "RIS": 0.2878323108384458,
    "RIVL": 0.3231292517006803,
    "RIVR": 0.24390243902439024,
    "RMDDL": 0.2922661870503597,
    "RMDDR": 0.21568627450980393,
    "RMDL": 0.2495755517826825,
    "RMDR": 0.28926282051282054,
    "RMDVL": 0.19420783645655879,
    "RMDVR": 0.21364653243847875,
    "RMED": 0.24378109452736318,
    "RMEL": 0.24900398406374502,
    "RMER": 0.23271889400921658,
    "RMEV": 0.1669195751138088,
    "RMFL": 0.27873563218390807,
    "RMFR": 0.4222222222222222,
    "RMGL": 0.10822510822510822,
    "RMGR": 0.1366822429906542,
    "RMHL": 0.304635761589404,
    "RMHR": 0.2682119205298013,
    "SAADL": 0.16019417475728157,
    "SAADR": 0.17880794701986755,
    "SAAVL": 0.16793893129770993,
    "SAAVR": 0.20114942528735633,
    "SABD": 0.35436893203883496,
    "SABVL": 0.39215686274509803,
    "SABVR": 0.4602272727272727,
    "SDQL": 0.2087378640776699,
    "SDQR": 0.21258503401360543,
    "SIADL": 0.4375,
    "SIADR": 0.5055555555555555,
    "SIAVL": 0.4,
    "SIAVR": 0.4117647058823529,
    "SIBDL": 0.5447761194029851,
    "SIBDR": 0.42857142857142855,
    "SIBVL": 0.34576271186440677,
    "SIBVR": 0.3370044052863436,
    "SMBDL": 0.12080536912751678,
    "SMBDR": 0.21359223300970873,
    "SMBVL": 0.078125,
    "SMBVR": 0.13636363636363635,
    "SMDDL": 0.2908805031446541,
    "SMDDR": 0.23638344226579522,
    "SMDVL": 0.24371069182389937,
    "SMDVR": 0.2888402625820569,
    "URADL": 0.2857142857142857,
    "URADR": 0.2222222222222222,
    "URAVL": 0.36666666666666664,