{
  "clustering_coefficients": {
    "ADAL": 0.17906976744186046,
    "ADAR": 0.19047619047619047,
    "ADEL": 0.09408403980833026,
    "ADER": 0.0957990263837971,
    "ADFL": 0.0731357552581262,
    "ADFR": 0.06472313898056473,
    "ADLL": 0.228538283062645,
    "ADLR": 0.2591240875912409,
    "AFDL": 0.3164251207729469,
    "AFDR": 0.2556818181818182,
    "AIAL": 0.23551829268292682,
    "AIAR": 0.25990853658536583,
    "AIBL": 0.18123100303951367,
    "AIBR": 0.17843631778058008,
    "AIML": 0.23958333333333334,
    "AIMR": 0.3017241379310345,
    "AINL": 0.22297297297297297,
    "AINR": 0.17424242424242425,
    "AIYL": 0.2956521739130435,
    "AIYR": 0.289544235924933,
    "AIZL": 0.2392086330935252,
    "AIZR": 0.2546628407460545,
    "ALA": 0.2714285714285714,
    "ALML": 0.2559912854030501,
    "ALMR": 0.3582089552238806,
    "ALNL": 0.2947019867549669,
    "ALNR": 0.2647058823529412,
    "AQR": 0.2851758793969849,
    "AS1": 0.36764705882352944,
    "AS10": 0.461864406779661,
    "AS11": 0.33727810650887574,
    "AS2": 0.2819548872180451,
    "AS3": 0.35446685878962536,
    "AS4": 0.3881578947368421,
    "AS5": 0.376,
    "AS6": 0.43559322033898307,
    "AS7": 0.4543010752688172,
    "AS8": 0.5,
    "AS9": 0.3333333333333333,
    "ASEL": 0.28328173374613,
    "ASER": 0.27479892761394104,
    "ASGL": 0.31203007518796994,
    "ASGR": 0.34299516908212563,
    "ASHL": 0.26360544217687076,
    "ASHR": 0.23480243161094225,
    "ASIL": 0.34574468085106386,
    "ASIR": 0.37740384615384615,
    "ASJL": 0.40384615384615385,
    "ASJR": 0.4,
    "ASKL": 0.28761061946902655,
    "ASKR": 0.26222222222222225,
    "AUAL": 0.2426470588235294,
    "AUAR": 0.24063400576368876,
    "AVAL": 0.09516292704927275,
    "AVAR": 0.11540120793787748,
    "AVBL": 0.11724645683784281,
    "AVBR": 0.132047006511037,
    "AVDL": 0.17412746585735964,
    "AVDR": 0.14858611825192802,
    "AVEL": 0.160828025477707,
    "AVER": 0.16546762589928057,
    "AVFL": 0.30135823429541597,
    "AVFR": 0.2918918918918919,
    "AVG": 0.20404984423676012,
    "AVHL": 0.20833333333333334,
    "AVHR": 0.18983957219251338,
    "AVJL": 0.25156669650850494,
    "AVJR": 0.2519280205655527,
    "AVKL": 0.19352465047829287,
    "AVKR": 0.23049001814882034,
    "AVL": 0.18903225806451612,
    "AVM": 0.23882113821138212,
    "AWAL": 0.19047619047619047,
    "AWAR": 0.20270270270270271,
    "AWBL": 0.25675675675675674,
    "AWBR": 0.22884012539184953,
    "AWCL": 0.3624161073825503,
    "AWCR": 0.3926174496644295,
    "BAGL": 0.31736526946107785,
    "BAGR": 0.2516778523489933,
    "BDUL": 0.24064171122994651,
    "BDUR": 0.2731707317073171,
    "CANL": 0.5681818181818182,
    "CANR": 0.5378787878787878,
    "CEPDL": 0.09551997847437105,
    "CEPDR": 0.0834204110066179,
    "CEPVL": 0.09903852853062077,
    "CEPVR": 0.093168358714044,
    "DA1": 0.34317343173431736,
    "DA2": 0.2914847161572052,
    "DA3": 0.29595015576323985,
    "DA4": 0.32222222222222224,
    "DA5": 0.3625,
    "DA6": 0.39095744680851063,
    "DA7": 0.3522727272727273,
    "DA8": 0.2692307692307692,
    "DA9": 0.2580213903743315,
    "DB1": 0.29039634146341464,
    "DB2": 0.2977941176470588,
    "DB3": 0.2864406779661017,
    "DB4": 0.32284382284382285,
    "DB5": 0.4791666666666667,
    "DB6": 0.45454545454545453,
    "DB7": 0.3813559322033898,
    "DD1": 0.2764945652173913,
    "DD2": 0.22800718132854578,
    "DD3": 0.23107569721115537,
    "DD4": 0.2753623188405797,
    "DD5": 0.3805970149253731,
    "DD6": 0.3713450292397661,
    "DVA": 0.17254297047157338,
    "DVB": 0.1206896551724138,
    "DVC": 0.23027444253859347,
    "FLPL": 0.35983827493261455,
    "FLPR": 0.34121621621621623,
    "HSNL": 0.12271251475796931,
    "HSNR": 0.11741504854368932,
    "I1L": 0.31768558951965065,
    "I1R": 0.3293515358361775,
    "I2L": 0.43859649122807015,
    "I2R": 0.48,
    "I3": 0.43356643356643354,
    "I4": 0.4209558823529412,
    "I5": 0.5130434782608696,
    "I6": 0.45374449339207046,
    "IL1DL": 0.22787610619469026,
    "IL1DR": 0.25919117647058826,
    "IL1L": 0.24468085106382978,
    "IL1R": 0.19946808510638298,
    "IL1VL": 0.20134228187919462,
    "IL1VR": 0.23092369477911648,
    "IL2DL": 0.2904761904761905,
    "IL2DR": 0.28095238095238095,
    "IL2L": 0.298,
    "IL2R": 0.24842767295597484,
    "IL2VL": 0.3065217391304348,
    "IL2VR": 0.29347826086956524,
    "LUAL": 0.25862068965517243,
    "LUAR": 0.41304347826086957,
    "M1": 0.3397312859884837,
    "M2L": 0.4056603773584906,
    "M2R": 0.43128654970760233,
    "M3L": 0.4523121387283237,
    "M3R": 0.4390625,
    "M4": 0.5378378378378378,
    "M5": 0.453125,
    "MCL": 0.42052023121387283,
    "MCR": 0.44389027431421446,
    "MI": 0.5227272727272727,
    "NSML": 0.13822894168466524,
    "NSMR": 0.11433969053616409,
    "OLLL": 0.2671875,
    "OLLR": 0.2044392523364486,
    "OLQDL": 0.2319277108433735,
    "OLQDR": 0.2653061224489796,
    "OLQVL": 0.23186119873817035,
    "OLQVR": 0.24666666666666667,
    "PDA": 0.35096153846153844,
    "PDB": 0.25,
    "PDEL": 0.08796885528187467,
    "PDER": 0.10068177122787687,
    "PHAL": 0.2303370786516854,
    "PHAR": 0.1875,
    "PHBL": 0.3153846153846154,
    "PHBR": 0.25443786982248523,
    "PHCL": 0.28187919463087246,
    "PHCR": 0.25892857142857145,
    "PLML": 0.39932885906040266,
    "PLMR": 0.35730858468677495,
    "PLNL": 0.2777777777777778,
    "PLNR": 0.35,
    "PQR": 0.2469879518072289,
    "PVCL": 0.16583371194911403,
    "PVCR": 0.16215089620675283,
    "PVDL": 0.31666666666666665,
    "PVDR": 0.4625,
    "PVM": 0.46774193548387094,
    "PVNL": 0.21212121212121213,
    "PVNR": 0.20057581573896352,
    "PVPL": 0.19210977701543738,
    "PVPR": 0.19487179487179487,
    "PVQL": 0.2737752161383285,
    "PVQR": 0.21705426356589147,
    "PVR": 0.17050359712230215,
    "PVT": 0.21843177189409368,
    "PVWL": 0.28703703703703703,
    "PVWR": 0.45,
    "RIAL": 0.20847039473684212,
    "RIAR": 0.20392953929539295,
    "RIBL": 0.20274457724656927,
    "RIBR": 0.2215615305067218,
    "RICL": 0.16307908282639214,
    "RICR": 0.1299005266237566,
    "RID": 0.19081632653061226,
    "RIFL": 0.1828358208955224,
    "RIFR": 0.27850877192982454,
    "RIGL": 0.1478448275862069,
    "RIGR": 0.17124394184168013,
    "RIH": 0.23710762331838564,
    "RIML": 0.0933276668083298,
    "RIMR": 0.09056967866431748,
    "RIPL": 0.13815789473684212,
    "RIPR": 0.10628019323671498,
    "RIR": 0.17052023121387283,
    "RIS": 0.27997858672376874,
    "RIVL": 0.3333333333333333,
    "RIVR": 0.24878048780487805,
    "RMDDL": 0.284,
    "RMDDR": 0.24504504504504504,
    "RMDL": 0.2708333333333333,
    "RMDR": 0.27546628407460544,
    "RMDVL": 0.23093525179856114,
    "RMDVR": 0.19808743169398907,
    "RMED": 0.17269076305220885,
    "RMEL": 0.2724458204334365,
    "RMER": 0.2,
    "RMEV": 0.18459069020866772,
    "RMFL": 0.27873563218390807,
    "RMFR": 0.4411764705882353,
    "RMGL": 0.11688311688311688,
    "RMGR": 0.12967289719626168,
    "RMHL": 0.32450331125827814,
    "RMHR": 0.2330508474576271,
    "SAADL": 0.16019417475728157,
    "SAADR": 0.18543046357615894,
    "SAAVL": 0.183206106870229,
    "SAAVR": 0.20114942528735633,
    "SABD": 0.32599118942731276,
    "SABVL": 0.3961352657004831,
    "SABVR": 0.4666666666666667,
    "SDQL": 0.19902912621359223,
    "SDQR": 0.2222222222222222,
    "SIADL": 0.4222222222222222,
    "SIADR": 0.4537037037037037,
    "SIAVL": 0.35096153846153844,
    "SIAVR": 0.28888888888888886,
    "SIBDL": 0.39622641509433965,
    "SIBDR": 0.35561497326203206,
    "SIBVL": 0.3108108108108108,
    "SIBVR": 0.3172043010752688,
    "SMBDL": 0.12080536912751678,
    "SMBDR": 0.21844660194174756,
    "SMBVL": 0.0859375,
    "SMBVR": 0.14204545454545456,
    "SMDDL": 0.29514824797843664,
    "SMDDR": 0.26436781609195403,
    "SMDVL": 0.2587601078167116,
    "SMDVR": 0.2568493150684932,
    "URADL": 0.2619047619047619,
    "URADR": 0.19444444444444445,
    "URAVL": 0.36666666666666664,
    "URAVR": 0.21428571428571427,