{
  "clustering_coefficients": {
    "ADAL": 0.19534883720930232,
    "ADAR": 0.19924812030075187,
    "ADEL": 0.10588062334607469,
    "ADER": 0.09302703405250845,
    "ADFL": 0.08185946462715105,
    "ADFR": 0.06728971962616823,
    "ADLL": 0.24018126888217523,
    "ADLR": 0.22988505747126436,
    "AFDL": 0.2980769230769231,
    "AFDR": 0.31,
    "AIAL": 0.21819425444596444,
    "AIAR": 0.2763337893296854,
    "AIBL": 0.18873239436619718,
    "AIBR": 0.19388398486759142,
    "AIML": 0.23200992555831265,
    "AIMR": 0.3089080459770115,
    "AINL": 0.25,
    "AINR": 0.17424242424242425,
    "AIYL": 0.32040816326530613,
    "AIYR": 0.3092485549132948,
    "AIZL": 0.2456,
    "AIZR": 0.27755102040816326,
    "ALA": 0.2714285714285714,
    "ALML": 0.21236559139784947,
    "ALMR": 0.37583892617449666,
    "ALNL": 0.23786407766990292,
    "ALNR": 0.2692307692307692,
    "AQR": 0.2851758793969849,
    "AS1": 0.3400735294117647,
    "AS10": 0.4606741573033708,
    "AS11": 0.3448905109489051,
    "AS2": 0.3155080213903743,
    "AS3": 0.3689839572192513,
    "AS4": 0.3827751196172249,
    "AS5": 0.3433333333333333,
    "AS6": 0.4040590405904059,
    "AS7": 0.4189189189189189,
    "AS8": 0.38372093023255816,
    "AS9": 0.29545454545454547,
    "ASEL": 0.30495356037151705,
    "ASER": 0.265625,
    "ASGL": 0.32608695652173914,
    "ASGR": 0.3601190476190476,
    "ASHL": 0.27733118971061094,
    "ASHR": 0.2446043165467626,
    "ASIL": 0.35336538461538464,
    "ASIR": 0.4044943820224719,
    "ASJL": 0.36538461538461536,
    "ASJR": 0.375,
    "ASKL": 0.2831858407079646,
    "ASKR": 0.2644444444444444,
    "AUAL": 0.24080882352941177,
    "AUAR": 0.22459893048128343,
    "AVAL": 0.09510655090765588,
    "AVAR": 0.11475409836065574,
    "AVBL": 0.11155939200600488,
    "AVBR": 0.12167008196721311,
    "AVDL": 0.17412746585735964,
    "AVDR": 0.1480719794344473,
    "AVEL": 0.1658704883227176,
    "AVER": 0.16341212744090441,
    "AVFL": 0.28316326530612246,
    "AVFR": 0.27928692699490665,
    "AVG": 0.20404984423676012,
    "AVHL": 0.20112179487179488,
    "AVHR": 0.19518716577540107,
    "AVJL": 0.2616822429906542,
    "AVJR": 0.2564276048714479,
    "AVKL": 0.19426048565121412,
    "AVKR": 0.2323049001814882,
    "AVL": 0.18206521739130435,
    "AVM": 0.2179144385026738,
    "AWAL": 0.19047619047619047,
    "AWAR": 0.20540540540540542,
    "AWBL": 0.24579124579124578,
    "AWBR": 0.24193548387096775,
    "AWCL": 0.38979118329466356,
    "AWCR": 0.3915441176470588,
    "BAGL": 0.3161764705882353,
    "BAGR": 0.2878787878787879,
    "BDUL": 0.18333333333333332,
    "BDUR": 0.2896253602305475,
    "CANL": 0.5555555555555556,
    "CANR": 0.6333333333333333,
    "CEPDL": 0.08853240152477763,
    "CEPDR": 0.08085564375084084,
    "CEPVL": 0.09576395178708284,
    "CEPVR": 0.08816603875134553,
    "DA1": 0.3184782608695652,
    "DA2": 0.3176895306859206,
    "DA3": 0.31556195965417866,
    "DA4": 0.331002331002331,
    "DA5": 0.3389830508474576,
    "DA6": 0.4101123595505618,
    "DA7": 0.48148148148148145,
    "DA8": 0.3102189781021898,
    "DA9": 0.31556195965417866,
    "DB1": 0.2652439024390244,
    "DB2": 0.3283582089552239,
    "DB3": 0.27437858508604207,
    "DB4": 0.29931972789115646,
    "DB5": 0.43333333333333335,
    "DB6": 0.436,
    "DB7": 0.4139072847682119,
    "DD1": 0.2793696275071633,
    "DD2": 0.24201277955271566,
    "DD3": 0.27829099307159355,
    "DD4": 0.3148148148148148,
    "DD5": 0.41124260355029585,
    "DD6": 0.39210526315789473,
    "DVA": 0.18396607431340872,
    "DVB": 0.1206896551724138,
    "DVC": 0.20987654320987653,
    "FLPL": 0.3537117903930131,
    "FLPR": 0.3644278606965174,
    "HSNL": 0.10758559622195986,
    "HSNR": 0.10231385729058945,
    "I1L": 0.32786885245901637,
    "I1R": 0.34593023255813954,
    "I2L": 0.4209558823529412,
    "I2R": 0.4336283185840708,
    "I3": 0.40482573726541554,
    "I4": 0.441747572815534,
    "I5": 0.48695652173913045,
    "I6": 0.5060240963855421,
    "IL1DL": 0.14864864864864866,
    "IL1DR": 0.1810344827586207,
    "IL1L": 0.2988165680473373,
    "IL1R": 0.24785100286532952,
    "IL1VL": 0.2775330396475771,
    "IL1VR": 0.2125748502994012,
    "IL2DL": 0.20952380952380953,
    "IL2DR": 0.3142857142857143,
    "IL2L": 0.33620689655172414,
    "IL2R": 0.2740286298568507,
    "IL2VL": 0.3456521739130435,
    "IL2VR": 0.2799043062200957,
    "LUAL": 0.2554347826086957,
    "LUAR": 0.3463414634146341,
    "M1": 0.34097035040431267,
    "M2L": 0.44308943089430897,
    "M2R": 0.4619883040935672,
    "M3L": 0.4139650872817955,
    "M3R": 0.4372093023255814,
    "M4": 0.5262096774193549,
    "M5": 0.4451219512195122,
    "MCL": 0.43728813559322033,
    "MCR": 0.46975806451612906,
    "MI": 0.5227272727272727,
    "NSML": 0.14513618677042803,
    "NSMR": 0.12293729372937294,
    "OLLL": 0.21694915254237288,
    "OLLR": 0.16442048517520216,
    "OLQDL": 0.21686746987951808,
    "OLQDR": 0.21258503401360543,
    "OLQVL": 0.2418918918918919,
    "OLQVR": 0.22874493927125505,
    "PDA": 0.4014423076923077,
    "PDB": 0.25,
    "PDEL": 0.08870378488966828,
    "PDER": 0.09834645100729295,
    "PHAL": 0.2565789473684211,
    "PHAR": 0.17475728155339806,
    "PHBL": 0.4074074074074074,
    "PHBR": 0.2966101694915254,
    "PHCL": 0.31433823529411764,
    "PHCR": 0.3864734299516908,
    "PLML": 0.2403846153846154,
    "PLMR": 0.39544235924932974,
    "PLNL": 0.175,
    "PLNR": 0.33636363636363636,
    "PQR": 0.2422907488986784,
    "PVCL": 0.15971896955503512,
    "PVCR": 0.16811023622047244,
    "PVDL": 0.40476190476190477,
    "PVDR": 0.44166666666666665,
    "PVM": 0.46774193548387094,
    "PVNL": 0.21212121212121213,
    "PVNR": 0.20249520153550865,
    "PVPL": 0.19210977701543738,
    "PVPR": 0.19487179487179487,
    "PVQL": 0.24945770065075923,
    "PVQR": 0.21428571428571427,
    "PVR": 0.16330935251798562,
    "PVT": 0.203125,
    "PVWL": 0.28703703703703703,
    "PVWR": 0.45,
    "RIAL": 0.21669407894736842,
    "RIAR": 0.2140921409214092,
    "RIBL": 0.20252324037184594,
    "RIBR": 0.21273557966876072,
    "RICL": 0.1850984067478913,
    "RICR": 0.1355214399152991,
    "RID": 0.20118845500848898,
    "RIFL": 0.19029850746268656,
    "RIFR": 0.2807017543859649,
    "RIGL": 0.14612068965517241,
    "RIGR": 0.16639741518578352,
    "RIH": 0.23766816143497757,
    "RIML": 0.1083987569512594,
    "RIMR": 0.10148838730781812,
    "RIPL": 0.14473684210526316,
    "RIPR": 0.09903381642512077,
    "RIR": 0.17485549132947978,
    "RIS": 0.2686414708886619,
    "RIVL": 0.3129251700680272,
    "RIVR": 0.24878048780487805,
    "RMDDL": 0.3016,
    "RMDDR": 0.2193486590038314,
    "RMDL": 0.2692307692307692,
    "RMDR": 0.28869778869778867,
    "RMDVL": 0.2342419080068143,
    "RMDVR": 0.21308724832214765,
    "RMED": 0.20388349514563106,
    "RMEL": 0.2427007299270073,
    "RMER": 0.1890909090909091,
    "RMEV": 0.16051364365971107,
    "RMFL": 0.26556776556776557,
    "RMFR": 0.39444444444444443,
    "RMGL": 0.11327561327561328,
    "RMGR": 0.12733644859813084,
    "RMHL": 0.29605263157894735,
    "RMHR": 0.2692307692307692,
    "SAADL": 0.1553398058252427,
    "SAADR": 0.20860927152317882,
    "SAAVL": 0.19083969465648856,
    "SAAVR": 0.22413793103448276,
    "SABD": 0.3446601941747573,
    "SABVL": 0.4166666666666667,
    "SABVR": 0.5133333333333333,
    "SDQL": 0.16292134831460675,
    "SDQR": 0.20666666666666667,
    "SIADL": 0.3949579831932773,
    "SIADR": 0.49444444444444446,
    "SIAVL": 0.3269230769230769,
    "SIAVR": 0.24025974025974026,
    "SIBDL": 0.515625,
    "SIBDR": 0.37719298245614036,
    "SIBVL": 0.30996309963099633,
    "SIBVR": 0.3370044052863436,
    "SMBDL": 0.12080536912751678,
    "SMBDR": 0.21359223300970873,
    "SMBVL": 0.078125,
    "SMBVR": 0.13636363636363635,
    "SMDDL": 0.3125,
    "SMDDR": 0.2672413793103448,
    "SMDVL": 0.2398921832884097,
    "SMDVR": 0.26119402985074625,
    "URADL": 0.21428571428571427,
    "URADR": 0.2222222222222222,
    "URAVL": 0.36666666666666664,