{
  "clustering_coefficients": {
    "ADAL": 0.1883720930232558,
    "ADAR": 0.20300751879699247,
    "ADEL": 0.0855036855036855,
    "ADER": 0.07993163741536843,
    "ADFL": 0.0760091977516607,
    "ADFR": 0.06109416698436904,
    "ADLL": 0.24695121951219512,
    "ADLR": 0.29656160458452724,
    "AFDL": 0.32142857142857145,
    "AFDR": 0.2556390977443609,
    "AIAL": 0.24242424242424243,
    "AIAR": 0.25228658536585363,
    "AIBL": 0.17114624505928855,
    "AIBR": 0.17423728813559322,
    "AIML": 0.244,
    "AIMR": 0.24358974358974358,
    "AINL": 0.19594594594594594,
    "AINR": 0.17424242424242425,
    "AIYL": 0.2785714285714286,
    "AIYR": 0.3403990024937656,
    "AIZL": 0.2571059431524548,
    "AIZR": 0.25833333333333336,
    "ALA": 0.22857142857142856,
    "ALML": 0.1992619926199262,
    "ALMR": 0.3601190476190476,
    "ALNL": 0.16853932584269662,
    "ALNR": 0.29605263157894735,
    "AQR": 0.2851758793969849,
    "AS1": 0.35661764705882354,
    "AS10": 0.48314606741573035,
    "AS11": 0.3125,
    "AS2": 0.32,
    "AS3": 0.367601246105919,
    "AS4": 0.38095238095238093,
    "AS5": 0.3602693602693603,
    "AS6": 0.3837638376383764,
    "AS7": 0.45145631067961167,
    "AS8": 0.4605263157894737,
    "AS9": 0.3273809523809524,
    "ASEL": 0.27915632754342434,
    "ASER": 0.2709302325581395,
    "ASGL": 0.33,
    "ASGR": 0.3530701754385965,
    "ASHL": 0.27617328519855594,
    "ASHR": 0.25129533678756477,
    "ASIL": 0.3156934306569343,
    "ASIR": 0.3640776699029126,
    "ASJL": 0.36538461538461536,
    "ASJR": 0.4,
    "ASKL": 0.27556109725685785,
    "ASKR": 0.3,
    "AUAL": 0.22426470588235295,
    "AUAR": 0.23310810810810811,
    "AVAL": 0.09555756004059082,
    "AVAR": 0.1182053494391717,
    "AVBL": 0.1254564423578508,
    "AVBR": 0.11369171885873347,
    "AVDL": 0.17412746585735964,
    "AVDR": 0.15295629820051415,
    "AVEL": 0.16374734607218683,
    "AVER": 0.16752312435765673,
    "AVFL": 0.2786103542234332,
    "AVFR": 0.2733812949640288,
    "AVG": 0.20404984423676012,
    "AVHL": 0.20881226053639848,
    "AVHR": 0.1925133689839572,
    "AVJL": 0.2610759493670886,
    "AVJR": 0.2589974293059126,
    "AVKL": 0.2041942604856512,
    "AVKR": 0.23593466424682397,
    "AVL": 0.1608,
    "AVM": 0.25190839694656486,
    "AWAL": 0.19047619047619047,
    "AWAR": 0.20270270270270271,
    "AWBL": 0.24662162162162163,
    "AWBR": 0.23,
    "AWCL": 0.3325242718446602,
    "AWCR": 0.3652694610778443,
    "BAGL": 0.344311377245509,
    "BAGR": 0.2986577181208054,
    "BDUL": 0.25668449197860965,
    "BDUR": 0.286144578313253,
    "CANL": 0.5545454545454546,
    "CANR": 0.5952380952380952,
    "CEPDL": 0.09127062380858476,
    "CEPDR": 0.0829533855052739,
    "CEPVL": 0.09026043524794862,
    "CEPVR": 0.09567760805979851,
    "DA1": 0.3106936416184971,
    "DA2": 0.29846938775510207,
    "DA3": 0.34701492537313433,
    "DA4": 0.3521739130434783,
    "DA5": 0.34375,
    "DA6": 0.363905325443787,
    "DA7": 0.36538461538461536,
    "DA8": 0.3083941605839416,
    "DA9": 0.2967914438502674,
    "DB1": 0.26497277676951,
    "DB2": 0.3155080213903743,
    "DB3": 0.28107074569789675,
    "DB4": 0.3146853146853147,
    "DB5": 0.5233333333333333,
    "DB6": 0.43333333333333335,
    "DB7": 0.45364238410596025,
    "DD1": 0.2347457627118644,
    "DD2": 0.24196277495769883,
    "DD3": 0.27251732101616627,
    "DD4": 0.31283422459893045,
    "DD5": 0.4576271186440678,
    "DD6": 0.2977941176470588,
    "DVA": 0.17946388005452069,
    "DVB": 0.1206896551724138,
    "DVC": 0.21173469387755103,
    "FLPL": 0.330188679245283,
    "FLPR": 0.31206496519721577,
    "HSNL": 0.09561075195644778,
    "HSNR": 0.09679537693722091,
    "I1L": 0.29918032786885246,
    "I1R": 0.30096153846153845,
    "I2L": 0.45209580838323354,
    "I2R": 0.3737864077669903,
    "I3": 0.4109375,
    "I4": 0.44642857142857145,
    "I5": 0.508695652173913,
    "I6": 0.42961165048543687,
    "IL1DL": 0.2013274336283186,
    "IL1DR": 0.26174496644295303,
    "IL1L": 0.2584745762711864,
    "IL1R": 0.1892430278884462,
    "IL1VL": 0.2469879518072289,
    "IL1VR": 0.2155688622754491,
    "IL2DL": 0.3014705882352941,
    "IL2DR": 0.34558823529411764,
    "IL2L": 0.286,
    "IL2R": 0.21428571428571427,
    "IL2VL": 0.21428571428571427,
    "IL2VR": 0.3130434782608696,
    "LUAL": 0.2537037037037037,
    "LUAR": 0.34594594594594597,
    "M1": 0.32205513784461154,
    "M2L": 0.43308550185873607,
    "M2R": 0.41435768261964734,
    "M3L": 0.45254237288135596,
    "M3R": 0.4291907514450867,
    "M4": 0.48451327433628316,
    "M5": 0.41352201257861637,
    "MCL": 0.4314159292035398,
    "MCR": 0.43726937269372695,
    "MI": 0.5227272727272727,
    "NSML": 0.11220209723546234,
    "NSMR": 0.1062402799377916,
    "OLLL": 0.24067796610169492,
    "OLLR": 0.19924812030075187,
    "OLQDL": 0.22432432432432434,
    "OLQDR": 0.23809523809523808,
    "OLQVL": 0.25526932084309134,
    "OLQVR": 0.2351851851851852,
    "PDA": 0.2808988764044944,
    "PDB": 0.25,
    "PDEL": 0.09031065088757396,
    "PDER": 0.09660538456241824,
    "PHAL": 0.2574626865671642,
    "PHAR": 0.17415730337078653,
    "PHBL": 0.35555555555555557,
    "PHBR": 0.2835820895522388,
    "PHCL": 0.32866043613707163,
    "PHCR": 0.39880952380952384,
    "PLML": 0.2866666666666667,
    "PLMR": 0.39661016949152544,
    "PLNL": 0.3388888888888889,
    "PLNR": 0.3875,
    "PQR": 0.25506756756756754,
    "PVCL": 0.1629976580796253,
    "PVCR": 0.16927374301675976,
    "PVDL": 0.4176470588235294,
    "PVDR": 0.4673202614379085,
    "PVM": 0.45161290322580644,
    "PVNL": 0.21212121212121213,
    "PVNR": 0.20633397312859886,
    "PVPL": 0.19210977701543738,
    "PVPR": 0.20170940170940171,
    "PVQL": 0.26898047722342733,
    "PVQR": 0.21052631578947367,
    "PVR": 0.16618705035971224,
    "PVT": 0.1975560081466395,
    "PVWL": 0.28703703703703703,
    "PVWR": 0.45,
    "RIAL": 0.20592885375494072,
    "RIAR": 0.19893697798025817,
    "RIBL": 0.19320255474452555,
    "RIBR": 0.21369409166206516,
    "RICL": 0.17663178873941207,
    "RICR": 0.1565148305084746,
    "RID": 0.18571428571428572,
    "RIFL": 0.17164179104477612,
    "RIFR": 0.2916666666666667,
    "RIGL": 0.14310344827586208,
    "RIGR": 0.16882067851373184,
    "RIH": 0.226457399103139,
    "RIML": 0.09421213666496685,
    "RIMR": 0.11145239139973673,
    "RIPL": 0.14912280701754385,
    "RIPR": 0.09903381642512077,
    "RIR": 0.16329479768786126,
    "RIS": 0.25664621676891614,
    "RIVL": 0.3299319727891156,
    "RIVR": 0.24390243902439024,
    "RMDDL": 0.2709302325581395,
    "RMDDR": 0.22727272727272727,
    "RMDL": 0.2765765765765766,
    "RMDR": 0.2765151515151515,
    "RMDVL": 0.2291950886766712,
    "RMDVR": 0.19297163995067818,
    "RMED": 0.1941747572815534,
    "RMEL": 0.2549800796812749,
    "RMER": 0.24,
    "RMEV": 0.19650986342943855,
    "RMFL": 0.27,
    "RMFR": 0.42592592592592593,
    "RMGL": 0.10966810966810966,
    "RMGR": 0.12967289719626168,
    "RMHL": 0.3300970873786408,
    "RMHR": 0.29086538461538464,
    "SAADL": 0.16019417475728157,
    "SAADR": 0.2185430463576159,
    "SAAVL": 0.20610687022900764,
    "SAAVR": 0.2471264367816092,
    "SABD": 0.32169117647058826,
    "SABVL": 0.3815789473684211,
    "SABVR": 0.4068627450980392,
    "SDQL": 0.20388349514563106,
    "SDQR": 0.18137254901960784,
    "SIADL": 0.44155844155844154,
    "SIADR": 0.453781512605042,
    "SIAVL": 0.3,
    "SIAVR": 0.24789915966386555,
    "SIBDL": 0.37735849056603776,
    "SIBDR": 0.3355263157894737,
    "SIBVL": 0.2891566265060241,
    "SIBVR": 0.3493975903614458,
    "SMBDL": 0.12416107382550336,
    "SMBDR": 0.18446601941747573,
    "SMBVL": 0.0859375,
    "SMBVR": 0.14204545454545456,
    "SMDDL": 0.27672955974842767,
    "SMDDR": 0.2595785440613027,
    "SMDVL": 0.26308139534883723,
    "SMDVR": 0.2854889589905363,
    "URADL": 0.2857142857142857,
    "URADR": 0.2222222222222222,
    "URAVL": 0.3333333333333333,
    "URAVR": 0.2619047619047619,
    "URBL": 0.1715686274509804,