{
  "clustering_coefficients": {
    "ADAL": 0.17906976744186046,
    "ADAR": 0.17794486215538846,
    "ADEL": 0.08286240786240787,
    "ADER": 0.09996995192307692,
    "ADFL": 0.07392607392607392,
    "ADFR": 0.04202401372212693,
    "ADLL": 0.20989304812834225,
    "ADLR": 0.2410358565737052,
    "AFDL": 0.27666666666666667,
    "AFDR": 0.24436090225563908,
    "AIAL": 0.2481962481962482,
    "AIAR": 0.2564102564102564,
    "AIBL": 0.1782608695652174,
    "AIBR": 0.1804416403785489,
    "AIML": 0.26267748478701824,
    "AIMR": 0.22707423580786026,
    "AINL": 0.20945945945945946,
    "AINR": 0.17424242424242425,
    "AIYL": 0.2802325581395349,
    "AIYR": 0.31630434782608696,
    "AIZL": 0.2617246596066566,
    "AIZR": 0.2735483870967742,
    "ALA": 0.22857142857142856,
    "ALML": 0.28649237472766886,
    "ALMR": 0.4431137724550898,
    "ALNL": 0.25,
    "ALNR": 0.2852941176470588,
    "AQR": 0.2851758793969849,
    "AS1": 0.3161764705882353,
    "AS10": 0.3870192307692308,
    "AS11": 0.24719101123595505,
    "AS2": 0.3399122807017544,
    "AS3": 0.3862928348909657,
    "AS4": 0.34130434782608693,
    "AS5": 0.3367003367003367,
    "AS6": 0.37084870848708484,
    "AS7": 0.3724832214765101,
    "AS8": 0.44339622641509435,
    "AS9": 0.2777777777777778,
    "ASEL": 0.2566489361702128,
    "ASER": 0.27608695652173915,
    "ASGL": 0.32887700534759357,
    "ASGR": 0.3793859649122807,
    "ASHL": 0.25806451612903225,
    "ASHR": 0.25880281690140844,
    "ASIL": 0.3701923076923077,
    "ASIR": 0.4077669902912621,
    "ASJL": 0.38461538461538464,
    "ASJR": 0.425,
    "ASKL": 0.3186046511627907,
    "ASKR": 0.32526881720430106,
    "AUAL": 0.2533783783783784,
    "AUAR": 0.23796791443850268,
    "AVAL": 0.09538843161574022,
    "AVAR": 0.11567083692838653,
    "AVBL": 0.11465565772189905,
    "AVBR": 0.11799863387978142,
    "AVDL": 0.17412746585735964,
    "AVDR": 0.14961439588688946,
    "AVEL": 0.1664012738853503,
    "AVER": 0.1698355601233299,
    "AVFL": 0.27927927927927926,
    "AVFR": 0.27211796246648795,
    "AVG": 0.20404984423676012,
    "AVHL": 0.20465489566613163,
    "AVHR": 0.18797709923664122,
    "AVJL": 0.2515021459227468,
    "AVJR": 0.2413984461709212,
    "AVKL": 0.1916850625459897,
    "AVKR": 0.2277676950998185,
    "AVL": 0.18774193548387097,
    "AVM": 0.24069478908188585,
    "AWAL": 0.19047619047619047,
    "AWAR": 0.2,
    "AWBL": 0.2565789473684211,
    "AWBR": 0.24242424242424243,
    "AWCL": 0.3467741935483871,
    "AWCR": 0.35570469798657717,
    "BAGL": 0.3126801152737752,
    "BAGR": 0.28523489932885904,
    "BDUL": 0.19607843137254902,
    "BDUR": 0.3092369477911647,
    "CANL": 0.6333333333333333,
    "CANR": 0.6222222222222222,
    "CEPDL": 0.09105088711249756,
    "CEPDR": 0.08895964650074728,
    "CEPVL": 0.1053030303030303,
    "CEPVR": 0.08519562918575961,
    "DA1": 0.3179551122194514,
    "DA2": 0.30710172744721687,
    "DA3": 0.32242990654205606,
    "DA4": 0.3103448275862069,
    "DA5": 0.33125,
    "DA6": 0.34023668639053256,
    "DA7": 0.5092592592592593,
    "DA8": 0.31971153846153844,
    "DA9": 0.3034825870646766,
    "DB1": 0.30663780663780665,
    "DB2": 0.3524945770065076,
    "DB3": 0.28327338129496404,
    "DB4": 0.335423197492163,
    "DB5": 0.40641711229946526,
    "DB6": 0.41333333333333333,
    "DB7": 0.398876404494382,
    "DD1": 0.265625,
    "DD2": 0.23577235772357724,
    "DD3": 0.261968085106383,
    "DD4": 0.31283422459893045,
    "DD5": 0.4025423728813559,
    "DD6": 0.39210526315789473,
    "DVA": 0.17325158946412353,
    "DVB": 0.1206896551724138,
    "DVC": 0.2127659574468085,
    "FLPL": 0.33709273182957394,
    "FLPR": 0.3462566844919786,
    "HSNL": 0.12105426838749805,
    "HSNR": 0.10851631687492418,
    "I1L": 0.3193018480492813,
    "I1R": 0.32532751091703055,
    "I2L": 0.4082125603864734,
    "I2R": 0.4215686274509804,
    "I3": 0.4174454828660436,
    "I4": 0.4251497005988024,
    "I5": 0.5,
    "I6": 0.41935483870967744,
    "IL1DL": 0.1566265060240964,
    "IL1DR": 0.1939655172413793,
    "IL1L": 0.2473404255319149,
    "IL1R": 0.21179039301310043,
    "IL1VL": 0.2159090909090909,
    "IL1VR": 0.24816176470588236,
    "IL2DL": 0.3137254901960784,
    "IL2DR": 0.3605769230769231,
    "IL2L": 0.23671497584541062,
    "IL2R": 0.22267206477732793,
    "IL2VL": 0.2963636363636364,
    "IL2VR": 0.28695652173913044,
    "LUAL": 0.2728494623655914,
    "LUAR": 0.375609756097561,
    "M1": 0.34355828220858897,
    "M2L": 0.38596491228070173,
    "M2R": 0.43829113924050633,
    "M3L": 0.39526184538653364,
    "M3R": 0.41823056300268097,
    "M4": 0.4783783783783784,
    "M5": 0.3856655290102389,
    "MCL": 0.4092741935483871,
    "MCR": 0.5073170731707317,
    "MI": 0.5227272727272727,
    "NSML": 0.11749859786876052,
    "NSMR": 0.12385492615442138,
    "OLLL": 0.23247232472324722,
    "OLLR": 0.18691588785046728,
    "OLQDL": 0.24878048780487805,
    "OLQDR": 0.2553763440860215,
    "OLQVL": 0.2191780821917808,
    "OLQVR": 0.22672064777327935,
    "PDA": 0.27483443708609273,
    "PDB": 0.25,
    "PDEL": 0.09042674145380125,
    "PDER": 0.09140659665729922,
    "PHAL": 0.21610169491525424,
    "PHAR": 0.19662921348314608,
    "PHBL": 0.28888888888888886,
    "PHBR": 0.291044776119403,
    "PHCL": 0.35294117647058826,
    "PHCR": 0.42513368983957217,
    "PLML": 0.2619047619047619,
    "PLMR": 0.43243243243243246,
    "PLNL": 0.25925925925925924,
    "PLNR": 0.35,
    "PQR": 0.25100401606425704,
    "PVCL": 0.1717171717171717,
    "PVCR": 0.17572335920959775,
    "PVDL": 0.375,
    "PVDR": 0.4142857142857143,
    "PVM": 0.5,
    "PVNL": 0.21212121212121213,
    "PVNR": 0.19865642994241842,
    "PVPL": 0.19210977701543738,
    "PVPR": 0.19316239316239317,
    "PVQL": 0.28633405639913234,
    "PVQR": 0.20340136054421767,
    "PVR": 0.17410071942446043,
    "PVT": 0.19553072625698323,
    "PVWL": 0.28703703703703703,
    "PVWR": 0.45,
    "RIAL": 0.23976608187134502,
    "RIAR": 0.2263226649248857,
    "RIBL": 0.1968521897810219,
    "RIBR": 0.22784176264396594,
    "RICL": 0.12756673511293634,
    "RICR": 0.142932768660667,
    "RID": 0.19827586206896552,
    "RIFL": 0.19402985074626866,
    "RIFR": 0.28728070175438597,
    "RIGL": 0.14612068965517241,
    "RIGR": 0.1801292407108239,
    "RIH": 0.2303811659192825,
    "RIML": 0.10094224393648578,
    "RIMR": 0.08961007507871155,
    "RIPL": 0.1425438596491228,
    "RIPR": 0.10144927536231885,
    "RIR": 0.17196531791907516,
    "RIS": 0.2903225806451613,
    "RIVL": 0.3435374149659864,
    "RIVR": 0.23902439024390243,
    "RMDDL": 0.3039568345323741,
    "RMDDR": 0.23877551020408164,
    "RMDL": 0.28811369509043927,
    "RMDR": 0.27121212121212124,
    "RMDVL": 0.22877697841726619,
    "RMDVR": 0.20129107981220656,
    "RMED": 0.21507352941176472,
    "RMEL": 0.22355769230769232,
    "RMER": 0.22811671087533156,
    "RMEV": 0.1638846737481032,
    "RMFL": 0.2729528535980149,
    "RMFR": 0.42962962962962964,
    "RMGL": 0.11471861471861472,
    "RMGR": 0.13317757009345793,
    "RMHL": 0.2988165680473373,
    "RMHR": 0.27163461538461536,
    "SAADL": 0.1650485436893204,
    "SAADR": 0.19536423841059603,
    "SAAVL": 0.19083969465648856,
    "SAAVR": 0.2471264367816092,
    "SABD": 0.3323353293413174,
    "SABVL": 0.4215686274509804,
    "SABVR": 0.4943181818181818,
    "SDQL": 0.3404255319148936,
    "SDQR": 0.23279352226720648,
    "SIADL": 0.48148148148148145,
    "SIADR": 0.6153846153846154,
    "SIAVL": 0.3148148148148148,
    "SIAVR": 0.34705882352941175,
    "SIBDL": 0.4868421052631579,
    "SIBDR": 0.3383458646616541,
    "SIBVL": 0.3062730627306273,
    "SIBVR": 0.3172043010752688,
    "SMBDL": 0.12080536912751678,
    "SMBDR": 0.2111650485436893,
    "SMBVL": 0.0625,
    "SMBVR": 0.14204545454545456,
    "SMDDL": 0.29906542056074764,
    "SMDDR": 0.24864864864864866,
    "SMDVL": 0.2606516290726817,
    "SMDVR": 0.2630597014925373,
    "URADL": 0.2857142857142857,
    "URADR": 0.2222222222222222,