{
  "clustering_coefficients": {
    "ADAL": 0.18372093023255814,
    "ADAR": 0.19047619047619047,
    "ADEL": 0.08527545700106791,
    "ADER": 0.0809669017216187,
    "ADFL": 0.07402882970925971,
    "ADFR": 0.07423289498761197,
    "ADLL": 0.22172351885098743,
    "ADLR": 0.2793696275071633,
    "AFDL": 0.2777777777777778,
    "AFDR": 0.20666666666666667,
    "AIAL": 0.22822580645161292,
    "AIAR": 0.2577132486388385,
    "AIBL": 0.1565180102915952,
    "AIBR": 0.18580441640378548,
    "AIML": 0.22453703703703703,
    "AIMR": 0.30835734870317005,
    "AINL": 0.19594594594594594,
    "AINR": 0.17424242424242425,
    "AIYL": 0.26878612716763006,
    "AIYR": 0.3046875,
    "AIZL": 0.23314203730272598,
    "AIZR": 0.2481089258698941,
    "ALA": 0.2571428571428571,
    "ALML": 0.20242914979757085,
    "ALMR": 0.33760683760683763,
    "ALNL": 0.2236842105263158,
    "ALNR": 0.30158730158730157,
    "AQR": 0.2851758793969849,
    "AS1": 0.3112391930835735,
    "AS10": 0.3582089552238806,
    "AS11": 0.2582781456953642,
    "AS2": 0.31547619047619047,
    "AS3": 0.3713235294117647,
    "AS4": 0.3660287081339713,
    "AS5": 0.324,
    "AS6": 0.43373493975903615,
    "AS7": 0.46120689655172414,
    "AS8": 0.4069767441860465,
    "AS9": 0.24436090225563908,
    "ASEL": 0.29256965944272445,
    "ASER": 0.23815461346633415,
    "ASGL": 0.3244047619047619,
    "ASGR": 0.33771929824561403,
    "ASHL": 0.2613019891500904,
    "ASHR": 0.2338082901554404,
    "ASIL": 0.3670212765957447,
    "ASIR": 0.4039301310043668,
    "ASJL": 0.3269230769230769,
    "ASJR": 0.45,
    "ASKL": 0.2762096774193548,
    "ASKR": 0.3,
    "AUAL": 0.23487031700288186,
    "AUAR": 0.1706827309236948,
    "AVAL": 0.09459916563310407,
    "AVAR": 0.11540120793787748,
    "AVBL": 0.11437417902045412,
    "AVBR": 0.12064050972501676,
    "AVDL": 0.17412746585735964,
    "AVDR": 0.15115681233933162,
    "AVEL": 0.16401273885350318,
    "AVER": 0.16366906474820145,
    "AVFL": 0.2936267071320182,
    "AVFR": 0.24760994263862332,
    "AVG": 0.20404984423676012,
    "AVHL": 0.19716775599128541,
    "AVHR": 0.20107719928186715,
    "AVJL": 0.24485759493670886,
    "AVJR": 0.2416452442159383,
    "AVKL": 0.20088300220750552,
    "AVKR": 0.2277676950998185,
    "AVL": 0.1774193548387097,
    "AVM": 0.21646341463414634,
    "AWAL": 0.19047619047619047,
    "AWAR": 0.2,
    "AWBL": 0.23809523809523808,
    "AWBR": 0.23043478260869565,
    "AWCL": 0.35110294117647056,
    "AWCR": 0.34139784946236557,
    "BAGL": 0.33259911894273125,
    "BAGR": 0.27533783783783783,
    "BDUL": 0.19666666666666666,
    "BDUR": 0.27245508982035926,
    "CANL": 0.6333333333333333,
    "CANR": 0.5606060606060606,
    "CEPDL": 0.07589316445239898,
    "CEPDR": 0.07399773951200053,
    "CEPVL": 0.08470916057122954,
    "CEPVR": 0.07309508705152605,
    "DA1": 0.34513274336283184,
    "DA2": 0.27505112474437626,
    "DA3": 0.2905405405405405,
    "DA4": 0.28401360544217685,
    "DA5": 0.3684971098265896,
    "DA6": 0.3509933774834437,
    "DA7": 0.44814814814814813,
    "DA8": 0.31117021276595747,
    "DA9": 0.27406417112299464,
    "DB1": 0.2614329268292683,
    "DB2": 0.3285302593659942,
    "DB3": 0.2941860465116279,
    "DB4": 0.33875,
    "DB5": 0.5873015873015873,
    "DB6": 0.42,
    "DB7": 0.3224852071005917,
    "DD1": 0.2798913043478261,
    "DD2": 0.2452076677316294,
    "DD3": 0.24817518248175183,
    "DD4": 0.3058608058608059,
    "DD5": 0.4326923076923077,
    "DD6": 0.2777777777777778,
    "DVA": 0.15174897119341563,
    "DVB": 0.1206896551724138,
    "DVC": 0.22128851540616246,
    "FLPL": 0.3399532710280374,
    "FLPR": 0.3330152671755725,
    "HSNL": 0.12435424354243542,
    "HSNR": 0.09517166080310567,
    "I1L": 0.319935691318328,
    "I1R": 0.325,
    "I2L": 0.41694915254237286,
    "I2R": 0.40773809523809523,
    "I3": 0.3967828418230563,
    "I4": 0.3905325443786982,
    "I5": 0.5043478260869565,
    "I6": 0.4236760124610592,
    "IL1DL": 0.15405405405405406,
    "IL1DR": 0.24271844660194175,
    "IL1L": 0.2245762711864407,
    "IL1R": 0.21397379912663755,
    "IL1VL": 0.15151515151515152,
    "IL1VR": 0.18791946308724833,
    "IL2DL": 0.3333333333333333,
    "IL2DR": 0.32894736842105265,
    "IL2L": 0.264,
    "IL2R": 0.23799126637554585,
    "IL2VL": 0.26176470588235295,
    "IL2VR": 0.25,
    "LUAL": 0.266304347826087,
    "LUAR": 0.35424354243542433,
    "M1": 0.3351528384279476,
    "M2L": 0.39937106918238996,
    "M2R": 0.47151898734177217,
    "M3L": 0.42091152815013405,
    "M3R": 0.466789667896679,
    "M4": 0.5135135135135135,
    "M5": 0.438953488372093,
    "MCL": 0.4265625,
    "MCR": 0.5048780487804878,
    "MI": 0.5227272727272727,
    "NSML": 0.10200289077018378,
    "NSMR": 0.10678224423699752,
    "OLLL": 0.25067024128686327,
    "OLLR": 0.21574642126789367,
    "OLQDL": 0.22439024390243903,
    "OLQDR": 0.2531328320802005,
    "OLQVL": 0.20977917981072555,
    "OLQVR": 0.21786833855799373,
    "PDA": 0.23300970873786409,
    "PDB": 0.25,
    "PDEL": 0.09102535993568661,
    "PDER": 0.09827898550724638,
    "PHAL": 0.23509933774834438,
    "PHAR": 0.19736842105263158,
    "PHBL": 0.3051948051948052,
    "PHBR": 0.2873134328358209,
    "PHCL": 0.3172690763052209,
    "PHCR": 0.33689839572192515,
    "PLML": 0.27884615384615385,
    "PLMR": 0.3948339483394834,
    "PLNL": 0.3522727272727273,
    "PLNR": 0.3712121212121212,
    "PQR": 0.24029126213592233,
    "PVCL": 0.16787823716492503,
    "PVCR": 0.17198260239217109,
    "PVDL": 0.3907563025210084,
    "PVDR": 0.38095238095238093,
    "PVM": 0.4838709677419355,
    "PVNL": 0.21212121212121213,
    "PVNR": 0.20249520153550865,
    "PVPL": 0.19210977701543738,
    "PVPR": 0.2,
    "PVQL": 0.23648648648648649,
    "PVQR": 0.20946915351506457,
    "PVR": 0.15611510791366906,
    "PVT": 0.20366598778004075,
    "PVWL": 0.28703703703703703,
    "PVWR": 0.45,
    "RIAL": 0.21998480243161095,
    "RIAR": 0.1872037914691943,
    "RIBL": 0.19936131386861314,
    "RIBR": 0.21661324786324787,
    "RICL": 0.15021231422505307,
    "RICR": 0.1606574761399788,
    "RID": 0.18251273344651953,
    "RIFL": 0.1791044776119403,
    "RIFR": 0.28289473684210525,
    "RIGL": 0.14698275862068966,
    "RIGR": 0.1752827140549273,
    "RIH": 0.22085201793721973,
    "RIML": 0.09877350776778414,
    "RIMR": 0.10424440298507463,
    "RIPL": 0.14692982456140352,
    "RIPR": 0.0966183574879227,
    "RIR": 0.17196531791907516,
    "RIS": 0.26898395721925134,
    "RIVL": 0.3197278911564626,
    "RIVR": 0.25121951219512195,
    "RMDDL": 0.28343558282208586,
    "RMDDR": 0.20862470862470864,
    "RMDL": 0.27116212338593976,
    "RMDR": 0.26842948717948717,
    "RMDVL": 0.23392282958199356,
    "RMDVR": 0.191958495460441,
    "RMED": 0.16740088105726872,
    "RMEL": 0.2445414847161572,
    "RMER": 0.23,
    "RMEV": 0.14395393474088292,
    "RMFL": 0.2614942528735632,
    "RMFR": 0.40336134453781514,
    "RMGL": 0.09956709956709957,
    "RMGR": 0.1366822429906542,
    "RMHL": 0.3076923076923077,
    "RMHR": 0.22330097087378642,
    "SAADL": 0.16990291262135923,
    "SAADR": 0.17880794701986755,
    "SAAVL": 0.22900763358778625,
    "SAAVR": 0.22988505747126436,
    "SABD": 0.3473053892215569,
    "SABVL": 0.39705882352941174,
    "SABVR": 0.4117647058823529,
    "SDQL": 0.2947019867549669,
    "SDQR": 0.22849462365591397,
    "SIADL": 0.42962962962962964,
    "SIADR": 0.5042016806722689,
    "SIAVL": 0.32222222222222224,
    "SIAVR": 0.3319327731092437,
    "SIBDL": 0.4025423728813559,
    "SIBDR": 0.3155080213903743,
    "SIBVL": 0.28780487804878047,
    "SIBVR": 0.2844311377245509,
    "SMBDL": 0.12416107382550336,
    "SMBDR": 0.1820388349514563,
    "SMBVL": 0.0703125,
    "SMBVR": 0.14204545454545456,
    "SMDDL": 0.2971698113207547,
    "SMDDR": 0.2585585585585586,
    "SMDVL": 0.24709302325581395,
    "SMDVR": 0.27602523659305994,
    "URADL": 0.2857142857142857,
    "URADR": 0.2222222222222222,
    "URAVL": 0.36666666666666664,
    "URAVR": 0.21428571428571427,