{
  "clustering_coefficients": {
    "ADAL": 0.1813953488372093,
    "ADAR": 0.20175438596491227,
    "ADEL": 0.08178237947024074,
    "ADER": 0.09343325757110388,
    "ADFL": 0.07842157842157842,
    "ADFR": 0.07343234323432343,
    "ADLL": 0.208955223880597,
    "ADLR": 0.2585139318885449,
    "AFDL": 0.28846153846153844,
    "AFDR": 0.19333333333333333,
    "AIAL": 0.22484756097560976,
    "AIAR": 0.2606177606177606,
    "AIBL": 0.19277566539923954,
    "AIBR": 0.18190416141235813,
    "AIML": 0.2222222222222222,
    "AIMR": 0.2912234042553192,
    "AINL": 0.19594594594594594,
    "AINR": 0.17424242424242425,
    "AIYL": 0.3347826086956522,
    "AIYR": 0.3169491525423729,
    "AIZL": 0.24324324324324326,
    "AIZR": 0.2534039334341906,
    "ALA": 0.2571428571428571,
    "ALML": 0.26450116009280744,
    "ALMR": 0.4320388349514563,
    "ALNL": 0.288135593220339,
    "ALNR": 0.1858974358974359,
    "AQR": 0.2851758793969849,
    "AS1": 0.3277027027027027,
    "AS10": 0.3543046357615894,
    "AS11": 0.24253731343283583,
    "AS2": 0.2866666666666667,
    "AS3": 0.3786407766990291,
    "AS4": 0.37777777777777777,
    "AS5": 0.3772893772893773,
    "AS6": 0.4269911504424779,
    "AS7": 0.46407185628742514,
    "AS8": 0.46875,
    "AS9": 0.3235294117647059,
    "ASEL": 0.2948207171314741,
    "ASER": 0.2729124236252546,
    "ASGL": 0.3342245989304813,
    "ASGR": 0.34868421052631576,
    "ASHL": 0.2706333973128599,
    "ASHR": 0.23869801084990958,
    "ASIL": 0.37117903930131,
    "ASIR": 0.3727810650887574,
    "ASJL": 0.36538461538461536,
    "ASJR": 0.35,
    "ASKL": 0.3020231213872832,
    "ASKR": 0.29310344827586204,
    "AUAL": 0.2601246105919003,
    "AUAR": 0.26450116009280744,
    "AVAL": 0.09505017476603901,
    "AVAR": 0.11448446937014668,
    "AVBL": 0.11212234940889473,
    "AVBR": 0.13118331716779824,
    "AVDL": 0.17412746585735964,
    "AVDR": 0.14910025706940874,
    "AVEL": 0.16480891719745222,
    "AVER": 0.16469681397738953,
    "AVFL": 0.2948717948717949,
    "AVFR": 0.26223776223776224,
    "AVG": 0.20404984423676012,
    "AVHL": 0.21113243761996162,
    "AVHR": 0.19402985074626866,
    "AVJL": 0.2529296875,
    "AVJR": 0.24750356633380885,
    "AVKL": 0.1961000735835173,
    "AVKR": 0.2295825771324864,
    "AVL": 0.18404907975460122,
    "AVM": 0.266260162601626,
    "AWAL": 0.19047619047619047,
    "AWAR": 0.20270270270270271,
    "AWBL": 0.2950310559006211,
    "AWBR": 0.26573426573426573,
    "AWCL": 0.34191176470588236,
    "AWCR": 0.38006230529595014,
    "BAGL": 0.32335329341317365,
    "BAGR": 0.27184466019417475,
    "BDUL": 0.1752136752136752,
    "BDUR": 0.2934131736526946,
    "CANL": 0.5272727272727272,
    "CANR": 0.5476190476190477,
    "CEPDL": 0.09044274598912071,
    "CEPDR": 0.08392196434577867,
    "CEPVL": 0.09584067677123723,
    "CEPVR": 0.09559367642112344,
    "DA1": 0.29646017699115046,
    "DA2": 0.28820960698689957,
    "DA3": 0.2853828306264501,
    "DA4": 0.34492753623188405,
    "DA5": 0.3511560693641618,
    "DA6": 0.35336538461538464,
    "DA7": 0.5222222222222223,
    "DA8": 0.2988165680473373,
    "DA9": 0.29466357308584684,
    "DB1": 0.25901875901875904,
    "DB2": 0.34459459459459457,
    "DB3": 0.2940677966101695,
    "DB4": 0.33237547892720304,
    "DB5": 0.4839572192513369,
    "DB6": 0.44871794871794873,
    "DB7": 0.3686440677966102,
    "DD1": 0.23135593220338982,
    "DD2": 0.22865853658536586,
    "DD3": 0.2636103151862464,
    "DD4": 0.31140350877192985,
    "DD5": 0.4289940828402367,
    "DD6": 0.3404761904761905,
    "DVA": 0.17506811989100818,
    "DVB": 0.1206896551724138,
    "DVC": 0.23284734133790738,
    "FLPL": 0.35463659147869675,
    "FLPR": 0.3659942363112392,
    "HSNL": 0.10473735095069288,
    "HSNR": 0.102681721947777,
    "I1L": 0.30020491803278687,
    "I1R": 0.322202166064982,
    "I2L": 0.4358288770053476,
    "I2R": 0.41369047619047616,
    "I3": 0.40342679127725856,
    "I4": 0.3776595744680851,
    "I5": 0.4956521739130435,
    "I6": 0.34946236559139787,
    "IL1DL": 0.2796610169491525,
    "IL1DR": 0.2643171806167401,
    "IL1L": 0.31117021276595747,
    "IL1R": 0.19230769230769232,
    "IL1VL": 0.17424242424242425,
    "IL1VR": 0.20631067961165048,
    "IL2DL": 0.30514705882352944,
    "IL2DR": 0.37058823529411766,
    "IL2L": 0.26182432432432434,
    "IL2R": 0.19516728624535315,
    "IL2VL": 0.28708133971291866,
    "IL2VR": 0.30687830687830686,
    "LUAL": 0.27445652173913043,
    "LUAR": 0.3918918918918919,
    "M1": 0.34497816593886466,
    "M2L": 0.4055232558139535,
    "M2R": 0.402046783625731,
    "M3L": 0.4314516129032258,
    "M3R": 0.4668141592920354,
    "M4": 0.5304054054054054,
    "M5": 0.4368029739776952,
    "MCL": 0.37667560321715815,
    "MCR": 0.4783783783783784,
    "MI": 0.5227272727272727,
    "NSML": 0.1115875738517248,
    "NSMR": 0.08043654001616815,
    "OLLL": 0.2328125,
    "OLLR": 0.19742990654205608,
    "OLQDL": 0.25980392156862747,
    "OLQDR": 0.22267206477732793,
    "OLQVL": 0.20504731861198738,
    "OLQVR": 0.22666666666666666,
    "PDA": 0.31952662721893493,
    "PDB": 0.25,
    "PDEL": 0.10120523415977961,
    "PDER": 0.09785410715529855,
    "PHAL": 0.24157303370786518,
    "PHAR": 0.21710526315789475,
    "PHBL": 0.3618421052631579,
    "PHBR": 0.2822349570200573,
    "PHCL": 0.3232931726907631,
    "PHCR": 0.37,
    "PLML": 0.35784313725490197,
    "PLMR": 0.4092741935483871,
    "PLNL": 0.4117647058823529,
    "PLNR": 0.41818181818181815,
    "PQR": 0.2669902912621359,
    "PVCL": 0.16887125220458554,
    "PVCR": 0.16140137707573918,
    "PVDL": 0.42592592592592593,
    "PVDR": 0.4230769230769231,
    "PVM": 0.4838709677419355,
    "PVNL": 0.21212121212121213,
    "PVNR": 0.20057581573896352,
    "PVPL": 0.19210977701543738,
    "PVPR": 0.1905982905982906,
    "PVQL": 0.24155405405405406,
    "PVQR": 0.21018651362984217,
    "PVR": 0.1748201438848921,
    "PVT": 0.2138392857142857,
    "PVWL": 0.28703703703703703,
    "PVWR": 0.45,
    "RIAL": 0.23940058479532164,
    "RIAR": 0.21341463414634146,
    "RIBL": 0.21845949535192563,
    "RIBR": 0.21768355739400208,
    "RICL": 0.1493573264781491,
    "RICR": 0.17180277349768874,
    "RID": 0.1775599128540305,
    "RIFL": 0.19029850746268656,
    "RIFR": 0.26973684210526316,
    "RIGL": 0.1456896551724138,
    "RIGR": 0.16478190630048464,
    "RIH": 0.21973094170403587,
    "RIML": 0.1218199218438472,
    "RIMR": 0.09524179754315036,
    "RIPL": 0.13596491228070176,
    "RIPR": 0.10869565217391304,
    "RIR": 0.16473988439306358,
    "RIS": 0.297196261682243,
    "RIVL": 0.3231292517006803,
    "RIVR": 0.24878048780487805,
    "RMDDL": 0.3010869565217391,
    "RMDDR": 0.2467718794835007,
    "RMDL": 0.28098471986417656,
    "RMDR": 0.2772727272727273,
    "RMDVL": 0.25151975683890576,
    "RMDVR": 0.2102454642475987,
    "RMED": 0.23293172690763053,
    "RMEL": 0.26693227091633465,
    "RMER": 0.2413793103448276,
    "RMEV": 0.16292134831460675,
    "RMFL": 0.25274725274725274,
    "RMFR": 0.40370370370370373,
    "RMGL": 0.10606060606060606,
    "RMGR": 0.12266355140186916,
    "RMHL": 0.2925531914893617,
    "RMHR": 0.22761194029850745,
    "SAADL": 0.1650485436893204,
    "SAADR": 0.19536423841059603,
    "SAAVL": 0.22900763358778625,
    "SAAVR": 0.28160919540229884,
    "SABD": 0.3353413654618474,
    "SABVL": 0.37254901960784315,
    "SABVR": 0.4431818181818182,
    "SDQL": 0.32211538461538464,
    "SDQR": 0.26489028213166144,
    "SIADL": 0.47115384615384615,
    "SIADR": 0.46153846153846156,
    "SIAVL": 0.373015873015873,
    "SIAVR": 0.3333333333333333,
    "SIBDL": 0.5393258426966292,
    "SIBDR": 0.3247863247863248,
    "SIBVL": 0.3338983050847458,
    "SIBVR": 0.2931726907630522,
    "SMBDL": 0.12416107382550336,
    "SMBDR": 0.20631067961165048,
    "SMBVL": 0.0703125,
    "SMBVR": 0.13636363636363635,
    "SMDDL": 0.3619582664526485,
    "SMDDR": 0.24285714285714285,
    "SMDVL": 0.2791411042944785,
    "SMDVR": 0.32786885245901637,