{
  "clustering_coefficients": {
    "ADAL": 0.1755813953488372,
    "ADAR": 0.19799498746867167,
    "ADEL": 0.08736888386407889,
    "ADER": 0.0895018121506235,
    "ADFL": 0.059284377923292796,
    "ADFR": 0.06940124416796267,
    "ADLL": 0.2273781902552204,
    "ADLR": 0.2791970802919708,
    "AFDL": 0.3076923076923077,
    "AFDR": 0.21333333333333335,
    "AIAL": 0.24135802469135803,
    "AIAR": 0.27428180574555405,
    "AIBL": 0.17721518987341772,
    "AIBR": 0.19549330085261876,
    "AIML": 0.24568965517241378,
    "AIMR": 0.2550335570469799,
    "AINL": 0.18243243243243243,
    "AINR": 0.17424242424242425,
    "AIYL": 0.29177057356608477,
    "AIYR": 0.31451612903225806,
    "AIZL": 0.25681818181818183,
    "AIZR": 0.25075757575757573,
    "ALA": 0.22857142857142856,
    "ALML": 0.25465116279069766,
    "ALMR": 0.34946236559139787,
    "ALNL": 0.27483443708609273,
    "ALNR": 0.23333333333333334,
    "AQR": 0.2851758793969849,
    "AS1": 0.38755020080321284,
    "AS10": 0.41346153846153844,
    "AS11": 0.25443786982248523,
    "AS2": 0.3241758241758242,
    "AS3": 0.3514056224899598,
    "AS4": 0.35167464114832536,
    "AS5": 0.3241758241758242,
    "AS6": 0.403125,
    "AS7": 0.41935483870967744,
    "AS8": 0.4716981132075472,
    "AS9": 0.3088235294117647,
    "ASEL": 0.2859195402298851,
    "ASER": 0.27479892761394104,
    "ASGL": 0.38164251207729466,
    "ASGR": 0.3424908424908425,
    "ASHL": 0.26036036036036037,
    "ASHR": 0.24568965517241378,
    "ASIL": 0.3686440677966102,
    "ASIR": 0.3539325842696629,
    "ASJL": 0.40384615384615385,
    "ASJR": 0.375,
    "ASKL": 0.29190751445086704,
    "ASKR": 0.26,
    "AUAL": 0.19879518072289157,
    "AUAR": 0.21902017291066284,
    "AVAL": 0.09606494531514263,
    "AVAR": 0.11610224331320104,
    "AVBL": 0.11678630590833794,
    "AVBR": 0.12924345295829293,
    "AVDL": 0.17412746585735964,
    "AVDR": 0.1480719794344473,
    "AVEL": 0.16374734607218683,
    "AVER": 0.1644398766700925,
    "AVFL": 0.28474784747847476,
    "AVFR": 0.28776978417266186,
    "AVG": 0.20404984423676012,
    "AVHL": 0.22920203735144312,
    "AVHR": 0.21148036253776434,
    "AVJL": 0.2390557939914163,
    "AVJR": 0.2567084078711986,
    "AVKL": 0.19462840323767477,
    "AVKR": 0.22232304900181488,
    "AVL": 0.17806451612903226,
    "AVM": 0.24378109452736318,
    "AWAL": 0.19047619047619047,
    "AWAR": 0.21081081081081082,
    "AWBL": 0.260806916426513,
    "AWBR": 0.26223776223776224,
    "AWCL": 0.3935810810810811,
    "AWCR": 0.38760806916426516,
    "BAGL": 0.29295154185022027,
    "BAGR": 0.26515151515151514,
    "BDUL": 0.22807017543859648,
    "BDUR": 0.2905405405405405,
    "CANL": 0.5694444444444444,
    "CANR": 0.625,
    "CEPDL": 0.09857344814291222,
    "CEPDR": 0.08560447239692523,
    "CEPVL": 0.08257542947885087,
    "CEPVR": 0.08514528891548641,
    "DA1": 0.34870848708487084,
    "DA2": 0.286214953271028,
    "DA3": 0.31684491978609625,
    "DA4": 0.28225806451612906,
    "DA5": 0.3780160857908847,
    "DA6": 0.3484042553191489,
    "DA7": 0.18518518518518517,
    "DA8": 0.28286852589641437,
    "DA9": 0.24662162162162163,
    "DB1": 0.2682926829268293,
    "DB2": 0.3011527377521614,
    "DB3": 0.2543640897755611,
    "DB4": 0.3481182795698925,
    "DB5": 0.5066666666666667,
    "DB6": 0.42,
    "DB7": 0.41346153846153844,
    "DD1": 0.22841726618705036,
    "DD2": 0.22710951526032316,
    "DD3": 0.22483221476510068,
    "DD4": 0.30193236714975846,
    "DD5": 0.43258426966292135,
    "DD6": 0.3006535947712418,
    "DVA": 0.17923280423280424,
    "DVB": 0.1206896551724138,
    "DVC": 0.22142857142857142,
    "FLPL": 0.3490566037735849,
    "FLPR": 0.3642691415313225,
    "HSNL": 0.07964601769911504,
    "HSNR": 0.10553228191227206,
    "I1L": 0.33458646616541354,
    "I1R": 0.2980349344978166,
    "I2L": 0.4223300970873786,
    "I2R": 0.3925438596491228,
    "I3": 0.4,
    "I4": 0.41019417475728154,
    "I5": 0.48695652173913045,
    "I6": 0.44425675675675674,
    "IL1DL": 0.234375,
    "IL1DR": 0.2543103448275862,
    "IL1L": 0.21359223300970873,
    "IL1R": 0.22262773722627738,
    "IL1VL": 0.19318181818181818,
    "IL1VR": 0.2181208053691275,
    "IL2DL": 0.3161764705882353,
    "IL2DR": 0.3190789473684211,
    "IL2L": 0.27472527472527475,
    "IL2R": 0.25116822429906543,
    "IL2VL": 0.2894736842105263,
    "IL2VR": 0.3157894736842105,
    "LUAL": 0.2653061224489796,
    "LUAR": 0.3567567567567568,
    "M1": 0.33589251439539347,
    "M2L": 0.44609665427509293,
    "M2R": 0.3997289972899729,
    "M3L": 0.42144638403990026,
    "M3R": 0.4328125,
    "M4": 0.49491525423728816,
    "M5": 0.48660714285714285,
    "MCL": 0.41697416974169743,
    "MCR": 0.43559322033898307,
    "MI": 0.5227272727272727,
    "NSML": 0.12198541783510937,
    "NSMR": 0.11749271137026239,
    "OLLL": 0.25232558139534883,
    "OLLR": 0.2198364008179959,
    "OLQDL": 0.21891891891891893,
    "OLQDR": 0.23076923076923078,
    "OLQVL": 0.20189274447949526,
    "OLQVR": 0.2246376811594203,
    "PDA": 0.21875,
    "PDB": 0.25,
    "PDEL": 0.0993046822989866,
    "PDER": 0.0759844288067076,
    "PHAL": 0.25280898876404495,
    "PHAR": 0.21844660194174756,
    "PHBL": 0.2727272727272727,
    "PHBR": 0.26595744680851063,
    "PHCL": 0.3276699029126214,
    "PHCR": 0.3663101604278075,
    "PLML": 0.2619047619047619,
    "PLMR": 0.37032085561497324,
    "PLNL": 0.3942307692307692,
    "PLNR": 0.3626373626373626,
    "PQR": 0.24161073825503357,
    "PVCL": 0.1606280193236715,
    "PVCR": 0.16277615673197166,
    "PVDL": 0.35294117647058826,
    "PVDR": 0.40522875816993464,
    "PVM": 0.5,
    "PVNL": 0.21212121212121213,
    "PVNR": 0.19865642994241842,
    "PVPL": 0.19210977701543738,
    "PVPR": 0.19572649572649573,
    "PVQL": 0.2774798927613941,
    "PVQR": 0.19795918367346937,
    "PVR": 0.16330935251798562,
    "PVT": 0.1877094972067039,
    "PVWL": 0.28703703703703703,
    "PVWR": 0.45,
    "RIAL": 0.19622964867180806,
    "RIAR": 0.21319951338199514,
    "RIBL": 0.19703480876665233,
    "RIBR": 0.2126068376068376,
    "RICL": 0.159507722007722,
    "RICR": 0.1371606334841629,
    "RID": 0.1561771561771562,
    "RIFL": 0.20149253731343283,
    "RIFR": 0.2719298245614035,
    "RIGL": 0.1456896551724138,
    "RIGR": 0.16558966074313408,
    "RIH": 0.226457399103139,
    "RIML": 0.10276648329745675,
    "RIMR": 0.10829362836146329,
    "RIPL": 0.14692982456140352,
    "RIPR": 0.0966183574879227,
    "RIR": 0.16907514450867053,
    "RIS": 0.27477017364657813,
    "RIVL": 0.3231292517006803,
    "RIVR": 0.24390243902439024,
    "RMDDL": 0.275,
    "RMDDR": 0.22113289760348584,
    "RMDL": 0.25251076040172166,
    "RMDR": 0.25495495495495496,
    "RMDVL": 0.2282958199356913,
    "RMDVR": 0.17833981841763943,
    "RMED": 0.19678714859437751,
    "RMEL": 0.2450199203187251,
    "RMER": 0.2480106100795756,
    "RMEV": 0.13086642599277978,
    "RMFL": 0.234,
    "RMFR": 0.4166666666666667,
    "RMGL": 0.11976911976911978,
    "RMGR": 0.12967289719626168,
    "RMHL": 0.3146067415730337,
    "RMHR": 0.2288135593220339,
    "SAADL": 0.16990291262135923,
    "SAADR": 0.20198675496688742,
    "SAAVL": 0.22137404580152673,
    "SAAVR": 0.20689655172413793,
    "SABD": 0.35570469798657717,
    "SABVL": 0.3333333333333333,
    "SABVR": 0.3743961352657005,
    "SDQL": 0.30656934306569344,
    "SDQR": 0.19838056680161945,
    "SIADL": 0.5,
    "SIADR": 0.5,
    "SIAVL": 0.3962962962962963,
    "SIAVR": 0.37037037037037035,
    "SIBDL": 0.5294117647058824,
    "SIBDR": 0.3695652173913043,
    "SIBVL": 0.2923387096774194,
    "SIBVR": 0.3069852941176471,
    "SMBDL": 0.12416107382550336,
    "SMBDR": 0.20631067961165048,
    "SMBVL": 0.0859375,
    "SMBVR": 0.13636363636363635,
    "SMDDL": 0.27986348122866894,
    "SMDDR": 0.2191142191142191,
    "SMDVL": 0.2893660531697341,
    "SMDVR": 0.3126463700234192,
    "URADL": 0.2619047619047619,
    "URADR": 0.2222222222222222,
    "URAVL": 0.36666666666666664,
    "URAVR": 0.23809523809523808,