{
  "clustering_coefficients": {
    "ADAL": 0.18953488372093022,
    "ADAR": 0.19172932330827067,
    "ADEL": 0.09528621530048148,
    "ADER": 0.0958856783919598,
    "ADFL": 0.06475507765830346,
    "ADFR": 0.07093457943925234,
    "ADLL": 0.22058823529411764,
    "ADLR": 0.2722063037249284,
    "AFDL": 0.2857142857142857,
    "AFDR": 0.20666666666666667,
    "AIAL": 0.2537037037037037,
    "AIAR": 0.2709401709401709,
    "AIBL": 0.17097264437689969,
    "AIBR": 0.15704225352112677,
    "AIML": 0.24937965260545905,
    "AIMR": 0.3025936599423631,
    "AINL": 0.22297297297297297,
    "AINR": 0.17424242424242425,
    "AIYL": 0.25335120643431636,
    "AIYR": 0.2983050847457627,
    "AIZL": 0.2542372881355932,
    "AIZR": 0.2939276485788114,
    "ALA": 0.21428571428571427,
    "ALML": 0.2445141065830721,
    "ALMR": 0.3433333333333333,
    "ALNL": 0.25443786982248523,
    "ALNR": 0.27205882352941174,
    "AQR": 0.2851758793969849,
    "AS1": 0.38349514563106796,
    "AS10": 0.4141791044776119,
    "AS11": 0.24271844660194175,
    "AS2": 0.25297619047619047,
    "AS3": 0.36893203883495146,
    "AS4": 0.40588235294117647,
    "AS5": 0.3635057471264368,
    "AS6": 0.4081081081081081,
    "AS7": 0.4393939393939394,
    "AS8": 0.4411764705882353,
    "AS9": 0.28921568627450983,
    "ASEL": 0.22709163346613545,
    "ASER": 0.23566084788029926,
    "ASGL": 0.37333333333333335,
    "ASGR": 0.3706140350877193,
    "ASHL": 0.27928692699490665,
    "ASHR": 0.27525906735751293,
    "ASIL": 0.33624454148471616,
    "ASIR": 0.3559322033898305,
    "ASJL": 0.36538461538461536,
    "ASJR": 0.425,
    "ASKL": 0.33236994219653176,
    "ASKR": 0.2677966101694915,
    "AUAL": 0.26741293532338306,
    "AUAR": 0.27331887201735355,
    "AVAL": 0.09493742248280528,
    "AVAR": 0.11798964624676445,
    "AVBL": 0.131451072386059,
    "AVBR": 0.1381985238740774,
    "AVDL": 0.17412746585735964,
    "AVDR": 0.15295629820051415,
    "AVEL": 0.16321656050955413,
    "AVER": 0.16546762589928057,
    "AVFL": 0.2795918367346939,
    "AVFR": 0.2847457627118644,
    "AVG": 0.20404984423676012,
    "AVHL": 0.20540540540540542,
    "AVHR": 0.18159203980099503,
    "AVJL": 0.2666139240506329,
    "AVJR": 0.255826859045505,
    "AVKL": 0.19536423841059603,
    "AVKR": 0.22141560798548093,
    "AVL": 0.1696,
    "AVM": 0.2546531302876481,
    "AWAL": 0.19047619047619047,
    "AWAR": 0.20810810810810812,
    "AWBL": 0.256,
    "AWBR": 0.29693486590038315,
    "AWCL": 0.31543624161073824,
    "AWCR": 0.35984848484848486,
    "BAGL": 0.3300970873786408,
    "BAGR": 0.2483221476510067,
    "BDUL": 0.21212121212121213,
    "BDUR": 0.260752688172043,
    "CANL": 0.7888888888888889,
    "CANR": 0.6454545454545455,
    "CEPDL": 0.09706713305529396,
    "CEPDR": 0.08767589796311766,
    "CEPVL": 0.09759749540597563,
    "CEPVR": 0.08941816944538959,
    "DA1": 0.3352601156069364,
    "DA2": 0.3097913322632424,
    "DA3": 0.3445273631840796,
    "DA4": 0.35942028985507246,
    "DA5": 0.3495575221238938,
    "DA6": 0.3708609271523179,
    "DA7": 0.575,
    "DA8": 0.29912663755458513,
    "DA9": 0.3034825870646766,
    "DB1": 0.24691358024691357,
    "DB2": 0.2665441176470588,
    "DB3": 0.3300359712230216,
    "DB4": 0.34498834498834496,
    "DB5": 0.452,
    "DB6": 0.4679144385026738,
    "DB7": 0.4533898305084746,
    "DD1": 0.2542372881355932,
    "DD2": 0.24920127795527156,
    "DD3": 0.27181208053691275,
    "DD4": 0.30043859649122806,
    "DD5": 0.3962765957446808,
    "DD6": 0.29044117647058826,
    "DVA": 0.19230769230769232,
    "DVB": 0.1206896551724138,
    "DVC": 0.22549019607843138,
    "FLPL": 0.34210526315789475,
    "FLPR": 0.3877005347593583,
    "HSNL": 0.10744856585072833,
    "HSNR": 0.08857615894039735,
    "I1L": 0.32581227436823107,
    "I1R": 0.3555276381909548,
    "I2L": 0.41019417475728154,
    "I2R": 0.41935483870967744,
    "I3": 0.4694915254237288,
    "I4": 0.38209606986899564,
    "I5": 0.4782608695652174,
    "I6": 0.4117647058823529,
    "IL1DL": 0.24723247232472326,
    "IL1DR": 0.2543103448275862,
    "IL1L": 0.2127659574468085,
    "IL1R": 0.19213973799126638,
    "IL1VL": 0.20059880239520958,
    "IL1VR": 0.16766467065868262,
    "IL2DL": 0.2857142857142857,
    "IL2DR": 0.38823529411764707,
    "IL2L": 0.232620320855615,
    "IL2R": 0.20911949685534592,
    "IL2VL": 0.2751196172248804,
    "IL2VR": 0.30423280423280424,
    "LUAL": 0.2822222222222222,
    "LUAR": 0.37027027027027026,
    "M1": 0.34591194968553457,
    "M2L": 0.4351535836177474,
    "M2R": 0.43201754385964913,
    "M3L": 0.44139650872817954,
    "M3R": 0.4186440677966102,
    "M4": 0.4891891891891892,
    "M5": 0.4166666666666667,
    "MCL": 0.4232558139534884,
    "MCR": 0.4944649446494465,
    "MI": 0.5227272727272727,
    "NSML": 0.09229680549939345,
    "NSMR": 0.12245279491493737,
    "OLLL": 0.2399193548387097,
    "OLLR": 0.16705607476635514,
    "OLQDL": 0.23493975903614459,
    "OLQDR": 0.23481781376518218,
    "OLQVL": 0.2106164383561644,
    "OLQVR": 0.24696356275303644,
    "PDA": 0.34134615384615385,
    "PDB": 0.25,
    "PDEL": 0.11521444373082138,
    "PDER": 0.10607264062387176,
    "PHAL": 0.2537313432835821,
    "PHAR": 0.1796875,
    "PHBL": 0.3246753246753247,
    "PHBR": 0.2692307692307692,
    "PHCL": 0.3634361233480176,
    "PHCR": 0.3357487922705314,
    "PLML": 0.3926174496644295,
    "PLMR": 0.39438502673796794,
    "PLNL": 0.42016806722689076,
    "PLNR": 0.3782051282051282,
    "PQR": 0.25970873786407767,
    "PVCL": 0.1742294520547945,
    "PVCR": 0.16666666666666666,
    "PVDL": 0.37037037037037035,
    "PVDR": 0.45714285714285713,
    "PVM": 0.5,
    "PVNL": 0.21212121212121213,
    "PVNR": 0.20633397312859886,
    "PVPL": 0.19210977701543738,
    "PVPR": 0.2,
    "PVQL": 0.19678714859437751,
    "PVQR": 0.18787878787878787,
    "PVR": 0.17410071942446043,
    "PVT": 0.208955223880597,
    "PVWL": 0.28703703703703703,
    "PVWR": 0.45,
    "RIAL": 0.22806324110671936,
    "RIAR": 0.21361058601134217,
    "RIBL": 0.20185922974767595,
    "RIBR": 0.21955128205128205,
    "RICL": 0.13679745493107104,
    "RICR": 0.16040024257125532,
    "RID": 0.18627450980392157,
    "RIFL": 0.208955223880597,
    "RIFR": 0.28728070175438597,
    "RIGL": 0.1456896551724138,
    "RIGR": 0.17689822294022617,
    "RIH": 0.23094170403587444,
    "RIML": 0.11028335199379899,
    "RIMR": 0.10633858267716535,
    "RIPL": 0.1513157894736842,
    "RIPR": 0.10628019323671498,
    "RIR": 0.16618497109826588,
    "RIS": 0.26823529411764707,
    "RIVL": 0.3197278911564626,
    "RIVR": 0.24634146341463414,
    "RMDDL": 0.29067796610169494,
    "RMDDR": 0.22875816993464052,
    "RMDL": 0.25968436154949787,
    "RMDR": 0.27403846153846156,
    "RMDVL": 0.2206148282097649,
    "RMDVR": 0.2052572706935123,
    "RMED": 0.1935483870967742,
    "RMEL": 0.25109170305676853,
    "RMER": 0.2453580901856764,
    "RMEV": 0.17169540229885058,
    "RMFL": 0.27419354838709675,
    "RMFR": 0.37777777777777777,
    "RMGL": 0.10606060606060606,
    "RMGR": 0.13901869158878505,
    "RMHL": 0.3079470198675497,
    "RMHR": 0.26294820717131473,
    "SAADL": 0.17475728155339806,
    "SAADR": 0.2119205298013245,
    "SAAVL": 0.183206106870229,
    "SAAVR": 0.2413793103448276,
    "SABD": 0.34946236559139787,
    "SABVL": 0.3719806763285024,
    "SABVR": 0.4019607843137255,
    "SDQL": 0.18932038834951456,
    "SDQR": 0.24921630094043887,
    "SIADL": 0.5333333333333333,
    "SIADR": 0.4888888888888889,
    "SIAVL": 0.3111111111111111,
    "SIAVR": 0.3814814814814815,
    "SIBDL": 0.5048543689320388,
    "SIBDR": 0.41304347826086957,
    "SIBVL": 0.3713872832369942,
    "SIBVR": 0.3524229074889868,
    "SMBDL": 0.12080536912751678,
    "SMBDR": 0.20631067961165048,
    "SMBVL": 0.09375,
    "SMBVR": 0.14772727272727273,
    "SMDDL": 0.29245283018867924,
    "SMDDR": 0.2531531531531532,
    "SMDVL": 0.24709302325581395,
    "SMDVR": 0.28266331658291455,
    "URADL": 0.23809523809523808,
    "URADR": 0.2361111111111111,