{
  "clustering_coefficients": {
    "ADAL": 0.17674418604651163,
    "ADAR": 0.18421052631578946,
    "ADEL": 0.09885909197835803,
    "ADER": 0.09999392318911035,
    "ADFL": 0.07171886206072196,
    "ADFR": 0.05307664627563872,
    "ADLL": 0.25314183123877915,
    "ADLR": 0.2678018575851393,
    "AFDL": 0.2980769230769231,
    "AFDR": 0.26811594202898553,
    "AIAL": 0.24008207934336526,
    "AIAR": 0.267741935483871,
    "AIBL": 0.17593244194229415,
    "AIBR": 0.16009852216748768,
    "AIML": 0.23484848484848486,
    "AIMR": 0.3045977011494253,
    "AINL": 0.23648648648648649,
    "AINR": 0.17424242424242425,
    "AIYL": 0.31358381502890176,
    "AIYR": 0.3106936416184971,
    "AIZL": 0.272108843537415,
    "AIZR": 0.2655038759689923,
    "ALA": 0.2714285714285714,
    "ALML": 0.2725,
    "ALMR": 0.32038834951456313,
    "ALNL": 0.2236842105263158,
    "ALNR": 0.3373205741626794,
    "AQR": 0.2851758793969849,
    "AS1": 0.3195187165775401,
    "AS10": 0.484375,
    "AS11": 0.3211920529801324,
    "AS2": 0.35714285714285715,
    "AS3": 0.3502202643171806,
    "AS4": 0.3815789473684211,
    "AS5": 0.2994652406417112,
    "AS6": 0.37822878228782286,
    "AS7": 0.45209580838323354,
    "AS8": 0.38764044943820225,
    "AS9": 0.3504273504273504,
    "ASEL": 0.265527950310559,
    "ASER": 0.2702312138728324,
    "ASGL": 0.3333333333333333,
    "ASGR": 0.34962406015037595,
    "ASHL": 0.28799392097264437,
    "ASHR": 0.21920289855072464,
    "ASIL": 0.33146067415730335,
    "ASIR": 0.3728813559322034,
    "ASJL": 0.40384615384615385,
    "ASJR": 0.4,
    "ASKL": 0.3064516129032258,
    "ASKR": 0.29130434782608694,
    "AUAL": 0.2601246105919003,
    "AUAR": 0.24378109452736318,
    "AVAL": 0.0947119179163378,
    "AVAR": 0.11507765314926661,
    "AVBL": 0.10987051979733534,
    "AVBR": 0.11067943621250452,
    "AVDL": 0.17412746585735964,
    "AVDR": 0.15089974293059125,
    "AVEL": 0.16321656050955413,
    "AVER": 0.16623843782117165,
    "AVFL": 0.289272030651341,
    "AVFR": 0.2672,
    "AVG": 0.20404984423676012,
    "AVHL": 0.20881226053639848,
    "AVHR": 0.2265943012211669,
    "AVJL": 0.259656652360515,
    "AVJR": 0.2589974293059126,
    "AVKL": 0.1894775570272259,
    "AVKR": 0.21869328493647913,
    "AVL": 0.17932242990654207,
    "AVM": 0.25572519083969464,
    "AWAL": 0.19047619047619047,
    "AWAR": 0.21081081081081082,
    "AWBL": 0.2881619937694704,
    "AWBR": 0.23118279569892472,
    "AWCL": 0.3804034582132565,
    "AWCR": 0.3700440528634361,
    "BAGL": 0.34139784946236557,
    "BAGR": 0.2710843373493976,
    "BDUL": 0.30616740088105726,
    "BDUR": 0.2785234899328859,
    "CANL": 0.5535714285714286,
    "CANR": 0.5972222222222222,
    "CEPDL": 0.09753258845437617,
    "CEPDR": 0.09699286769902975,
    "CEPVL": 0.0918345245830626,
    "CEPVR": 0.08505715841045182,
    "DA1": 0.35,
    "DA2": 0.3140161725067385,
    "DA3": 0.31931464174454827,
    "DA4": 0.32051282051282054,
    "DA5": 0.3576271186440678,
    "DA6": 0.3816568047337278,
    "DA7": 0.3409090909090909,
    "DA8": 0.26119402985074625,
    "DA9": 0.2610294117647059,
    "DB1": 0.2422867513611615,
    "DB2": 0.26336898395721925,
    "DB3": 0.2868632707774799,
    "DB4": 0.29603729603729606,
    "DB5": 0.424812030075188,
    "DB6": 0.4033816425120773,
    "DB7": 0.40066225165562913,
    "DD1": 0.24068767908309455,
    "DD2": 0.22273781902552203,
    "DD3": 0.2647058823529412,
    "DD4": 0.33114035087719296,
    "DD5": 0.4626865671641791,
    "DD6": 0.2619047619047619,
    "DVA": 0.1684831970935513,
    "DVB": 0.1206896551724138,
    "DVC": 0.21327849588719153,
    "FLPL": 0.3271375464684015,
    "FLPR": 0.345707656612529,
    "HSNL": 0.10864114992478689,
    "HSNR": 0.11064369658119658,
    "I1L": 0.32978723404255317,
    "I1R": 0.3390119250425894,
    "I2L": 0.4596774193548387,
    "I2R": 0.46271929824561403,
    "I3": 0.4390625,
    "I4": 0.46875,
    "I5": 0.5173913043478261,
    "I6": 0.46407185628742514,
    "IL1DL": 0.23728813559322035,
    "IL1DR": 0.22727272727272727,
    "IL1L": 0.22033898305084745,
    "IL1R": 0.2074235807860262,
    "IL1VL": 0.16766467065868262,
    "IL1VR": 0.18456375838926176,
    "IL2DL": 0.3538011695906433,
    "IL2DR": 0.3137254901960784,
    "IL2L": 0.31896551724137934,
    "IL2R": 0.2523364485981308,
    "IL2VL": 0.2532894736842105,
    "IL2VR": 0.23529411764705882,
    "LUAL": 0.2585034013605442,
    "LUAR": 0.3313953488372093,
    "M1": 0.37149532710280375,
    "M2L": 0.3921832884097035,
    "M2R": 0.47732997481108314,
    "M3L": 0.4584450402144772,
    "M3R": 0.47319034852546915,
    "M4": 0.497787610619469,
    "M5": 0.4349442379182156,
    "MCL": 0.4491525423728814,
    "MCR": 0.5020161290322581,
    "MI": 0.5227272727272727,
    "NSML": 0.11921097770154374,
    "NSMR": 0.11809350333940498,
    "OLLL": 0.23389830508474577,
    "OLLR": 0.19976635514018692,
    "OLQDL": 0.22787610619469026,
    "OLQDR": 0.23979591836734693,
    "OLQVL": 0.2054794520547945,
    "OLQVR": 0.2631578947368421,
    "PDA": 0.24152542372881355,
    "PDB": 0.25,
    "PDEL": 0.09729673239044102,
    "PDER": 0.10202440985164073,
    "PHAL": 0.25280898876404495,
    "PHAR": 0.22815533980582525,
    "PHBL": 0.42592592592592593,
    "PHBR": 0.24202127659574468,
    "PHCL": 0.27871621621621623,
    "PHCR": 0.3333333333333333,
    "PLML": 0.4358288770053476,
    "PLMR": 0.4040590405904059,
    "PLNL": 0.44155844155844154,
    "PLNR": 0.44761904761904764,
    "PQR": 0.3032128514056225,
    "PVCL": 0.1663099315068493,
    "PVCR": 0.1563151313047103,
    "PVDL": 0.37037037037037035,
    "PVDR": 0.4023809523809524,
    "PVM": 0.5,
    "PVNL": 0.21212121212121213,
    "PVNR": 0.20249520153550865,
    "PVPL": 0.19210977701543738,
    "PVPR": 0.18803418803418803,
    "PVQL": 0.2518703241895262,
    "PVQR": 0.1958393113342898,
    "PVR": 0.1669064748201439,
    "PVT": 0.2022274325908558,
    "PVWL": 0.28703703703703703,
    "PVWR": 0.45,
    "RIAL": 0.20554066130473636,
    "RIAR": 0.1891891891891892,
    "RIBL": 0.1921204072598495,
    "RIBR": 0.2202688728024819,
    "RICL": 0.13958534233365477,
    "RICR": 0.12053832650672908,
    "RID": 0.1987179487179487,
    "RIFL": 0.208955223880597,
    "RIFR": 0.27631578947368424,
    "RIGL": 0.14353448275862069,
    "RIGR": 0.1777059773828756,
    "RIH": 0.2365470852017937,
    "RIML": 0.09719867603132316,
    "RIMR": 0.10068418597418753,
    "RIPL": 0.1513157894736842,
    "RIPR": 0.0966183574879227,
    "RIR": 0.17196531791907516,
    "RIS": 0.26942740286298567,
    "RIVL": 0.3163265306122449,
    "RIVR": 0.23902439024390243,
    "RMDDL": 0.28804347826086957,
    "RMDDR": 0.23873873873873874,
    "RMDL": 0.2636363636363636,
    "RMDR": 0.26846846846846845,
    "RMDVL": 0.24283765347885403,
    "RMDVR": 0.18237704918032788,
    "RMED": 0.19678714859437751,
    "RMEL": 0.2292576419213974,
    "RMER": 0.2342857142857143,
    "RMEV": 0.19119878603945373,
    "RMFL": 0.2463768115942029,
    "RMFR": 0.38529411764705884,
    "RMGL": 0.11616161616161616,
    "RMGR": 0.13317757009345793,
    "RMHL": 0.36436170212765956,
    "RMHR": 0.21610169491525424,
    "SAADL": 0.16990291262135923,
    "SAADR": 0.20198675496688742,
    "SAAVL": 0.183206106870229,
    "SAAVR": 0.21839080459770116,
    "SABD": 0.34563758389261745,
    "SABVL": 0.31845238095238093,
    "SABVR": 0.4017857142857143,
    "SDQL": 0.1796116504854369,
    "SDQR": 0.1902834008097166,
    "SIADL": 0.46153846153846156,
    "SIADR": 0.55,
    "SIAVL": 0.38333333333333336,
    "SIAVR": 0.34615384615384615,
    "SIBDL": 0.49514563106796117,
    "SIBDR": 0.38333333333333336,
    "SIBVL": 0.2804878048780488,
    "SIBVR": 0.3303964757709251,
    "SMBDL": 0.12751677852348994,
    "SMBDR": 0.20631067961165048,
    "SMBVL": 0.0703125,
    "SMBVR": 0.14204545454545456,
    "SMDDL": 0.28144654088050314,
    "SMDDR": 0.20862470862470864,
    "SMDVL": 0.26549865229110514,
    "SMDVR": 0.2634069400630915,
    "URADL": 0.2619047619047619,
    "URADR": 0.20833333333333334,
    "URAVL": 0.4,