{
  "clustering_coefficients": {
    "ADAL": 0.1941860465116279,
    "ADAR": 0.19047619047619047,
    "ADEL": 0.08902216734285882,
    "ADER": 0.09559100615500565,
    "ADFL": 0.06584412411434155,
    "ADFR": 0.06813417190775681,
    "ADLL": 0.23882113821138212,
    "ADLR": 0.23076923076923078,
    "AFDL": 0.2897727272727273,
    "AFDR": 0.24509803921568626,
    "AIAL": 0.24025974025974026,
    "AIAR": 0.23548387096774193,
    "AIBL": 0.16996047430830039,
    "AIBR": 0.18959636156907334,
    "AIML": 0.26406926406926406,
    "AIMR": 0.3,
    "AINL": 0.23648648648648649,
    "AINR": 0.17424242424242425,
    "AIYL": 0.3,
    "AIYR": 0.2967914438502674,
    "AIZL": 0.2488,
    "AIZR": 0.25,
    "ALA": 0.24285714285714285,
    "ALML": 0.23655913978494625,
    "ALMR": 0.3915441176470588,
    "ALNL": 0.300531914893617,
    "ALNR": 0.31871345029239767,
    "AQR": 0.2851758793969849,
    "AS1": 0.36824324324324326,
    "AS10": 0.441747572815534,
    "AS11": 0.2980132450331126,
    "AS2": 0.3309178743961353,
    "AS3": 0.34121621621621623,
    "AS4": 0.37407407407407406,
    "AS5": 0.36996336996337,
    "AS6": 0.4067796610169492,
    "AS7": 0.4489247311827957,
    "AS8": 0.5116279069767442,
    "AS9": 0.26704545454545453,
    "ASEL": 0.24133663366336633,
    "ASER": 0.2375,
    "ASGL": 0.3201754385964912,
    "ASGR": 0.2857142857142857,
    "ASHL": 0.2651975683890577,
    "ASHR": 0.2282793867120954,
    "ASIL": 0.3093220338983051,
    "ASIR": 0.37640449438202245,
    "ASJL": 0.4230769230769231,
    "ASJR": 0.45,
    "ASKL": 0.31186440677966104,
    "ASKR": 0.33236994219653176,
    "AUAL": 0.22118380062305296,
    "AUAR": 0.2336448598130841,
    "AVAL": 0.09674145901454505,
    "AVAR": 0.11491587575496118,
    "AVBL": 0.11728060671722644,
    "AVBR": 0.11174345076784101,
    "AVDL": 0.17412746585735964,
    "AVDR": 0.1519280205655527,
    "AVEL": 0.17011677282377918,
    "AVER": 0.16649537512846865,
    "AVFL": 0.3010899182561308,
    "AVFR": 0.24883720930232558,
    "AVG": 0.20404984423676012,
    "AVHL": 0.21168582375478928,
    "AVHR": 0.21645367412140576,
    "AVJL": 0.25793991416309014,
    "AVJR": 0.2622249388753056,
    "AVKL": 0.19646799116997793,
    "AVKR": 0.23321234119782214,
    "AVL": 0.16260744985673353,
    "AVM": 0.23066666666666666,
    "AWAL": 0.19047619047619047,
    "AWAR": 0.20540540540540542,
    "AWBL": 0.26936026936026936,
    "AWBR": 0.2325268817204301,
    "AWCL": 0.3473053892215569,
    "AWCR": 0.375,
    "BAGL": 0.31137724550898205,
    "BAGR": 0.2891566265060241,
    "BDUL": 0.19230769230769232,
    "BDUR": 0.27941176470588236,
    "CANL": 0.5138888888888888,
    "CANR": 0.5555555555555556,
    "CEPDL": 0.09670366633030608,
    "CEPDR": 0.08244864627175073,
    "CEPVL": 0.09102998869605691,
    "CEPVR": 0.10387710314557425,
    "DA1": 0.32790224032586557,
    "DA2": 0.2857142857142857,
    "DA3": 0.31218905472636815,
    "DA4": 0.3467741935483871,
    "DA5": 0.3673913043478261,
    "DA6": 0.34831460674157305,
    "DA7": 0.4659090909090909,
    "DA8": 0.2798507462686567,
    "DA9": 0.2616822429906542,
    "DB1": 0.27903225806451615,
    "DB2": 0.29411764705882354,
    "DB3": 0.3048,
    "DB4": 0.3028322440087146,
    "DB5": 0.47435897435897434,
    "DB6": 0.3647342995169082,
    "DB7": 0.39552238805970147,
    "DD1": 0.27853260869565216,
    "DD2": 0.2546531302876481,
    "DD3": 0.2708978328173375,
    "DD4": 0.3684210526315789,
    "DD5": 0.46153846153846156,
    "DD6": 0.3202614379084967,
    "DVA": 0.16168410563029398,
    "DVB": 0.1206896551724138,
    "DVC": 0.22448979591836735,
    "FLPL": 0.3318777292576419,
    "FLPR": 0.34759358288770054,
    "HSNL": 0.12516325642141923,
    "HSNR": 0.10806618407445709,
    "I1L": 0.318259385665529,
    "I1R": 0.3430913348946136,
    "I2L": 0.4066666666666667,
    "I2R": 0.43103448275862066,
    "I3": 0.4391891891891892,
    "I4": 0.39361702127659576,
    "I5": 0.4956521739130435,
    "I6": 0.33532934131736525,
    "IL1DL": 0.26744186046511625,
    "IL1DR": 0.2181208053691275,
    "IL1L": 0.22761194029850745,
    "IL1R": 0.20985401459854014,
    "IL1VL": 0.21140939597315436,
    "IL1VR": 0.24731182795698925,
    "IL2DL": 0.391304347826087,
    "IL2DR": 0.3701923076923077,
    "IL2L": 0.2717391304347826,
    "IL2R": 0.21296296296296297,
    "IL2VL": 0.33285714285714285,
    "IL2VR": 0.29365079365079366,
    "LUAL": 0.2391304347826087,
    "LUAR": 0.3709677419354839,
    "M1": 0.30451127819548873,
    "M2L": 0.40955631399317405,
    "M2R": 0.4067982456140351,
    "M3L": 0.4168900804289544,
    "M3R": 0.4421965317919075,
    "M4": 0.47317073170731705,
    "M5": 0.453551912568306,
    "MCL": 0.4151291512915129,
    "MCR": 0.5120481927710844,
    "MI": 0.5227272727272727,
    "NSML": 0.1093253597458419,
    "NSMR": 0.1167950128346168,
    "OLLL": 0.2774566473988439,
    "OLLR": 0.22597137014314927,
    "OLQDL": 0.21987951807228914,
    "OLQDR": 0.22037037037037038,
    "OLQVL": 0.23648648648648649,
    "OLQVR": 0.2805232558139535,
    "PDA": 0.3537117903930131,
    "PDB": 0.25,
    "PDEL": 0.08781254678844139,
    "PDER": 0.0968944099378882,
    "PHAL": 0.2303370786516854,
    "PHAR": 0.18421052631578946,
    "PHBL": 0.33076923076923076,
    "PHBR": 0.2847682119205298,
    "PHCL": 0.31451612903225806,
    "PHCR": 0.35507246376811596,
    "PLML": 0.38345864661654133,
    "PLMR": 0.3901098901098901,
    "PLNL": 0.33766233766233766,
    "PLNR": 0.4338235294117647,
    "PQR": 0.29515418502202645,
    "PVCL": 0.16946842344388915,
    "PVCR": 0.16006669445602334,
    "PVDL": 0.36554621848739494,
    "PVDR": 0.3888888888888889,
    "PVM": 0.43548387096774194,
    "PVNL": 0.21212121212121213,
    "PVNR": 0.19865642994241842,
    "PVPL": 0.19210977701543738,
    "PVPR": 0.20170940170940171,
    "PVQL": 0.26184538653366585,
    "PVQR": 0.23126614987080105,
    "PVR": 0.1697841726618705,
    "PVT": 0.2110445205479452,
    "PVWL": 0.28703703703703703,
    "PVWR": 0.45,
    "RIAL": 0.2287121745249824,
    "RIAR": 0.1850828729281768,
    "RIBL": 0.20343367826904987,
    "RIBR": 0.22355769230769232,
    "RICL": 0.15039787798408488,
    "RICR": 0.17133204633204632,
    "RID": 0.1833616298811545,
    "RIFL": 0.19402985074626866,
    "RIFR": 0.27631578947368424,
    "RIGL": 0.15,
    "RIGR": 0.17609046849757673,
    "RIH": 0.2365470852017937,
    "RIML": 0.10713102534371377,
    "RIMR": 0.10375478316326531,
    "RIPL": 0.14473684210526316,
    "RIPR": 0.10386473429951691,
    "RIR": 0.16618497109826588,
    "RIS": 0.28533190578158457,
    "RIVL": 0.3231292517006803,
    "RIVR": 0.24634146341463414,
    "RMDDL": 0.2709302325581395,
    "RMDDR": 0.23783783783783785,
    "RMDL": 0.2529711375212224,
    "RMDR": 0.2614601018675722,
    "RMDVL": 0.2395498392282958,
    "RMDVR": 0.20437566702241194,
    "RMED": 0.1774193548387097,
    "RMEL": 0.26419213973799127,
    "RMER": 0.2157190635451505,
    "RMEV": 0.14875239923224567,
    "RMFL": 0.27011494252873564,
    "RMFR": 0.4411764705882353,
    "RMGL": 0.10966810966810966,
    "RMGR": 0.1308411214953271,
    "RMHL": 0.31125827814569534,
    "RMHR": 0.2978723404255319,
    "SAADL": 0.1553398058252427,
    "SAADR": 0.20198675496688742,
    "SAAVL": 0.183206106870229,
    "SAAVR": 0.21839080459770116,
    "SABD": 0.34628378378378377,
    "SABVL": 0.42045454545454547,
    "SABVR": 0.43137254901960786,
    "SDQL": 0.18446601941747573,
    "SDQR": 0.2465986394557823,
    "SIADL": 0.5084033613445378,
    "SIADR": 0.48739495798319327,
    "SIAVL": 0.3355263157894737,
    "SIAVR": 0.37815126050420167,
    "SIBDL": 0.5234375,
    "SIBDR": 0.3247863247863248,
    "SIBVL": 0.3252212389380531,
    "SIBVR": 0.3373493975903614,
    "SMBDL": 0.12080536912751678,
    "SMBDR": 0.21359223300970873,
    "SMBVL": 0.0859375,
    "SMBVR": 0.13636363636363635,
    "SMDDL": 0.28706199460916443,
    "SMDDR": 0.2202797202797203,
    "SMDVL": 0.26308139534883723,
    "SMDVR": 0.26384839650145775,
    "URADL": 0.2619047619047619,
    "URADR": 0.2222222222222222,
    "URAVL": 0.36666666666666664,