{
  "clustering_coefficients": {
    "ADAL": 0.18604651162790697,
    "ADAR": 0.18170426065162906,
    "ADEL": 0.0983534254630991,
    "ADER": 0.09863311587449518,
    "ADFL": 0.06394669160626608,
    "ADFR": 0.04870069171807814,
    "ADLL": 0.23091603053435114,
    "ADLR": 0.25787965616045844,
    "AFDL": 0.2980769230769231,
    "AFDR": 0.22666666666666666,
    "AIAL": 0.21646341463414634,
    "AIAR": 0.24047186932849365,
    "AIBL": 0.17339055793991417,
    "AIBR": 0.17266187050359713,
    "AIML": 0.2488425925925926,
    "AIMR": 0.3105590062111801,
    "AINL": 0.1554054054054054,
    "AINR": 0.17424242424242425,
    "AIYL": 0.26456876456876455,
    "AIYR": 0.31412103746397696,
    "AIZL": 0.23978819969742815,
    "AIZR": 0.25303030303030305,
    "ALA": 0.2,
    "ALML": 0.23815461346633415,
    "ALMR": 0.3770053475935829,
    "ALNL": 0.21348314606741572,
    "ALNR": 0.2730263157894737,
    "AQR": 0.2851758793969849,
    "AS1": 0.3644859813084112,
    "AS10": 0.4322033898305085,
    "AS11": 0.3296943231441048,
    "AS2": 0.2633333333333333,
    "AS3": 0.3357348703170029,
    "AS4": 0.3968253968253968,
    "AS5": 0.35858585858585856,
    "AS6": 0.4297297297297297,
    "AS7": 0.5472972972972973,
    "AS8": 0.441747572815534,
    "AS9": 0.3522727272727273,
    "ASEL": 0.23850574712643677,
    "ASER": 0.24421965317919075,
    "ASGL": 0.364,
    "ASGR": 0.26,
    "ASHL": 0.2710727969348659,
    "ASHR": 0.22661870503597123,
    "ASIL": 0.3557692307692308,
    "ASIR": 0.3813559322033898,
    "ASJL": 0.40384615384615385,
    "ASJR": 0.4,
    "ASKL": 0.30348837209302326,
    "ASKR": 0.3440677966101695,
    "AUAL": 0.24324324324324326,
    "AUAR": 0.21621621621621623,
    "AVAL": 0.09662870673131131,
    "AVAR": 0.11696505608283003,
    "AVBL": 0.13293846660085554,
    "AVBR": 0.12964433153382027,
    "AVDL": 0.17412746585735964,
    "AVDR": 0.1519280205655527,
    "AVEL": 0.17170912951167727,
    "AVER": 0.1695786228160329,
    "AVFL": 0.3103186646433991,
    "AVFR": 0.28554778554778554,
    "AVG": 0.20404984423676012,
    "AVHL": 0.19827586206896552,
    "AVHR": 0.18781094527363185,
    "AVJL": 0.26007162041181736,
    "AVJR": 0.24821683309557774,
    "AVKL": 0.1927888153053716,
    "AVKR": 0.22050816696914702,
    "AVL": 0.18138586956521738,
    "AVM": 0.2771565495207668,
    "AWAL": 0.19047619047619047,
    "AWAR": 0.20810810810810812,
    "AWBL": 0.2878787878787879,
    "AWBR": 0.23655913978494625,
    "AWCL": 0.3422818791946309,
    "AWCR": 0.3532934131736527,
    "BAGL": 0.33532934131736525,
    "BAGR": 0.2903225806451613,
    "BDUL": 0.18803418803418803,
    "BDUR": 0.29518072289156627,
    "CANL": 0.40476190476190477,
    "CANR": 0.5824175824175825,
    "CEPDL": 0.0851619644723093,
    "CEPDR": 0.09329221279876639,
    "CEPVL": 0.0923893421907719,
    "CEPVR": 0.09782023681377826,
    "DA1": 0.32439678284182305,
    "DA2": 0.27838427947598254,
    "DA3": 0.32866043613707163,
    "DA4": 0.3239247311827957,
    "DA5": 0.39322033898305087,
    "DA6": 0.3708609271523179,
    "DA7": 0.3769230769230769,
    "DA8": 0.30597014925373134,
    "DA9": 0.26947040498442365,
    "DB1": 0.24047186932849365,
    "DB2": 0.30743243243243246,
    "DB3": 0.3048,
    "DB4": 0.3536231884057971,
    "DB5": 0.44919786096256686,
    "DB6": 0.5267857142857143,
    "DB7": 0.4533898305084746,
    "DD1": 0.24283667621776503,
    "DD2": 0.25755287009063443,
    "DD3": 0.23529411764705882,
    "DD4": 0.27976190476190477,
    "DD5": 0.3843283582089552,
    "DD6": 0.3447368421052632,
    "DVA": 0.176056338028169,
    "DVB": 0.1206896551724138,
    "DVC": 0.19764837625979842,
    "FLPL": 0.3374233128834356,
    "FLPR": 0.3663101604278075,
    "HSNL": 0.11192514144784564,
    "HSNR": 0.09902214229515567,
    "I1L": 0.30952380952380953,
    "I1R": 0.30357142857142855,
    "I2L": 0.4170731707317073,
    "I2R": 0.40131578947368424,
    "I3": 0.411864406779661,
    "I4": 0.39037433155080214,
    "I5": 0.4826086956521739,
    "I6": 0.4222972972972973,
    "IL1DL": 0.1918918918918919,
    "IL1DR": 0.22844827586206898,
    "IL1L": 0.257396449704142,
    "IL1R": 0.27103960396039606,
    "IL1VL": 0.1856060606060606,
    "IL1VR": 0.2647058823529412,
    "IL2DL": 0.32748538011695905,
    "IL2DR": 0.3067226890756303,
    "IL2L": 0.2859195402298851,
    "IL2R": 0.2695417789757412,
    "IL2VL": 0.28708133971291866,
    "IL2VR": 0.2717391304347826,
    "LUAL": 0.24019607843137256,
    "LUAR": 0.3185840707964602,
    "M1": 0.3380503144654088,
    "M2L": 0.42936802973977695,
    "M2R": 0.4067982456140351,
    "M3L": 0.41823056300268097,
    "M3R": 0.4668141592920354,
    "M4": 0.48672566371681414,
    "M5": 0.47767857142857145,
    "MCL": 0.4022140221402214,
    "MCR": 0.41875,
    "MI": 0.5227272727272727,
    "NSML": 0.11565906838453915,
    "NSMR": 0.09729369163331428,
    "OLLL": 0.25578034682080925,
    "OLLR": 0.21144859813084113,
    "OLQDL": 0.20783132530120482,
    "OLQDR": 0.2536231884057971,
    "OLQVL": 0.25175644028103045,
    "OLQVR": 0.29625,
    "PDA": 0.3079470198675497,
    "PDB": 0.25,
    "PDEL": 0.08983652637029366,
    "PDER": 0.10019732514799386,
    "PHAL": 0.28807947019867547,
    "PHAR": 0.20394736842105263,
    "PHBL": 0.4230769230769231,
    "PHBR": 0.27007299270072993,
    "PHCL": 0.30574324324324326,
    "PHCR": 0.3162393162393162,
    "PLML": 0.32432432432432434,
    "PLMR": 0.39739884393063585,
    "PLNL": 0.2714285714285714,
    "PLNR": 0.3111111111111111,
    "PQR": 0.27312775330396477,
    "PVCL": 0.17442827442827444,
    "PVCR": 0.1696461824953445,
    "PVDL": 0.33223684210526316,
    "PVDR": 0.37916666666666665,
    "PVM": 0.5,
    "PVNL": 0.21212121212121213,
    "PVNR": 0.20249520153550865,
    "PVPL": 0.19210977701543738,
    "PVPR": 0.18974358974358974,
    "PVQL": 0.2703016241299304,
    "PVQR": 0.2280361757105943,
    "PVR": 0.1683453237410072,
    "PVT": 0.17857142857142858,
    "PVWL": 0.28703703703703703,
    "PVWR": 0.45,
    "RIAL": 0.23359683794466404,
    "RIAR": 0.20639943741209563,
    "RIBL": 0.19731890874882407,
    "RIBR": 0.22252898950855882,
    "RICL": 0.1407960199004975,
    "RICR": 0.16940509915014165,
    "RID": 0.1840958605664488,
    "RIFL": 0.19776119402985073,
    "RIFR": 0.2807017543859649,
    "RIGL": 0.1418103448275862,
    "RIGR": 0.172859450726979,
    "RIH": 0.24495515695067266,
    "RIML": 0.09753506162345942,
    "RIMR": 0.0984769954549079,
    "RIPL": 0.1425438596491228,
    "RIPR": 0.10144927536231885,
    "RIR": 0.16618497109826588,
    "RIS": 0.29423264907135877,
    "RIVL": 0.3435374149659864,
    "RIVR": 0.24878048780487805,
    "RMDDL": 0.29124236252545826,
    "RMDDR": 0.2585585585585586,
    "RMDL": 0.2998565279770445,
    "RMDR": 0.2833572453371593,
    "RMDVL": 0.24481865284974094,
    "RMDVR": 0.21243169398907105,
    "RMED": 0.23529411764705882,
    "RMEL": 0.25240384615384615,
    "RMER": 0.2508361204013378,
    "RMEV": 0.19347496206373294,
    "RMFL": 0.23684210526315788,
    "RMFR": 0.4388888888888889,
    "RMGL": 0.11688311688311688,
    "RMGR": 0.13200934579439252,
    "RMHL": 0.28106508875739644,
    "RMHR": 0.21844660194174756,
    "SAADL": 0.16019417475728157,
    "SAADR": 0.18874172185430463,
    "SAAVL": 0.16030534351145037,
    "SAAVR": 0.20114942528735633,
    "SABD": 0.2971887550200803,
    "SABVL": 0.3533834586466165,
    "SABVR": 0.37280701754385964,
    "SDQL": 0.21844660194174756,
    "SDQR": 0.24708624708624707,
    "SIADL": 0.4461538461538462,
    "SIADR": 0.5148148148148148,
    "SIAVL": 0.3651315789473684,
    "SIAVR": 0.28991596638655465,
    "SIBDL": 0.5056179775280899,
    "SIBDR": 0.3983957219251337,
    "SIBVL": 0.31891891891891894,
    "SIBVR": 0.27419354838709675,
    "SMBDL": 0.12080536912751678,
    "SMBDR": 0.21359223300970873,
    "SMBVL": 0.0625,
    "SMBVR": 0.13636363636363635,
    "SMDDL": 0.2688953488372093,
    "SMDDR": 0.28183361629881154,
    "SMDVL": 0.26965065502183405,
    "SMDVR": 0.2630597014925373,
    "URADL": 0.23809523809523808,
    "URADR": 0.2361111111111111,