{
  "clustering_coefficients": {
    "ADAL": 0.1813953488372093,
    "ADAR": 0.19047619047619047,
    "ADEL": 0.09701996927803379,
    "ADER": 0.09507211538461538,
    "ADFL": 0.07180406212664277,
    "ADFR": 0.06811421772754313,
    "ADLL": 0.21800433839479394,
    "ADLR": 0.24817518248175183,
    "AFDL": 0.30666666666666664,
    "AFDR": 0.24,
    "AIAL": 0.2660493827160494,
    "AIAR": 0.2620967741935484,
    "AIBL": 0.16692015209125474,
    "AIBR": 0.16858887381275442,
    "AIML": 0.24746450304259635,
    "AIMR": 0.2639751552795031,
    "AINL": 0.22297297297297297,
    "AINR": 0.17424242424242425,
    "AIYL": 0.2935656836461126,
    "AIYR": 0.3315508021390374,
    "AIZL": 0.27346938775510204,
    "AIZR": 0.26021180030257185,
    "ALA": 0.21428571428571427,
    "ALML": 0.2425,
    "ALMR": 0.3181818181818182,
    "ALNL": 0.2330508474576271,
    "ALNR": 0.2833333333333333,
    "AQR": 0.2851758793969849,
    "AS1": 0.3534136546184739,
    "AS10": 0.4157303370786517,
    "AS11": 0.2574626865671642,
    "AS2": 0.3602693602693603,
    "AS3": 0.3654618473895582,
    "AS4": 0.34539473684210525,
    "AS5": 0.3333333333333333,
    "AS6": 0.3870967741935484,
    "AS7": 0.45302013422818793,
    "AS8": 0.47191011235955055,
    "AS9": 0.3284313725490196,
    "ASEL": 0.2629310344827586,
    "ASER": 0.27608695652173915,
    "ASGL": 0.32887700534759357,
    "ASGR": 0.3433333333333333,
    "ASHL": 0.28330658105939005,
    "ASHR": 0.22478386167146974,
    "ASIL": 0.33146067415730335,
    "ASIR": 0.39325842696629215,
    "ASJL": 0.36538461538461536,
    "ASJR": 0.425,
    "ASKL": 0.2830508474576271,
    "ASKR": 0.29322033898305083,
    "AUAL": 0.21507352941176472,
    "AUAR": 0.23919308357348704,
    "AVAL": 0.09505017476603901,
    "AVAR": 0.11518550474547024,
    "AVBL": 0.1107149559016701,
    "AVBR": 0.10757045496408178,
    "AVDL": 0.17412746585735964,
    "AVDR": 0.15295629820051415,
    "AVEL": 0.16215498938428874,
    "AVER": 0.1657245632065776,
    "AVFL": 0.290990990990991,
    "AVFR": 0.280040733197556,
    "AVG": 0.20404984423676012,
    "AVHL": 0.21171171171171171,
    "AVHR": 0.20317220543806647,
    "AVJL": 0.2528830313014827,
    "AVJR": 0.24154262516914748,
    "AVKL": 0.18690213392200147,
    "AVKR": 0.23321234119782214,
    "AVL": 0.19042316258351893,
    "AVM": 0.25,
    "AWAL": 0.19047619047619047,
    "AWAR": 0.20270270270270271,
    "AWBL": 0.25274725274725274,
    "AWBR": 0.24183006535947713,
    "AWCL": 0.348993288590604,
    "AWCR": 0.3922413793103448,
    "BAGL": 0.3143712574850299,
    "BAGR": 0.27181208053691275,
    "BDUL": 0.20134228187919462,
    "BDUR": 0.2680722891566265,
    "CANL": 0.6190476190476191,
    "CANR": 0.5416666666666666,
    "CEPDL": 0.09940855323020928,
    "CEPDR": 0.08452449018486755,
    "CEPVL": 0.09575336872192731,
    "CEPVR": 0.0880755032388382,
    "DA1": 0.3096514745308311,
    "DA2": 0.2903885480572597,
    "DA3": 0.3420398009950249,
    "DA4": 0.3448275862068966,
    "DA5": 0.3487903225806452,
    "DA6": 0.4104803493449782,
    "DA7": 0.38571428571428573,
    "DA8": 0.2485207100591716,
    "DA9": 0.30547550432276654,
    "DB1": 0.2323049001814882,
    "DB2": 0.3115264797507788,
    "DB3": 0.26577437858508607,
    "DB4": 0.31851851851851853,
    "DB5": 0.4523809523809524,
    "DB6": 0.4166666666666667,
    "DB7": 0.3343195266272189,
    "DD1": 0.26348920863309355,
    "DD2": 0.24361022364217252,
    "DD3": 0.2336244541484716,
    "DD4": 0.28609625668449196,
    "DD5": 0.40532544378698226,
    "DD6": 0.3300653594771242,
    "DVA": 0.16984559491371481,
    "DVB": 0.1206896551724138,
    "DVC": 0.21989795918367347,
    "FLPL": 0.3149284253578732,
    "FLPR": 0.32926829268292684,
    "HSNL": 0.09428182437031994,
    "HSNR": 0.11461162411732755,
    "I1L": 0.34459459459459457,
    "I1R": 0.3023850085178876,
    "I2L": 0.41810344827586204,
    "I2R": 0.4274193548387097,
    "I3": 0.42379679144385024,
    "I4": 0.37748344370860926,
    "I5": 0.49130434782608695,
    "I6": 0.42718446601941745,
    "IL1DL": 0.23726541554959785,
    "IL1DR": 0.22413793103448276,
    "IL1L": 0.2689243027888446,
    "IL1R": 0.23638968481375358,
    "IL1VL": 0.14655172413793102,
    "IL1VR": 0.18456375838926176,
    "IL2DL": 0.28095238095238095,
    "IL2DR": 0.3076923076923077,
    "IL2L": 0.3275862068965517,
    "IL2R": 0.20446096654275092,
    "IL2VL": 0.2826086956521739,
    "IL2VR": 0.3014354066985646,
    "LUAL": 0.25980392156862747,
    "LUAR": 0.34054054054054056,
    "M1": 0.32706766917293234,
    "M2L": 0.43080357142857145,
    "M2R": 0.43567251461988304,
    "M3L": 0.4222520107238606,
    "M3R": 0.40523690773067333,
    "M4": 0.4479768786127168,
    "M5": 0.49390243902439024,
    "MCL": 0.43352601156069365,
    "MCR": 0.4495967741935484,
    "MI": 0.5227272727272727,
    "NSML": 0.12259294566253574,
    "NSMR": 0.10272536687631027,
    "OLLL": 0.2630057803468208,
    "OLLR": 0.23320537428023033,
    "OLQDL": 0.24054054054054055,
    "OLQDR": 0.2111111111111111,
    "OLQVL": 0.24282786885245902,
    "OLQVR": 0.2775,
    "PDA": 0.34574468085106386,
    "PDB": 0.25,
    "PDEL": 0.09350855657448191,
    "PDER": 0.09480667712940505,
    "PHAL": 0.23786407766990292,
    "PHAR": 0.2087378640776699,
    "PHBL": 0.33076923076923076,
    "PHBR": 0.2966101694915254,
    "PHCL": 0.30218068535825543,
    "PHCR": 0.3409090909090909,
    "PLML": 0.3103448275862069,
    "PLMR": 0.41594202898550725,
    "PLNL": 0.3181818181818182,
    "PLNR": 0.3472222222222222,
    "PQR": 0.2881844380403458,
    "PVCL": 0.16328502415458937,
    "PVCR": 0.16759776536312848,
    "PVDL": 0.37566137566137564,
    "PVDR": 0.45751633986928103,
    "PVM": 0.46774193548387094,
    "PVNL": 0.21212121212121213,
    "PVNR": 0.20249520153550865,
    "PVPL": 0.19210977701543738,
    "PVPR": 0.19401709401709402,
    "PVQL": 0.25311720698254364,
    "PVQR": 0.21834625322997417,
    "PVR": 0.16402877697841728,
    "PVT": 0.20837390457643623,
    "PVWL": 0.28703703703703703,
    "PVWR": 0.45,
    "RIAL": 0.21288014311270126,
    "RIAR": 0.21715328467153286,
    "RIBL": 0.19566179725542276,
    "RIBR": 0.22052740434332987,
    "RICL": 0.14838178826110807,
    "RICR": 0.13242424242424242,
    "RID": 0.17207207207207206,
    "RIFL": 0.1865671641791045,
    "RIFR": 0.2916666666666667,
    "RIGL": 0.1478448275862069,
    "RIGR": 0.172859450726979,
    "RIH": 0.2382286995515695,
    "RIML": 0.10627899271040424,
    "RIMR": 0.10754876363077868,
    "RIPL": 0.15570175438596492,
    "RIPR": 0.10144927536231885,
    "RIR": 0.1676300578034682,
    "RIS": 0.2757009345794392,
    "RIVL": 0.3299319727891156,
    "RIVR": 0.24634146341463414,
    "RMDDL": 0.2820267686424474,
    "RMDDR": 0.25891341256366723,
    "RMDL": 0.2801358234295416,
    "RMDR": 0.27297297297297296,
    "RMDVL": 0.2592087312414734,
    "RMDVR": 0.20774647887323944,
    "RMED": 0.23208722741433022,
    "RMEL": 0.27510917030567683,
    "RMER": 0.20434782608695654,
    "RMEV": 0.14621676891615543,
    "RMFL": 0.28,
    "RMFR": 0.4309210526315789,
    "RMGL": 0.11616161616161616,
    "RMGR": 0.13200934579439252,
    "RMHL": 0.34615384615384615,
    "RMHR": 0.28191489361702127,
    "SAADL": 0.1650485436893204,
    "SAADR": 0.17880794701986755,
    "SAAVL": 0.1984732824427481,
    "SAAVR": 0.21839080459770116,
    "SABD": 0.3562874251497006,
    "SABVL": 0.39705882352941174,
    "SABVR": 0.48,
    "SDQL": 0.1796116504854369,
    "SDQR": 0.25125,
    "SIADL": 0.45,
    "SIADR": 0.5277777777777778,
    "SIAVL": 0.4,
    "SIAVR": 0.38461538461538464,
    "SIBDL": 0.5390625,
    "SIBDR": 0.3431372549019608,
    "SIBVL": 0.29491525423728815,
    "SIBVR": 0.3433734939759036,
    "SMBDL": 0.12751677852348994,
    "SMBDR": 0.19902912621359223,
    "SMBVL": 0.0859375,
    "SMBVR": 0.13068181818181818,
    "SMDDL": 0.32437619961612285,
    "SMDDR": 0.26340996168582376,
    "SMDVL": 0.30415162454873645,
    "SMDVR": 0.27696793002915454,
    "URADL": 0.2857142857142857,
    "URADR": 0.2222222222222222,
    "URAVL": 0.4,