{
  "clustering_coefficients": {
    "ADAL": 0.18023255813953487,
    "ADAR": 0.18170426065162906,
    "ADEL": 0.08921778411792677,
    "ADER": 0.09172396067596222,
    "ADFL": 0.060239491691104596,
    "ADFR": 0.07289719626168224,
    "ADLL": 0.18872017353579176,
    "ADLR": 0.2422360248447205,
    "AFDL": 0.31359649122807015,
    "AFDR": 0.23809523809523808,
    "AIAL": 0.21819425444596444,
    "AIAR": 0.2675213675213675,
    "AIBL": 0.1659802306425041,
    "AIBR": 0.15716374269005848,
    "AIML": 0.2533783783783784,
    "AIMR": 0.281055900621118,
    "AINL": 0.22297297297297297,
    "AINR": 0.17424242424242425,
    "AIYL": 0.27246376811594203,
    "AIYR": 0.31647398843930635,
    "AIZL": 0.23557692307692307,
    "AIZR": 0.2556732223903177,
    "ALA": 0.2,
    "ALML": 0.2325,
    "ALMR": 0.31666666666666665,
    "ALNL": 0.22330097087378642,
    "ALNR": 0.2735294117647059,
    "AQR": 0.2851758793969849,
    "AS1": 0.3192771084337349,
    "AS10": 0.4044943820224719,
    "AS11": 0.33112582781456956,
    "AS2": 0.3399122807017544,
    "AS3": 0.35669781931464173,
    "AS4": 0.35294117647058826,
    "AS5": 0.3048245614035088,
    "AS6": 0.3339483394833948,
    "AS7": 0.45977011494252873,
    "AS8": 0.470873786407767,
    "AS9": 0.35333333333333333,
    "ASEL": 0.25077399380804954,
    "ASER": 0.2801147227533461,
    "ASGL": 0.3233082706766917,
    "ASGR": 0.32367149758454106,
    "ASHL": 0.2392638036809816,
    "ASHR": 0.2302158273381295,
    "ASIL": 0.3431952662721893,
    "ASIR": 0.39893617021276595,
    "ASJL": 0.34615384615384615,
    "ASJR": 0.375,
    "ASKL": 0.3,
    "ASKR": 0.2661290322580645,
    "AUAL": 0.2727272727272727,
    "AUAR": 0.26102088167053367,
    "AVAL": 0.09516292704927275,
    "AVAR": 0.11567083692838653,
    "AVBL": 0.11299272866437046,
    "AVBR": 0.10883977900552486,
    "AVDL": 0.17412746585735964,
    "AVDR": 0.14858611825192802,
    "AVEL": 0.16109341825902335,
    "AVER": 0.16495375128468653,
    "AVFL": 0.2897800776196636,
    "AVFR": 0.2922661870503597,
    "AVG": 0.20404984423676012,
    "AVHL": 0.21153846153846154,
    "AVHR": 0.18876080691642652,
    "AVJL": 0.25693822739480754,
    "AVJR": 0.23109843081312412,
    "AVKL": 0.19315673289183222,
    "AVKR": 0.2159709618874773,
    "AVL": 0.19606801275239108,
    "AVM": 0.22805343511450382,
    "AWAL": 0.19047619047619047,
    "AWAR": 0.20810810810810812,
    "AWBL": 0.26791277258566976,
    "AWBR": 0.2710727969348659,
    "AWCL": 0.34139784946236557,
    "AWCR": 0.3300970873786408,
    "BAGL": 0.3203592814371258,
    "BAGR": 0.29283489096573206,
    "BDUL": 0.1590909090909091,
    "BDUR": 0.2849462365591398,
    "CANL": 0.5,
    "CANR": 0.5075757575757576,
    "CEPDL": 0.08045212765957446,
    "CEPDR": 0.08425265706982375,
    "CEPVL": 0.09655245346869712,
    "CEPVR": 0.08592278719397363,
    "DA1": 0.3598265895953757,
    "DA2": 0.3208020050125313,
    "DA3": 0.35962566844919786,
    "DA4": 0.3093681917211329,
    "DA5": 0.3850806451612903,
    "DA6": 0.3757396449704142,
    "DA7": 0.375,
    "DA8": 0.30528846153846156,
    "DA9": 0.2834890965732087,
    "DB1": 0.24871794871794872,
    "DB2": 0.2702702702702703,
    "DB3": 0.3072,
    "DB4": 0.3006535947712418,
    "DB5": 0.49572649572649574,
    "DB6": 0.4106280193236715,
    "DB7": 0.3474576271186441,
    "DD1": 0.2664,
    "DD2": 0.2459349593495935,
    "DD3": 0.29330254041570436,
    "DD4": 0.26811594202898553,
    "DD5": 0.4576271186440678,
    "DD6": 0.3125,
    "DVA": 0.17719218537028622,
    "DVB": 0.1206896551724138,
    "DVC": 0.22702991452991453,
    "FLPL": 0.30272108843537415,
    "FLPR": 0.34454756380510443,
    "HSNL": 0.1005040476554147,
    "HSNR": 0.10433096315449257,
    "I1L": 0.33634719710669075,
    "I1R": 0.33572895277207393,
    "I2L": 0.4132841328413284,
    "I2R": 0.367003367003367,
    "I3": 0.43515850144092216,
    "I4": 0.37254901960784315,
    "I5": 0.5,
    "I6": 0.42290748898678415,
    "IL1DL": 0.17027027027027028,
    "IL1DR": 0.22844827586206898,
    "IL1L": 0.2749003984063745,
    "IL1R": 0.23529411764705882,
    "IL1VL": 0.16810344827586207,
    "IL1VR": 0.16666666666666666,
    "IL2DL": 0.25274725274725274,
    "IL2DR": 0.36507936507936506,
    "IL2L": 0.29292929292929293,
    "IL2R": 0.2180232558139535,
    "IL2VL": 0.31272727272727274,
    "IL2VR": 0.29347826086956524,
    "LUAL": 0.2311111111111111,
    "LUAR": 0.40202702702702703,
    "M1": 0.3412969283276451,
    "M2L": 0.36988847583643125,
    "M2R": 0.43567251461988304,
    "M3L": 0.40648379052369077,
    "M3R": 0.43050847457627117,
    "M4": 0.5108108108108108,
    "M5": 0.43169398907103823,
    "MCL": 0.4140625,
    "MCR": 0.4646017699115044,
    "MI": 0.5227272727272727,
    "NSML": 0.13286913391835178,
    "NSMR": 0.11422695830996447,
    "OLLL": 0.23125,
    "OLLR": 0.17794486215538846,
    "OLQDL": 0.23795180722891565,
    "OLQDR": 0.2517482517482518,
    "OLQVL": 0.1865671641791045,
    "OLQVR": 0.23684210526315788,
    "PDA": 0.2873134328358209,
    "PDB": 0.25,
    "PDEL": 0.08453894490720444,
    "PDER": 0.09468415115623237,
    "PHAL": 0.2621359223300971,
    "PHAR": 0.2526595744680851,
    "PHBL": 0.33766233766233766,
    "PHBR": 0.2913907284768212,
    "PHCL": 0.357429718875502,
    "PHCR": 0.375,
    "PLML": 0.36764705882352944,
    "PLMR": 0.3838383838383838,
    "PLNL": 0.38461538461538464,
    "PLNR": 0.34444444444444444,
    "PQR": 0.2516891891891892,
    "PVCL": 0.1677689594356261,
    "PVCR": 0.16281895504252733,
    "PVDL": 0.3205882352941177,
    "PVDR": 0.48095238095238096,
    "PVM": 0.5161290322580645,
    "PVNL": 0.21212121212121213,
    "PVNR": 0.1967370441458733,
    "PVPL": 0.19210977701543738,
    "PVPR": 0.19743589743589743,
    "PVQL": 0.2780979827089337,
    "PVQR": 0.203012912482066,
    "PVR": 0.14964028776978416,
    "PVT": 0.18757327080890973,
    "PVWL": 0.28703703703703703,
    "PVWR": 0.45,
    "RIAL": 0.23328641801548206,
    "RIAR": 0.2089116143170197,
    "RIBL": 0.19187795444778685,
    "RIBR": 0.21286581998895637,
    "RICL": 0.12386621315192743,
    "RICR": 0.13554046406338427,
    "RID": 0.19827586206896552,
    "RIFL": 0.1828358208955224,
    "RIFR": 0.26535087719298245,
    "RIGL": 0.1418103448275862,
    "RIGR": 0.16882067851373184,
    "RIH": 0.24327354260089687,
    "RIML": 0.08527512059520889,
    "RIMR": 0.09393258426966292,
    "RIPL": 0.14473684210526316,
    "RIPR": 0.10144927536231885,
    "RIR": 0.16473988439306358,
    "RIS": 0.25373831775700934,
    "RIVL": 0.3163265306122449,
    "RIVR": 0.23658536585365852,
    "RMDDL": 0.289568345323741,
    "RMDDR": 0.24519230769230768,
    "RMDL": 0.25721561969439727,
    "RMDR": 0.2532051282051282,
    "RMDVL": 0.23798358733880423,
    "RMDVR": 0.19066147859922178,
    "RMED": 0.2087227414330218,
    "RMEL": 0.23357664233576642,
    "RMER": 0.23745819397993312,
    "RMEV": 0.15409309791332262,
    "RMFL": 0.27298850574712646,
    "RMFR": 0.3684210526315789,
    "RMGL": 0.113997113997114,
    "RMGR": 0.13200934579439252,
    "RMHL": 0.271523178807947,
    "RMHR": 0.17105263157894737,
    "SAADL": 0.1553398058252427,
    "SAADR": 0.20198675496688742,
    "SAAVL": 0.17557251908396945,
    "SAAVR": 0.1724137931034483,
    "SABD": 0.3225806451612903,
    "SABVL": 0.31845238095238093,
    "SABVR": 0.49019607843137253,
    "SDQL": 0.21359223300970873,
    "SDQR": 0.18872549019607843,
    "SIADL": 0.4444444444444444,
    "SIADR": 0.46153846153846156,
    "SIAVL": 0.29259259259259257,
    "SIAVR": 0.3386243386243386,
    "SIBDL": 0.42718446601941745,
    "SIBDR": 0.39666666666666667,
    "SIBVL": 0.2609375,
    "SIBVR": 0.3172043010752688,
    "SMBDL": 0.12416107382550336,
    "SMBDR": 0.20388349514563106,
    "SMBVL": 0.09375,
    "SMBVR": 0.14204545454545456,
    "SMDDL": 0.29180887372013653,
    "SMDDR": 0.20625,
    "SMDVL": 0.2601744186046512,
    "SMDVR": 0.31189710610932475,
    "URADL": 0.2619047619047619,
    "URADR": 0.2361111111111111,
    "URAVL": 0.43333333333333335,
    "URAVR": 0.2619047619047619,