{
  "clustering_coefficients": {
    "ADAL": 0.17906976744186046,
    "ADAR": 0.19172932330827067,
    "ADEL": 0.08688574938574939,
    "ADER": 0.09054409969807926,
    "ADFL": 0.07098470363288718,
    "ADFR": 0.06233320625238277,
    "ADLL": 0.22351885098743268,
    "ADLR": 0.2549800796812749,
    "AFDL": 0.2980769230769231,
    "AFDR": 0.26,
    "AIAL": 0.23050615595075238,
    "AIAR": 0.2661290322580645,
    "AIBL": 0.17312252964426877,
    "AIBR": 0.16983050847457626,
    "AIML": 0.19827586206896552,
    "AIMR": 0.25109170305676853,
    "AINL": 0.16891891891891891,
    "AINR": 0.17424242424242425,
    "AIYL": 0.29411764705882354,
    "AIYR": 0.2952029520295203,
    "AIZL": 0.2647058823529412,
    "AIZR": 0.2237093690248566,
    "ALA": 0.2714285714285714,
    "ALML": 0.24067796610169492,
    "ALMR": 0.32575757575757575,
    "ALNL": 0.15625,
    "ALNR": 0.28888888888888886,
    "AQR": 0.2851758793969849,
    "AS1": 0.34870317002881845,
    "AS10": 0.40384615384615385,
    "AS11": 0.3004807692307692,
    "AS2": 0.30952380952380953,
    "AS3": 0.3293172690763052,
    "AS4": 0.3923076923076923,
    "AS5": 0.33771929824561403,
    "AS6": 0.4265625,
    "AS7": 0.49101796407185627,
    "AS8": 0.4174757281553398,
    "AS9": 0.2897727272727273,
    "ASEL": 0.28160919540229884,
    "ASER": 0.2759674134419552,
    "ASGL": 0.33630952380952384,
    "ASGR": 0.30213903743315507,
    "ASHL": 0.2689393939393939,
    "ASHR": 0.23884892086330936,
    "ASIL": 0.39641434262948205,
    "ASIR": 0.44471153846153844,
    "ASJL": 0.38461538461538464,
    "ASJR": 0.35,
    "ASKL": 0.29491525423728815,
    "ASKR": 0.2852664576802508,
    "AUAL": 0.2478386167146974,
    "AUAR": 0.21285140562248997,
    "AVAL": 0.09657233058969444,
    "AVAR": 0.1172886108714409,
    "AVBL": 0.12510667349377028,
    "AVBR": 0.10415537488708221,
    "AVDL": 0.17412746585735964,
    "AVDR": 0.15141388174807197,
    "AVEL": 0.16533970276008492,
    "AVER": 0.16778006166495374,
    "AVFL": 0.27075812274368233,
    "AVFR": 0.25661914460285135,
    "AVG": 0.20404984423676012,
    "AVHL": 0.1840958605664488,
    "AVHR": 0.1804812834224599,
    "AVJL": 0.24176276771004943,
    "AVJR": 0.26344743276283616,
    "AVKL": 0.188373804267844,
    "AVKR": 0.22413793103448276,
    "AVL": 0.1929032258064516,
    "AVM": 0.22885572139303484,
    "AWAL": 0.19047619047619047,
    "AWAR": 0.20810810810810812,
    "AWBL": 0.2635135135135135,
    "AWBR": 0.22144522144522144,
    "AWCL": 0.36123348017621143,
    "AWCR": 0.3818443804034582,
    "BAGL": 0.30616740088105726,
    "BAGR": 0.2710843373493976,
    "BDUL": 0.1853448275862069,
    "BDUR": 0.26646706586826346,
    "CANL": 0.43333333333333335,
    "CANR": 0.6222222222222222,
    "CEPDL": 0.0921514629948365,
    "CEPDR": 0.08140057822036621,
    "CEPVL": 0.09976029328821207,
    "CEPVR": 0.08972739361702127,
    "DA1": 0.3174418604651163,
    "DA2": 0.2897196261682243,
    "DA3": 0.30691056910569103,
    "DA4": 0.3282312925170068,
    "DA5": 0.35037406483790523,
    "DA6": 0.38461538461538464,
    "DA7": 0.4722222222222222,
    "DA8": 0.3093220338983051,
    "DA9": 0.2838616714697406,
    "DB1": 0.27123552123552125,
    "DB2": 0.29963235294117646,
    "DB3": 0.3167006109979633,
    "DB4": 0.3295918367346939,
    "DB5": 0.51,
    "DB6": 0.4166666666666667,
    "DB7": 0.3875739644970414,
    "DD1": 0.2483050847457627,
    "DD2": 0.2459605026929982,
    "DD3": 0.26504297994269344,
    "DD4": 0.33516483516483514,
    "DD5": 0.41262135922330095,
    "DD6": 0.3868421052631579,
    "DVA": 0.17517564402810304,
    "DVB": 0.1206896551724138,
    "DVC": 0.2336626139817629,
    "FLPL": 0.3483754512635379,
    "FLPR": 0.3642691415313225,
    "HSNL": 0.10393167902030294,
    "HSNR": 0.10483453981385729,
    "I1L": 0.3303249097472924,
    "I1R": 0.31547619047619047,
    "I2L": 0.43612334801762115,
    "I2R": 0.4397590361445783,
    "I3": 0.3969594594594595,
    "I4": 0.40106951871657753,
    "I5": 0.4956521739130435,
    "I6": 0.4393203883495146,
    "IL1DL": 0.16566265060240964,
    "IL1DR": 0.15948275862068967,
    "IL1L": 0.26419213973799127,
    "IL1R": 0.21308724832214765,
    "IL1VL": 0.15948275862068967,
    "IL1VR": 0.19798657718120805,
    "IL2DL": 0.29120879120879123,
    "IL2DR": 0.35714285714285715,
    "IL2L": 0.312,
    "IL2R": 0.25217391304347825,
    "IL2VL": 0.3093645484949833,
    "IL2VR": 0.3273809523809524,
    "LUAL": 0.2622549019607843,
    "LUAR": 0.3493975903614458,
    "M1": 0.35964912280701755,
    "M2L": 0.42857142857142855,
    "M2R": 0.4536082474226804,
    "M3L": 0.4239401496259352,
    "M3R": 0.42052023121387283,
    "M4": 0.45018450184501846,
    "M5": 0.4573170731707317,
    "MCL": 0.45202952029520294,
    "MCR": 0.48008849557522126,
    "MI": 0.5227272727272727,
    "NSML": 0.12745479292241882,
    "NSMR": 0.12679985601151908,
    "OLLL": 0.2564575645756458,
    "OLLR": 0.19541484716157206,
    "OLQDL": 0.27211796246648795,
    "OLQDR": 0.19433198380566802,
    "OLQVL": 0.26078028747433263,
    "OLQVR": 0.21862348178137653,
    "PDA": 0.3224852071005917,
    "PDB": 0.25,
    "PDEL": 0.09572911586427925,
    "PDER": 0.08604159323228763,
    "PHAL": 0.23595505617977527,
    "PHAR": 0.19078947368421054,
    "PHBL": 0.3888888888888889,
    "PHBR": 0.2845744680851064,
    "PHCL": 0.375,
    "PHCR": 0.3815789473684211,
    "PLML": 0.4395973154362416,
    "PLMR": 0.3803763440860215,
    "PLNL": 0.3769230769230769,
    "PLNR": 0.44545454545454544,
    "PQR": 0.28448275862068967,
    "PVCL": 0.1814968814968815,
    "PVCR": 0.16741154562383612,
    "PVDL": 0.4,
    "PVDR": 0.4742647058823529,
    "PVM": 0.5,
    "PVNL": 0.21212121212121213,
    "PVNR": 0.20249520153550865,
    "PVPL": 0.19210977701543738,
    "PVPR": 0.19829059829059828,
    "PVQL": 0.21875,
    "PVQR": 0.21972789115646257,
    "PVR": 0.16618705035971224,
    "PVT": 0.2092264678471575,
    "PVWL": 0.28703703703703703,
    "PVWR": 0.45,
    "RIAL": 0.21975308641975308,
    "RIAR": 0.1937956204379562,
    "RIBL": 0.21004869411243912,
    "RIBR": 0.2120375483158476,
    "RICL": 0.14188422247446084,
    "RICR": 0.13970588235294118,
    "RID": 0.21392190152801357,
    "RIFL": 0.19402985074626866,
    "RIFR": 0.2675438596491228,
    "RIGL": 0.14655172413793102,
    "RIGR": 0.1704361873990307,
    "RIH": 0.23934977578475336,
    "RIML": 0.10740958294872871,
    "RIMR": 0.10424950298210736,
    "RIPL": 0.1600877192982456,
    "RIPR": 0.10386473429951691,
    "RIR": 0.16473988439306358,
    "RIS": 0.2823529411764706,
    "RIVL": 0.3129251700680272,
    "RIVR": 0.23658536585365852,
    "RMDDL": 0.30592734225621415,
    "RMDDR": 0.24081632653061225,
    "RMDL": 0.27414965986394557,
    "RMDR": 0.278030303030303,
    "RMDVL": 0.2613981762917933,
    "RMDVR": 0.22518676627534684,
    "RMED": 0.20281124497991967,
    "RMEL": 0.2427007299270073,
    "RMER": 0.2222222222222222,
    "RMEV": 0.1615523465703971,
    "RMFL": 0.2881944444444444,
    "RMFR": 0.3814814814814815,
    "RMGL": 0.10822510822510822,
    "RMGR": 0.13200934579439252,
    "RMHL": 0.3135593220338983,
    "RMHR": 0.2514792899408284,
    "SAADL": 0.14563106796116504,
    "SAADR": 0.17218543046357615,
    "SAAVL": 0.15267175572519084,
    "SAAVR": 0.23563218390804597,
    "SABD": 0.3413173652694611,
    "SABVL": 0.3958333333333333,
    "SABVR": 0.43137254901960786,
    "SDQL": 0.34063745019920316,
    "SDQR": 0.21555555555555556,
    "SIADL": 0.4855769230769231,
    "SIADR": 0.487012987012987,
    "SIAVL": 0.3125,
    "SIAVR": 0.35526315789473684,
    "SIBDL": 0.390625,
    "SIBDR": 0.32666666666666666,
    "SIBVL": 0.275609756097561,
    "SIBVR": 0.30376344086021506,
    "SMBDL": 0.13087248322147652,
    "SMBDR": 0.1820388349514563,
    "SMBVL": 0.0859375,
    "SMBVR": 0.13068181818181818,
    "SMDDL": 0.32456140350877194,
    "SMDDR": 0.19375,
    "SMDVL": 0.26482617586912066,
    "SMDVR": 0.27261306532663315,
    "URADL": 0.2619047619047619,
    "URADR": 0.2222222222222222,
    "URAVL": 0.4,
    "URAVR": 0.2857142857142857,