{
  "clustering_coefficients": {
    "ADAL": 0.18488372093023256,
    "ADAR": 0.19674185463659147,
    "ADEL": 0.08830498177399757,
    "ADER": 0.09167117360735533,
    "ADFL": 0.08036150464093796,
    "ADFR": 0.08130841121495327,
    "ADLL": 0.25380710659898476,
    "ADLR": 0.2645985401459854,
    "AFDL": 0.2857142857142857,
    "AFDR": 0.23809523809523808,
    "AIAL": 0.23246753246753246,
    "AIAR": 0.2614329268292683,
    "AIBL": 0.17721518987341772,
    "AIBR": 0.1694915254237288,
    "AIML": 0.2337962962962963,
    "AIMR": 0.22946859903381642,
    "AINL": 0.23648648648648649,
    "AINR": 0.17424242424242425,
    "AIYL": 0.3006993006993007,
    "AIYR": 0.3422459893048128,
    "AIZL": 0.22796610169491524,
    "AIZR": 0.27485380116959063,
    "ALA": 0.2714285714285714,
    "ALML": 0.2766884531590414,
    "ALMR": 0.26436781609195403,
    "ALNL": 0.2574626865671642,
    "ALNR": 0.2857142857142857,
    "AQR": 0.2851758793969849,
    "AS1": 0.36824324324324326,
    "AS10": 0.40671641791044777,
    "AS11": 0.2838983050847458,
    "AS2": 0.3872053872053872,
    "AS3": 0.3371757925072046,
    "AS4": 0.34210526315789475,
    "AS5": 0.3815789473684211,
    "AS6": 0.3548387096774194,
    "AS7": 0.4041916167664671,
    "AS8": 0.4375,
    "AS9": 0.2777777777777778,
    "ASEL": 0.29102167182662536,
    "ASER": 0.26976744186046514,
    "ASGL": 0.33816425120772947,
    "ASGR": 0.2967914438502674,
    "ASHL": 0.2509578544061303,
    "ASHR": 0.24115755627009647,
    "ASIL": 0.35436893203883496,
    "ASIR": 0.37554585152838427,
    "ASJL": 0.38461538461538464,
    "ASJR": 0.4,
    "ASKL": 0.28761061946902655,
    "ASKR": 0.27167630057803466,
    "AUAL": 0.2554517133956386,
    "AUAR": 0.26243781094527363,
    "AVAL": 0.09617769759837637,
    "AVAR": 0.11788179465056083,
    "AVBL": 0.1122161756427097,
    "AVBR": 0.1083793738489871,
    "AVDL": 0.17412746585735964,
    "AVDR": 0.1493573264781491,
    "AVEL": 0.17117834394904458,
    "AVER": 0.17291880781089414,
    "AVFL": 0.2653061224489796,
    "AVFR": 0.2744186046511628,
    "AVG": 0.20404984423676012,
    "AVHL": 0.2049808429118774,
    "AVHR": 0.1717479674796748,
    "AVJL": 0.25164744645799014,
    "AVJR": 0.24523305084745764,
    "AVKL": 0.20014716703458427,
    "AVKR": 0.2295825771324864,
    "AVL": 0.18466257668711655,
    "AVM": 0.23210412147505424,
    "AWAL": 0.19047619047619047,
    "AWAR": 0.20270270270270271,
    "AWBL": 0.27472527472527475,
    "AWBR": 0.2703962703962704,
    "AWCL": 0.3592814371257485,
    "AWCR": 0.3859060402684564,
    "BAGL": 0.32526881720430106,
    "BAGR": 0.28187919463087246,
    "BDUL": 0.1715686274509804,
    "BDUR": 0.2810810810810811,
    "CANL": 0.5151515151515151,
    "CANR": 0.5,
    "CEPDL": 0.08462061925825111,
    "CEPDR": 0.09085068105885377,
    "CEPVL": 0.09119430344049634,
    "CEPVR": 0.06907253699025623,
    "DA1": 0.3421875,
    "DA2": 0.30257009345794394,
    "DA3": 0.31592039800995025,
    "DA4": 0.2884012539184953,
    "DA5": 0.3598265895953757,
    "DA6": 0.3089887640449438,
    "DA7": 0.4777777777777778,
    "DA8": 0.28859060402684567,
    "DA9": 0.26286764705882354,
    "DB1": 0.2661290322580645,
    "DB2": 0.29394812680115273,
    "DB3": 0.266304347826087,
    "DB4": 0.27899686520376177,
    "DB5": 0.393048128342246,
    "DB6": 0.4255952380952381,
    "DB7": 0.30097087378640774,
    "DD1": 0.26864406779661015,
    "DD2": 0.21951219512195122,
    "DD3": 0.21394230769230768,
    "DD4": 0.28743961352657005,
    "DD5": 0.43617021276595747,
    "DD6": 0.32105263157894737,
    "DVA": 0.1765106769650159,
    "DVB": 0.1206896551724138,
    "DVC": 0.21122448979591837,
    "FLPL": 0.3155021834061135,
    "FLPR": 0.35514018691588783,
    "HSNL": 0.0948377581120944,
    "HSNR": 0.10209356422848281,
    "I1L": 0.31270096463022506,
    "I1R": 0.34497816593886466,
    "I2L": 0.441747572815534,
    "I2R": 0.45808383233532934,
    "I3": 0.4510135135135135,
    "I4": 0.42333333333333334,
    "I5": 0.4956521739130435,
    "I6": 0.41935483870967744,
    "IL1DL": 0.23220338983050848,
    "IL1DR": 0.26941747572815533,
    "IL1L": 0.2765957446808511,
    "IL1R": 0.19471153846153846,
    "IL1VL": 0.21774193548387097,
    "IL1VR": 0.18562874251497005,
    "IL2DL": 0.3272058823529412,
    "IL2DR": 0.37037037037037035,
    "IL2L": 0.2744252873563218,
    "IL2R": 0.2169811320754717,
    "IL2VL": 0.26666666666666666,
    "IL2VR": 0.32608695652173914,
    "LUAL": 0.27125506072874495,
    "LUAR": 0.3703125,
    "M1": 0.3422897196261682,
    "M2L": 0.4735772357723577,
    "M2R": 0.460093896713615,
    "M3L": 0.46440677966101696,
    "M3R": 0.47627118644067795,
    "M4": 0.4453125,
    "M5": 0.4753694581280788,
    "MCL": 0.40648379052369077,
    "MCR": 0.45084745762711864,
    "MI": 0.5227272727272727,
    "NSML": 0.11872638963842418,
    "NSMR": 0.11759100438345721,
    "OLLL": 0.23247232472324722,
    "OLLR": 0.23104693140794225,
    "OLQDL": 0.25201612903225806,
    "OLQDR": 0.23076923076923078,
    "OLQVL": 0.1958955223880597,
    "OLQVR": 0.2165991902834008,
    "PDA": 0.3283582089552239,
    "PDB": 0.25,
    "PDEL": 0.09797858900192832,
    "PDER": 0.10289037715897074,
    "PHAL": 0.2524271844660194,
    "PHAR": 0.19101123595505617,
    "PHBL": 0.2777777777777778,
    "PHBR": 0.2923728813559322,
    "PHCL": 0.29116465863453816,
    "PHCR": 0.32142857142857145,
    "PLML": 0.30666666666666664,
    "PLMR": 0.39913544668587897,
    "PLNL": 0.2962962962962963,
    "PLNR": 0.4230769230769231,
    "PQR": 0.27941176470588236,
    "PVCL": 0.16206088992974238,
    "PVCR": 0.15686695278969956,
    "PVDL": 0.3911764705882353,
    "PVDR": 0.41228070175438597,
    "PVM": 0.43548387096774194,
    "PVNL": 0.21212121212121213,
    "PVNR": 0.20057581573896352,
    "PVPL": 0.19210977701543738,
    "PVPR": 0.20256410256410257,
    "PVQL": 0.24945770065075923,
    "PVQR": 0.2091346153846154,
    "PVR": 0.1683453237410072,
    "PVT": 0.18336886993603413,
    "PVWL": 0.28703703703703703,
    "PVWR": 0.45,
    "RIAL": 0.2324561403508772,
    "RIAR": 0.2071767095463778,
    "RIBL": 0.20119521912350596,
    "RIBR": 0.21644774414620216,
    "RICL": 0.17648478995654274,
    "RICR": 0.14258347016967707,
    "RID": 0.18845500848896435,
    "RIFL": 0.1865671641791045,
    "RIFR": 0.2850877192982456,
    "RIGL": 0.1495689655172414,
    "RIGR": 0.16962843295638125,
    "RIH": 0.218609865470852,
    "RIML": 0.11979166666666667,
    "RIMR": 0.11703881312752885,
    "RIPL": 0.14912280701754385,
    "RIPR": 0.10386473429951691,
    "RIR": 0.16618497109826588,
    "RIS": 0.29121863799283154,
    "RIVL": 0.30272108843537415,
    "RIVR": 0.24878048780487805,
    "RMDDL": 0.3011472275334608,
    "RMDDR": 0.22657952069716775,
    "RMDL": 0.3012912482065997,
    "RMDR": 0.30720720720720723,
    "RMDVL": 0.24620060790273557,
    "RMDVR": 0.2157829839704069,
    "RMED": 0.2616822429906542,
    "RMEL": 0.2751677852348993,
    "RMER": 0.27469135802469136,
    "RMEV": 0.19959128065395096,
    "RMFL": 0.2813333333333333,
    "RMFR": 0.4473684210526316,
    "RMGL": 0.10966810966810966,
    "RMGR": 0.12967289719626168,
    "RMHL": 0.2682119205298013,
    "RMHR": 0.22761194029850745,
    "SAADL": 0.1650485436893204,
    "SAADR": 0.1986754966887417,
    "SAAVL": 0.22900763358778625,
    "SAAVR": 0.25862068965517243,
    "SABD": 0.33088235294117646,
    "SABVL": 0.31954887218045114,
    "SABVR": 0.4398496240601504,
    "SDQL": 0.3207171314741036,
    "SDQR": 0.17892156862745098,
    "SIADL": 0.47115384615384615,
    "SIADR": 0.5,
    "SIAVL": 0.3949579831932773,
    "SIAVR": 0.3296296296296296,
    "SIBDL": 0.4788135593220339,
    "SIBDR": 0.32386363636363635,
    "SIBVL": 0.29491525423728815,
    "SIBVR": 0.3072289156626506,
    "SMBDL": 0.12751677852348994,
    "SMBDR": 0.2087378640776699,
    "SMBVL": 0.0859375,
    "SMBVR": 0.14204545454545456,
    "SMDDL": 0.2893081761006289,
    "SMDDR": 0.24285714285714285,
    "SMDVL": 0.26635514018691586,
    "SMDVR": 0.3041575492341357,
    "URADL": 0.23809523809523808,