{
  "clustering_coefficients": {
    "ADAL": 0.19186046511627908,
    "ADAR": 0.19548872180451127,
    "ADEL": 0.08630012150668287,
    "ADER": 0.09279395503133063,
    "ADFL": 0.06462252626435377,
    "ADFR": 0.05231560891938251,
    "ADLL": 0.2385496183206107,
    "ADLR": 0.2483221476510067,
    "AFDL": 0.34523809523809523,
    "AFDR": 0.2564102564102564,
    "AIAL": 0.2487012987012987,
    "AIAR": 0.25555555555555554,
    "AIBL": 0.17407407407407408,
    "AIBR": 0.17906683480453972,
    "AIML": 0.21062271062271062,
    "AIMR": 0.24175824175824176,
    "AINL": 0.19594594594594594,
    "AINR": 0.17424242424242425,
    "AIYL": 0.25990675990675993,
    "AIYR": 0.3023255813953488,
    "AIZL": 0.2344,
    "AIZR": 0.2431818181818182,
    "ALA": 0.21428571428571427,
    "ALML": 0.2494172494172494,
    "ALMR": 0.34,
    "ALNL": 0.2754237288135593,
    "ALNR": 0.2804232804232804,
    "AQR": 0.2851758793969849,
    "AS1": 0.34579439252336447,
    "AS10": 0.45145631067961167,
    "AS11": 0.3224852071005917,
    "AS2": 0.3566666666666667,
    "AS3": 0.3766519823788546,
    "AS4": 0.37037037037037035,
    "AS5": 0.352,
    "AS6": 0.4594594594594595,
    "AS7": 0.40939597315436244,
    "AS8": 0.37209302325581395,
    "AS9": 0.33666666666666667,
    "ASEL": 0.22489082969432314,
    "ASER": 0.28559322033898304,
    "ASGL": 0.3333333333333333,
    "ASGR": 0.2887700534759358,
    "ASHL": 0.2647482014388489,
    "ASHR": 0.25375170532060026,
    "ASIL": 0.3357664233576642,
    "ASIR": 0.3737864077669903,
    "ASJL": 0.38461538461538464,
    "ASJR": 0.425,
    "ASKL": 0.28418230563002683,
    "ASKR": 0.27288135593220336,
    "AUAL": 0.24324324324324326,
    "AUAR": 0.22429906542056074,
    "AVAL": 0.0959521930319089,
    "AVAR": 0.11604831751509923,
    "AVBL": 0.12271718723331626,
    "AVBR": 0.12905349794238682,
    "AVDL": 0.17412746585735964,
    "AVDR": 0.15089974293059125,
    "AVEL": 0.16613588110403396,
    "AVER": 0.16469681397738953,
    "AVFL": 0.2857142857142857,
    "AVFR": 0.2576086956521739,
    "AVG": 0.20404984423676012,
    "AVHL": 0.1955128205128205,
    "AVHR": 0.18159203980099503,
    "AVJL": 0.24506217995610827,
    "AVJR": 0.2635350318471338,
    "AVKL": 0.20235467255334805,
    "AVKR": 0.23684210526315788,
    "AVL": 0.17806451612903226,
    "AVM": 0.241869918699187,
    "AWAL": 0.19047619047619047,
    "AWAR": 0.20810810810810812,
    "AWBL": 0.2593167701863354,
    "AWBR": 0.2391304347826087,
    "AWCL": 0.3484848484848485,
    "AWCR": 0.3502994011976048,
    "BAGL": 0.33221476510067116,
    "BAGR": 0.24251497005988024,
    "BDUL": 0.234,
    "BDUR": 0.27181208053691275,
    "CANL": 0.6,
    "CANR": 0.4027777777777778,
    "CEPDL": 0.07926787779819011,
    "CEPDR": 0.0830014133367596,
    "CEPVL": 0.07542392388552137,
    "CEPVR": 0.09345022552569722,
    "DA1": 0.3185483870967742,
    "DA2": 0.3155021834061135,
    "DA3": 0.2579250720461095,
    "DA4": 0.32284382284382285,
    "DA5": 0.3423728813559322,
    "DA6": 0.3581730769230769,
    "DA7": 0.39814814814814814,
    "DA8": 0.2925764192139738,
    "DA9": 0.29439252336448596,
    "DB1": 0.2611832611832612,
    "DB2": 0.3184438040345821,
    "DB3": 0.32558139534883723,
    "DB4": 0.3442265795206972,
    "DB5": 0.5113636363636364,
    "DB6": 0.47863247863247865,
    "DB7": 0.38563829787234044,
    "DD1": 0.24322033898305084,
    "DD2": 0.20649651972157773,
    "DD3": 0.2473404255319149,
    "DD4": 0.29411764705882354,
    "DD5": 0.4279661016949153,
    "DD6": 0.3368421052631579,
    "DVA": 0.17257039055404177,
    "DVB": 0.1206896551724138,
    "DVC": 0.22975609756097562,
    "FLPL": 0.36026200873362446,
    "FLPR": 0.36078886310904873,
    "HSNL": 0.10779890428617467,
    "HSNR": 0.08425253991291727,
    "I1L": 0.31453634085213034,
    "I1R": 0.317524115755627,
    "I2L": 0.375,
    "I2R": 0.44390243902439025,
    "I3": 0.4140625,
    "I4": 0.39015151515151514,
    "I5": 0.4956521739130435,
    "I6": 0.43172690763052207,
    "IL1DL": 0.23699421965317918,
    "IL1DR": 0.24242424242424243,
    "IL1L": 0.23138297872340424,
    "IL1R": 0.22136222910216719,
    "IL1VL": 0.16287878787878787,
    "IL1VR": 0.2080536912751678,
    "IL2DL": 0.33455882352941174,
    "IL2DR": 0.36666666666666664,
    "IL2L": 0.29797979797979796,
    "IL2R": 0.23546511627906977,
    "IL2VL": 0.24603174603174602,
    "IL2VR": 0.2689075630252101,
    "LUAL": 0.28888888888888886,
    "LUAR": 0.3008849557522124,
    "M1": 0.32075471698113206,
    "M2L": 0.4119496855345912,
    "M2R": 0.4195906432748538,
    "M3L": 0.43911439114391143,
    "M3R": 0.44095940959409596,
    "M4": 0.48185483870967744,
    "M5": 0.4052044609665427,
    "MCL": 0.43805309734513276,
    "MCR": 0.384375,
    "MI": 0.5227272727272727,
    "NSML": 0.11378968253968254,
    "NSMR": 0.10186625194401244,
    "OLLL": 0.25289017341040465,
    "OLLR": 0.19674185463659147,
    "OLQDL": 0.25405405405405407,
    "OLQDR": 0.2261904761904762,
    "OLQVL": 0.17164179104477612,
    "OLQVR": 0.23555555555555555,
    "PDA": 0.28106508875739644,
    "PDB": 0.25,
    "PDEL": 0.09326095095469862,
    "PDER": 0.08716300138817856,
    "PHAL": 0.2457627118644068,
    "PHAR": 0.1652542372881356,
    "PHBL": 0.34615384615384615,
    "PHBR": 0.26119402985074625,
    "PHCL": 0.3130841121495327,
    "PHCR": 0.3601190476190476,
    "PLML": 0.34615384615384615,
    "PLMR": 0.34946236559139787,
    "PLNL": 0.2692307692307692,
    "PLNR": 0.4090909090909091,
    "PQR": 0.26174496644295303,
    "PVCL": 0.16651522035438437,
    "PVCR": 0.1675196850393701,
    "PVDL": 0.3783068783068783,
    "PVDR": 0.3541666666666667,
    "PVM": 0.5161290322580645,
    "PVNL": 0.21212121212121213,
    "PVNR": 0.20441458733205375,
    "PVPL": 0.19210977701543738,
    "PVPR": 0.19829059829059828,
    "PVQL": 0.2615606936416185,
    "PVQR": 0.22093023255813954,
    "PVR": 0.16762589928057553,
    "PVT": 0.21310181531176006,
    "PVWL": 0.28703703703703703,
    "PVWR": 0.45,
    "RIAL": 0.21739130434782608,
    "RIAR": 0.20850914205344584,
    "RIBL": 0.1945418127190786,
    "RIBR": 0.21479845389287686,
    "RICL": 0.1670092497430627,
    "RICR": 0.15452054794520548,
    "RID": 0.17538126361655773,
    "RIFL": 0.17537313432835822,
    "RIFR": 0.27850877192982454,
    "RIGL": 0.14741379310344827,
    "RIGR": 0.16962843295638125,
    "RIH": 0.21973094170403587,
    "RIML": 0.088880924648329,
    "RIMR": 0.10999043214798278,
    "RIPL": 0.15570175438596492,
    "RIPR": 0.10144927536231885,
    "RIR": 0.16473988439306358,
    "RIS": 0.28344246959775493,
    "RIVL": 0.3197278911564626,
    "RIVR": 0.24878048780487805,
    "RMDDL": 0.26016949152542374,
    "RMDDR": 0.23798076923076922,
    "RMDL": 0.2590439276485788,
    "RMDR": 0.2962121212121212,
    "RMDVL": 0.22438524590163936,
    "RMDVR": 0.19690501600853788,
    "RMED": 0.20080321285140562,
    "RMEL": 0.2208029197080292,
    "RMER": 0.21237458193979933,
    "RMEV": 0.16853932584269662,
    "RMFL": 0.25,
    "RMFR": 0.42962962962962964,
    "RMGL": 0.113997113997114,
    "RMGR": 0.13434579439252337,
    "RMHL": 0.2754237288135593,
    "RMHR": 0.2455621301775148,
    "SAADL": 0.16019417475728157,
    "SAADR": 0.2052980132450331,
    "SAAVL": 0.17557251908396945,
    "SAAVR": 0.23563218390804597,
    "SABD": 0.30522088353413657,
    "SABVL": 0.3443223443223443,
    "SABVR": 0.33666666666666667,
    "SDQL": 0.3296943231441048,
    "SDQR": 0.25,
    "SIADL": 0.4388888888888889,
    "SIADR": 0.38461538461538464,
    "SIAVL": 0.31851851851851853,
    "SIAVR": 0.2230769230769231,
    "SIBDL": 0.43023255813953487,
    "SIBDR": 0.28431372549019607,
    "SIBVL": 0.3152542372881356,
    "SIBVR": 0.3225806451612903,
    "SMBDL": 0.12416107382550336,
    "SMBDR": 0.21359223300970873,
    "SMBVL": 0.09375,
    "SMBVR": 0.14772727272727273,
    "SMDDL": 0.31542056074766356,
    "SMDDR": 0.21561771561771562,
    "SMDVL": 0.21511627906976744,
    "SMDVR": 0.27696793002915454,
    "URADL": 0.2857142857142857,
    "URADR": 0.20833333333333334,