{
  "clustering_coefficients": {
    "ADAL": 0.1930232558139535,
    "ADAR": 0.20426065162907267,
    "ADEL": 0.09230860675225867,
    "ADER": 0.09684284080802948,
    "ADFL": 0.06548757170172084,
    "ADFR": 0.07523364485981308,
    "ADLL": 0.22621809744779584,
    "ADLR": 0.28465346534653463,
    "AFDL": 0.3383458646616541,
    "AFDR": 0.24603174603174602,
    "AIAL": 0.23619271445358403,
    "AIAR": 0.2658802177858439,
    "AIBL": 0.16680960548885077,
    "AIBR": 0.1747634069400631,
    "AIML": 0.172,
    "AIMR": 0.27941176470588236,
    "AINL": 0.18243243243243243,
    "AINR": 0.17424242424242425,
    "AIYL": 0.27342047930283225,
    "AIYR": 0.3242074927953891,
    "AIZL": 0.2264,
    "AIZR": 0.2544,
    "ALA": 0.18571428571428572,
    "ALML": 0.15638766519823788,
    "ALMR": 0.32666666666666666,
    "ALNL": 0.27611940298507465,
    "ALNR": 0.22596153846153846,
    "AQR": 0.2851758793969849,
    "AS1": 0.41047297297297297,
    "AS10": 0.4320388349514563,
    "AS11": 0.300531914893617,
    "AS2": 0.2767857142857143,
    "AS3": 0.367601246105919,
    "AS4": 0.3125,
    "AS5": 0.32608695652173914,
    "AS6": 0.45652173913043476,
    "AS7": 0.3473053892215569,
    "AS8": 0.5348837209302325,
    "AS9": 0.32051282051282054,
    "ASEL": 0.27074235807860264,
    "ASER": 0.2801147227533461,
    "ASGL": 0.3609625668449198,
    "ASGR": 0.3164251207729469,
    "ASHL": 0.26688102893890675,
    "ASHR": 0.24287564766839378,
    "ASIL": 0.326271186440678,
    "ASIR": 0.36436170212765956,
    "ASJL": 0.38461538461538464,
    "ASJR": 0.425,
    "ASKL": 0.303125,
    "ASKR": 0.2710843373493976,
    "AUAL": 0.25936599423631124,
    "AUAR": 0.27765726681127983,
    "AVAL": 0.0961213214567595,
    "AVAR": 0.1168032786885246,
    "AVBL": 0.11362356914993432,
    "AVBR": 0.11398688175855345,
    "AVDL": 0.17412746585735964,
    "AVDR": 0.1498714652956298,
    "AVEL": 0.16507430997876857,
    "AVER": 0.15981500513874614,
    "AVFL": 0.26570458404074704,
    "AVFR": 0.25989208633093525,
    "AVG": 0.20404984423676012,
    "AVHL": 0.2,
    "AVHR": 0.19289340101522842,
    "AVJL": 0.25457205559619606,
    "AVJR": 0.2469553450608931,
    "AVKL": 0.1986754966887417,
    "AVKR": 0.2295825771324864,
    "AVL": 0.19141104294478528,
    "AVM": 0.2337962962962963,
    "AWAL": 0.19047619047619047,
    "AWAR": 0.2,
    "AWBL": 0.2673992673992674,
    "AWBR": 0.2517482517482518,
    "AWCL": 0.33259911894273125,
    "AWCR": 0.3722466960352423,
    "BAGL": 0.30913978494623656,
    "BAGR": 0.25485436893203883,
    "BDUL": 0.17647058823529413,
    "BDUR": 0.30097087378640774,
    "CANL": 0.625,
    "CANR": 0.5714285714285714,
    "CEPDL": 0.08613124127385147,
    "CEPDR": 0.08643660232663937,
    "CEPVL": 0.08862815884476534,
    "CEPVR": 0.09163511187607573,
    "DA1": 0.3467391304347826,
    "DA2": 0.2610062893081761,
    "DA3": 0.27941176470588236,
    "DA4": 0.32,
    "DA5": 0.3593220338983051,
    "DA6": 0.3208955223880597,
    "DA7": 0.4166666666666667,
    "DA8": 0.300796812749004,
    "DA9": 0.24927953890489912,
    "DB1": 0.2132486388384755,
    "DB2": 0.3126801152737752,
    "DB3": 0.26627906976744187,
    "DB4": 0.28877551020408165,
    "DB5": 0.4144385026737968,
    "DB6": 0.40225563909774437,
    "DB7": 0.33067729083665337,
    "DD1": 0.2329803328290469,
    "DD2": 0.21469465648854963,
    "DD3": 0.2575057736720554,
    "DD4": 0.31283422459893045,
    "DD5": 0.42819148936170215,
    "DD6": 0.31666666666666665,
    "DVA": 0.1750936329588015,
    "DVB": 0.1206896551724138,
    "DVC": 0.22782446311858076,
    "FLPL": 0.3483709273182957,
    "FLPR": 0.36318407960199006,
    "HSNL": 0.08224782899131597,
    "HSNR": 0.11139424827084092,
    "I1L": 0.322202166064982,
    "I1R": 0.3304157549234136,
    "I2L": 0.41208791208791207,
    "I2R": 0.3898809523809524,
    "I3": 0.4239401496259352,
    "I4": 0.4368932038834951,
    "I5": 0.48695652173913045,
    "I6": 0.42463235294117646,
    "IL1DL": 0.20243902439024392,
    "IL1DR": 0.21120689655172414,
    "IL1L": 0.28365384615384615,
    "IL1R": 0.1965065502183406,
    "IL1VL": 0.2511013215859031,
    "IL1VR": 0.21844660194174756,
    "IL2DL": 0.29736842105263156,
    "IL2DR": 0.30288461538461536,
    "IL2L": 0.2412280701754386,
    "IL2R": 0.24310776942355888,
    "IL2VL": 0.2963636363636364,
    "IL2VR": 0.30357142857142855,
    "LUAL": 0.2822222222222222,
    "LUAR": 0.36088709677419356,
    "M1": 0.33624454148471616,
    "M2L": 0.40406976744186046,
    "M2R": 0.45760233918128657,
    "M3L": 0.4177057356608479,
    "M3R": 0.428927680798005,
    "M4": 0.4830508474576271,
    "M5": 0.46798029556650245,
    "MCL": 0.46238938053097345,
    "MCR": 0.42790697674418604,
    "MI": 0.5227272727272727,
    "NSML": 0.1169969512195122,
    "NSMR": 0.09512737565709664,
    "OLLL": 0.3102517985611511,
    "OLLR": 0.2822458270106222,
    "OLQDL": 0.25830258302583026,
    "OLQDR": 0.23684210526315788,
    "OLQVL": 0.22740524781341107,
    "OLQVR": 0.242914979757085,
    "PDA": 0.3093220338983051,
    "PDB": 0.25,
    "PDEL": 0.09932842287694973,
    "PDER": 0.09602194787379972,
    "PHAL": 0.2631578947368421,
    "PHAR": 0.19078947368421054,
    "PHBL": 0.2980769230769231,
    "PHBR": 0.2869822485207101,
    "PHCL": 0.33455882352941174,
    "PHCR": 0.3663003663003663,
    "PLML": 0.3684210526315789,
    "PLMR": 0.38804347826086955,
    "PLNL": 0.3769230769230769,
    "PLNR": 0.45604395604395603,
    "PQR": 0.2422907488986784,
    "PVCL": 0.16378918673330303,
    "PVCR": 0.16235931638182577,
    "PVDL": 0.36538461538461536,
    "PVDR": 0.3791208791208791,
    "PVM": 0.46774193548387094,
    "PVNL": 0.21212121212121213,
    "PVNR": 0.19865642994241842,
    "PVPL": 0.19210977701543738,
    "PVPR": 0.19487179487179487,
    "PVQL": 0.25465116279069766,
    "PVQR": 0.21705426356589147,
    "PVR": 0.16402877697841728,
    "PVT": 0.2105543710021322,
    "PVWL": 0.28703703703703703,
    "PVWR": 0.45,
    "RIAL": 0.22432859399684044,
    "RIAR": 0.2088607594936709,
    "RIBL": 0.1904985888993415,
    "RIBR": 0.2140641158221303,
    "RICL": 0.1603955619874578,
    "RICR": 0.1387038158691702,
    "RID": 0.15,
    "RIFL": 0.1865671641791045,
    "RIFR": 0.28289473684210525,
    "RIGL": 0.1482758620689655,
    "RIGR": 0.17689822294022617,
    "RIH": 0.22869955156950672,
    "RIML": 0.09029560321271839,
    "RIMR": 0.1054915514592934,
    "RIPL": 0.14692982456140352,
    "RIPR": 0.10144927536231885,
    "RIR": 0.16329479768786126,
    "RIS": 0.2825070159027128,
    "RIVL": 0.32653061224489793,
    "RIVR": 0.25365853658536586,
    "RMDDL": 0.3030592734225621,
    "RMDDR": 0.24242424242424243,
    "RMDL": 0.29407051282051283,
    "RMDR": 0.26143790849673204,
    "RMDVL": 0.22340425531914893,
    "RMDVR": 0.22762645914396887,
    "RMED": 0.18932038834951456,
    "RMEL": 0.28653295128939826,
    "RMER": 0.2453580901856764,
    "RMEV": 0.15051020408163265,
    "RMFL": 0.27472527472527475,
    "RMFR": 0.4603174603174603,
    "RMGL": 0.11038961038961038,
    "RMGR": 0.12733644859813084,
    "RMHL": 0.3089887640449438,
    "RMHR": 0.26331360946745563,
    "SAADL": 0.16019417475728157,
    "SAADR": 0.2119205298013245,
    "SAAVL": 0.1984732824427481,
    "SAAVR": 0.22413793103448276,
    "SABD": 0.3279569892473118,
    "SABVL": 0.36,
    "SABVR": 0.3850267379679144,
    "SDQL": 0.1941747572815534,
    "SDQR": 0.22407407407407406,
    "SIADL": 0.42777777777777776,
    "SIADR": 0.5333333333333333,
    "SIAVL": 0.21428571428571427,
    "SIAVR": 0.35714285714285715,
    "SIBDL": 0.458955223880597,
    "SIBDR": 0.34615384615384615,
    "SIBVL": 0.32287822878228783,
    "SIBVR": 0.31277533039647576,
    "SMBDL": 0.12080536912751678,
    "SMBDR": 0.2111650485436893,
    "SMBVL": 0.0703125,
    "SMBVR": 0.13068181818181818,
    "SMDDL": 0.2610062893081761,
    "SMDDR": 0.24509803921568626,
    "SMDVL": 0.25350467289719625,
    "SMDVR": 0.32684426229508196,
    "URADL": 0.2619047619047619,
    "URADR": 0.2222222222222222,
    "URAVL": 0.43333333333333335,