{
  "clustering_coefficients": {
    "ADAL": 0.1872093023255814,
    "ADAR": 0.19924812030075187,
    "ADEL": 0.08288261515601783,
    "ADER": 0.09122047953848927,
    "ADFL": 0.07671634497923284,
    "ADFR": 0.07119710255432711,
    "ADLL": 0.2158351409978308,
    "ADLR": 0.2410358565737052,
    "AFDL": 0.26666666666666666,
    "AFDR": 0.23931623931623933,
    "AIAL": 0.24415584415584415,
    "AIAR": 0.24395604395604395,
    "AIBL": 0.1889416553595658,
    "AIBR": 0.1861764705882353,
    "AIML": 0.24891774891774893,
    "AIMR": 0.20710059171597633,
    "AINL": 0.18243243243243243,
    "AINR": 0.17424242424242425,
    "AIYL": 0.30465116279069765,
    "AIYR": 0.3345771144278607,
    "AIZL": 0.24193548387096775,
    "AIZR": 0.2528,
    "ALA": 0.2714285714285714,
    "ALML": 0.24277456647398843,
    "ALMR": 0.3983957219251337,
    "ALNL": 0.23134328358208955,
    "ALNR": 0.28618421052631576,
    "AQR": 0.2851758793969849,
    "AS1": 0.38755020080321284,
    "AS10": 0.3344370860927152,
    "AS11": 0.25,
    "AS2": 0.3164983164983165,
    "AS3": 0.36655405405405406,
    "AS4": 0.40588235294117647,
    "AS5": 0.34868421052631576,
    "AS6": 0.3569364161849711,
    "AS7": 0.3783783783783784,
    "AS8": 0.4056603773584906,
    "AS9": 0.31547619047619047,
    "ASEL": 0.30666666666666664,
    "ASER": 0.2828418230563003,
    "ASGL": 0.3772893772893773,
    "ASGR": 0.3155080213903743,
    "ASHL": 0.27929373996789725,
    "ASHR": 0.239568345323741,
    "ASIL": 0.3177966101694915,
    "ASIR": 0.3786407766990291,
    "ASJL": 0.36538461538461536,
    "ASJR": 0.375,
    "ASKL": 0.3378016085790885,
    "ASKR": 0.2165991902834008,
    "AUAL": 0.22804054054054054,
    "AUAR": 0.22994652406417113,
    "AVAL": 0.09505017476603901,
    "AVAR": 0.11486194995685936,
    "AVBL": 0.11568194367752622,
    "AVBR": 0.11355013550135501,
    "AVDL": 0.17412746585735964,
    "AVDR": 0.14755784061696658,
    "AVEL": 0.16772823779193205,
    "AVER": 0.16623843782117165,
    "AVFL": 0.2823275862068966,
    "AVFR": 0.2552581261950287,
    "AVG": 0.20404984423676012,
    "AVHL": 0.20204081632653062,
    "AVHR": 0.18561484918793503,
    "AVJL": 0.2598846787479407,
    "AVJR": 0.25636942675159236,
    "AVKL": 0.18800588668138338,
    "AVKR": 0.24047186932849365,
    "AVL": 0.1366906474820144,
    "AVM": 0.23376623376623376,
    "AWAL": 0.19047619047619047,
    "AWAR": 0.20810810810810812,
    "AWBL": 0.23493975903614459,
    "AWBR": 0.25125,
    "AWCL": 0.3582887700534759,
    "AWCR": 0.39221556886227543,
    "BAGL": 0.3023952095808383,
    "BAGR": 0.28187919463087246,
    "BDUL": 0.19607843137254902,
    "BDUR": 0.296875,
    "CANL": 0.7142857142857143,
    "CANR": 0.6111111111111112,
    "CEPDL": 0.08995190432861043,
    "CEPDR": 0.09091527730520585,
    "CEPVL": 0.09092474006747917,
    "CEPVR": 0.07704953967558088,
    "DA1": 0.3186046511627907,
    "DA2": 0.30902111324376197,
    "DA3": 0.31931464174454827,
    "DA4": 0.33043478260869563,
    "DA5": 0.3951219512195122,
    "DA6": 0.3994082840236686,
    "DA7": 0.3384615384615385,
    "DA8": 0.291970802919708,
    "DA9": 0.3072139303482587,
    "DB1": 0.19411764705882353,
    "DB2": 0.30547550432276654,
    "DB3": 0.30210325047801145,
    "DB4": 0.28554778554778554,
    "DB5": 0.5049019607843137,
    "DB6": 0.42105263157894735,
    "DB7": 0.3358208955223881,
    "DD1": 0.24498567335243554,
    "DD2": 0.24440894568690097,
    "DD3": 0.2516778523489933,
    "DD4": 0.282,
    "DD5": 0.3994082840236686,
    "DD6": 0.3142857142857143,
    "DVA": 0.16256038647342996,
    "DVB": 0.1206896551724138,
    "DVC": 0.21848290598290598,
    "FLPL": 0.32710280373831774,
    "FLPR": 0.3644251626898048,
    "HSNL": 0.10655605670103092,
    "HSNR": 0.08690564178369056,
    "I1L": 0.3278846153846154,
    "I1R": 0.3333333333333333,
    "I2L": 0.4010989010989011,
    "I2R": 0.4415322580645161,
    "I3": 0.3729946524064171,
    "I4": 0.35990338164251207,
    "I5": 0.4956521739130435,
    "I6": 0.375,
    "IL1DL": 0.25603217158176944,
    "IL1DR": 0.19306930693069307,
    "IL1L": 0.324468085106383,
    "IL1R": 0.1912751677852349,
    "IL1VL": 0.25,
    "IL1VR": 0.23652694610778444,
    "IL2DL": 0.2868421052631579,
    "IL2DR": 0.34065934065934067,
    "IL2L": 0.30425963488843816,
    "IL2R": 0.22556390977443608,
    "IL2VL": 0.2822966507177033,
    "IL2VR": 0.2857142857142857,
    "LUAL": 0.2834008097165992,
    "LUAR": 0.33658536585365856,
    "M1": 0.3238993710691824,
    "M2L": 0.45089285714285715,
    "M2R": 0.44005847953216376,
    "M3L": 0.42066420664206644,
    "M3R": 0.4164588528678304,
    "M4": 0.4975609756097561,
    "M5": 0.458128078817734,
    "MCL": 0.43951612903225806,
    "MCR": 0.43898305084745765,
    "MI": 0.5227272727272727,
    "NSML": 0.08938723941882501,
    "NSMR": 0.1112700228832952,
    "OLLL": 0.24745762711864408,
    "OLLR": 0.21069868995633187,
    "OLQDL": 0.23513513513513515,
    "OLQDR": 0.23625,
    "OLQVL": 0.18664383561643835,
    "OLQVR": 0.23039215686274508,
    "PDA": 0.3324468085106383,
    "PDB": 0.25,
    "PDEL": 0.09748449585394746,
    "PDER": 0.08658725683676347,
    "PHAL": 0.2455621301775148,
    "PHAR": 0.2087378640776699,
    "PHBL": 0.35294117647058826,
    "PHBR": 0.27884615384615385,
    "PHCL": 0.32536764705882354,
    "PHCR": 0.39473684210526316,
    "PLML": 0.40119760479041916,
    "PLMR": 0.4059040590405904,
    "PLNL": 0.39915966386554624,
    "PLNR": 0.4777777777777778,
    "PQR": 0.2709251101321586,
    "PVCL": 0.17650727650727652,
    "PVCR": 0.16161417322834645,
    "PVDL": 0.3814814814814815,
    "PVDR": 0.37142857142857144,
    "PVM": 0.43548387096774194,
    "PVNL": 0.21212121212121213,
    "PVNR": 0.20057581573896352,
    "PVPL": 0.19210977701543738,
    "PVPR": 0.2,
    "PVQL": 0.27258566978193144,
    "PVQR": 0.18990384615384615,
    "PVR": 0.17194244604316547,
    "PVT": 0.18757327080890973,
    "PVWL": 0.28703703703703703,
    "PVWR": 0.45,
    "RIAL": 0.20915032679738563,
    "RIAR": 0.1998693664271718,
    "RIBL": 0.20326600773528147,
    "RIBR": 0.22780203784570596,
    "RICL": 0.17604581673306774,
    "RICR": 0.14340448823207444,
    "RID": 0.19951923076923078,
    "RIFL": 0.17537313432835822,
    "RIFR": 0.2631578947368421,
    "RIGL": 0.14267241379310344,
    "RIGR": 0.1801292407108239,
    "RIH": 0.22982062780269058,
    "RIML": 0.1075264475490592,
    "RIMR": 0.1117892581508899,
    "RIPL": 0.1513157894736842,
    "RIPR": 0.10144927536231885,
    "RIR": 0.16184971098265896,
    "RIS": 0.26898395721925134,
    "RIVL": 0.30612244897959184,
    "RIVR": 0.25121951219512195,
    "RMDDL": 0.2887189292543021,
    "RMDDR": 0.2233115468409586,
    "RMDL": 0.2697274031563845,
    "RMDR": 0.26216216216216215,
    "RMDVL": 0.22423146473779385,
    "RMDVR": 0.17713365539452497,
    "RMED": 0.24632352941176472,
    "RMEL": 0.18543046357615894,
    "RMER": 0.2608695652173913,
    "RMEV": 0.17981888745148772,
    "RMFL": 0.2675438596491228,
    "RMFR": 0.40789473684210525,
    "RMGL": 0.11616161616161616,
    "RMGR": 0.12850467289719625,
    "RMHL": 0.31952662721893493,
    "RMHR": 0.25,
    "SAADL": 0.16990291262135923,
    "SAADR": 0.20860927152317882,
    "SAAVL": 0.20610687022900764,
    "SAAVR": 0.21839080459770116,
    "SABD": 0.31989247311827956,
    "SABVL": 0.3872549019607843,
    "SABVR": 0.45588235294117646,
    "SDQL": 0.22033898305084745,
    "SDQR": 0.18872549019607843,
    "SIADL": 0.5126050420168067,
    "SIADR": 0.5042016806722689,
    "SIAVL": 0.3851851851851852,
    "SIAVR": 0.3717105263157895,
    "SIBDL": 0.45149253731343286,
    "SIBDR": 0.3689839572192513,
    "SIBVL": 0.2926829268292683,
    "SIBVR": 0.3400735294117647,
    "SMBDL": 0.12080536912751678,
    "SMBDR": 0.20145631067961164,
    "SMBVL": 0.078125,
    "SMBVR": 0.13636363636363635,
    "SMDDL": 0.3133187772925764,
    "SMDDR": 0.27323717948717946,
    "SMDVL": 0.2248427672955975,
    "SMDVR": 0.26025236593059936,
    "URADL": 0.23809523809523808,
    "URADR": 0.2222222222222222,
    "URAVL": 0.4,