{
  "clustering_coefficients": {
    "ADAL": 0.18488372093023256,
    "ADAR": 0.17167919799498746,
    "ADEL": 0.08155016642891108,
    "ADER": 0.07597173144876325,
    "ADFL": 0.07885304659498207,
    "ADFR": 0.07321460694369492,
    "ADLL": 0.22504230118443316,
    "ADLR": 0.268,
    "AFDL": 0.26,
    "AFDR": 0.23809523809523808,
    "AIAL": 0.22016129032258064,
    "AIAR": 0.2461890243902439,
    "AIBL": 0.1699561403508772,
    "AIBR": 0.1616678858814923,
    "AIML": 0.2361904761904762,
    "AIMR": 0.262,
    "AINL": 0.22297297297297297,
    "AINR": 0.17424242424242425,
    "AIYL": 0.2709302325581395,
    "AIYR": 0.32558139534883723,
    "AIZL": 0.24,
    "AIZR": 0.26811594202898553,
    "ALA": 0.24285714285714285,
    "ALML": 0.28775510204081634,
    "ALMR": 0.37202380952380953,
    "ALNL": 0.23880597014925373,
    "ALNR": 0.31216931216931215,
    "AQR": 0.2851758793969849,
    "AS1": 0.356951871657754,
    "AS10": 0.44776119402985076,
    "AS11": 0.2961165048543689,
    "AS2": 0.30213903743315507,
    "AS3": 0.4020172910662824,
    "AS4": 0.37777777777777777,
    "AS5": 0.31359649122807015,
    "AS6": 0.37822878228782286,
    "AS7": 0.4090909090909091,
    "AS8": 0.4449152542372881,
    "AS9": 0.31333333333333335,
    "ASEL": 0.2483221476510067,
    "ASER": 0.26005361930294907,
    "ASGL": 0.31333333333333335,
    "ASGR": 0.3355263157894737,
    "ASHL": 0.25287356321839083,
    "ASHR": 0.23392282958199356,
    "ASIL": 0.3155339805825243,
    "ASIR": 0.33727810650887574,
    "ASJL": 0.40384615384615385,
    "ASJR": 0.375,
    "ASKL": 0.30625,
    "ASKR": 0.24723247232472326,
    "AUAL": 0.24299065420560748,
    "AUAR": 0.24732620320855614,
    "AVAL": 0.09662870673131131,
    "AVAR": 0.11966134598792062,
    "AVBL": 0.11241867585151168,
    "AVBR": 0.12053646269907796,
    "AVDL": 0.17412746585735964,
    "AVDR": 0.14858611825192802,
    "AVEL": 0.17091295116772823,
    "AVER": 0.17137718396711202,
    "AVFL": 0.27927927927927926,
    "AVFR": 0.2823741007194245,
    "AVG": 0.20404984423676012,
    "AVHL": 0.20628183361629882,
    "AVHR": 0.19117647058823528,
    "AVJL": 0.2705930807248764,
    "AVJR": 0.2631935047361299,
    "AVKL": 0.19242089771891097,
    "AVKR": 0.22867513611615245,
    "AVL": 0.18481375358166188,
    "AVM": 0.2612208258527828,
    "AWAL": 0.19047619047619047,
    "AWAR": 0.20810810810810812,
    "AWBL": 0.2557471264367816,
    "AWBR": 0.24057971014492754,
    "AWCL": 0.3288590604026846,
    "AWCR": 0.3413654618473896,
    "BAGL": 0.2669902912621359,
    "BAGR": 0.2751677852348993,
    "BDUL": 0.25,
    "BDUR": 0.3,
    "CANL": 0.47802197802197804,
    "CANR": 0.5892857142857143,
    "CEPDL": 0.08431992466029867,
    "CEPDR": 0.08427557191690771,
    "CEPVL": 0.09363243695137244,
    "CEPVR": 0.08991481374530753,
    "DA1": 0.37831858407079644,
    "DA2": 0.34025270758122744,
    "DA3": 0.34438040345821325,
    "DA4": 0.3024193548387097,
    "DA5": 0.3711864406779661,
    "DA6": 0.3355263157894737,
    "DA7": 0.34415584415584416,
    "DA8": 0.28820960698689957,
    "DA9": 0.28609625668449196,
    "DB1": 0.20679012345679013,
    "DB2": 0.28193832599118945,
    "DB3": 0.2848,
    "DB4": 0.27972027972027974,
    "DB5": 0.6733333333333333,
    "DB6": 0.46616541353383456,
    "DB7": 0.35502958579881655,
    "DD1": 0.2674846625766871,
    "DD2": 0.24057450628366248,
    "DD3": 0.2521489971346705,
    "DD4": 0.2996632996632997,
    "DD5": 0.417910447761194,
    "DD6": 0.37719298245614036,
    "DVA": 0.16563786008230452,
    "DVB": 0.1206896551724138,
    "DVC": 0.21422182468694095,
    "FLPL": 0.33962264150943394,
    "FLPR": 0.37538940809968846,
    "HSNL": 0.10607054963084496,
    "HSNR": 0.10833004861384837,
    "I1L": 0.2976190476190476,
    "I1R": 0.3111353711790393,
    "I2L": 0.4188034188034188,
    "I2R": 0.4017094017094017,
    "I3": 0.39375,
    "I4": 0.34890965732087226,
    "I5": 0.49130434782608695,
    "I6": 0.3959731543624161,
    "IL1DL": 0.2,
    "IL1DR": 0.23275862068965517,
    "IL1L": 0.26627218934911245,
    "IL1R": 0.20087336244541484,
    "IL1VL": 0.25936599423631124,
    "IL1VR": 0.2214765100671141,
    "IL2DL": 0.22083333333333333,
    "IL2DR": 0.3670212765957447,
    "IL2L": 0.3076923076923077,
    "IL2R": 0.24258760107816713,
    "IL2VL": 0.22962962962962963,
    "IL2VR": 0.2822966507177033,
    "LUAL": 0.2577777777777778,
    "LUAR": 0.36486486486486486,
    "M1": 0.33423180592991913,
    "M2L": 0.4433497536945813,
    "M2R": 0.41776315789473684,
    "M3L": 0.4477211796246649,
    "M3R": 0.4255813953488372,
    "M4": 0.46216216216216216,
    "M5": 0.38054607508532423,
    "MCL": 0.4161849710982659,
    "MCR": 0.4737903225806452,
    "MI": 0.5227272727272727,
    "NSML": 0.11076836791923723,
    "NSMR": 0.08751053074978939,
    "OLLL": 0.2305084745762712,
    "OLLR": 0.19799498746867167,
    "OLQDL": 0.21081081081081082,
    "OLQDR": 0.22448979591836735,
    "OLQVL": 0.18470149253731344,
    "OLQVR": 0.24493927125506074,
    "PDA": 0.31343283582089554,
    "PDB": 0.25,
    "PDEL": 0.08755727881565034,
    "PDER": 0.08569949719018043,
    "PHAL": 0.25280898876404495,
    "PHAR": 0.23076923076923078,
    "PHBL": 0.35064935064935066,
    "PHBR": 0.291044776119403,
    "PHCL": 0.24850299401197604,
    "PHCR": 0.321256038647343,
    "PLML": 0.3371212121212121,
    "PLMR": 0.38337801608579086,
    "PLNL": 0.34615384615384615,
    "PLNR": 0.2857142857142857,
    "PQR": 0.2290748898678414,
    "PVCL": 0.1760914760914761,
    "PVCR": 0.1785067053280174,
    "PVDL": 0.42592592592592593,
    "PVDR": 0.4502923976608187,
    "PVM": 0.46774193548387094,
    "PVNL": 0.21212121212121213,
    "PVNR": 0.1967370441458733,
    "PVPL": 0.19210977701543738,
    "PVPR": 0.20512820512820512,
    "PVQL": 0.271461716937355,
    "PVQR": 0.2099483204134367,
    "PVR": 0.16258992805755396,
    "PVT": 0.19279454722492698,
    "PVWL": 0.28703703703703703,
    "PVWR": 0.45,
    "RIAL": 0.20781592403214025,
    "RIAR": 0.19571328179901618,
    "RIBL": 0.19873000940733773,
    "RIBR": 0.22233350025037557,
    "RICL": 0.1541988416988417,
    "RICR": 0.1367497168742922,
    "RID": 0.1289855072463768,
    "RIFL": 0.17164179104477612,
    "RIFR": 0.2741228070175439,
    "RIGL": 0.14612068965517241,
    "RIGR": 0.1704361873990307,
    "RIH": 0.2242152466367713,
    "RIML": 0.10645962732919255,
    "RIMR": 0.11009557038834951,
    "RIPL": 0.14473684210526316,
    "RIPR": 0.10386473429951691,
    "RIR": 0.16473988439306358,
    "RIS": 0.2666043030869972,
    "RIVL": 0.29931972789115646,
    "RIVR": 0.24390243902439024,
    "RMDDL": 0.2730673316708229,
    "RMDDR": 0.22701149425287356,
    "RMDL": 0.2681818181818182,
    "RMDR": 0.28622668579626975,
    "RMDVL": 0.2196048632218845,
    "RMDVR": 0.19423692636072573,
    "RMED": 0.22088353413654618,
    "RMEL": 0.27181208053691275,
    "RMER": 0.24545454545454545,
    "RMEV": 0.1552346570397112,
    "RMFL": 0.23903508771929824,
    "RMFR": 0.3911764705882353,
    "RMGL": 0.1176046176046176,
    "RMGR": 0.13317757009345793,
    "RMHL": 0.3318777292576419,
    "RMHR": 0.23076923076923078,
    "SAADL": 0.16019417475728157,
    "SAADR": 0.2119205298013245,
    "SAAVL": 0.16793893129770993,
    "SAAVR": 0.22988505747126436,
    "SABD": 0.30339805825242716,
    "SABVL": 0.388,
    "SABVR": 0.4375,
    "SDQL": 0.26595744680851063,
    "SDQR": 0.1902834008097166,
    "SIADL": 0.4807692307692308,
    "SIADR": 0.4831932773109244,
    "SIAVL": 0.34868421052631576,
    "SIAVR": 0.34814814814814815,
    "SIBDL": 0.38202247191011235,
    "SIBDR": 0.37606837606837606,
    "SIBVL": 0.2896678966789668,
    "SIBVR": 0.33952702702702703,
    "SMBDL": 0.12080536912751678,
    "SMBDR": 0.19902912621359223,
    "SMBVL": 0.0703125,
    "SMBVR": 0.13068181818181818,
    "SMDDL": 0.28488372093023256,
    "SMDDR": 0.22494172494172493,
    "SMDVL": 0.2441860465116279,
    "SMDVR": 0.273972602739726,
    "URADL": 0.23809523809523808,
    "URADR": 0.2361111111111111,
    "URAVL": 0.4,
    "URAVR": 0.23809523809523808,