{
  "clustering_coefficients": {
    "ADAL": 0.1883720930232558,
    "ADAR": 0.20050125313283207,
    "ADEL": 0.08707537318017078,
    "ADER": 0.1026265176102897,
    "ADFL": 0.07436856875584659,
    "ADFR": 0.06203544882790166,
    "ADLL": 0.22041763341067286,
    "ADLR": 0.28856382978723405,
    "AFDL": 0.2840909090909091,
    "AFDR": 0.23809523809523808,
    "AIAL": 0.24891774891774893,
    "AIAR": 0.25982905982905985,
    "AIBL": 0.16779661016949152,
    "AIBR": 0.16470588235294117,
    "AIML": 0.2673611111111111,
    "AIMR": 0.27650429799426934,
    "AINL": 0.16891891891891891,
    "AINR": 0.17424242424242425,
    "AIYL": 0.2515625,
    "AIYR": 0.2677966101694915,
    "AIZL": 0.27507163323782235,
    "AIZR": 0.26838709677419353,
    "ALA": 0.22857142857142856,
    "ALML": 0.24347826086956523,
    "ALMR": 0.4166666666666667,
    "ALNL": 0.2245762711864407,
    "ALNR": 0.30952380952380953,
    "AQR": 0.2851758793969849,
    "AS1": 0.36310904872389793,
    "AS10": 0.4110169491525424,
    "AS11": 0.25165562913907286,
    "AS2": 0.31,
    "AS3": 0.3158783783783784,
    "AS4": 0.3521739130434783,
    "AS5": 0.3315508021390374,
    "AS6": 0.4186440677966102,
    "AS7": 0.4441747572815534,
    "AS8": 0.5546875,
    "AS9": 0.31333333333333335,
    "ASEL": 0.25077399380804954,
    "ASER": 0.25830258302583026,
    "ASGL": 0.3898809523809524,
    "ASGR": 0.3333333333333333,
    "ASHL": 0.28489208633093527,
    "ASHR": 0.2661195779601407,
    "ASIL": 0.31971153846153844,
    "ASIR": 0.4304635761589404,
    "ASJL": 0.3269230769230769,
    "ASJR": 0.425,
    "ASKL": 0.34971098265895956,
    "ASKR": 0.3154981549815498,
    "AUAL": 0.2118380062305296,
    "AUAR": 0.21651090342679127,
    "AVAL": 0.09640320216484384,
    "AVAR": 0.11750431406384815,
    "AVBL": 0.11550009382623382,
    "AVBR": 0.1250628667225482,
    "AVDL": 0.17412746585735964,
    "AVDR": 0.1493573264781491,
    "AVEL": 0.16507430997876857,
    "AVER": 0.1685508735868448,
    "AVFL": 0.27403846153846156,
    "AVFR": 0.28939828080229224,
    "AVG": 0.20404984423676012,
    "AVHL": 0.19795918367346937,
    "AVHR": 0.1988155668358714,
    "AVJL": 0.2545304777594728,
    "AVJR": 0.2570694087403599,
    "AVKL": 0.1927888153053716,
    "AVKR": 0.22232304900181488,
    "AVL": 0.16565809379727686,
    "AVM": 0.21602434077079108,
    "AWAL": 0.19047619047619047,
    "AWAR": 0.20270270270270271,
    "AWBL": 0.228,
    "AWBR": 0.23375,
    "AWCL": 0.34628378378378377,
    "AWCR": 0.38257575757575757,
    "BAGL": 0.31451612903225806,
    "BAGR": 0.2751677852348993,
    "BDUL": 0.20098039215686275,
    "BDUR": 0.28313253012048195,
    "CANL": 0.5694444444444444,
    "CANR": 0.5576923076923077,
    "CEPDL": 0.09778879146016012,
    "CEPDR": 0.09873562488086918,
    "CEPVL": 0.0827738069453469,
    "CEPVR": 0.09700376966073053,
    "DA1": 0.3491271820448878,
    "DA2": 0.27543186180422263,
    "DA3": 0.3069852941176471,
    "DA4": 0.2796296296296296,
    "DA5": 0.371875,
    "DA6": 0.3707865168539326,
    "DA7": 0.4,
    "DA8": 0.28087649402390436,
    "DA9": 0.27364864864864863,
    "DB1": 0.24382716049382716,
    "DB2": 0.2972636815920398,
    "DB3": 0.30254237288135594,
    "DB4": 0.3355119825708061,
    "DB5": 0.45454545454545453,
    "DB6": 0.405982905982906,
    "DB7": 0.3656716417910448,
    "DD1": 0.2692889561270802,
    "DD2": 0.22125813449023862,
    "DD3": 0.275990099009901,
    "DD4": 0.37545787545787546,
    "DD5": 0.40865384615384615,
    "DD6": 0.33421052631578946,
    "DVA": 0.18209876543209877,
    "DVB": 0.1206896551724138,
    "DVC": 0.19682726204465334,
    "FLPL": 0.32848837209302323,
    "FLPR": 0.37316176470588236,
    "HSNL": 0.10715436674186271,
    "HSNR": 0.08692443919716647,
    "I1L": 0.3133187772925764,
    "I1R": 0.29373996789727125,
    "I2L": 0.42424242424242425,
    "I2R": 0.4166666666666667,
    "I3": 0.44933920704845814,
    "I4": 0.48322147651006714,
    "I5": 0.49130434782608695,
    "I6": 0.41935483870967744,
    "IL1DL": 0.1864864864864865,
    "IL1DR": 0.2488986784140969,
    "IL1L": 0.28884462151394424,
    "IL1R": 0.20432692307692307,
    "IL1VL": 0.1856060606060606,
    "IL1VR": 0.23127753303964757,
    "IL2DL": 0.31666666666666665,
    "IL2DR": 0.3742690058479532,
    "IL2L": 0.3103448275862069,
    "IL2R": 0.2653061224489796,
    "IL2VL": 0.2518518518518518,
    "IL2VR": 0.2740740740740741,
    "LUAL": 0.2927536231884058,
    "LUAR": 0.40878378378378377,
    "M1": 0.3352803738317757,
    "M2L": 0.38005390835579517,
    "M2R": 0.4224683544303797,
    "M3L": 0.4576612903225806,
    "M3R": 0.3930232558139535,
    "M4": 0.5219512195121951,
    "M5": 0.4236453201970443,
    "MCL": 0.43805309734513276,
    "MCR": 0.5236486486486487,
    "MI": 0.5227272727272727,
    "NSML": 0.14392231662909657,
    "NSMR": 0.13901601830663615,
    "OLLL": 0.20848708487084872,
    "OLLR": 0.2102803738317757,
    "OLQDL": 0.29800498753117205,
    "OLQDR": 0.20242914979757085,
    "OLQVL": 0.17723880597014927,
    "OLQVR": 0.23076923076923078,
    "PDA": 0.19101123595505617,
    "PDB": 0.25,
    "PDEL": 0.08880094681559286,
    "PDER": 0.10507470908214556,
    "PHAL": 0.23595505617977527,
    "PHAR": 0.17105263157894737,
    "PHBL": 0.362962962962963,
    "PHBR": 0.291044776119403,
    "PHCL": 0.31057268722466963,
    "PHCR": 0.37362637362637363,
    "PLML": 0.4226190476190476,
    "PLMR": 0.361671469740634,
    "PLNL": 0.30288461538461536,
    "PLNR": 0.3194444444444444,
    "PQR": 0.2647058823529412,
    "PVCL": 0.1580259222333001,
    "PVCR": 0.16515748031496064,
    "PVDL": 0.33613445378151263,
    "PVDR": 0.4708333333333333,
    "PVM": 0.45161290322580644,
    "PVNL": 0.21212121212121213,
    "PVNR": 0.20057581573896352,
    "PVPL": 0.19210977701543738,
    "PVPR": 0.19829059829059828,
    "PVQL": 0.2820855614973262,
    "PVQR": 0.21461988304093568,
    "PVR": 0.1712230215827338,
    "PVT": 0.1933497536945813,
    "PVWL": 0.28703703703703703,
    "PVWR": 0.45,
    "RIAL": 0.21475256769374415,
    "RIAR": 0.2011251758087201,
    "RIBL": 0.18995633187772926,
    "RIBR": 0.2101049144119271,
    "RICL": 0.13862618218018916,
    "RICR": 0.14985835694050992,
    "RID": 0.20803443328550933,
    "RIFL": 0.17537313432835822,
    "RIFR": 0.27631578947368424,
    "RIGL": 0.14870689655172414,
    "RIGR": 0.1680129240710824,
    "RIH": 0.24159192825112108,
    "RIML": 0.11135352857262734,
    "RIMR": 0.08475754354403467,
    "RIPL": 0.13596491228070176,
    "RIPR": 0.09903381642512077,
    "RIR": 0.16184971098265896,
    "RIS": 0.2589686098654709,
    "RIVL": 0.336734693877551,
    "RIVR": 0.24878048780487805,
    "RMDDL": 0.2584,
    "RMDDR": 0.22920203735144312,
    "RMDL": 0.2840909090909091,
    "RMDR": 0.2765765765765766,
    "RMDVL": 0.2592364532019704,
    "RMDVR": 0.21364653243847875,
    "RMED": 0.17233009708737865,
    "RMEL": 0.23076923076923078,
    "RMER": 0.2671428571428571,
    "RMEV": 0.16051364365971107,
    "RMFL": 0.2744252873563218,
    "RMFR": 0.42962962962962964,
    "RMGL": 0.10966810966810966,
    "RMGR": 0.13434579439252337,
    "RMHL": 0.3404255319148936,
    "RMHR": 0.2668269230769231,
    "SAADL": 0.15048543689320387,
    "SAADR": 0.19205298013245034,
    "SAAVL": 0.22137404580152673,
    "SAAVR": 0.2988505747126437,
    "SABD": 0.2881619937694704,
    "SABVL": 0.42613636363636365,
    "SABVR": 0.3925438596491228,
    "SDQL": 0.35336538461538464,
    "SDQR": 0.23048327137546468,
    "SIADL": 0.5032894736842105,
    "SIADR": 0.5227272727272727,
    "SIAVL": 0.39705882352941174,
    "SIAVR": 0.3911764705882353,
    "SIBDL": 0.4320388349514563,
    "SIBDR": 0.3647342995169082,
    "SIBVL": 0.2680722891566265,
    "SIBVR": 0.32526881720430106,
    "SMBDL": 0.12080536912751678,
    "SMBDR": 0.21359223300970873,
    "SMBVL": 0.0859375,
    "SMBVR": 0.14204545454545456,
    "SMDDL": 0.29245283018867924,
    "SMDDR": 0.2178649237472767,
    "SMDVL": 0.22965116279069767,
    "SMDVR": 0.24315068493150685,
    "URADL": 0.2619047619047619,
    "URADR": 0.2222222222222222,